o Mesh
v 0 0 1.3431650400161743
v 0.26664748787879944 0 0.4618475139141083
v 0 0.26664748787879944 0.4618475139141083
v 0.26664748787879944 0 0.4618475139141083
v 0.4618475139141083 0 0.26664748787879944
v 0.2920979857444763 0.2920979857444763 0.33728548884391785
v 0.26664748787879944 0 0.4618475139141083
v 0.2920979857444763 0.2920979857444763 0.33728548884391785
v 0 0.26664748787879944 0.4618475139141083
v 0 0.26664748787879944 0.4618475139141083
v 0.2920979857444763 0.2920979857444763 0.33728548884391785
v 0 0.4618475139141083 0.26664748787879944
v 0.4618475139141083 0 0.26664748787879944
v 1.3431650400161743 0 0
v 0.4618475139141083 0.26664748787879944 0
v 0.4618475139141083 0 0.26664748787879944
v 0.4618475139141083 0.26664748787879944 0
v 0.2920979857444763 0.2920979857444763 0.33728548884391785
v 0.2920979857444763 0.2920979857444763 0.33728548884391785
v 0.4618475139141083 0.26664748787879944 0
v 0.26664748787879944 0.4618475139141083 0
v 0.2920979857444763 0.2920979857444763 0.33728548884391785
v 0.26664748787879944 0.4618475139141083 0
v 0 0.4618475139141083 0.26664748787879944
v 0 0.4618475139141083 0.26664748787879944
v 0.26664748787879944 0.4618475139141083 0
v 0 1.3431650400161743 0
v 0 0 1.3431650400161743
v 0 0.26664748787879944 0.4618475139141083
v -0.26664748787879944 0 0.4618475139141083
v 0 0.26664748787879944 0.4618475139141083
v 0 0.4618475139141083 0.26664748787879944
v -0.2920979857444763 0.2920979857444763 0.33728548884391785
v 0 0.26664748787879944 0.4618475139141083
v -0.2920979857444763 0.2920979857444763 0.33728548884391785
v -0.26664748787879944 0 0.4618475139141083
v -0.26664748787879944 0 0.4618475139141083
v -0.2920979857444763 0.2920979857444763 0.33728548884391785
v -0.4618475139141083 0 0.26664748787879944
v 0 0.4618475139141083 0.26664748787879944
v 0 1.3431650400161743 0
v -0.26664748787879944 0.4618475139141083 0
v 0 0.4618475139141083 0.26664748787879944
v -0.26664748787879944 0.4618475139141083 0
v -0.2920979857444763 0.2920979857444763 0.33728548884391785
v -0.2920979857444763 0.2920979857444763 0.33728548884391785
v -0.26664748787879944 0.4618475139141083 0
v -0.4618475139141083 0.26664748787879944 0
v -0.2920979857444763 0.2920979857444763 0.33728548884391785
v -0.4618475139141083 0.26664748787879944 0
v -0.4618475139141083 0 0.26664748787879944
v -0.4618475139141083 0 0.26664748787879944
v -0.4618475139141083 0.26664748787879944 0
v -1.3431650400161743 0 0
v 0 0 1.3431650400161743
v -0.26664748787879944 0 0.4618475139141083
v 0 -0.26664748787879944 0.4618475139141083
v -0.26664748787879944 0 0.4618475139141083
v -0.4618475139141083 0 0.26664748787879944
v -0.2920979857444763 -0.2920979857444763 0.33728548884391785
v -0.26664748787879944 0 0.4618475139141083
v -0.2920979857444763 -0.2920979857444763 0.33728548884391785
v 0 -0.26664748787879944 0.4618475139141083
v 0 -0.26664748787879944 0.4618475139141083
v -0.2920979857444763 -0.2920979857444763 0.33728548884391785
v 0 -0.4618475139141083 0.26664748787879944
v -0.4618475139141083 0 0.26664748787879944
v -1.3431650400161743 0 0
v -0.4618475139141083 -0.26664748787879944 0
v -0.4618475139141083 0 0.26664748787879944
v -0.4618475139141083 -0.26664748787879944 0
v -0.2920979857444763 -0.2920979857444763 0.33728548884391785
v -0.2920979857444763 -0.2920979857444763 0.33728548884391785
v -0.4618475139141083 -0.26664748787879944 0
v -0.26664748787879944 -0.4618475139141083 0
v -0.2920979857444763 -0.2920979857444763 0.33728548884391785
v -0.26664748787879944 -0.4618475139141083 0
v 0 -0.4618475139141083 0.26664748787879944
v 0 -0.4618475139141083 0.26664748787879944
v -0.26664748787879944 -0.4618475139141083 0
v 0 -1.3431650400161743 0
v 0 0 1.3431650400161743
v 0 -0.26664748787879944 0.4618475139141083
v 0.26664748787879944 0 0.4618475139141083
v 0 -0.26664748787879944 0.4618475139141083
v 0 -0.4618475139141083 0.26664748787879944
v 0.2920979857444763 -0.2920979857444763 0.33728548884391785
v 0 -0.26664748787879944 0.4618475139141083
v 0.2920979857444763 -0.2920979857444763 0.33728548884391785
v 0.26664748787879944 0 0.4618475139141083
v 0.26664748787879944 0 0.4618475139141083
v 0.2920979857444763 -0.2920979857444763 0.33728548884391785
v 0.4618475139141083 0 0.26664748787879944
v 0 -0.4618475139141083 0.26664748787879944
v 0 -1.3431650400161743 0
v 0.26664748787879944 -0.4618475139141083 0
v 0 -0.4618475139141083 0.26664748787879944
v 0.26664748787879944 -0.4618475139141083 0
v 0.2920979857444763 -0.2920979857444763 0.33728548884391785
v 0.2920979857444763 -0.2920979857444763 0.33728548884391785
v 0.26664748787879944 -0.4618475139141083 0
v 0.4618475139141083 -0.26664748787879944 0
v 0.2920979857444763 -0.2920979857444763 0.33728548884391785
v 0.4618475139141083 -0.26664748787879944 0
v 0.4618475139141083 0 0.26664748787879944
v 0.4618475139141083 0 0.26664748787879944
v 0.4618475139141083 -0.26664748787879944 0
v 1.3431650400161743 0 0
v 0 0 -1.3431650400161743
v 0 0.26664748787879944 -0.4618475139141083
v 0.26664748787879944 0 -0.4618475139141083
v 0 0.26664748787879944 -0.4618475139141083
v 0 0.4618475139141083 -0.26664748787879944
v 0.2920979857444763 0.2920979857444763 -0.33728548884391785
v 0 0.26664748787879944 -0.4618475139141083
v 0.2920979857444763 0.2920979857444763 -0.33728548884391785
v 0.26664748787879944 0 -0.4618475139141083
v 0.26664748787879944 0 -0.4618475139141083
v 0.2920979857444763 0.2920979857444763 -0.33728548884391785
v 0.4618475139141083 0 -0.26664748787879944
v 0 0.4618475139141083 -0.26664748787879944
v 0 1.3431650400161743 0
v 0.26664748787879944 0.4618475139141083 0
v 0 0.4618475139141083 -0.26664748787879944
v 0.26664748787879944 0.4618475139141083 0
v 0.2920979857444763 0.2920979857444763 -0.33728548884391785
v 0.2920979857444763 0.2920979857444763 -0.33728548884391785
v 0.26664748787879944 0.4618475139141083 0
v 0.4618475139141083 0.26664748787879944 0
v 0.2920979857444763 0.2920979857444763 -0.33728548884391785
v 0.4618475139141083 0.26664748787879944 0
v 0.4618475139141083 0 -0.26664748787879944
v 0.4618475139141083 0 -0.26664748787879944
v 0.4618475139141083 0.26664748787879944 0
v 1.3431650400161743 0 0
v 0 0 -1.3431650400161743
v -0.26664748787879944 0 -0.4618475139141083
v 0 0.26664748787879944 -0.4618475139141083
v -0.26664748787879944 0 -0.4618475139141083
v -0.4618475139141083 0 -0.26664748787879944
v -0.2920979857444763 0.2920979857444763 -0.33728548884391785
v -0.26664748787879944 0 -0.4618475139141083
v -0.2920979857444763 0.2920979857444763 -0.33728548884391785
v 0 0.26664748787879944 -0.4618475139141083
v 0 0.26664748787879944 -0.4618475139141083
v -0.2920979857444763 0.2920979857444763 -0.33728548884391785
v 0 0.4618475139141083 -0.26664748787879944
v -0.4618475139141083 0 -0.26664748787879944
v -1.3431650400161743 0 0
v -0.4618475139141083 0.26664748787879944 0
v -0.4618475139141083 0 -0.26664748787879944
v -0.4618475139141083 0.26664748787879944 0
v -0.2920979857444763 0.2920979857444763 -0.33728548884391785
v -0.2920979857444763 0.2920979857444763 -0.33728548884391785
v -0.4618475139141083 0.26664748787879944 0
v -0.26664748787879944 0.4618475139141083 0
v -0.2920979857444763 0.2920979857444763 -0.33728548884391785
v -0.26664748787879944 0.4618475139141083 0
v 0 0.4618475139141083 -0.26664748787879944
v 0 0.4618475139141083 -0.26664748787879944
v -0.26664748787879944 0.4618475139141083 0
v 0 1.3431650400161743 0
v 0 0 -1.3431650400161743
v 0 -0.26664748787879944 -0.4618475139141083
v -0.26664748787879944 0 -0.4618475139141083
v 0 -0.26664748787879944 -0.4618475139141083
v 0 -0.4618475139141083 -0.26664748787879944
v -0.2920979857444763 -0.2920979857444763 -0.33728548884391785
v 0 -0.26664748787879944 -0.4618475139141083
v -0.2920979857444763 -0.2920979857444763 -0.33728548884391785
v -0.26664748787879944 0 -0.4618475139141083
v -0.26664748787879944 0 -0.4618475139141083
v -0.2920979857444763 -0.2920979857444763 -0.33728548884391785
v -0.4618475139141083 0 -0.26664748787879944
v 0 -0.4618475139141083 -0.26664748787879944
v 0 -1.3431650400161743 0
v -0.26664748787879944 -0.4618475139141083 0
v 0 -0.4618475139141083 -0.26664748787879944
v -0.26664748787879944 -0.4618475139141083 0
v -0.2920979857444763 -0.2920979857444763 -0.33728548884391785
v -0.2920979857444763 -0.2920979857444763 -0.33728548884391785
v -0.26664748787879944 -0.4618475139141083 0
v -0.4618475139141083 -0.26664748787879944 0
v -0.2920979857444763 -0.2920979857444763 -0.33728548884391785
v -0.4618475139141083 -0.26664748787879944 0
v -0.4618475139141083 0 -0.26664748787879944
v -0.4618475139141083 0 -0.26664748787879944
v -0.4618475139141083 -0.26664748787879944 0
v -1.3431650400161743 0 0
v 0 0 -1.3431650400161743
v 0.26664748787879944 0 -0.4618475139141083
v 0 -0.26664748787879944 -0.4618475139141083
v 0.26664748787879944 0 -0.4618475139141083
v 0.4618475139141083 0 -0.26664748787879944
v 0.2920979857444763 -0.2920979857444763 -0.33728548884391785
v 0.26664748787879944 0 -0.4618475139141083
v 0.2920979857444763 -0.2920979857444763 -0.33728548884391785
v 0 -0.26664748787879944 -0.4618475139141083
v 0 -0.26664748787879944 -0.4618475139141083
v 0.2920979857444763 -0.2920979857444763 -0.33728548884391785
v 0 -0.4618475139141083 -0.26664748787879944
v 0.4618475139141083 0 -0.26664748787879944
v 1.3431650400161743 0 0
v 0.4618475139141083 -0.26664748787879944 0
v 0.4618475139141083 0 -0.26664748787879944
v 0.4618475139141083 -0.26664748787879944 0
v 0.2920979857444763 -0.2920979857444763 -0.33728548884391785
v 0.2920979857444763 -0.2920979857444763 -0.33728548884391785
v 0.4618475139141083 -0.26664748787879944 0
v 0.26664748787879944 -0.4618475139141083 0
v 0.2920979857444763 -0.2920979857444763 -0.33728548884391785
v 0.26664748787879944 -0.4618475139141083 0
v 0 -0.4618475139141083 -0.26664748787879944
v 0 -0.4618475139141083 -0.26664748787879944
v 0.26664748787879944 -0.4618475139141083 0
v 0 -1.3431650400161743 0
v 1.350000023841858 1.25 -1.25
v 1.25 1.350000023841858 -1.25
v 1.25 1.350000023841858 1.25
v 1.25 1.350000023841858 1.25
v 1.350000023841858 1.25 1.25
v 1.350000023841858 1.25 -1.25
v 1.25 1.350000023841858 -1.25
v 1.149999976158142 1.25 -1.25
v 1.149999976158142 1.25 1.25
v 1.149999976158142 1.25 1.25
v 1.25 1.350000023841858 1.25
v 1.25 1.350000023841858 -1.25
v 1.149999976158142 1.25 -1.25
v 1.25 1.149999976158142 -1.25
v 1.25 1.149999976158142 1.25
v 1.25 1.149999976158142 1.25
v 1.149999976158142 1.25 1.25
v 1.149999976158142 1.25 -1.25
v 1.25 1.149999976158142 -1.25
v 1.350000023841858 1.25 -1.25
v 1.350000023841858 1.25 1.25
v 1.350000023841858 1.25 1.25
v 1.25 1.149999976158142 1.25
v 1.25 1.149999976158142 -1.25
v 1.149999976158142 1.25 -1.25
v 1.25 1.350000023841858 -1.25
v 1.350000023841858 1.25 -1.25
v 1.350000023841858 1.25 -1.25
v 1.25 1.149999976158142 -1.25
v 1.149999976158142 1.25 -1.25
v 1.25 1.350000023841858 1.25
v 1.149999976158142 1.25 1.25
v 1.25 1.149999976158142 1.25
v 1.25 1.149999976158142 1.25
v 1.350000023841858 1.25 1.25
v 1.25 1.350000023841858 1.25
v 1.25 1.75 -1.25
v 1.75 1.25 -1.25
v 1.25 1.25 -1.75
v 1.25 1.75 -1.25
v 1.25 1.25 -1.75
v 0.75 1.25 -1.25
v 1.25 1.75 -1.25
v 0.75 1.25 -1.25
v 1.25 1.25 -0.75
v 1.25 1.75 -1.25
v 1.25 1.25 -0.75
v 1.75 1.25 -1.25
v 1.25 0.75 -1.25
v 1.25 1.25 -1.75
v 1.75 1.25 -1.25
v 1.25 0.75 -1.25
v 0.75 1.25 -1.25
v 1.25 1.25 -1.75
v 1.25 0.75 -1.25
v 1.25 1.25 -0.75
v 0.75 1.25 -1.25
v 1.25 0.75 -1.25
v 1.75 1.25 -1.25
v 1.25 1.25 -0.75
v 1.350000023841858 -1.25 -1.25
v 1.25 -1.25 -1.350000023841858
v 1.25 1.25 -1.350000023841858
v 1.25 1.25 -1.350000023841858
v 1.350000023841858 1.25 -1.25
v 1.350000023841858 -1.25 -1.25
v 1.25 -1.25 -1.350000023841858
v 1.149999976158142 -1.25 -1.25
v 1.149999976158142 1.25 -1.25
v 1.149999976158142 1.25 -1.25
v 1.25 1.25 -1.350000023841858
v 1.25 -1.25 -1.350000023841858
v 1.149999976158142 -1.25 -1.25
v 1.25 -1.25 -1.149999976158142
v 1.25 1.25 -1.149999976158142
v 1.25 1.25 -1.149999976158142
v 1.149999976158142 1.25 -1.25
v 1.149999976158142 -1.25 -1.25
v 1.25 -1.25 -1.149999976158142
v 1.350000023841858 -1.25 -1.25
v 1.350000023841858 1.25 -1.25
v 1.350000023841858 1.25 -1.25
v 1.25 1.25 -1.149999976158142
v 1.25 -1.25 -1.149999976158142
v 1.149999976158142 -1.25 -1.25
v 1.25 -1.25 -1.350000023841858
v 1.350000023841858 -1.25 -1.25
v 1.350000023841858 -1.25 -1.25
v 1.25 -1.25 -1.149999976158142
v 1.149999976158142 -1.25 -1.25
v 1.25 1.25 -1.350000023841858
v 1.149999976158142 1.25 -1.25
v 1.25 1.25 -1.149999976158142
v 1.25 1.25 -1.149999976158142
v 1.350000023841858 1.25 -1.25
v 1.25 1.25 -1.350000023841858
v 1.25 -1.25 -1.75
v 1.75 -1.25 -1.25
v 1.25 -1.75 -1.25
v 1.25 -1.25 -1.75
v 1.25 -1.75 -1.25
v 0.75 -1.25 -1.25
v 1.25 -1.25 -1.75
v 0.75 -1.25 -1.25
v 1.25 -0.75 -1.25
v 1.25 -1.25 -1.75
v 1.25 -0.75 -1.25
v 1.75 -1.25 -1.25
v 1.25 -1.25 -0.75
v 1.25 -1.75 -1.25
v 1.75 -1.25 -1.25
v 1.25 -1.25 -0.75
v 0.75 -1.25 -1.25
v 1.25 -1.75 -1.25
v 1.25 -1.25 -0.75
v 1.25 -0.75 -1.25
v 0.75 -1.25 -1.25
v 1.25 -1.25 -0.75
v 1.75 -1.25 -1.25
v 1.25 -0.75 -1.25
v 1.350000023841858 -1.25 1.25
v 1.25 -1.350000023841858 1.25
v 1.25 -1.350000023841858 -1.25
v 1.25 -1.350000023841858 -1.25
v 1.350000023841858 -1.25 -1.25
v 1.350000023841858 -1.25 1.25
v 1.25 -1.350000023841858 1.25
v 1.149999976158142 -1.25 1.25
v 1.149999976158142 -1.25 -1.25
v 1.149999976158142 -1.25 -1.25
v 1.25 -1.350000023841858 -1.25
v 1.25 -1.350000023841858 1.25
v 1.149999976158142 -1.25 1.25
v 1.25 -1.149999976158142 1.25
v 1.25 -1.149999976158142 -1.25
v 1.25 -1.149999976158142 -1.25
v 1.149999976158142 -1.25 -1.25
v 1.149999976158142 -1.25 1.25
v 1.25 -1.149999976158142 1.25
v 1.350000023841858 -1.25 1.25
v 1.350000023841858 -1.25 -1.25
v 1.350000023841858 -1.25 -1.25
v 1.25 -1.149999976158142 -1.25
v 1.25 -1.149999976158142 1.25
v 1.149999976158142 -1.25 1.25
v 1.25 -1.350000023841858 1.25
v 1.350000023841858 -1.25 1.25
v 1.350000023841858 -1.25 1.25
v 1.25 -1.149999976158142 1.25
v 1.149999976158142 -1.25 1.25
v 1.25 -1.350000023841858 -1.25
v 1.149999976158142 -1.25 -1.25
v 1.25 -1.149999976158142 -1.25
v 1.25 -1.149999976158142 -1.25
v 1.350000023841858 -1.25 -1.25
v 1.25 -1.350000023841858 -1.25
v 1.25 -1.75 1.25
v 1.75 -1.25 1.25
v 1.25 -1.25 1.75
v 1.25 -1.75 1.25
v 1.25 -1.25 1.75
v 0.75 -1.25 1.25
v 1.25 -1.75 1.25
v 0.75 -1.25 1.25
v 1.25 -1.25 0.75
v 1.25 -1.75 1.25
v 1.25 -1.25 0.75
v 1.75 -1.25 1.25
v 1.25 -0.75 1.25
v 1.25 -1.25 1.75
v 1.75 -1.25 1.25
v 1.25 -0.75 1.25
v 0.75 -1.25 1.25
v 1.25 -1.25 1.75
v 1.25 -0.75 1.25
v 1.25 -1.25 0.75
v 0.75 -1.25 1.25
v 1.25 -0.75 1.25
v 1.75 -1.25 1.25
v 1.25 -1.25 0.75
v 1.350000023841858 1.25 1.25
v 1.25 1.25 1.350000023841858
v 1.25 -1.25 1.350000023841858
v 1.25 -1.25 1.350000023841858
v 1.350000023841858 -1.25 1.25
v 1.350000023841858 1.25 1.25
v 1.25 1.25 1.350000023841858
v 1.149999976158142 1.25 1.25
v 1.149999976158142 -1.25 1.25
v 1.149999976158142 -1.25 1.25
v 1.25 -1.25 1.350000023841858
v 1.25 1.25 1.350000023841858
v 1.149999976158142 1.25 1.25
v 1.25 1.25 1.149999976158142
v 1.25 -1.25 1.149999976158142
v 1.25 -1.25 1.149999976158142
v 1.149999976158142 -1.25 1.25
v 1.149999976158142 1.25 1.25
v 1.25 1.25 1.149999976158142
v 1.350000023841858 1.25 1.25
v 1.350000023841858 -1.25 1.25
v 1.350000023841858 -1.25 1.25
v 1.25 -1.25 1.149999976158142
v 1.25 1.25 1.149999976158142
v 1.149999976158142 1.25 1.25
v 1.25 1.25 1.350000023841858
v 1.350000023841858 1.25 1.25
v 1.350000023841858 1.25 1.25
v 1.25 1.25 1.149999976158142
v 1.149999976158142 1.25 1.25
v 1.25 -1.25 1.350000023841858
v 1.149999976158142 -1.25 1.25
v 1.25 -1.25 1.149999976158142
v 1.25 -1.25 1.149999976158142
v 1.350000023841858 -1.25 1.25
v 1.25 -1.25 1.350000023841858
v 1.25 1.25 1.75
v 1.75 1.25 1.25
v 1.25 1.75 1.25
v 1.25 1.25 1.75
v 1.25 1.75 1.25
v 0.75 1.25 1.25
v 1.25 1.25 1.75
v 0.75 1.25 1.25
v 1.25 0.75 1.25
v 1.25 1.25 1.75
v 1.25 0.75 1.25
v 1.75 1.25 1.25
v 1.25 1.25 0.75
v 1.25 1.75 1.25
v 1.75 1.25 1.25
v 1.25 1.25 0.75
v 0.75 1.25 1.25
v 1.25 1.75 1.25
v 1.25 1.25 0.75
v 1.25 0.75 1.25
v 0.75 1.25 1.25
v 1.25 1.25 0.75
v 1.75 1.25 1.25
v 1.25 0.75 1.25
v -1.25 1.25 1.149999976158142
v -1.25 1.350000023841858 1.25
v 1.25 1.350000023841858 1.25
v 1.25 1.350000023841858 1.25
v 1.25 1.25 1.149999976158142
v -1.25 1.25 1.149999976158142
v -1.25 1.350000023841858 1.25
v -1.25 1.25 1.350000023841858
v 1.25 1.25 1.350000023841858
v 1.25 1.25 1.350000023841858
v 1.25 1.350000023841858 1.25
v -1.25 1.350000023841858 1.25
v -1.25 1.25 1.350000023841858
v -1.25 1.149999976158142 1.25
v 1.25 1.149999976158142 1.25
v 1.25 1.149999976158142 1.25
v 1.25 1.25 1.350000023841858
v -1.25 1.25 1.350000023841858
v -1.25 1.149999976158142 1.25
v -1.25 1.25 1.149999976158142
v 1.25 1.25 1.149999976158142
v 1.25 1.25 1.149999976158142
v 1.25 1.149999976158142 1.25
v -1.25 1.149999976158142 1.25
v -1.25 1.25 1.350000023841858
v -1.25 1.350000023841858 1.25
v -1.25 1.25 1.149999976158142
v -1.25 1.25 1.149999976158142
v -1.25 1.149999976158142 1.25
v -1.25 1.25 1.350000023841858
v 1.25 1.350000023841858 1.25
v 1.25 1.25 1.350000023841858
v 1.25 1.149999976158142 1.25
v 1.25 1.149999976158142 1.25
v 1.25 1.25 1.149999976158142
v 1.25 1.350000023841858 1.25
v -1.25 -1.25 1.149999976158142
v -1.25 -1.149999976158142 1.25
v 1.25 -1.149999976158142 1.25
v 1.25 -1.149999976158142 1.25
v 1.25 -1.25 1.149999976158142
v -1.25 -1.25 1.149999976158142
v -1.25 -1.149999976158142 1.25
v -1.25 -1.25 1.350000023841858
v 1.25 -1.25 1.350000023841858
v 1.25 -1.25 1.350000023841858
v 1.25 -1.149999976158142 1.25
v -1.25 -1.149999976158142 1.25
v -1.25 -1.25 1.350000023841858
v -1.25 -1.350000023841858 1.25
v 1.25 -1.350000023841858 1.25
v 1.25 -1.350000023841858 1.25
v 1.25 -1.25 1.350000023841858
v -1.25 -1.25 1.350000023841858
v -1.25 -1.350000023841858 1.25
v -1.25 -1.25 1.149999976158142
v 1.25 -1.25 1.149999976158142
v 1.25 -1.25 1.149999976158142
v 1.25 -1.350000023841858 1.25
v -1.25 -1.350000023841858 1.25
v -1.25 -1.25 1.350000023841858
v -1.25 -1.149999976158142 1.25
v -1.25 -1.25 1.149999976158142
v -1.25 -1.25 1.149999976158142
v -1.25 -1.350000023841858 1.25
v -1.25 -1.25 1.350000023841858
v 1.25 -1.149999976158142 1.25
v 1.25 -1.25 1.350000023841858
v 1.25 -1.350000023841858 1.25
v 1.25 -1.350000023841858 1.25
v 1.25 -1.25 1.149999976158142
v 1.25 -1.149999976158142 1.25
v -1.25 1.25 -1.350000023841858
v -1.25 1.350000023841858 -1.25
v 1.25 1.350000023841858 -1.25
v 1.25 1.350000023841858 -1.25
v 1.25 1.25 -1.350000023841858
v -1.25 1.25 -1.350000023841858
v -1.25 1.350000023841858 -1.25
v -1.25 1.25 -1.149999976158142
v 1.25 1.25 -1.149999976158142
v 1.25 1.25 -1.149999976158142
v 1.25 1.350000023841858 -1.25
v -1.25 1.350000023841858 -1.25
v -1.25 1.25 -1.149999976158142
v -1.25 1.149999976158142 -1.25
v 1.25 1.149999976158142 -1.25
v 1.25 1.149999976158142 -1.25
v 1.25 1.25 -1.149999976158142
v -1.25 1.25 -1.149999976158142
v -1.25 1.149999976158142 -1.25
v -1.25 1.25 -1.350000023841858
v 1.25 1.25 -1.350000023841858
v 1.25 1.25 -1.350000023841858
v 1.25 1.149999976158142 -1.25
v -1.25 1.149999976158142 -1.25
v -1.25 1.25 -1.149999976158142
v -1.25 1.350000023841858 -1.25
v -1.25 1.25 -1.350000023841858
v -1.25 1.25 -1.350000023841858
v -1.25 1.149999976158142 -1.25
v -1.25 1.25 -1.149999976158142
v 1.25 1.350000023841858 -1.25
v 1.25 1.25 -1.149999976158142
v 1.25 1.149999976158142 -1.25
v 1.25 1.149999976158142 -1.25
v 1.25 1.25 -1.350000023841858
v 1.25 1.350000023841858 -1.25
v -1.25 -1.25 -1.350000023841858
v -1.25 -1.149999976158142 -1.25
v 1.25 -1.149999976158142 -1.25
v 1.25 -1.149999976158142 -1.25
v 1.25 -1.25 -1.350000023841858
v -1.25 -1.25 -1.350000023841858
v -1.25 -1.149999976158142 -1.25
v -1.25 -1.25 -1.149999976158142
v 1.25 -1.25 -1.149999976158142
v 1.25 -1.25 -1.149999976158142
v 1.25 -1.149999976158142 -1.25
v -1.25 -1.149999976158142 -1.25
v -1.25 -1.25 -1.149999976158142
v -1.25 -1.350000023841858 -1.25
v 1.25 -1.350000023841858 -1.25
v 1.25 -1.350000023841858 -1.25
v 1.25 -1.25 -1.149999976158142
v -1.25 -1.25 -1.149999976158142
v -1.25 -1.350000023841858 -1.25
v -1.25 -1.25 -1.350000023841858
v 1.25 -1.25 -1.350000023841858
v 1.25 -1.25 -1.350000023841858
v 1.25 -1.350000023841858 -1.25
v -1.25 -1.350000023841858 -1.25
v -1.25 -1.25 -1.149999976158142
v -1.25 -1.149999976158142 -1.25
v -1.25 -1.25 -1.350000023841858
v -1.25 -1.25 -1.350000023841858
v -1.25 -1.350000023841858 -1.25
v -1.25 -1.25 -1.149999976158142
v 1.25 -1.149999976158142 -1.25
v 1.25 -1.25 -1.149999976158142
v 1.25 -1.350000023841858 -1.25
v 1.25 -1.350000023841858 -1.25
v 1.25 -1.25 -1.350000023841858
v 1.25 -1.149999976158142 -1.25
v -1.149999976158142 1.25 -1.25
v -1.25 1.350000023841858 -1.25
v -1.25 1.350000023841858 1.25
v -1.25 1.350000023841858 1.25
v -1.149999976158142 1.25 1.25
v -1.149999976158142 1.25 -1.25
v -1.25 1.350000023841858 -1.25
v -1.350000023841858 1.25 -1.25
v -1.350000023841858 1.25 1.25
v -1.350000023841858 1.25 1.25
v -1.25 1.350000023841858 1.25
v -1.25 1.350000023841858 -1.25
v -1.350000023841858 1.25 -1.25
v -1.25 1.149999976158142 -1.25
v -1.25 1.149999976158142 1.25
v -1.25 1.149999976158142 1.25
v -1.350000023841858 1.25 1.25
v -1.350000023841858 1.25 -1.25
v -1.25 1.149999976158142 -1.25
v -1.149999976158142 1.25 -1.25
v -1.149999976158142 1.25 1.25
v -1.149999976158142 1.25 1.25
v -1.25 1.149999976158142 1.25
v -1.25 1.149999976158142 -1.25
v -1.350000023841858 1.25 -1.25
v -1.25 1.350000023841858 -1.25
v -1.149999976158142 1.25 -1.25
v -1.149999976158142 1.25 -1.25
v -1.25 1.149999976158142 -1.25
v -1.350000023841858 1.25 -1.25
v -1.25 1.350000023841858 1.25
v -1.350000023841858 1.25 1.25
v -1.25 1.149999976158142 1.25
v -1.25 1.149999976158142 1.25
v -1.149999976158142 1.25 1.25
v -1.25 1.350000023841858 1.25
v -1.25 1.75 -1.25
v -0.75 1.25 -1.25
v -1.25 1.25 -1.75
v -1.25 1.75 -1.25
v -1.25 1.25 -1.75
v -1.75 1.25 -1.25
v -1.25 1.75 -1.25
v -1.75 1.25 -1.25
v -1.25 1.25 -0.75
v -1.25 1.75 -1.25
v -1.25 1.25 -0.75
v -0.75 1.25 -1.25
v -1.25 0.75 -1.25
v -1.25 1.25 -1.75
v -0.75 1.25 -1.25
v -1.25 0.75 -1.25
v -1.75 1.25 -1.25
v -1.25 1.25 -1.75
v -1.25 0.75 -1.25
v -1.25 1.25 -0.75
v -1.75 1.25 -1.25
v -1.25 0.75 -1.25
v -0.75 1.25 -1.25
v -1.25 1.25 -0.75
v -1.149999976158142 -1.25 -1.25
v -1.25 -1.25 -1.350000023841858
v -1.25 1.25 -1.350000023841858
v -1.25 1.25 -1.350000023841858
v -1.149999976158142 1.25 -1.25
v -1.149999976158142 -1.25 -1.25
v -1.25 -1.25 -1.350000023841858
v -1.350000023841858 -1.25 -1.25
v -1.350000023841858 1.25 -1.25
v -1.350000023841858 1.25 -1.25
v -1.25 1.25 -1.350000023841858
v -1.25 -1.25 -1.350000023841858
v -1.350000023841858 -1.25 -1.25
v -1.25 -1.25 -1.149999976158142
v -1.25 1.25 -1.149999976158142
v -1.25 1.25 -1.149999976158142
v -1.350000023841858 1.25 -1.25
v -1.350000023841858 -1.25 -1.25
v -1.25 -1.25 -1.149999976158142
v -1.149999976158142 -1.25 -1.25
v -1.149999976158142 1.25 -1.25
v -1.149999976158142 1.25 -1.25
v -1.25 1.25 -1.149999976158142
v -1.25 -1.25 -1.149999976158142
v -1.350000023841858 -1.25 -1.25
v -1.25 -1.25 -1.350000023841858
v -1.149999976158142 -1.25 -1.25
v -1.149999976158142 -1.25 -1.25
v -1.25 -1.25 -1.149999976158142
v -1.350000023841858 -1.25 -1.25
v -1.25 1.25 -1.350000023841858
v -1.350000023841858 1.25 -1.25
v -1.25 1.25 -1.149999976158142
v -1.25 1.25 -1.149999976158142
v -1.149999976158142 1.25 -1.25
v -1.25 1.25 -1.350000023841858
v -1.25 -1.25 -1.75
v -0.75 -1.25 -1.25
v -1.25 -1.75 -1.25
v -1.25 -1.25 -1.75
v -1.25 -1.75 -1.25
v -1.75 -1.25 -1.25
v -1.25 -1.25 -1.75
v -1.75 -1.25 -1.25
v -1.25 -0.75 -1.25
v -1.25 -1.25 -1.75
v -1.25 -0.75 -1.25
v -0.75 -1.25 -1.25
v -1.25 -1.25 -0.75
v -1.25 -1.75 -1.25
v -0.75 -1.25 -1.25
v -1.25 -1.25 -0.75
v -1.75 -1.25 -1.25
v -1.25 -1.75 -1.25
v -1.25 -1.25 -0.75
v -1.25 -0.75 -1.25
v -1.75 -1.25 -1.25
v -1.25 -1.25 -0.75
v -0.75 -1.25 -1.25
v -1.25 -0.75 -1.25
v -1.149999976158142 -1.25 1.25
v -1.25 -1.350000023841858 1.25
v -1.25 -1.350000023841858 -1.25
v -1.25 -1.350000023841858 -1.25
v -1.149999976158142 -1.25 -1.25
v -1.149999976158142 -1.25 1.25
v -1.25 -1.350000023841858 1.25
v -1.350000023841858 -1.25 1.25
v -1.350000023841858 -1.25 -1.25
v -1.350000023841858 -1.25 -1.25
v -1.25 -1.350000023841858 -1.25
v -1.25 -1.350000023841858 1.25
v -1.350000023841858 -1.25 1.25
v -1.25 -1.149999976158142 1.25
v -1.25 -1.149999976158142 -1.25
v -1.25 -1.149999976158142 -1.25
v -1.350000023841858 -1.25 -1.25
v -1.350000023841858 -1.25 1.25
v -1.25 -1.149999976158142 1.25
v -1.149999976158142 -1.25 1.25
v -1.149999976158142 -1.25 -1.25
v -1.149999976158142 -1.25 -1.25
v -1.25 -1.149999976158142 -1.25
v -1.25 -1.149999976158142 1.25
v -1.350000023841858 -1.25 1.25
v -1.25 -1.350000023841858 1.25
v -1.149999976158142 -1.25 1.25
v -1.149999976158142 -1.25 1.25
v -1.25 -1.149999976158142 1.25
v -1.350000023841858 -1.25 1.25
v -1.25 -1.350000023841858 -1.25
v -1.350000023841858 -1.25 -1.25
v -1.25 -1.149999976158142 -1.25
v -1.25 -1.149999976158142 -1.25
v -1.149999976158142 -1.25 -1.25
v -1.25 -1.350000023841858 -1.25
v -1.25 -1.75 1.25
v -0.75 -1.25 1.25
v -1.25 -1.25 1.75
v -1.25 -1.75 1.25
v -1.25 -1.25 1.75
v -1.75 -1.25 1.25
v -1.25 -1.75 1.25
v -1.75 -1.25 1.25
v -1.25 -1.25 0.75
v -1.25 -1.75 1.25
v -1.25 -1.25 0.75
v -0.75 -1.25 1.25
v -1.25 -0.75 1.25
v -1.25 -1.25 1.75
v -0.75 -1.25 1.25
v -1.25 -0.75 1.25
v -1.75 -1.25 1.25
v -1.25 -1.25 1.75
v -1.25 -0.75 1.25
v -1.25 -1.25 0.75
v -1.75 -1.25 1.25
v -1.25 -0.75 1.25
v -0.75 -1.25 1.25
v -1.25 -1.25 0.75
v -1.149999976158142 1.25 1.25
v -1.25 1.25 1.350000023841858
v -1.25 -1.25 1.350000023841858
v -1.25 -1.25 1.350000023841858
v -1.149999976158142 -1.25 1.25
v -1.149999976158142 1.25 1.25
v -1.25 1.25 1.350000023841858
v -1.350000023841858 1.25 1.25
v -1.350000023841858 -1.25 1.25
v -1.350000023841858 -1.25 1.25
v -1.25 -1.25 1.350000023841858
v -1.25 1.25 1.350000023841858
v -1.350000023841858 1.25 1.25
v -1.25 1.25 1.149999976158142
v -1.25 -1.25 1.149999976158142
v -1.25 -1.25 1.149999976158142
v -1.350000023841858 -1.25 1.25
v -1.350000023841858 1.25 1.25
v -1.25 1.25 1.149999976158142
v -1.149999976158142 1.25 1.25
v -1.149999976158142 -1.25 1.25
v -1.149999976158142 -1.25 1.25
v -1.25 -1.25 1.149999976158142
v -1.25 1.25 1.149999976158142
v -1.350000023841858 1.25 1.25
v -1.25 1.25 1.350000023841858
v -1.149999976158142 1.25 1.25
v -1.149999976158142 1.25 1.25
v -1.25 1.25 1.149999976158142
v -1.350000023841858 1.25 1.25
v -1.25 -1.25 1.350000023841858
v -1.350000023841858 -1.25 1.25
v -1.25 -1.25 1.149999976158142
v -1.25 -1.25 1.149999976158142
v -1.149999976158142 -1.25 1.25
v -1.25 -1.25 1.350000023841858
v -1.25 1.25 1.75
v -0.75 1.25 1.25
v -1.25 1.75 1.25
v -1.25 1.25 1.75
v -1.25 1.75 1.25
v -1.75 1.25 1.25
v -1.25 1.25 1.75
v -1.75 1.25 1.25
v -1.25 0.75 1.25
v -1.25 1.25 1.75
v -1.25 0.75 1.25
v -0.75 1.25 1.25
v -1.25 1.25 0.75
v -1.25 1.75 1.25
v -0.75 1.25 1.25
v -1.25 1.25 0.75
v -1.75 1.25 1.25
v -1.25 1.75 1.25
v -1.25 1.25 0.75
v -1.25 0.75 1.25
v -1.75 1.25 1.25
v -1.25 1.25 0.75
v -0.75 1.25 1.25
v -1.25 0.75 1.25

vn 0 0 1
vn 0.7343590259552002 0 0.6787610054016113
vn 0 0.7343590259552002 0.6787610054016113
vn 0.7343590259552002 0 0.6787610054016113
vn 0.6766409873962402 0 0.7363139986991882
vn 0.5593410134315491 0.5593410134315491 0.6117810010910034
vn 0.7343590259552002 0 0.6787610054016113
vn 0.5593410134315491 0.5593410134315491 0.6117810010910034
vn 0 0.7343590259552002 0.6787610054016113
vn 0 0.7343590259552002 0.6787610054016113
vn 0.5593410134315491 0.5593410134315491 0.6117810010910034
vn 0 0.6766409873962402 0.7363139986991882
vn 0.6766409873962402 0 0.7363139986991882
vn 1 0 0
vn 0.6641520261764526 0.7475969791412354 0
vn 0.6766409873962402 0 0.7363139986991882
vn 0.6641520261764526 0.7475969791412354 0
vn 0.5593410134315491 0.5593410134315491 0.6117810010910034
vn 0.5593410134315491 0.5593410134315491 0.6117810010910034
vn 0.6641520261764526 0.7475969791412354 0
vn 0.7475969791412354 0.6641520261764526 0
vn 0.5593410134315491 0.5593410134315491 0.6117810010910034
vn 0.7475969791412354 0.6641520261764526 0
vn 0 0.6766409873962402 0.7363139986991882
vn 0 0.6766409873962402 0.7363139986991882
vn 0.7475969791412354 0.6641520261764526 0
vn 0 1 0
vn 0 0 1
vn 0 0.7343590259552002 0.6787610054016113
vn -0.7343590259552002 0 0.6787610054016113
vn 0 0.7343590259552002 0.6787610054016113
vn 0 0.6766409873962402 0.7363139986991882
vn -0.5593410134315491 0.5593410134315491 0.6117810010910034
vn 0 0.7343590259552002 0.6787610054016113
vn -0.5593410134315491 0.5593410134315491 0.6117810010910034
vn -0.7343590259552002 0 0.6787610054016113
vn -0.7343590259552002 0 0.6787610054016113
vn -0.5593410134315491 0.5593410134315491 0.6117810010910034
vn -0.6766409873962402 0 0.7363139986991882
vn 0 0.6766409873962402 0.7363139986991882
vn 0 1 0
vn -0.7475969791412354 0.6641520261764526 0
vn 0 0.6766409873962402 0.7363139986991882
vn -0.7475969791412354 0.6641520261764526 0
vn -0.5593410134315491 0.5593410134315491 0.6117810010910034
vn -0.5593410134315491 0.5593410134315491 0.6117810010910034
vn -0.7475969791412354 0.6641520261764526 0
vn -0.6641520261764526 0.7475969791412354 0
vn -0.5593410134315491 0.5593410134315491 0.6117810010910034
vn -0.6641520261764526 0.7475969791412354 0
vn -0.6766409873962402 0 0.7363139986991882
vn -0.6766409873962402 0 0.7363139986991882
vn -0.6641520261764526 0.7475969791412354 0
vn -1 0 0
vn 0 0 1
vn -0.7343590259552002 0 0.6787610054016113
vn 0 -0.7343590259552002 0.6787610054016113
vn -0.7343590259552002 0 0.6787610054016113
vn -0.6766409873962402 0 0.7363139986991882
vn -0.5593410134315491 -0.5593410134315491 0.6117810010910034
vn -0.7343590259552002 0 0.6787610054016113
vn -0.5593410134315491 -0.5593410134315491 0.6117810010910034
vn 0 -0.7343590259552002 0.6787610054016113
vn 0 -0.7343590259552002 0.6787610054016113
vn -0.5593410134315491 -0.5593410134315491 0.6117810010910034
vn 0 -0.6766409873962402 0.7363139986991882
vn -0.6766409873962402 0 0.7363139986991882
vn -1 0 0
vn -0.6641520261764526 -0.7475969791412354 0
vn -0.6766409873962402 0 0.7363139986991882
vn -0.6641520261764526 -0.7475969791412354 0
vn -0.5593410134315491 -0.5593410134315491 0.6117810010910034
vn -0.5593410134315491 -0.5593410134315491 0.6117810010910034
vn -0.6641520261764526 -0.7475969791412354 0
vn -0.7475969791412354 -0.6641520261764526 0
vn -0.5593410134315491 -0.5593410134315491 0.6117810010910034
vn -0.7475969791412354 -0.6641520261764526 0
vn 0 -0.6766409873962402 0.7363139986991882
vn 0 -0.6766409873962402 0.7363139986991882
vn -0.7475969791412354 -0.6641520261764526 0
vn 0 -1 0
vn 0 0 1
vn 0 -0.7343590259552002 0.6787610054016113
vn 0.7343590259552002 0 0.6787610054016113
vn 0 -0.7343590259552002 0.6787610054016113
vn 0 -0.6766409873962402 0.7363139986991882
vn 0.5593410134315491 -0.5593410134315491 0.6117810010910034
vn 0 -0.7343590259552002 0.6787610054016113
vn 0.5593410134315491 -0.5593410134315491 0.6117810010910034
vn 0.7343590259552002 0 0.6787610054016113
vn 0.7343590259552002 0 0.6787610054016113
vn 0.5593410134315491 -0.5593410134315491 0.6117810010910034
vn 0.6766409873962402 0 0.7363139986991882
vn 0 -0.6766409873962402 0.7363139986991882
vn 0 -1 0
vn 0.7475969791412354 -0.6641520261764526 0
vn 0 -0.6766409873962402 0.7363139986991882
vn 0.7475969791412354 -0.6641520261764526 0
vn 0.5593410134315491 -0.5593410134315491 0.6117810010910034
vn 0.5593410134315491 -0.5593410134315491 0.6117810010910034
vn 0.7475969791412354 -0.6641520261764526 0
vn 0.6641520261764526 -0.7475969791412354 0
vn 0.5593410134315491 -0.5593410134315491 0.6117810010910034
vn 0.6641520261764526 -0.7475969791412354 0
vn 0.6766409873962402 0 0.7363139986991882
vn 0.6766409873962402 0 0.7363139986991882
vn 0.6641520261764526 -0.7475969791412354 0
vn 1 0 0
vn 0 0 -1
vn 0 0.7343590259552002 -0.6787610054016113
vn 0.7343590259552002 0 -0.6787610054016113
vn 0 0.7343590259552002 -0.6787610054016113
vn 0 0.6766409873962402 -0.7363139986991882
vn 0.5593410134315491 0.5593410134315491 -0.6117810010910034
vn 0 0.7343590259552002 -0.6787610054016113
vn 0.5593410134315491 0.5593410134315491 -0.6117810010910034
vn 0.7343590259552002 0 -0.6787610054016113
vn 0.7343590259552002 0 -0.6787610054016113
vn 0.5593410134315491 0.5593410134315491 -0.6117810010910034
vn 0.6766409873962402 0 -0.7363139986991882
vn 0 0.6766409873962402 -0.7363139986991882
vn 0 1 0
vn 0.7475969791412354 0.6641520261764526 0
vn 0 0.6766409873962402 -0.7363139986991882
vn 0.7475969791412354 0.6641520261764526 0
vn 0.5593410134315491 0.5593410134315491 -0.6117810010910034
vn 0.5593410134315491 0.5593410134315491 -0.6117810010910034
vn 0.7475969791412354 0.6641520261764526 0
vn 0.6641520261764526 0.7475969791412354 0
vn 0.5593410134315491 0.5593410134315491 -0.6117810010910034
vn 0.6641520261764526 0.7475969791412354 0
vn 0.6766409873962402 0 -0.7363139986991882
vn 0.6766409873962402 0 -0.7363139986991882
vn 0.6641520261764526 0.7475969791412354 0
vn 1 0 0
vn 0 0 -1
vn -0.7343590259552002 0 -0.6787610054016113
vn 0 0.7343590259552002 -0.6787610054016113
vn -0.7343590259552002 0 -0.6787610054016113
vn -0.6766409873962402 0 -0.7363139986991882
vn -0.5593410134315491 0.5593410134315491 -0.6117810010910034
vn -0.7343590259552002 0 -0.6787610054016113
vn -0.5593410134315491 0.5593410134315491 -0.6117810010910034
vn 0 0.7343590259552002 -0.6787610054016113
vn 0 0.7343590259552002 -0.6787610054016113
vn -0.5593410134315491 0.5593410134315491 -0.6117810010910034
vn 0 0.6766409873962402 -0.7363139986991882
vn -0.6766409873962402 0 -0.7363139986991882
vn -1 0 0
vn -0.6641520261764526 0.7475969791412354 0
vn -0.6766409873962402 0 -0.7363139986991882
vn -0.6641520261764526 0.7475969791412354 0
vn -0.5593410134315491 0.5593410134315491 -0.6117810010910034
vn -0.5593410134315491 0.5593410134315491 -0.6117810010910034
vn -0.6641520261764526 0.7475969791412354 0
vn -0.7475969791412354 0.6641520261764526 0
vn -0.5593410134315491 0.5593410134315491 -0.6117810010910034
vn -0.7475969791412354 0.6641520261764526 0
vn 0 0.6766409873962402 -0.7363139986991882
vn 0 0.6766409873962402 -0.7363139986991882
vn -0.7475969791412354 0.6641520261764526 0
vn 0 1 0
vn 0 0 -1
vn 0 -0.7343590259552002 -0.6787610054016113
vn -0.7343590259552002 0 -0.6787610054016113
vn 0 -0.7343590259552002 -0.6787610054016113
vn 0 -0.6766409873962402 -0.7363139986991882
vn -0.5593410134315491 -0.5593410134315491 -0.6117810010910034
vn 0 -0.7343590259552002 -0.6787610054016113
vn -0.5593410134315491 -0.5593410134315491 -0.6117810010910034
vn -0.7343590259552002 0 -0.6787610054016113
vn -0.7343590259552002 0 -0.6787610054016113
vn -0.5593410134315491 -0.5593410134315491 -0.6117810010910034
vn -0.6766409873962402 0 -0.7363139986991882
vn 0 -0.6766409873962402 -0.7363139986991882
vn 0 -1 0
vn -0.7475969791412354 -0.6641520261764526 0
vn 0 -0.6766409873962402 -0.7363139986991882
vn -0.7475969791412354 -0.6641520261764526 0
vn -0.5593410134315491 -0.5593410134315491 -0.6117810010910034
vn -0.5593410134315491 -0.5593410134315491 -0.6117810010910034
vn -0.7475969791412354 -0.6641520261764526 0
vn -0.6641520261764526 -0.7475969791412354 0
vn -0.5593410134315491 -0.5593410134315491 -0.6117810010910034
vn -0.6641520261764526 -0.7475969791412354 0
vn -0.6766409873962402 0 -0.7363139986991882
vn -0.6766409873962402 0 -0.7363139986991882
vn -0.6641520261764526 -0.7475969791412354 0
vn -1 0 0
vn 0 0 -1
vn 0.7343590259552002 0 -0.6787610054016113
vn 0 -0.7343590259552002 -0.6787610054016113
vn 0.7343590259552002 0 -0.6787610054016113
vn 0.6766409873962402 0 -0.7363139986991882
vn 0.5593410134315491 -0.5593410134315491 -0.6117810010910034
vn 0.7343590259552002 0 -0.6787610054016113
vn 0.5593410134315491 -0.5593410134315491 -0.6117810010910034
vn 0 -0.7343590259552002 -0.6787610054016113
vn 0 -0.7343590259552002 -0.6787610054016113
vn 0.5593410134315491 -0.5593410134315491 -0.6117810010910034
vn 0 -0.6766409873962402 -0.7363139986991882
vn 0.6766409873962402 0 -0.7363139986991882
vn 1 0 0
vn 0.6641520261764526 -0.7475969791412354 0
vn 0.6766409873962402 0 -0.7363139986991882
vn 0.6641520261764526 -0.7475969791412354 0
vn 0.5593410134315491 -0.5593410134315491 -0.6117810010910034
vn 0.5593410134315491 -0.5593410134315491 -0.6117810010910034
vn 0.6641520261764526 -0.7475969791412354 0
vn 0.7475969791412354 -0.6641520261764526 0
vn 0.5593410134315491 -0.5593410134315491 -0.6117810010910034
vn 0.7475969791412354 -0.6641520261764526 0
vn 0 -0.6766409873962402 -0.7363139986991882
vn 0 -0.6766409873962402 -0.7363139986991882
vn 0.7475969791412354 -0.6641520261764526 0
vn 0 -1 0
vn 2.221440076828003 -7.009580258454662e-7 0
vn 0 2.221440076828003 -6.355600135066197e-7
vn -0.000001010899950415478 2.221440076828003 -6.355600135066197e-7
vn -0.000001010899950415478 2.221440076828003 -6.355600135066197e-7
vn 2.221440076828003 -5.503109719029453e-7 0
vn 2.221440076828003 -7.009580258454662e-7 0
vn 0 2.221440076828003 -6.355600135066197e-7
vn -2.221440076828003 -3.0511500881402753e-7 0
vn -2.221440076828003 -0.0000010702400459194905 0
vn -2.221440076828003 -0.0000010702400459194905 0
vn -0.000001010899950415478 2.221440076828003 -6.355600135066197e-7
vn 0 2.221440076828003 -6.355600135066197e-7
vn -2.221440076828003 -3.0511500881402753e-7 0
vn -3.611839929362759e-7 -2.221440076828003 6.904280098751769e-7
vn -5.26633982644853e-7 -2.221440076828003 6.904280098751769e-7
vn -5.26633982644853e-7 -2.221440076828003 6.904280098751769e-7
vn -2.221440076828003 -0.0000010702400459194905 0
vn -2.221440076828003 -3.0511500881402753e-7 0
vn -3.611839929362759e-7 -2.221440076828003 6.904280098751769e-7
vn 2.221440076828003 -7.009580258454662e-7 0
vn 2.221440076828003 -5.503109719029453e-7 0
vn 2.221440076828003 -5.503109719029453e-7 0
vn -5.26633982644853e-7 -2.221440076828003 6.904280098751769e-7
vn -3.611839929362759e-7 -2.221440076828003 6.904280098751769e-7
vn -2.221440076828003 -3.0511500881402753e-7 0
vn 0 2.221440076828003 -6.355600135066197e-7
vn 2.221440076828003 -7.009580258454662e-7 0
vn 2.221440076828003 -7.009580258454662e-7 0
vn -3.611839929362759e-7 -2.221440076828003 6.904280098751769e-7
vn -2.221440076828003 -3.0511500881402753e-7 0
vn -0.000001010899950415478 2.221440076828003 -6.355600135066197e-7
vn -2.221440076828003 -0.0000010702400459194905 0
vn -5.26633982644853e-7 -2.221440076828003 6.904280098751769e-7
vn -5.26633982644853e-7 -2.221440076828003 6.904280098751769e-7
vn 2.221440076828003 -5.503109719029453e-7 0
vn -0.000001010899950415478 2.221440076828003 -6.355600135066197e-7
vn 0 1 -2.0185899529678863e-7
vn 1 0 0
vn 0 -2.8011498898194986e-7 -1
vn 0 1 -2.0185899529678863e-7
vn 0 -2.8011498898194986e-7 -1
vn -1 0 0
vn 0 1 -2.0185899529678863e-7
vn -1 0 0
vn 0 2.2907799746008095e-7 1
vn 0 1 -2.0185899529678863e-7
vn 0 2.2907799746008095e-7 1
vn 1 0 0
vn 0 -1 2.41032012127107e-7
vn 0 -2.8011498898194986e-7 -1
vn 1 0 0
vn 0 -1 2.41032012127107e-7
vn -1 0 0
vn 0 -2.8011498898194986e-7 -1
vn 0 -1 2.41032012127107e-7
vn 0 2.2907799746008095e-7 1
vn -1 0 0
vn 0 -1 2.41032012127107e-7
vn 1 0 0
vn 0 2.2907799746008095e-7 1
vn 2.221440076828003 0 0
vn 3.368610066445399e-7 4.237060124978598e-7 -2.221440076828003
vn -8.916929914448701e-7 4.237060124978598e-7 -2.221440076828003
vn -8.916929914448701e-7 4.237060124978598e-7 -2.221440076828003
vn 2.221440076828003 0 -6.808959938098269e-7
vn 2.221440076828003 0 0
vn 3.368610066445399e-7 4.237060124978598e-7 -2.221440076828003
vn -2.221440076828003 0 -0.000001052119955602393
vn -2.221440076828003 0 5.340650091056887e-7
vn -2.221440076828003 0 5.340650091056887e-7
vn -8.916929914448701e-7 4.237060124978598e-7 -2.221440076828003
vn 3.368610066445399e-7 4.237060124978598e-7 -2.221440076828003
vn -2.221440076828003 0 -0.000001052119955602393
vn -8.253280157077825e-7 -4.237060124978598e-7 2.221440076828003
vn 3.4332998666286585e-7 -4.237060124978598e-7 2.221440076828003
vn 3.4332998666286585e-7 -4.237060124978598e-7 2.221440076828003
vn -2.221440076828003 0 5.340650091056887e-7
vn -2.221440076828003 0 -0.000001052119955602393
vn -8.253280157077825e-7 -4.237060124978598e-7 2.221440076828003
vn 2.221440076828003 0 0
vn 2.221440076828003 0 -6.808959938098269e-7
vn 2.221440076828003 0 -6.808959938098269e-7
vn 3.4332998666286585e-7 -4.237060124978598e-7 2.221440076828003
vn -8.253280157077825e-7 -4.237060124978598e-7 2.221440076828003
vn -2.221440076828003 0 -0.000001052119955602393
vn 3.368610066445399e-7 4.237060124978598e-7 -2.221440076828003
vn 2.221440076828003 0 0
vn 2.221440076828003 0 0
vn -8.253280157077825e-7 -4.237060124978598e-7 2.221440076828003
vn -2.221440076828003 0 -0.000001052119955602393
vn -8.916929914448701e-7 4.237060124978598e-7 -2.221440076828003
vn -2.221440076828003 0 5.340650091056887e-7
vn 3.4332998666286585e-7 -4.237060124978598e-7 2.221440076828003
vn 3.4332998666286585e-7 -4.237060124978598e-7 2.221440076828003
vn 2.221440076828003 0 -6.808959938098269e-7
vn -8.916929914448701e-7 4.237060124978598e-7 -2.221440076828003
vn 0 1.4725900143730541e-7 -1
vn 1 0 0
vn 0 -1 -2.5347799237351865e-7
vn 0 1.4725900143730541e-7 -1
vn 0 -1 -2.5347799237351865e-7
vn -1 0 0
vn 0 1.4725900143730541e-7 -1
vn -1 0 0
vn 0 1 1.8800299983467994e-7
vn 0 1.4725900143730541e-7 -1
vn 0 1 1.8800299983467994e-7
vn 1 0 0
vn 0 -1.499929993542537e-7 1
vn 0 -1 -2.5347799237351865e-7
vn 1 0 0
vn 0 -1.499929993542537e-7 1
vn -1 0 0
vn 0 -1 -2.5347799237351865e-7
vn 0 -1.499929993542537e-7 1
vn 0 1 1.8800299983467994e-7
vn -1 0 0
vn 0 -1.499929993542537e-7 1
vn 1 0 0
vn 0 1 1.8800299983467994e-7
vn 2.221440076828003 0.000001165610001407913 0
vn 0 -2.221440076828003 3.726480031218671e-7
vn -4.0267099166158005e-7 -2.221440076828003 3.726480031218671e-7
vn -4.0267099166158005e-7 -2.221440076828003 3.726480031218671e-7
vn 2.221440076828003 8.48113018037111e-7 0
vn 2.221440076828003 0.000001165610001407913 0
vn 0 -2.221440076828003 3.726480031218671e-7
vn -2.221440076828003 6.272450150390796e-7 0
vn -2.221440076828003 0.0000012016399750791606 0
vn -2.221440076828003 0.0000012016399750791606 0
vn -4.0267099166158005e-7 -2.221440076828003 3.726480031218671e-7
vn 0 -2.221440076828003 3.726480031218671e-7
vn -2.221440076828003 6.272450150390796e-7 0
vn -2.7800101065622584e-7 2.221440076828003 -2.6291098720321315e-7
vn 1.2875399590939196e-7 2.221440076828003 -2.6291098720321315e-7
vn 1.2875399590939196e-7 2.221440076828003 -2.6291098720321315e-7
vn -2.221440076828003 0.0000012016399750791606 0
vn -2.221440076828003 6.272450150390796e-7 0
vn -2.7800101065622584e-7 2.221440076828003 -2.6291098720321315e-7
vn 2.221440076828003 0.000001165610001407913 0
vn 2.221440076828003 8.48113018037111e-7 0
vn 2.221440076828003 8.48113018037111e-7 0
vn 1.2875399590939196e-7 2.221440076828003 -2.6291098720321315e-7
vn -2.7800101065622584e-7 2.221440076828003 -2.6291098720321315e-7
vn -2.221440076828003 6.272450150390796e-7 0
vn 0 -2.221440076828003 3.726480031218671e-7
vn 2.221440076828003 0.000001165610001407913 0
vn 2.221440076828003 0.000001165610001407913 0
vn -2.7800101065622584e-7 2.221440076828003 -2.6291098720321315e-7
vn -2.221440076828003 6.272450150390796e-7 0
vn -4.0267099166158005e-7 -2.221440076828003 3.726480031218671e-7
vn -2.221440076828003 0.0000012016399750791606 0
vn 1.2875399590939196e-7 2.221440076828003 -2.6291098720321315e-7
vn 1.2875399590939196e-7 2.221440076828003 -2.6291098720321315e-7
vn 2.221440076828003 8.48113018037111e-7 0
vn -4.0267099166158005e-7 -2.221440076828003 3.726480031218671e-7
vn 0 -1 2.6907900974038057e-7
vn 1 0 0
vn 0 2.4127800202222716e-7 1
vn 0 -1 2.6907900974038057e-7
vn 0 2.4127800202222716e-7 1
vn -1 0 0
vn 0 -1 2.6907900974038057e-7
vn -1 0 0
vn 0 -4.3421800910437014e-7 -1
vn 0 -1 2.6907900974038057e-7
vn 0 -4.3421800910437014e-7 -1
vn 1 0 0
vn 0 1 -2.670880121513619e-7
vn 0 2.4127800202222716e-7 1
vn 1 0 0
vn 0 1 -2.670880121513619e-7
vn -1 0 0
vn 0 2.4127800202222716e-7 1
vn 0 1 -2.670880121513619e-7
vn 0 -4.3421800910437014e-7 -1
vn -1 0 0
vn 0 1 -2.670880121513619e-7
vn 1 0 0
vn 0 -4.3421800910437014e-7 -1
vn 2.221440076828003 1.5317399970626866e-7 3.841099953660887e-7
vn 1.717219930696956e-7 0 2.221440076828003
vn -2.3577800334351195e-7 0 2.221440076828003
vn -2.3577800334351195e-7 0 2.221440076828003
vn 2.221440076828003 0 0
vn 2.221440076828003 1.5317399970626866e-7 3.841099953660887e-7
vn 1.717219930696956e-7 0 2.221440076828003
vn -2.221440076828003 0 9.957569773177966e-7
vn -2.221440076828003 1.5317399970626866e-7 -4.2651200260479527e-7
vn -2.221440076828003 1.5317399970626866e-7 -4.2651200260479527e-7
vn -2.3577800334351195e-7 0 2.221440076828003
vn 1.717219930696956e-7 0 2.221440076828003
vn -2.221440076828003 0 9.957569773177966e-7
vn -2.062100037392156e-7 2.118530062489299e-7 -2.221440076828003
vn 2.1246400194741e-7 2.118530062489299e-7 -2.221440076828003
vn 2.1246400194741e-7 2.118530062489299e-7 -2.221440076828003
vn -2.221440076828003 1.5317399970626866e-7 -4.2651200260479527e-7
vn -2.221440076828003 0 9.957569773177966e-7
vn -2.062100037392156e-7 2.118530062489299e-7 -2.221440076828003
vn 2.221440076828003 1.5317399970626866e-7 3.841099953660887e-7
vn 2.221440076828003 0 0
vn 2.221440076828003 0 0
vn 2.1246400194741e-7 2.118530062489299e-7 -2.221440076828003
vn -2.062100037392156e-7 2.118530062489299e-7 -2.221440076828003
vn -2.221440076828003 0 9.957569773177966e-7
vn 1.717219930696956e-7 0 2.221440076828003
vn 2.221440076828003 1.5317399970626866e-7 3.841099953660887e-7
vn 2.221440076828003 1.5317399970626866e-7 3.841099953660887e-7
vn -2.062100037392156e-7 2.118530062489299e-7 -2.221440076828003
vn -2.221440076828003 0 9.957569773177966e-7
vn -2.3577800334351195e-7 0 2.221440076828003
vn -2.221440076828003 1.5317399970626866e-7 -4.2651200260479527e-7
vn 2.1246400194741e-7 2.118530062489299e-7 -2.221440076828003
vn 2.1246400194741e-7 2.118530062489299e-7 -2.221440076828003
vn 2.221440076828003 0 0
vn -2.3577800334351195e-7 0 2.221440076828003
vn 0 0 1
vn 1 0 0
vn 0 1 1.809480068004632e-7
vn 0 0 1
vn 0 1 1.809480068004632e-7
vn -1 0 0
vn 0 0 1
vn -1 0 0
vn 0 -1 -1.245190048848599e-7
vn 0 0 1
vn 0 -1 -1.245190048848599e-7
vn 1 0 0
vn 0 0 -1
vn 0 1 1.809480068004632e-7
vn 1 0 0
vn 0 0 -1
vn -1 0 0
vn 0 1 1.809480068004632e-7
vn 0 0 -1
vn 0 -1 -1.245190048848599e-7
vn -1 0 0
vn 0 0 -1
vn 1 0 0
vn 0 -1 -1.245190048848599e-7
vn 0 -7.846679750400654e-7 -2.221440076828003
vn 0 2.221440076828003 -0.000001561449948894733
vn 0 2.221440076828003 0.0000015115799669729313
vn 0 2.221440076828003 0.0000015115799669729313
vn -2.118530062489299e-7 0.0000015494499621127034 -2.221440076828003
vn 0 -7.846679750400654e-7 -2.221440076828003
vn 0 2.221440076828003 -0.000001561449948894733
vn 0 0.0000015341699963755673 2.221440076828003
vn 0 -9.155349971479154e-7 2.221440076828003
vn 0 -9.155349971479154e-7 2.221440076828003
vn 0 2.221440076828003 0.0000015115799669729313
vn 0 2.221440076828003 -0.000001561449948894733
vn 0 0.0000015341699963755673 2.221440076828003
vn 0 -2.221440076828003 9.957569773177966e-7
vn 0 -2.221440076828003 -9.033499850374938e-7
vn 0 -2.221440076828003 -9.033499850374938e-7
vn 0 -9.155349971479154e-7 2.221440076828003
vn 0 0.0000015341699963755673 2.221440076828003
vn 0 -2.221440076828003 9.957569773177966e-7
vn 0 -7.846679750400654e-7 -2.221440076828003
vn -2.118530062489299e-7 0.0000015494499621127034 -2.221440076828003
vn -2.118530062489299e-7 0.0000015494499621127034 -2.221440076828003
vn 0 -2.221440076828003 -9.033499850374938e-7
vn 0 -2.221440076828003 9.957569773177966e-7
vn 0 0.0000015341699963755673 2.221440076828003
vn 0 2.221440076828003 -0.000001561449948894733
vn 0 -7.846679750400654e-7 -2.221440076828003
vn 0 -7.846679750400654e-7 -2.221440076828003
vn 0 -2.221440076828003 9.957569773177966e-7
vn 0 0.0000015341699963755673 2.221440076828003
vn 0 2.221440076828003 0.0000015115799669729313
vn 0 -9.155349971479154e-7 2.221440076828003
vn 0 -2.221440076828003 -9.033499850374938e-7
vn 0 -2.221440076828003 -9.033499850374938e-7
vn -2.118530062489299e-7 0.0000015494499621127034 -2.221440076828003
vn 0 2.221440076828003 0.0000015115799669729313
vn 0 -1.886219962443647e-7 -2.221440076828003
vn 0 2.221440076828003 -9.65401000030397e-7
vn 0 2.221440076828003 0.000002226840024377452
vn 0 2.221440076828003 0.000002226840024377452
vn -1.607949968729372e-7 0.0000015136899946810445 -2.221440076828003
vn 0 -1.886219962443647e-7 -2.221440076828003
vn 0 2.221440076828003 -9.65401000030397e-7
vn 0 9.008689971778949e-7 2.221440076828003
vn 0 -9.155349971479154e-7 2.221440076828003
vn 0 -9.155349971479154e-7 2.221440076828003
vn 0 2.221440076828003 0.000002226840024377452
vn 0 2.221440076828003 -9.65401000030397e-7
vn 0 9.008689971778949e-7 2.221440076828003
vn 0 -2.221440076828003 2.802360086207045e-7
vn 0 -2.221440076828003 -2.2412099554003362e-7
vn 0 -2.221440076828003 -2.2412099554003362e-7
vn 0 -9.155349971479154e-7 2.221440076828003
vn 0 9.008689971778949e-7 2.221440076828003
vn 0 -2.221440076828003 2.802360086207045e-7
vn 0 -1.886219962443647e-7 -2.221440076828003
vn -1.607949968729372e-7 0.0000015136899946810445 -2.221440076828003
vn -1.607949968729372e-7 0.0000015136899946810445 -2.221440076828003
vn 0 -2.221440076828003 -2.2412099554003362e-7
vn 0 -2.221440076828003 2.802360086207045e-7
vn 0 9.008689971778949e-7 2.221440076828003
vn 0 2.221440076828003 -9.65401000030397e-7
vn 0 -1.886219962443647e-7 -2.221440076828003
vn 0 -1.886219962443647e-7 -2.221440076828003
vn 0 -2.221440076828003 2.802360086207045e-7
vn 0 9.008689971778949e-7 2.221440076828003
vn 0 2.221440076828003 0.000002226840024377452
vn 0 -9.155349971479154e-7 2.221440076828003
vn 0 -2.221440076828003 -2.2412099554003362e-7
vn 0 -2.221440076828003 -2.2412099554003362e-7
vn -1.607949968729372e-7 0.0000015136899946810445 -2.221440076828003
vn 0 2.221440076828003 0.000002226840024377452
vn 0 -3.4332998666286585e-7 -2.221440076828003
vn 0 2.221440076828003 -8.831789841678983e-7
vn 0 2.221440076828003 8.323519864461559e-7
vn 0 2.221440076828003 8.323519864461559e-7
vn 0 9.176389994536294e-7 -2.221440076828003
vn 0 -3.4332998666286585e-7 -2.221440076828003
vn 0 2.221440076828003 -8.831789841678983e-7
vn 0 9.098100122173491e-7 2.221440076828003
vn 0 -2.2412099554003362e-7 2.221440076828003
vn 0 -2.2412099554003362e-7 2.221440076828003
vn 0 2.221440076828003 8.323519864461559e-7
vn 0 2.221440076828003 -8.831789841678983e-7
vn 0 9.098100122173491e-7 2.221440076828003
vn 0 -2.221440076828003 3.137629960292543e-7
vn 0 -2.221440076828003 -3.4332998666286585e-7
vn 0 -2.221440076828003 -3.4332998666286585e-7
vn 0 -2.2412099554003362e-7 2.221440076828003
vn 0 9.098100122173491e-7 2.221440076828003
vn 0 -2.221440076828003 3.137629960292543e-7
vn 0 -3.4332998666286585e-7 -2.221440076828003
vn 0 9.176389994536294e-7 -2.221440076828003
vn 0 9.176389994536294e-7 -2.221440076828003
vn 0 -2.221440076828003 -3.4332998666286585e-7
vn 0 -2.221440076828003 3.137629960292543e-7
vn 0 9.098100122173491e-7 2.221440076828003
vn 0 2.221440076828003 -8.831789841678983e-7
vn 0 -3.4332998666286585e-7 -2.221440076828003
vn 0 -3.4332998666286585e-7 -2.221440076828003
vn 0 -2.221440076828003 3.137629960292543e-7
vn 0 9.098100122173491e-7 2.221440076828003
vn 0 2.221440076828003 8.323519864461559e-7
vn 0 -2.2412099554003362e-7 2.221440076828003
vn 0 -2.221440076828003 -3.4332998666286585e-7
vn 0 -2.221440076828003 -3.4332998666286585e-7
vn 0 9.176389994536294e-7 -2.221440076828003
vn 0 2.221440076828003 8.323519864461559e-7
vn 0 -9.98717951006256e-7 -2.221440076828003
vn 0 2.221440076828003 -0.0000015139800098040723
vn 0 2.221440076828003 1.769650026517411e-7
vn 0 2.221440076828003 1.769650026517411e-7
vn 0 2.6157599108955765e-7 -2.221440076828003
vn 0 -9.98717951006256e-7 -2.221440076828003
vn 0 2.221440076828003 -0.0000015139800098040723
vn 0 0.0000015058600411066436 2.221440076828003
vn 0 3.7192501167737646e-7 2.221440076828003
vn 0 3.7192501167737646e-7 2.221440076828003
vn 0 2.221440076828003 1.769650026517411e-7
vn 0 2.221440076828003 -0.0000015139800098040723
vn 0 0.0000015058600411066436 2.221440076828003
vn 0 -2.221440076828003 9.445629984838888e-7
vn 0 -2.221440076828003 3.120570113424037e-7
vn 0 -2.221440076828003 3.120570113424037e-7
vn 0 3.7192501167737646e-7 2.221440076828003
vn 0 0.0000015058600411066436 2.221440076828003
vn 0 -2.221440076828003 9.445629984838888e-7
vn 0 -9.98717951006256e-7 -2.221440076828003
vn 0 2.6157599108955765e-7 -2.221440076828003
vn 0 2.6157599108955765e-7 -2.221440076828003
vn 0 -2.221440076828003 3.120570113424037e-7
vn 0 -2.221440076828003 9.445629984838888e-7
vn 0 0.0000015058600411066436 2.221440076828003
vn 0 2.221440076828003 -0.0000015139800098040723
vn 0 -9.98717951006256e-7 -2.221440076828003
vn 0 -9.98717951006256e-7 -2.221440076828003
vn 0 -2.221440076828003 9.445629984838888e-7
vn 0 0.0000015058600411066436 2.221440076828003
vn 0 2.221440076828003 1.769650026517411e-7
vn 0 3.7192501167737646e-7 2.221440076828003
vn 0 -2.221440076828003 3.120570113424037e-7
vn 0 -2.221440076828003 3.120570113424037e-7
vn 0 2.6157599108955765e-7 -2.221440076828003
vn 0 2.221440076828003 1.769650026517411e-7
vn 2.221440076828003 -5.822769821861584e-7 0
vn 7.305159783754789e-7 2.221440076828003 -6.355589903250802e-7
vn -2.3577899810334202e-7 2.221440076828003 -6.355589903250802e-7
vn -2.3577899810334202e-7 2.221440076828003 -6.355589903250802e-7
vn 2.221440076828003 -6.446339853027894e-7 0
vn 2.221440076828003 -5.822769821861584e-7 0
vn 7.305159783754789e-7 2.221440076828003 -6.355589903250802e-7
vn -2.221440076828003 -2.7036199412577844e-7 0
vn -2.221440076828003 -0.000001010899950415478 0
vn -2.221440076828003 -0.000001010899950415478 0
vn -2.3577899810334202e-7 2.221440076828003 -6.355589903250802e-7
vn 7.305159783754789e-7 2.221440076828003 -6.355589903250802e-7
vn -2.221440076828003 -2.7036199412577844e-7 0
vn 2.8201600343891187e-7 -2.221440076828003 6.904269866936374e-7
vn 0 -2.221440076828003 6.904280098751769e-7
vn 0 -2.221440076828003 6.904280098751769e-7
vn -2.221440076828003 -0.000001010899950415478 0
vn -2.221440076828003 -2.7036199412577844e-7 0
vn 2.8201600343891187e-7 -2.221440076828003 6.904269866936374e-7
vn 2.221440076828003 -5.822769821861584e-7 0
vn 2.221440076828003 -6.446339853027894e-7 0
vn 2.221440076828003 -6.446339853027894e-7 0
vn 0 -2.221440076828003 6.904280098751769e-7
vn 2.8201600343891187e-7 -2.221440076828003 6.904269866936374e-7
vn -2.221440076828003 -2.7036199412577844e-7 0
vn 7.305159783754789e-7 2.221440076828003 -6.355589903250802e-7
vn 2.221440076828003 -5.822769821861584e-7 0
vn 2.221440076828003 -5.822769821861584e-7 0
vn 2.8201600343891187e-7 -2.221440076828003 6.904269866936374e-7
vn -2.221440076828003 -2.7036199412577844e-7 0
vn -2.3577899810334202e-7 2.221440076828003 -6.355589903250802e-7
vn -2.221440076828003 -0.000001010899950415478 0
vn 0 -2.221440076828003 6.904280098751769e-7
vn 0 -2.221440076828003 6.904280098751769e-7
vn 2.221440076828003 -6.446339853027894e-7 0
vn -2.3577899810334202e-7 2.221440076828003 -6.355589903250802e-7
vn 0 1 -2.392870044332085e-7
vn 1 0 0
vn 0 -2.5522300006741716e-7 -1
vn 0 1 -2.392870044332085e-7
vn 0 -2.5522300006741716e-7 -1
vn -1 0 0
vn 0 1 -2.392870044332085e-7
vn -1 0 0
vn 0 2.4069601067822077e-7 1
vn 0 1 -2.392870044332085e-7
vn 0 2.4069601067822077e-7 1
vn 1 0 0
vn 0 -1 2.775429948087549e-7
vn 0 -2.5522300006741716e-7 -1
vn 1 0 0
vn 0 -1 2.775429948087549e-7
vn -1 0 0
vn 0 -2.5522300006741716e-7 -1
vn 0 -1 2.775429948087549e-7
vn 0 2.4069601067822077e-7 1
vn -1 0 0
vn 0 -1 2.775429948087549e-7
vn 1 0 0
vn 0 2.4069601067822077e-7 1
vn 2.221440076828003 0 0
vn 9.689349553809734e-7 4.237060124978598e-7 -2.221440076828003
vn -2.3577800334351195e-7 4.237060124978598e-7 -2.221440076828003
vn -2.3577800334351195e-7 4.237060124978598e-7 -2.221440076828003
vn 2.221440076828003 0 -7.039170100142655e-7
vn 2.221440076828003 0 0
vn 9.689349553809734e-7 4.237060124978598e-7 -2.221440076828003
vn -2.221440076828003 0 -0.0000010905899898716598
vn -2.221440076828003 0 4.7472400410697446e-7
vn -2.221440076828003 0 4.7472400410697446e-7
vn -2.3577800334351195e-7 4.237060124978598e-7 -2.221440076828003
vn 9.689349553809734e-7 4.237060124978598e-7 -2.221440076828003
vn -2.221440076828003 0 -0.0000010905899898716598
vn -1.8212899988157005e-7 -4.237060124978598e-7 2.221440076828003
vn 9.388489843331627e-7 -4.237060124978598e-7 2.221440076828003
vn 9.388489843331627e-7 -4.237060124978598e-7 2.221440076828003
vn -2.221440076828003 0 4.7472400410697446e-7
vn -2.221440076828003 0 -0.0000010905899898716598
vn -1.8212899988157005e-7 -4.237060124978598e-7 2.221440076828003
vn 2.221440076828003 0 0
vn 2.221440076828003 0 -7.039170100142655e-7
vn 2.221440076828003 0 -7.039170100142655e-7
vn 9.388489843331627e-7 -4.237060124978598e-7 2.221440076828003
vn -1.8212899988157005e-7 -4.237060124978598e-7 2.221440076828003
vn -2.221440076828003 0 -0.0000010905899898716598
vn 9.689349553809734e-7 4.237060124978598e-7 -2.221440076828003
vn 2.221440076828003 0 0
vn 2.221440076828003 0 0
vn -1.8212899988157005e-7 -4.237060124978598e-7 2.221440076828003
vn -2.221440076828003 0 -0.0000010905899898716598
vn -2.3577800334351195e-7 4.237060124978598e-7 -2.221440076828003
vn -2.221440076828003 0 4.7472400410697446e-7
vn 9.388489843331627e-7 -4.237060124978598e-7 2.221440076828003
vn 9.388489843331627e-7 -4.237060124978598e-7 2.221440076828003
vn 2.221440076828003 0 -7.039170100142655e-7
vn -2.3577800334351195e-7 4.237060124978598e-7 -2.221440076828003
vn 0 1.6028700144943286e-7 -1
vn 1 0 0
vn 0 -1 -2.044319984406684e-7
vn 0 1.6028700144943286e-7 -1
vn 0 -1 -2.044319984406684e-7
vn -1 0 0
vn 0 1.6028700144943286e-7 -1
vn -1 0 0
vn 0 1 1.8800299983467994e-7
vn 0 1.6028700144943286e-7 -1
vn 0 1 1.8800299983467994e-7
vn 1 0 0
vn 0 -1.8742099427981884e-7 1
vn 0 -1 -2.044319984406684e-7
vn 1 0 0
vn 0 -1.8742099427981884e-7 1
vn -1 0 0
vn 0 -1 -2.044319984406684e-7
vn 0 -1.8742099427981884e-7 1
vn 0 1 1.8800299983467994e-7
vn -1 0 0
vn 0 -1.8742099427981884e-7 1
vn 1 0 0
vn 0 1 1.8800299983467994e-7
vn 2.221440076828003 0.0000011661400094453711 0
vn 7.061930205054523e-7 -2.221440076828003 3.726480031218671e-7
vn 3.724530017734651e-7 -2.221440076828003 3.726480031218671e-7
vn 3.724530017734651e-7 -2.221440076828003 3.726480031218671e-7
vn 2.221440076828003 8.250909786511329e-7 0
vn 2.221440076828003 0.0000011661400094453711 0
vn 7.061930205054523e-7 -2.221440076828003 3.726480031218671e-7
vn -2.221440076828003 5.924919719291211e-7 0
vn -2.221440076828003 0.0000012615099649337935 0
vn -2.221440076828003 0.0000012615099649337935 0
vn 3.724530017734651e-7 -2.221440076828003 3.726480031218671e-7
vn 7.061930205054523e-7 -2.221440076828003 3.726480031218671e-7
vn -2.221440076828003 5.924919719291211e-7 0
vn 4.844089858124789e-7 2.221440076828003 -2.6291098720321315e-7
vn 8.43481984702521e-7 2.221440076828003 -2.6291098720321315e-7
vn 8.43481984702521e-7 2.221440076828003 -2.6291098720321315e-7
vn -2.221440076828003 0.0000012615099649337935 0
vn -2.221440076828003 5.924919719291211e-7 0
vn 4.844089858124789e-7 2.221440076828003 -2.6291098720321315e-7
vn 2.221440076828003 0.0000011661400094453711 0
vn 2.221440076828003 8.250909786511329e-7 0
vn 2.221440076828003 8.250909786511329e-7 0
vn 8.43481984702521e-7 2.221440076828003 -2.6291098720321315e-7
vn 4.844089858124789e-7 2.221440076828003 -2.6291098720321315e-7
vn -2.221440076828003 5.924919719291211e-7 0
vn 7.061930205054523e-7 -2.221440076828003 3.726480031218671e-7
vn 2.221440076828003 0.0000011661400094453711 0
vn 2.221440076828003 0.0000011661400094453711 0
vn 4.844089858124789e-7 2.221440076828003 -2.6291098720321315e-7
vn -2.221440076828003 5.924919719291211e-7 0
vn 3.724530017734651e-7 -2.221440076828003 3.726480031218671e-7
vn -2.221440076828003 0.0000012615099649337935 0
vn 8.43481984702521e-7 2.221440076828003 -2.6291098720321315e-7
vn 8.43481984702521e-7 2.221440076828003 -2.6291098720321315e-7
vn 2.221440076828003 8.250909786511329e-7 0
vn 3.724530017734651e-7 -2.221440076828003 3.726480031218671e-7
vn 0 -1 3.06506990455091e-7
vn 1 0 0
vn 0 2.41032012127107e-7 1
vn 0 -1 3.06506990455091e-7
vn 0 2.41032012127107e-7 1
vn -1 0 0
vn 0 -1 3.06506990455091e-7
vn -1 0 0
vn 0 -3.9654298689129064e-7 -1
vn 0 -1 3.06506990455091e-7
vn 0 -3.9654298689129064e-7 -1
vn 1 0 0
vn 0 1 -2.554689899625373e-7
vn 0 2.41032012127107e-7 1
vn 1 0 0
vn 0 1 -2.554689899625373e-7
vn -1 0 0
vn 0 2.41032012127107e-7 1
vn 0 1 -2.554689899625373e-7
vn 0 -3.9654298689129064e-7 -1
vn -1 0 0
vn 0 1 -2.554689899625373e-7
vn 1 0 0
vn 0 -3.9654298689129064e-7 -1
vn 2.221440076828003 1.5317399970626866e-7 5.027919769418077e-7
vn 8.000710067790351e-7 0 2.221440076828003
vn 4.2013701317955565e-7 0 2.221440076828003
vn 4.2013701317955565e-7 0 2.221440076828003
vn 2.221440076828003 0 0
vn 2.221440076828003 1.5317399970626866e-7 5.027919769418077e-7
vn 8.000710067790351e-7 0 2.221440076828003
vn -2.221440076828003 0 0.000001030510020427755
vn -2.221440076828003 1.5317399970626866e-7 -3.6717099760608107e-7
vn -2.221440076828003 1.5317399970626866e-7 -3.6717099760608107e-7
vn 4.2013701317955565e-7 0 2.221440076828003
vn 8.000710067790351e-7 0 2.221440076828003
vn -2.221440076828003 0 0.000001030510020427755
vn 5.562000069403439e-7 2.118530062489299e-7 -2.221440076828003
vn 9.271950034417387e-7 2.118530062489299e-7 -2.221440076828003
vn 9.271950034417387e-7 2.118530062489299e-7 -2.221440076828003
vn -2.221440076828003 1.5317399970626866e-7 -3.6717099760608107e-7
vn -2.221440076828003 0 0.000001030510020427755
vn 5.562000069403439e-7 2.118530062489299e-7 -2.221440076828003
vn 2.221440076828003 1.5317399970626866e-7 5.027919769418077e-7
vn 2.221440076828003 0 0
vn 2.221440076828003 0 0
vn 9.271950034417387e-7 2.118530062489299e-7 -2.221440076828003
vn 5.562000069403439e-7 2.118530062489299e-7 -2.221440076828003
vn -2.221440076828003 0 0.000001030510020427755
vn 8.000710067790351e-7 0 2.221440076828003
vn 2.221440076828003 1.5317399970626866e-7 5.027919769418077e-7
vn 2.221440076828003 1.5317399970626866e-7 5.027919769418077e-7
vn 5.562000069403439e-7 2.118530062489299e-7 -2.221440076828003
vn -2.221440076828003 0 0.000001030510020427755
vn 4.2013701317955565e-7 0 2.221440076828003
vn -2.221440076828003 1.5317399970626866e-7 -3.6717099760608107e-7
vn 9.271950034417387e-7 2.118530062489299e-7 -2.221440076828003
vn 9.271950034417387e-7 2.118530062489299e-7 -2.221440076828003
vn 2.221440076828003 0 0
vn 4.2013701317955565e-7 0 2.221440076828003
vn 0 0 1
vn 1 0 0
vn 0 1 1.800320035272307e-7
vn 0 0 1
vn 0 1 1.800320035272307e-7
vn -1 0 0
vn 0 0 1
vn -1 0 0
vn 0 -1 0
vn 0 0 1
vn 0 -1 0
vn 1 0 0
vn 0 0 -1
vn 0 1 1.800320035272307e-7
vn 1 0 0
vn 0 0 -1
vn -1 0 0
vn 0 1 1.800320035272307e-7
vn 0 0 -1
vn 0 -1 0
vn -1 0 0
vn 0 0 -1
vn 1 0 0
vn 0 -1 0

vt 0.7121890187263489 0.7300000190734863
vt 0.6271380186080933 0.7477920055389404
vt 0.6271380186080933 0.712207019329071
vt 0.11410500109195709 0.2067199945449829
vt 0.1273989975452423 0.22912299633026123
vt 0.09483499825000763 0.2297939956188202
vt 0.7362200021743774 0.9373570084571838
vt 0.7407230138778687 0.9646570086479187
vt 0.7130550146102905 0.9643719792366028
vt 0.08041270077228546 0.2060219943523407
vt 0.09483499825000763 0.2297939956188202
vt 0.06904140114784241 0.22791500389575958
vt 0.1273989975452423 0.22912299633026123
vt 0.1747180074453354 0.290118008852005
vt 0.11186499893665314 0.2590300142765045
vt 0.8169040083885193 0.2360299974679947
vt 0.8471360206604004 0.25480198860168457
vt 0.8166900277137756 0.2643890082836151
vt 0.09483499825000763 0.2297939956188202
vt 0.11186499893665314 0.2590300142765045
vt 0.0872005969285965 0.2585189938545227
vt 0.5812910199165344 0.8659279942512512
vt 0.5493710041046143 0.8659690022468567
vt 0.57253497838974 0.838953971862793
vt 0.06904140114784241 0.22791500389575958
vt 0.0872005969285965 0.2585189938545227
vt 0.004999999888241291 0.28660398721694946
vt 0.7121890187263489 0.6796950101852417
vt 0.6271380186080933 0.697488009929657
vt 0.6271380186080933 0.6619020104408264
vt 0.47561898827552795 0.0056975302286446095
vt 0.4889119863510132 0.028101099655032158
vt 0.4563480019569397 0.028771400451660156
vt 0.9122819900512695 0.5930749773979187
vt 0.9167860150337219 0.6203749775886536
vt 0.8891180157661438 0.6200889945030212
vt 0.4419260025024414 0.004999999888241291
vt 0.4563480019569397 0.028771400451660156
vt 0.43055498600006104 0.026892999187111855
vt 0.4889119863510132 0.028101099655032158
vt 0.5362309813499451 0.08909569680690765
vt 0.473378986120224 0.05800750106573105
vt 0.5495849847793579 0.7995569705963135
vt 0.579816997051239 0.8183280229568481
vt 0.5493710041046143 0.8279150128364563
vt 0.4563480019569397 0.028771400451660156
vt 0.473378986120224 0.05800750106573105
vt 0.4487139880657196 0.05749690160155296
vt 0.5035229921340942 0.9347559809684753
vt 0.47160398960113525 0.9347959756851196
vt 0.4947679936885834 0.9077820181846619
vt 0.43055498600006104 0.026892999187111855
vt 0.4487139880657196 0.05749690160155296
vt 0.3665130138397217 0.08558200299739838
vt 0.768405020236969 0.34886300563812256
vt 0.6833540201187134 0.36665600538253784
vt 0.6833540201187134 0.3310700058937073
vt 0.2948620021343231 0.10441700369119644
vt 0.30815500020980835 0.12681999802589417
vt 0.27559199929237366 0.12748999893665314
vt 0.5538750290870667 0.9463269710540771
vt 0.5493710041046143 0.9190269708633423
vt 0.5770390033721924 0.9193130135536194
vt 0.2611689865589142 0.10371900349855423
vt 0.27559199929237366 0.12748999893665314
vt 0.2497979998588562 0.12561200559139252
vt 0.30815500020980835 0.12681999802589417
vt 0.35547399520874023 0.18781499564647675
vt 0.29262199997901917 0.15672700107097626
vt 0.7833369970321655 0.3310700058937073
vt 0.8135690093040466 0.34984099864959717
vt 0.7831230163574219 0.3594279885292053
vt 0.27559199929237366 0.12748999893665314
vt 0.29262199997901917 0.15672700107097626
vt 0.26795700192451477 0.15621599555015564
vt 0.8780789971351624 0.620048999786377
vt 0.8461599946022034 0.6200889945030212
vt 0.8693240284919739 0.5930749773979187
vt 0.2497979998588562 0.12561200559139252
vt 0.26795700192451477 0.15621599555015564
vt 0.18575699627399445 0.1843010038137436
vt 0.8019710183143616 0.25382301211357117
vt 0.7169209718704224 0.27161601185798645
vt 0.7169209718704224 0.2360299974679947
vt 0.2948620021343231 0.20243799686431885
vt 0.30815500020980835 0.22484199702739716
vt 0.27559199929237366 0.22551199793815613
vt 0.47610700130462646 0.9731349945068359
vt 0.47160398960113525 0.9458349943161011
vt 0.4992710053920746 0.9461209774017334
vt 0.11410500109195709 0.2067199945449829
vt 0.14093799889087677 0.20243799686431885
vt 0.1273989975452423 0.22912299633026123
vt 0.30815500020980835 0.22484199702739716
vt 0.35547399520874023 0.28583601117134094
vt 0.29262199997901917 0.25474798679351807
vt 0.4718180000782013 0.8683840036392212
vt 0.50204998254776 0.8871560096740723
vt 0.47160398960113525 0.8967429995536804
vt 0.27559199929237366 0.22551199793815613
vt 0.29262199997901917 0.25474798679351807
vt 0.26795700192451477 0.25423699617385864
vt 0.6590579748153687 0.9643309712409973
vt 0.6271380186080933 0.9643719792366028
vt 0.6503030061721802 0.9373570084571838
vt 0.2497979998588562 0.2236340045928955
vt 0.26795700192451477 0.25423699617385864
vt 0.18575699627399445 0.2823230028152466
vt 0.7826730012893677 0.5420399904251099
vt 0.8677229881286621 0.5242469906806946
vt 0.8677229881286621 0.5598329901695251
vt 0.24636900424957275 0.08839809894561768
vt 0.23307499289512634 0.0659945011138916
vt 0.2656390070915222 0.06532429903745651
vt 0.9056370258331299 0.26333099603652954
vt 0.9011330008506775 0.2360299974679947
vt 0.9288010001182556 0.2363159954547882
vt 0.2800610065460205 0.08909569680690765
vt 0.2656390070915222 0.06532429903745651
vt 0.2914330065250397 0.06720270216464996
vt 0.23307499289512634 0.0659945011138916
vt 0.18575699627399445 0.004999999888241291
vt 0.2486090064048767 0.03608819842338562
vt 0.9126740097999573 0.5526059865951538
vt 0.8824419975280762 0.5338339805603027
vt 0.9128879904747009 0.5242469906806946
vt 0.2656390070915222 0.06532429903745651
vt 0.2486090064048767 0.03608819842338562
vt 0.2732740044593811 0.036598801612854004
vt 0.8246080279350281 0.33111000061035156
vt 0.8565279841423035 0.3310700058937073
vt 0.8333629965782166 0.3580839931964874
vt 0.2914330065250397 0.06720270216464996
vt 0.2732740044593811 0.036598801612854004
vt 0.35547399520874023 0.00851363968104124
vt 0.6171519756317139 0.25382301211357117
vt 0.7022020220756531 0.2360299974679947
vt 0.7022020220756531 0.27161601185798645
vt 0.06561219692230225 0.18711699545383453
vt 0.05231869965791702 0.1647139936685562
vt 0.08488260209560394 0.16404299437999725
vt 0.5538750290870667 0.904308021068573
vt 0.5493710041046143 0.8770080208778381
vt 0.5770390033721924 0.8772940039634705
vt 0.24636900424957275 0.08839809894561768
vt 0.21953600645065308 0.09267999976873398
vt 0.23307499289512634 0.0659945011138916
vt 0.05231869965791702 0.1647139936685562
vt 0.004999999888241291 0.10371900349855423
vt 0.06785230338573456 0.13480700552463531
vt 0.9904410243034363 0.4837779998779297
vt 0.9602090120315552 0.4650059938430786
vt 0.9906550049781799 0.45541998744010925
vt 0.08488260209560394 0.16404299437999725
vt 0.06785230338573456 0.13480700552463531
vt 0.09251700341701508 0.13531799614429474
vt 0.6700969934463501 0.9373980164527893
vt 0.7020159959793091 0.9373570084571838
vt 0.6788520216941833 0.9643719792366028
vt 0.11067599803209305 0.16592200100421906
vt 0.09251700341701508 0.13531799614429474
vt 0.1747180074453354 0.10723300278186798
vt 0.7049059867858887 0.610867977142334
vt 0.7899559736251831 0.5930749773979187
vt 0.7899559736251831 0.6286600232124329
vt 0.06561219692230225 0.08839809894561768
vt 0.05231869965791702 0.0659945011138916
vt 0.08488260209560394 0.06532429903745651
vt 0.9900490045547485 0.5242469906806946
vt 0.9945530295372009 0.5515469908714294
vt 0.966884970664978 0.5512610077857971
vt 0.06561219692230225 0.18711699545383453
vt 0.0387796014547348 0.1913989931344986
vt 0.05231869965791702 0.1647139936685562
vt 0.05231869965791702 0.0659945011138916
vt 0.004999999888241291 0.004999999888241291
vt 0.06785230338573456 0.03608819842338562
vt 0.42406898736953735 0.9655699729919434
vt 0.39383700489997864 0.9467980265617371
vt 0.4242820143699646 0.9372119903564453
vt 0.08488260209560394 0.06532429903745651
vt 0.06785230338573456 0.03608819842338562
vt 0.09251700341701508 0.036598801612854004
vt 0.9239270091056824 0.5242879986763
vt 0.9558460116386414 0.5242469906806946
vt 0.9326819777488708 0.5512610077857971
vt 0.11067599803209305 0.06720270216464996
vt 0.09251700341701508 0.036598801612854004
vt 0.1747180074453354 0.00851363968104124
vt 0.8604400157928467 0.47321298718452454
vt 0.9454900026321411 0.45541998744010925
vt 0.9454900026321411 0.4910059869289398
vt 0.06561219692230225 0.38455501198768616
vt 0.05231880024075508 0.36215201020240784
vt 0.08488260209560394 0.3614810109138489
vt 0.8907309770584106 0.3310700058937073
vt 0.8952339887619019 0.35837000608444214
vt 0.8675670027732849 0.3580839931964874
vt 0.06561219692230225 0.08839809894561768
vt 0.0387796014547348 0.09267999976873398
vt 0.05231869965791702 0.0659945011138916
vt 0.05231880024075508 0.36215201020240784
vt 0.004999999888241291 0.30115699768066406
vt 0.06785230338573456 0.33224499225616455
vt 0.8349069952964783 0.6214330196380615
vt 0.8046749830245972 0.6026610136032104
vt 0.8351200222969055 0.5930749773979187
vt 0.08488260209560394 0.3614810109138489
vt 0.06785230338573456 0.33224499225616455
vt 0.09251700341701508 0.33275601267814636
vt 0.8581749796867371 0.23607100546360016
vt 0.890093982219696 0.2360299974679947
vt 0.8669300079345703 0.2630450129508972
vt 0.11067599803209305 0.3633599877357483
vt 0.09251700341701508 0.33275601267814636
vt 0.1747180074453354 0.3046709895133972
vt 0.5472699999809265 0.08737870305776596
vt 0.5472699999809265 0.0779419019818306
vt 0.7831900119781494 0.0779419019818306
vt 0.7831900119781494 0.0779419019818306
vt 0.7831900119781494 0.08737870305776596
vt 0.5472699999809265 0.08737870305776596
vt 0.5472699999809265 0.0779419019818306
vt 0.5472699999809265 0.06850510090589523
vt 0.7831900119781494 0.06850510090589523
vt 0.7831900119781494 0.06850510090589523
vt 0.7831900119781494 0.0779419019818306
vt 0.5472699999809265 0.0779419019818306
vt 0.49891799688339233 0.40893998742103577
vt 0.49891799688339233 0.3955940008163452
vt 0.7348380088806152 0.3955940008163452
vt 0.7348380088806152 0.3955940008163452
vt 0.7348380088806152 0.40893998742103577
vt 0.49891799688339233 0.40893998742103577
vt 0.4327160120010376 0.34441500902175903
vt 0.4327160120010376 0.3310700058937073
vt 0.6686360239982605 0.3310700058937073
vt 0.6686360239982605 0.3310700058937073
vt 0.6686360239982605 0.34441500902175903
vt 0.4327160120010376 0.34441500902175903
vt 0.21945300698280334 0.21837499737739563
vt 0.22073499858379364 0.20509099960327148
vt 0.23401899635791779 0.20637300610542297
vt 0.23401899635791779 0.20637300610542297
vt 0.2327370047569275 0.21965700387954712
vt 0.21945300698280334 0.21837499737739563
vt 0.1734360009431839 0.38455501198768616
vt 0.16015200316905975 0.38327398896217346
vt 0.16143399477005005 0.3699899911880493
vt 0.16143399477005005 0.3699899911880493
vt 0.1747180074453354 0.371271014213562
vt 0.1734360009431839 0.38455501198768616
vt 0.31606900691986084 0.7995569705963135
vt 0.3827970027923584 0.7995569705963135
vt 0.3494330048561096 0.8573449850082397
vt 0.693867027759552 0.45541998744010925
vt 0.660502016544342 0.5132079720497131
vt 0.6271380186080933 0.45541998744010925
vt 0.6160989999771118 0.5820350050926208
vt 0.5493710041046143 0.5820350050926208
vt 0.582735002040863 0.5242469906806946
vt 0.47160398960113525 0.650862991809845
vt 0.504967987537384 0.5930749773979187
vt 0.5383319854736328 0.650862991809845
vt 0.4605650007724762 0.6619020104408264
vt 0.4272010028362274 0.7196900248527527
vt 0.39383599162101746 0.6619020104408264
vt 0.23830200731754303 0.7307289838790894
vt 0.3050299882888794 0.7307289838790894
vt 0.2716659903526306 0.7885180115699768
vt 0.0827673003077507 0.9261729717254639
vt 0.1161310002207756 0.8683840036392212
vt 0.14949600398540497 0.9261729717254639
vt 0.3827970027923584 0.7885180115699768
vt 0.31606900691986084 0.7885180115699768
vt 0.3494330048561096 0.7307289838790894
vt 0.8530719876289368 0.13731099665164948
vt 0.8530719876289368 0.14674800634384155
vt 0.6171519756317139 0.14674800634384155
vt 0.6171519756317139 0.14674800634384155
vt 0.6171519756317139 0.13731099665164948
vt 0.8530719876289368 0.13731099665164948
vt 0.8530719876289368 0.14674800634384155
vt 0.8530719876289368 0.15618500113487244
vt 0.6171519756317139 0.15618500113487244
vt 0.6171519756317139 0.15618500113487244
vt 0.6171519756317139 0.14674800634384155
vt 0.8530719876289368 0.14674800634384155
vt 0.2519589960575104 0.438852995634079
vt 0.2519589960575104 0.4255070090293884
vt 0.4878790080547333 0.4255070090293884
vt 0.4878790080547333 0.4255070090293884
vt 0.4878790080547333 0.438852995634079
vt 0.2519589960575104 0.438852995634079
vt 0.6024330258369446 0.1709039956331253
vt 0.6024330258369446 0.18424999713897705
vt 0.3665130138397217 0.18424999713897705
vt 0.3665130138397217 0.18424999713897705
vt 0.3665130138397217 0.1709039956331253
vt 0.6024330258369446 0.1709039956331253
vt 0.32266300916671753 0.2192460000514984
vt 0.32394498586654663 0.20596200227737427
vt 0.33722901344299316 0.20724399387836456
vt 0.33722901344299316 0.20724399387836456
vt 0.3359470069408417 0.2205280065536499
vt 0.32266300916671753 0.2192460000514984
vt 0.20249000191688538 0.20509099960327148
vt 0.21577399969100952 0.20637300610542297
vt 0.21449199318885803 0.21965700387954712
vt 0.21449199318885803 0.21965700387954712
vt 0.2012079954147339 0.21837499737739563
vt 0.20249000191688538 0.20509099960327148
vt 0.7382699847221375 0.5820350050926208
vt 0.7049059867858887 0.5242469906806946
vt 0.7716339826583862 0.5242469906806946
vt 0.2716659903526306 0.9261729717254639
vt 0.23830200731754303 0.8683840036392212
vt 0.3050299882888794 0.8683840036392212
vt 0.660502016544342 0.650862991809845
vt 0.6271380186080933 0.5930749773979187
vt 0.693867027759552 0.5930749773979187
vt 0.504967987537384 0.7885180115699768
vt 0.47160398960113525 0.7307289838790894
vt 0.5383319854736328 0.7307289838790894
vt 0.582735002040863 0.45541998744010925
vt 0.6160989999771118 0.5132079720497131
vt 0.5493710041046143 0.5132079720497131
vt 0.193899005651474 0.8683840036392212
vt 0.22726300358772278 0.9261729717254639
vt 0.16053499281406403 0.9261729717254639
vt 0.4272010028362274 0.45541998744010925
vt 0.4605650007724762 0.5132079720497131
vt 0.39383599162101746 0.5132079720497131
vt 0.193899005651474 0.5930749773979187
vt 0.22726300358772278 0.650862991809845
vt 0.16053499281406403 0.650862991809845
vt 0.9155949950218201 0.30115699768066406
vt 0.9155949950218201 0.314503014087677
vt 0.6796749830245972 0.314503014087677
vt 0.3665130138397217 0.2790600061416626
vt 0.3665130138397217 0.2696230113506317
vt 0.6024330258369446 0.2696230113506317
vt 0.9628270268440247 0.6823779940605164
vt 0.9628270268440247 0.6918150186538696
vt 0.7269070148468018 0.6918150186538696
vt 0.4327160120010376 0.368571013212204
vt 0.4327160120010376 0.3591339886188507
vt 0.6686360239982605 0.3591339886188507
vt 0.8530719876289368 0.20243799686431885
vt 0.8530719876289368 0.21187500655651093
vt 0.6171519756317139 0.21187500655651093
vt 0.6171519756317139 0.21187500655651093
vt 0.6171519756317139 0.20243799686431885
vt 0.8530719876289368 0.20243799686431885
vt 0.8530719876289368 0.21187500655651093
vt 0.8530719876289368 0.2213120013475418
vt 0.6171519756317139 0.2213120013475418
vt 0.6171519756317139 0.2213120013475418
vt 0.6171519756317139 0.21187500655651093
vt 0.8530719876289368 0.21187500655651093
vt 0.12366099655628204 0.38327398896217346
vt 0.12494300305843353 0.3699899911880493
vt 0.13822700083255768 0.371271014213562
vt 0.13822700083255768 0.371271014213562
vt 0.1369449943304062 0.38455501198768616
vt 0.12366099655628204 0.38327398896217346
vt 0.25098299980163574 0.21965700387954712
vt 0.2376990020275116 0.21837499737739563
vt 0.2389799952507019 0.20509099960327148
vt 0.2389799952507019 0.20509099960327148
vt 0.25226399302482605 0.20637300610542297
vt 0.25098299980163574 0.21965700387954712
vt 0.3050299882888794 0.8573449850082397
vt 0.23830200731754303 0.8573449850082397
vt 0.2716659903526306 0.7995569705963135
vt 0.39383599162101746 0.7885180115699768
vt 0.4272010028362274 0.7307289838790894
vt 0.4605650007724762 0.7885180115699768
vt 0.0827673003077507 0.5242469906806946
vt 0.14949600398540497 0.5242469906806946
vt 0.1161310002207756 0.5820350050926208
vt 0.3050299882888794 0.45541998744010925
vt 0.2716659903526306 0.5132079720497131
vt 0.23830200731754303 0.45541998744010925
vt 0.004999999888241291 0.8573449850082397
vt 0.03836410120129585 0.7995569705963135
vt 0.07172819972038269 0.8573449850082397
vt 0.3827970027923584 0.5820350050926208
vt 0.31606900691986084 0.5820350050926208
vt 0.3494330048561096 0.5242469906806946
vt 0.22726300358772278 0.5242469906806946
vt 0.193899005651474 0.582036018371582
vt 0.16053499281406403 0.5242469906806946
vt 0.16053499281406403 0.45541998744010925
vt 0.22726300358772278 0.45541998744010925
vt 0.193899005651474 0.5132079720497131
vt 0.8630579710006714 0.7829869985580444
vt 0.8630579710006714 0.7924240231513977
vt 0.6271380186080933 0.7924240231513977
vt 0.7348380088806152 0.4255070090293884
vt 0.7348380088806152 0.4349440038204193
vt 0.49891799688339233 0.4349440038204193
vt 0.9817969799041748 0.4255070090293884
vt 0.9817969799041748 0.4349440038204193
vt 0.7458770275115967 0.4349440038204193
vt 0.7495570182800293 0.4050309956073761
vt 0.7495570182800293 0.3955940008163452
vt 0.9854769706726074 0.3955940008163452
vt 0.3665130138397217 0.25490400195121765
vt 0.3665130138397217 0.24546700716018677
vt 0.6024330258369446 0.24546700716018677
vt 0.6024330258369446 0.24546700716018677
vt 0.6024330258369446 0.25490400195121765
vt 0.3665130138397217 0.25490400195121765
vt 0.3665130138397217 0.24546700716018677
vt 0.3665130138397217 0.2360299974679947
vt 0.6024330258369446 0.2360299974679947
vt 0.6024330258369446 0.2360299974679947
vt 0.6024330258369446 0.24546700716018677
vt 0.3665130138397217 0.24546700716018677
vt 0.517985999584198 0.010858000256121159
vt 0.5167040228843689 0.02414190024137497
vt 0.5034199953079224 0.022860199213027954
vt 0.5034199953079224 0.022860199213027954
vt 0.5047019720077515 0.00957627035677433
vt 0.517985999584198 0.010858000256121159
vt 0.3541930019855499 0.2205280065536499
vt 0.3409090042114258 0.2192460000514984
vt 0.3421899974346161 0.20596200227737427
vt 0.3421899974346161 0.20596200227737427
vt 0.35547399520874023 0.20724399387836456
vt 0.3541930019855499 0.2205280065536499
vt 0.4272010028362274 0.8683840036392212
vt 0.4605650007724762 0.9261729717254639
vt 0.39383599162101746 0.9261729717254639
vt 0.582735002040863 0.7307289838790894
vt 0.6160989999771118 0.7885180115699768
vt 0.5493710041046143 0.7885180115699768
vt 0.1161310002207756 0.7307289838790894
vt 0.14949600398540497 0.7885180115699768
vt 0.0827673003077507 0.7885180115699768
vt 0.193899005651474 0.6619020104408264
vt 0.22726300358772278 0.7196900248527527
vt 0.16053499281406403 0.7196900248527527
vt 0.3494330048561096 0.9261729717254639
vt 0.31606900691986084 0.8683840036392212
vt 0.3827970027923584 0.8683840036392212
vt 0.193899005651474 0.9950000047683716
vt 0.16053499281406403 0.9372119903564453
vt 0.22726300358772278 0.9372119903564453
vt 0.4272010028362274 0.5820350050926208
vt 0.39383599162101746 0.5242469906806946
vt 0.4605650007724762 0.5242469906806946
vt 0.504967987537384 0.5132079720497131
vt 0.47160398960113525 0.45541998744010925
vt 0.5383319854736328 0.45541998744010925
vt 0.8630579710006714 0.9168810248374939
vt 0.8630579710006714 0.9263179898262024
vt 0.6271380186080933 0.9263179898262024
vt 0.9628270268440247 0.6619020104408264
vt 0.9628270268440247 0.6713389754295349
vt 0.7269070148468018 0.6713389754295349
vt 0.8630579710006714 0.8276190161705017
vt 0.8630579710006714 0.8370550274848938
vt 0.6271380186080933 0.8370550274848938
vt 0.6271380186080933 0.8370550274848938
vt 0.6271380186080933 0.8276190161705017
vt 0.8630579710006714 0.8276190161705017
vt 0.8630579710006714 0.8964059948921204
vt 0.8630579710006714 0.9058420062065125
vt 0.6271380186080933 0.9058420062065125
vt 0.6271380186080933 0.771947979927063
vt 0.6271380186080933 0.7625110149383545
vt 0.8630579710006714 0.7625110149383545
vt 0.8630579710006714 0.807142972946167
vt 0.8630579710006714 0.8165789842605591
vt 0.6271380186080933 0.8165789842605591
vt 0.6271380186080933 0.8165789842605591
vt 0.6271380186080933 0.807142972946167
vt 0.8630579710006714 0.807142972946167
vt 0.206727996468544 0.12110500037670135
vt 0.19344399869441986 0.11982399970293045
vt 0.19472500681877136 0.1065400019288063
vt 0.19472500681877136 0.1065400019288063
vt 0.2080090045928955 0.10782100260257721
vt 0.206727996468544 0.12110500037670135
vt 0.2705099880695343 0.20637300610542297
vt 0.2692280113697052 0.21965700387954712
vt 0.25594401359558105 0.21837499737739563
vt 0.25594401359558105 0.21837499737739563
vt 0.25722599029541016 0.20509099960327148
vt 0.2705099880695343 0.20637300610542297
vt 0.18575699627399445 0.34994301199913025
vt 0.18575699627399445 0.34050700068473816
vt 0.42167699337005615 0.34050700068473816
vt 0.42167699337005615 0.34050700068473816
vt 0.42167699337005615 0.34994301199913025
vt 0.18575699627399445 0.34994301199913025
vt 0.18575699627399445 0.34050700068473816
vt 0.18575699627399445 0.3310700058937073
vt 0.42167699337005615 0.3310700058937073
vt 0.42167699337005615 0.3310700058937073
vt 0.42167699337005615 0.34050700068473816
vt 0.18575699627399445 0.34050700068473816
vt 0.9628270268440247 0.7326819896697998
vt 0.9628270268440247 0.7421190142631531
vt 0.7269070148468018 0.7421190142631531
vt 0.7269070148468018 0.7216429710388184
vt 0.7269070148468018 0.712207019329071
vt 0.9628270268440247 0.712207019329071
vt 0.42167699337005615 0.3609820008277893
vt 0.42167699337005615 0.3704189956188202
vt 0.18575699627399445 0.3704189956188202
vt 0.18575699627399445 0.3704189956188202
vt 0.18575699627399445 0.3609830141067505
vt 0.42167699337005615 0.3609820008277893
vt 0.22497299313545227 0.12110500037670135
vt 0.21168899536132812 0.11982399970293045
vt 0.21297100186347961 0.1065400019288063
vt 0.21297100186347961 0.1065400019288063
vt 0.22625499963760376 0.10782100260257721
vt 0.22497299313545227 0.12110500037670135
vt 0.0481376014649868 0.371271014213562
vt 0.046855900436639786 0.38455501198768616
vt 0.03357189893722534 0.38327398896217346
vt 0.03357189893722534 0.38327398896217346
vt 0.03485359996557236 0.3699899911880493
vt 0.0481376014649868 0.371271014213562
vt 0.4327160120010376 0.32003098726272583
vt 0.4327160120010376 0.31059399247169495
vt 0.6686360239982605 0.31059399247169495
vt 0.6686360239982605 0.31059399247169495
vt 0.6686360239982605 0.32003098726272583
vt 0.4327160120010376 0.32003098726272583
vt 0.4327160120010376 0.31059399247169495
vt 0.4327160120010376 0.30115699768066406
vt 0.6686360239982605 0.30115699768066406
vt 0.6686360239982605 0.30115699768066406
vt 0.6686360239982605 0.31059399247169495
vt 0.4327160120010376 0.31059399247169495
vt 0.24092000722885132 0.4255070090293884
vt 0.24092000722885132 0.4349440038204193
vt 0.004999999888241291 0.4349440038204193
vt 0.004999999888241291 0.4349440038204193
vt 0.004999999888241291 0.4255070090293884
vt 0.24092000722885132 0.4255070090293884
vt 0.24092000722885132 0.4349440038204193
vt 0.24092000722885132 0.4443809986114502
vt 0.004999999888241291 0.4443809986114502
vt 0.004999999888241291 0.4443809986114502
vt 0.004999999888241291 0.4349440038204193
vt 0.24092000722885132 0.4349440038204193
vt 0.02861049957573414 0.38455501198768616
vt 0.015326599590480328 0.38327398896217346
vt 0.01660829968750477 0.3699899911880493
vt 0.01660829968750477 0.3699899911880493
vt 0.029892200604081154 0.371271014213562
vt 0.02861049957573414 0.38455501198768616
vt 0.15647199749946594 0.371271014213562
vt 0.15519100427627563 0.38455501198768616
vt 0.1419070065021515 0.38327398896217346
vt 0.1419070065021515 0.38327398896217346
vt 0.1431879997253418 0.3699899911880493
vt 0.15647199749946594 0.371271014213562
vt 0.5472699999809265 0.05746600031852722
vt 0.5472699999809265 0.04802919924259186
vt 0.7831900119781494 0.048029299825429916
vt 0.7831900119781494 0.048029299825429916
vt 0.7831900119781494 0.05746600031852722
vt 0.5472699999809265 0.05746600031852722
vt 0.5472699999809265 0.04802919924259186
vt 0.5472699999809265 0.038592398166656494
vt 0.7831900119781494 0.03859249874949455
vt 0.7831900119781494 0.03859249874949455
vt 0.7831900119781494 0.048029299825429916
vt 0.5472699999809265 0.04802919924259186
vt 0.4878790080547333 0.3955940008163452
vt 0.4878790080547333 0.4050309956073761
vt 0.2519589960575104 0.4050309956073761
vt 0.2519589960575104 0.4050309956073761
vt 0.2519589960575104 0.3955940008163452
vt 0.4878790080547333 0.3955940008163452
vt 0.4878790080547333 0.4050309956073761
vt 0.4878790080547333 0.414467990398407
vt 0.2519589960575104 0.414467990398407
vt 0.2519589960575104 0.414467990398407
vt 0.2519589960575104 0.4050309956073761
vt 0.4878790080547333 0.4050309956073761
vt 0.534949004650116 0.02414190024137497
vt 0.5216649770736694 0.022860199213027954
vt 0.5229470133781433 0.009576249867677689
vt 0.5229470133781433 0.009576249867677689
vt 0.5362309813499451 0.010858000256121159
vt 0.534949004650116 0.02414190024137497
vt 0.33722901344299316 0.1095770001411438
vt 0.3359470069408417 0.12286099791526794
vt 0.32266300916671753 0.12157899886369705
vt 0.32266300916671753 0.12157899886369705
vt 0.32394498586654663 0.1082950010895729
vt 0.33722901344299316 0.1095770001411438
vt 0.3665130138397217 0.11315599828958511
vt 0.3665130138397217 0.10371900349855423
vt 0.6024330258369446 0.10371900349855423
vt 0.6024330258369446 0.10371900349855423
vt 0.6024330258369446 0.11315599828958511
vt 0.3665130138397217 0.11315599828958511
vt 0.5472699999809265 0.023873599246144295
vt 0.5472699999809265 0.01443680003285408
vt 0.7831900119781494 0.014436899684369564
vt 0.7831900119781494 0.014436899684369564
vt 0.7831900119781494 0.023873699828982353
vt 0.5472699999809265 0.023873599246144295
vt 0.5472699999809265 0.01443680003285408
vt 0.5472699999809265 0.004999999888241291
vt 0.7831900119781494 0.0050000702030956745
vt 0.7831900119781494 0.0050000702030956745
vt 0.7831900119781494 0.014436899684369564
vt 0.5472699999809265 0.01443680003285408
vt 0.3665130138397217 0.1225930005311966
vt 0.3665130138397217 0.11315599828958511
vt 0.6024330258369446 0.11315599828958511
vt 0.6024330258369446 0.11315599828958511
vt 0.6024330258369446 0.1225930005311966
vt 0.3665130138397217 0.1225930005311966
vt 0.22993400692939758 0.11982399970293045
vt 0.23121599853038788 0.1065400019288063
vt 0.24449999630451202 0.10782100260257721
vt 0.24449999630451202 0.10782100260257721
vt 0.24321800470352173 0.12110500037670135
vt 0.22993400692939758 0.11982399970293045
vt 0.3541930019855499 0.12286099791526794
vt 0.3409090042114258 0.12157899886369705
vt 0.3421899974346161 0.1082950010895729
vt 0.3421899974346161 0.1082950010895729
vt 0.35547399520874023 0.1095770001411438
vt 0.3541930019855499 0.12286099791526794
vt 0.5493710041046143 0.5930749773979187
vt 0.6160989999771118 0.5930749773979187
vt 0.582735002040863 0.650862991809845
vt 0.07172819972038269 0.9372119903564453
vt 0.03836410120129585 0.9950000047683716
vt 0.004999999888241291 0.9372119903564453
vt 0.3827970027923584 0.7196900248527527
vt 0.31606900691986084 0.7196900248527527
vt 0.3494330048561096 0.6619020104408264
vt 0.47160398960113525 0.7196900248527527
vt 0.504967987537384 0.6619020104408264
vt 0.5383319854736328 0.7196900248527527
vt 0.22726300358772278 0.7995569705963135
vt 0.193899005651474 0.8573449850082397
vt 0.16053499281406403 0.7995569705963135
vt 0.0827673003077507 0.7995569705963135
vt 0.14949600398540497 0.7995569705963135
vt 0.1161310002207756 0.8573449850082397
vt 0.16053499281406403 0.7885180115699768
vt 0.193899005651474 0.7307289838790894
vt 0.22726300358772278 0.7885180115699768
vt 0.693867027759552 0.5820350050926208
vt 0.6271380186080933 0.582036018371582
vt 0.660502016544342 0.5242469906806946
vt 0.24092000722885132 0.4050309956073761
vt 0.24092000722885132 0.414467990398407
vt 0.004999999888241291 0.414467990398407
vt 0.004999999888241291 0.414467990398407
vt 0.004999999888241291 0.4050309956073761
vt 0.24092000722885132 0.4050309956073761
vt 0.18575699627399445 0.32003098726272583
vt 0.18575699627399445 0.31059399247169495
vt 0.42167699337005615 0.31059399247169495
vt 0.42167699337005615 0.31059399247169495
vt 0.42167699337005615 0.32003098726272583
vt 0.18575699627399445 0.32003098726272583
vt 0.18575699627399445 0.31059399247169495
vt 0.18575699627399445 0.30115699768066406
vt 0.42167699337005615 0.30115699768066406
vt 0.42167699337005615 0.30115699768066406
vt 0.42167699337005615 0.31059399247169495
vt 0.18575699627399445 0.31059399247169495
vt 0.24092000722885132 0.3955940008163452
vt 0.24092000722885132 0.4050309956073761
vt 0.004999999888241291 0.4050309956073761
vt 0.004999999888241291 0.4050309956073761
vt 0.004999999888241291 0.3955940008163452
vt 0.24092000722885132 0.3955940008163452
vt 0.3741999864578247 0.02110470086336136
vt 0.3754819929599762 0.007820749655365944
vt 0.38876599073410034 0.009102449752390385
vt 0.38876599073410034 0.009102449752390385
vt 0.38748401403427124 0.022386400029063225
vt 0.3741999864578247 0.02110470086336136
vt 0.39372700452804565 0.007820749655365944
vt 0.4070110023021698 0.009102440439164639
vt 0.4057300090789795 0.022386400029063225
vt 0.4057300090789795 0.022386400029063225
vt 0.39244601130485535 0.02110470086336136
vt 0.39372700452804565 0.007820749655365944
vt 0.4272010028362274 0.8573449850082397
vt 0.39383599162101746 0.7995569705963135
vt 0.4605650007724762 0.7995569705963135
vt 0.582735002040863 0.7196900248527527
vt 0.5493710041046143 0.6619020104408264
vt 0.6160989999771118 0.6619020104408264
vt 0.8160369992256165 0.5132079720497131
vt 0.7826730012893677 0.45541998744010925
vt 0.8494009971618652 0.45541998744010925
vt 0.3494330048561096 0.9950000047683716
vt 0.31606900691986084 0.9372119903564453
vt 0.3827970027923584 0.9372119903564453
vt 0.2716659903526306 0.6619020104408264
vt 0.3050299882888794 0.7196900248527527
vt 0.23830200731754303 0.7196900248527527
vt 0.504967987537384 0.5242469906806946
vt 0.5383319854736328 0.5820350050926208
vt 0.47160398960113525 0.5820350050926208
vt 0.2716659903526306 0.5242469906806946
vt 0.3050299882888794 0.5820350050926208
vt 0.23830200731754303 0.5820350050926208
vt 0.03836410120129585 0.8683840036392212
vt 0.07172819972038269 0.9261729717254639
vt 0.004999999888241291 0.9261729717254639
vt 0.6024330258369446 0.21187500655651093
vt 0.6024330258369446 0.2213120013475418
vt 0.3665130138397217 0.2213120013475418
vt 0.3665130138397217 0.2213120013475418
vt 0.3665130138397217 0.21187500655651093
vt 0.6024330258369446 0.21187500655651093
vt 0.6024330258369446 0.13731199502944946
vt 0.6024330258369446 0.14674800634384155
vt 0.3665130138397217 0.14674800634384155
vt 0.3665130138397217 0.14674800634384155
vt 0.3665130138397217 0.13731099665164948
vt 0.6024330258369446 0.13731199502944946
vt 0.6024330258369446 0.14674800634384155
vt 0.6024330258369446 0.15618500113487244
vt 0.3665130138397217 0.15618500113487244
vt 0.3665130138397217 0.15618500113487244
vt 0.3665130138397217 0.14674800634384155
vt 0.6024330258369446 0.14674800634384155
vt 0.6024330258369446 0.20243799686431885
vt 0.6024330258369446 0.21187500655651093
vt 0.3665130138397217 0.21187500655651093
vt 0.3665130138397217 0.21187500655651093
vt 0.3665130138397217 0.20243799686431885
vt 0.6024330258369446 0.20243799686431885
vt 0.04917769879102707 0.2221439927816391
vt 0.050459399819374084 0.20885999500751495
vt 0.06374330073595047 0.21014200150966644
vt 0.06374330073595047 0.21014200150966644
vt 0.062461599707603455 0.2234250009059906
vt 0.04917769879102707 0.2221439927816391
vt 0.11869999766349792 0.38455501198768616
vt 0.10541599988937378 0.38327398896217346
vt 0.10669799894094467 0.3699899911880493
vt 0.10669799894094467 0.3699899911880493
vt 0.11998199671506882 0.371271014213562
vt 0.11869999766349792 0.38455501198768616
vt 0.14949600398540497 0.9950000047683716
vt 0.0827673003077507 0.9950000047683716
vt 0.1161310002207756 0.9372119903564453
vt 0.31606900691986084 0.650862991809845
vt 0.3494330048561096 0.5930749773979187
vt 0.3827970027923584 0.650862991809845
vt 0.004999999888241291 0.5242469906806946
vt 0.07172819972038269 0.5242469906806946
vt 0.03836410120129585 0.5820350050926208
vt 0.07172819972038269 0.7307289838790894
vt 0.03836410120129585 0.7885180115699768
vt 0.004999999888241291 0.7307289838790894
vt 0.31606900691986084 0.5132079720497131
vt 0.3494330048561096 0.45541998744010925
vt 0.3827970027923584 0.5132079720497131
vt 0.07172819972038269 0.650862991809845
vt 0.004999999888241291 0.650862991809845
vt 0.03836410120129585 0.5930749773979187
vt 0.07172819972038269 0.45541998744010925
vt 0.03836410120129585 0.5132079720497131
vt 0.004999999888241291 0.45541998744010925
vt 0.0827673003077507 0.5930749773979187
vt 0.14949600398540497 0.5930749773979187
vt 0.1161310002207756 0.650862991809845
vt 0.6171519756317139 0.11315599828958511
vt 0.6171519756317139 0.10371900349855423
vt 0.8530719876289368 0.10371900349855423
vt 0.8530719876289368 0.10371900349855423
vt 0.8530719876289368 0.11315599828958511
vt 0.6171519756317139 0.11315599828958511
vt 0.8630579710006714 0.8722500205039978
vt 0.8630579710006714 0.8816869854927063
vt 0.6271380186080933 0.8816869854927063
vt 0.6171519756317139 0.18034100532531738
vt 0.6171519756317139 0.1709039956331253
vt 0.8530719876289368 0.1709039956331253
vt 0.6271380186080933 0.8575310111045837
vt 0.6271380186080933 0.8480949997901917
vt 0.8630579710006714 0.8480949997901917
vt 0.8630579710006714 0.8480949997901917
vt 0.8630579710006714 0.8575310111045837
vt 0.6271380186080933 0.8575310111045837
vt 0.6171519756317139 0.1225930005311966
vt 0.6171519756317139 0.11315599828958511
vt 0.8530719876289368 0.11315599828958511
vt 0.8530719876289368 0.11315599828958511
vt 0.8530719876289368 0.1225930005311966
vt 0.6171519756317139 0.1225930005311966
vt 0.1747180074453354 0.21196900308132172
vt 0.1734360009431839 0.22525300085544586
vt 0.16015200316905975 0.22397099435329437
vt 0.16015200316905975 0.22397099435329437
vt 0.16143399477005005 0.21068699657917023
vt 0.1747180074453354 0.21196900308132172
vt 0.42397499084472656 0.022386400029063225
vt 0.4106909930706024 0.02110470086336136
vt 0.4119729995727539 0.007820749655365944
vt 0.4119729995727539 0.007820749655365944
vt 0.42525699734687805 0.009102440439164639
vt 0.42397499084472656 0.022386400029063225
vt 0.504967987537384 0.7995569705963135
vt 0.5383319854736328 0.8573449850082397
vt 0.47160398960113525 0.8573449850082397
vt 0.2716659903526306 0.9372119903564453
vt 0.3050299882888794 0.9950000047683716
vt 0.23830200731754303 0.9950000047683716
vt 0.1161310002207756 0.45541998744010925
vt 0.14949600398540497 0.5132079720497131
vt 0.0827673003077507 0.5132079720497131
vt 0.2716659903526306 0.5930749773979187
vt 0.3050299882888794 0.650862991809845
vt 0.23830200731754303 0.650862991809845
vt 0.7382699847221375 0.5132079720497131
vt 0.7049059867858887 0.45541998744010925
vt 0.7716339826583862 0.45541998744010925
vt 0.03836410120129585 0.7196900248527527
vt 0.004999999888241291 0.6619020104408264
vt 0.07172819972038269 0.6619020104408264
vt 0.4272010028362274 0.650862991809845
vt 0.39383599162101746 0.5930749773979187
vt 0.4605650007724762 0.5930749773979187
vt 0.1161310002207756 0.7196900248527527
vt 0.0827673003077507 0.6619020104408264
vt 0.14949600398540497 0.6619020104408264

f 1/1/1 2/2/2 3/3/3
f 4/4/4 5/5/5 6/6/6
f 7/7/7 8/8/8 9/9/9
f 10/10/10 11/11/11 12/12/12
f 13/13/13 14/14/14 15/15/15
f 16/16/16 17/17/17 18/18/18
f 19/19/19 20/20/20 21/21/21
f 22/22/22 23/23/23 24/24/24
f 25/25/25 26/26/26 27/27/27
f 28/28/28 29/29/29 30/30/30
f 31/31/31 32/32/32 33/33/33
f 34/34/34 35/35/35 36/36/36
f 37/37/37 38/38/38 39/39/39
f 40/40/40 41/41/41 42/42/42
f 43/43/43 44/44/44 45/45/45
f 46/46/46 47/47/47 48/48/48
f 49/49/49 50/50/50 51/51/51
f 52/52/52 53/53/53 54/54/54
f 55/55/55 56/56/56 57/57/57
f 58/58/58 59/59/59 60/60/60
f 61/61/61 62/62/62 63/63/63
f 64/64/64 65/65/65 66/66/66
f 67/67/67 68/68/68 69/69/69
f 70/70/70 71/71/71 72/72/72
f 73/73/73 74/74/74 75/75/75
f 76/76/76 77/77/77 78/78/78
f 79/79/79 80/80/80 81/81/81
f 82/82/82 83/83/83 84/84/84
f 85/85/85 86/86/86 87/87/87
f 88/88/88 89/89/89 90/90/90
f 91/91/91 92/92/92 93/93/93
f 94/94/94 95/95/95 96/96/96
f 97/97/97 98/98/98 99/99/99
f 100/100/100 101/101/101 102/102/102
f 103/103/103 104/104/104 105/105/105
f 106/106/106 107/107/107 108/108/108
f 109/109/109 110/110/110 111/111/111
f 112/112/112 113/113/113 114/114/114
f 115/115/115 116/116/116 117/117/117
f 118/118/118 119/119/119 120/120/120
f 121/121/121 122/122/122 123/123/123
f 124/124/124 125/125/125 126/126/126
f 127/127/127 128/128/128 129/129/129
f 130/130/130 131/131/131 132/132/132
f 133/133/133 134/134/134 135/135/135
f 136/136/136 137/137/137 138/138/138
f 139/139/139 140/140/140 141/141/141
f 142/142/142 143/143/143 144/144/144
f 145/145/145 146/146/146 147/147/147
f 148/148/148 149/149/149 150/150/150
f 151/151/151 152/152/152 153/153/153
f 154/154/154 155/155/155 156/156/156
f 157/157/157 158/158/158 159/159/159
f 160/160/160 161/161/161 162/162/162
f 163/163/163 164/164/164 165/165/165
f 166/166/166 167/167/167 168/168/168
f 169/169/169 170/170/170 171/171/171
f 172/172/172 173/173/173 174/174/174
f 175/175/175 176/176/176 177/177/177
f 178/178/178 179/179/179 180/180/180
f 181/181/181 182/182/182 183/183/183
f 184/184/184 185/185/185 186/186/186
f 187/187/187 188/188/188 189/189/189
f 190/190/190 191/191/191 192/192/192
f 193/193/193 194/194/194 195/195/195
f 196/196/196 197/197/197 198/198/198
f 199/199/199 200/200/200 201/201/201
f 202/202/202 203/203/203 204/204/204
f 205/205/205 206/206/206 207/207/207
f 208/208/208 209/209/209 210/210/210
f 211/211/211 212/212/212 213/213/213
f 214/214/214 215/215/215 216/216/216
f 217/217/217 218/218/218 219/219/219
f 220/220/220 221/221/221 222/222/222
f 223/223/223 224/224/224 225/225/225
f 226/226/226 227/227/227 228/228/228
f 229/229/229 230/230/230 231/231/231
f 232/232/232 233/233/233 234/234/234
f 235/235/235 236/236/236 237/237/237
f 238/238/238 239/239/239 240/240/240
f 241/241/241 242/242/242 243/243/243
f 244/244/244 245/245/245 246/246/246
f 247/247/247 248/248/248 249/249/249
f 250/250/250 251/251/251 252/252/252
f 253/253/253 254/254/254 255/255/255
f 256/256/256 257/257/257 258/258/258
f 259/259/259 260/260/260 261/261/261
f 262/262/262 263/263/263 264/264/264
f 265/265/265 266/266/266 267/267/267
f 268/268/268 269/269/269 270/270/270
f 271/271/271 272/272/272 273/273/273
f 274/274/274 275/275/275 276/276/276
f 277/277/277 278/278/278 279/279/279
f 280/280/280 281/281/281 282/282/282
f 283/283/283 284/284/284 285/285/285
f 286/286/286 287/287/287 288/288/288
f 289/289/289 290/290/290 291/291/291
f 292/292/292 293/293/293 294/294/294
f 295/295/295 296/296/296 297/297/297
f 298/298/298 299/299/299 300/300/300
f 301/301/301 302/302/302 303/303/303
f 304/304/304 305/305/305 306/306/306
f 307/307/307 308/308/308 309/309/309
f 310/310/310 311/311/311 312/312/312
f 313/313/313 314/314/314 315/315/315
f 316/316/316 317/317/317 318/318/318
f 319/319/319 320/320/320 321/321/321
f 322/322/322 323/323/323 324/324/324
f 325/325/325 326/326/326 327/327/327
f 328/328/328 329/329/329 330/330/330
f 331/331/331 332/332/332 333/333/333
f 334/334/334 335/335/335 336/336/336
f 337/337/337 338/338/338 339/339/339
f 340/340/340 341/341/341 342/342/342
f 343/343/343 344/344/344 345/345/345
f 346/346/346 347/347/347 348/348/348
f 349/349/349 350/350/350 351/351/351
f 352/352/352 353/353/353 354/354/354
f 355/355/355 356/356/356 357/357/357
f 358/358/358 359/359/359 360/360/360
f 361/361/361 362/362/362 363/363/363
f 364/364/364 365/365/365 366/366/366
f 367/367/367 368/368/368 369/369/369
f 370/370/370 371/371/371 372/372/372
f 373/373/373 374/374/374 375/375/375
f 376/376/376 377/377/377 378/378/378
f 379/379/379 380/380/380 381/381/381
f 382/382/382 383/383/383 384/384/384
f 385/385/385 386/386/386 387/387/387
f 388/388/388 389/389/389 390/390/390
f 391/391/391 392/392/392 393/393/393
f 394/394/394 395/395/395 396/396/396
f 397/397/397 398/398/398 399/399/399
f 400/400/400 401/401/401 402/402/402
f 403/403/403 404/404/404 405/405/405
f 406/406/406 407/407/407 408/408/408
f 409/409/409 410/410/410 411/411/411
f 412/412/412 413/413/413 414/414/414
f 415/415/415 416/416/416 417/417/417
f 418/418/418 419/419/419 420/420/420
f 421/421/421 422/422/422 423/423/423
f 424/424/424 425/425/425 426/426/426
f 427/427/427 428/428/428 429/429/429
f 430/430/430 431/431/431 432/432/432
f 433/433/433 434/434/434 435/435/435
f 436/436/436 437/437/437 438/438/438
f 439/439/439 440/440/440 441/441/441
f 442/442/442 443/443/443 444/444/444
f 445/445/445 446/446/446 447/447/447
f 448/448/448 449/449/449 450/450/450
f 451/451/451 452/452/452 453/453/453
f 454/454/454 455/455/455 456/456/456
f 457/457/457 458/458/458 459/459/459
f 460/460/460 461/461/461 462/462/462
f 463/463/463 464/464/464 465/465/465
f 466/466/466 467/467/467 468/468/468
f 469/469/469 470/470/470 471/471/471
f 472/472/472 473/473/473 474/474/474
f 475/475/475 476/476/476 477/477/477
f 478/478/478 479/479/479 480/480/480
f 481/481/481 482/482/482 483/483/483
f 484/484/484 485/485/485 486/486/486
f 487/487/487 488/488/488 489/489/489
f 490/490/490 491/491/491 492/492/492
f 493/493/493 494/494/494 495/495/495
f 496/496/496 497/497/497 498/498/498
f 499/499/499 500/500/500 501/501/501
f 502/502/502 503/503/503 504/504/504
f 505/505/505 506/506/506 507/507/507
f 508/508/508 509/509/509 510/510/510
f 511/511/511 512/512/512 513/513/513
f 514/514/514 515/515/515 516/516/516
f 517/517/517 518/518/518 519/519/519
f 520/520/520 521/521/521 522/522/522
f 523/523/523 524/524/524 525/525/525
f 526/526/526 527/527/527 528/528/528
f 529/529/529 530/530/530 531/531/531
f 532/532/532 533/533/533 534/534/534
f 535/535/535 536/536/536 537/537/537
f 538/538/538 539/539/539 540/540/540
f 541/541/541 542/542/542 543/543/543
f 544/544/544 545/545/545 546/546/546
f 547/547/547 548/548/548 549/549/549
f 550/550/550 551/551/551 552/552/552
f 553/553/553 554/554/554 555/555/555
f 556/556/556 557/557/557 558/558/558
f 559/559/559 560/560/560 561/561/561
f 562/562/562 563/563/563 564/564/564
f 565/565/565 566/566/566 567/567/567
f 568/568/568 569/569/569 570/570/570
f 571/571/571 572/572/572 573/573/573
f 574/574/574 575/575/575 576/576/576
f 577/577/577 578/578/578 579/579/579
f 580/580/580 581/581/581 582/582/582
f 583/583/583 584/584/584 585/585/585
f 586/586/586 587/587/587 588/588/588
f 589/589/589 590/590/590 591/591/591
f 592/592/592 593/593/593 594/594/594
f 595/595/595 596/596/596 597/597/597
f 598/598/598 599/599/599 600/600/600
f 601/601/601 602/602/602 603/603/603
f 604/604/604 605/605/605 606/606/606
f 607/607/607 608/608/608 609/609/609
f 610/610/610 611/611/611 612/612/612
f 613/613/613 614/614/614 615/615/615
f 616/616/616 617/617/617 618/618/618
f 619/619/619 620/620/620 621/621/621
f 622/622/622 623/623/623 624/624/624
f 625/625/625 626/626/626 627/627/627
f 628/628/628 629/629/629 630/630/630
f 631/631/631 632/632/632 633/633/633
f 634/634/634 635/635/635 636/636/636
f 637/637/637 638/638/638 639/639/639
f 640/640/640 641/641/641 642/642/642
f 643/643/643 644/644/644 645/645/645
f 646/646/646 647/647/647 648/648/648
f 649/649/649 650/650/650 651/651/651
f 652/652/652 653/653/653 654/654/654
f 655/655/655 656/656/656 657/657/657
f 658/658/658 659/659/659 660/660/660
f 661/661/661 662/662/662 663/663/663
f 664/664/664 665/665/665 666/666/666
f 667/667/667 668/668/668 669/669/669
f 670/670/670 671/671/671 672/672/672
f 673/673/673 674/674/674 675/675/675
f 676/676/676 677/677/677 678/678/678
f 679/679/679 680/680/680 681/681/681
f 682/682/682 683/683/683 684/684/684
f 685/685/685 686/686/686 687/687/687
f 688/688/688 689/689/689 690/690/690
f 691/691/691 692/692/692 693/693/693
f 694/694/694 695/695/695 696/696/696
f 697/697/697 698/698/698 699/699/699
f 700/700/700 701/701/701 702/702/702
f 703/703/703 704/704/704 705/705/705
f 706/706/706 707/707/707 708/708/708
f 709/709/709 710/710/710 711/711/711
f 712/712/712 713/713/713 714/714/714
f 715/715/715 716/716/716 717/717/717
f 718/718/718 719/719/719 720/720/720
f 721/721/721 722/722/722 723/723/723
f 724/724/724 725/725/725 726/726/726
f 727/727/727 728/728/728 729/729/729
f 730/730/730 731/731/731 732/732/732
f 733/733/733 734/734/734 735/735/735
f 736/736/736 737/737/737 738/738/738
f 739/739/739 740/740/740 741/741/741
f 742/742/742 743/743/743 744/744/744
f 745/745/745 746/746/746 747/747/747
f 748/748/748 749/749/749 750/750/750
f 751/751/751 752/752/752 753/753/753
f 754/754/754 755/755/755 756/756/756
f 757/757/757 758/758/758 759/759/759
f 760/760/760 761/761/761 762/762/762
f 763/763/763 764/764/764 765/765/765
f 766/766/766 767/767/767 768/768/768
f 769/769/769 770/770/770 771/771/771
f 772/772/772 773/773/773 774/774/774
f 775/775/775 776/776/776 777/777/777
f 778/778/778 779/779/779 780/780/780
f 781/781/781 782/782/782 783/783/783
f 784/784/784 785/785/785 786/786/786
f 787/787/787 788/788/788 789/789/789
f 790/790/790 791/791/791 792/792/792
f 793/793/793 794/794/794 795/795/795
f 796/796/796 797/797/797 798/798/798
f 799/799/799 800/800/800 801/801/801
f 802/802/802 803/803/803 804/804/804
f 805/805/805 806/806/806 807/807/807
f 808/808/808 809/809/809 810/810/810
f 811/811/811 812/812/812 813/813/813
f 814/814/814 815/815/815 816/816/816
f 817/817/817 818/818/818 819/819/819
f 820/820/820 821/821/821 822/822/822
f 823/823/823 824/824/824 825/825/825
f 826/826/826 827/827/827 828/828/828
f 829/829/829 830/830/830 831/831/831
f 832/832/832 833/833/833 834/834/834
f 835/835/835 836/836/836 837/837/837
f 838/838/838 839/839/839 840/840/840