o Mesh
v 0.08196499943733215 0.2734690010547638 -0.37185150384902954
v 0.08196499943733215 0.2974349856376648 -0.36307600140571594
v 0.04732250049710274 0.28552350401878357 -0.33054599165916443
v 0.04732250049710274 0.28552350401878357 -0.33054599165916443
v 0.04732250049710274 0.2615574896335602 -0.339321494102478
v 0.08196499943733215 0.2734690010547638 -0.37185150384902954
v 0.09464500099420547 0.28974050283432007 -0.41628900170326233
v 0.09464500099420547 0.31370648741722107 -0.40751299262046814
v 0.08196499943733215 0.2974349856376648 -0.36307600140571594
v 0.08196499943733215 0.2974349856376648 -0.36307600140571594
v 0.08196499943733215 0.2734690010547638 -0.37185150384902954
v 0.09464500099420547 0.28974050283432007 -0.41628900170326233
v 0.08196499943733215 0.30601251125335693 -0.4607259929180145
v 0.08196499943733215 0.32997849583625793 -0.4519504904747009
v 0.09464500099420547 0.31370648741722107 -0.40751299262046814
v 0.09464500099420547 0.31370648741722107 -0.40751299262046814
v 0.09464500099420547 0.28974050283432007 -0.41628900170326233
v 0.08196499943733215 0.30601251125335693 -0.4607259929180145
v 0.04732250049710274 0.31792399287223816 -0.49325650930404663
v 0.04732250049710274 0.34189000725746155 -0.48448050022125244
v 0.08196499943733215 0.32997849583625793 -0.4519504904747009
v 0.08196499943733215 0.32997849583625793 -0.4519504904747009
v 0.08196499943733215 0.30601251125335693 -0.4607259929180145
v 0.04732250049710274 0.31792399287223816 -0.49325650930404663
v 0 0.3222840130329132 -0.5051649808883667
v 0 0.3462499976158142 -0.4963875114917755
v 0.04732250049710274 0.34189000725746155 -0.48448050022125244
v 0.04732250049710274 0.34189000725746155 -0.48448050022125244
v 0.04732250049710274 0.31792399287223816 -0.49325650930404663
v 0 0.3222840130329132 -0.5051649808883667
v -0.04732250049710274 0.31792399287223816 -0.49325650930404663
v -0.04732250049710274 0.34189000725746155 -0.48448050022125244
v 0 0.3462499976158142 -0.4963875114917755
v 0 0.3462499976158142 -0.4963875114917755
v 0 0.3222840130329132 -0.5051649808883667
v -0.04732250049710274 0.31792399287223816 -0.49325650930404663
v -0.08196499943733215 0.30601251125335693 -0.4607259929180145
v -0.08196499943733215 0.32997849583625793 -0.4519504904747009
v -0.04732250049710274 0.34189000725746155 -0.48448050022125244
v -0.04732250049710274 0.34189000725746155 -0.48448050022125244
v -0.04732250049710274 0.31792399287223816 -0.49325650930404663
v -0.08196499943733215 0.30601251125335693 -0.4607259929180145
v -0.09464500099420547 0.28974050283432007 -0.41628900170326233
v -0.09464500099420547 0.31370648741722107 -0.40751299262046814
v -0.08196499943733215 0.32997849583625793 -0.4519504904747009
v -0.08196499943733215 0.32997849583625793 -0.4519504904747009
v -0.08196499943733215 0.30601251125335693 -0.4607259929180145
v -0.09464500099420547 0.28974050283432007 -0.41628900170326233
v -0.09464500099420547 0.28974050283432007 -0.41628900170326233
v -0.08196499943733215 0.2734690010547638 -0.37185150384902954
v -0.08196499943733215 0.2974349856376648 -0.36307600140571594
v -0.08196499943733215 0.2974349856376648 -0.36307600140571594
v -0.09464500099420547 0.31370648741722107 -0.40751299262046814
v -0.09464500099420547 0.28974050283432007 -0.41628900170326233
v -0.04732250049710274 0.2615574896335602 -0.339321494102478
v -0.04732250049710274 0.28552350401878357 -0.33054599165916443
v -0.08196499943733215 0.2974349856376648 -0.36307600140571594
v -0.08196499943733215 0.2974349856376648 -0.36307600140571594
v -0.08196499943733215 0.2734690010547638 -0.37185150384902954
v -0.04732250049710274 0.2615574896335602 -0.339321494102478
v 0 0.2571974992752075 -0.32741451263427734
v 0 0.2811635136604309 -0.31863901019096375
v -0.04732250049710274 0.28552350401878357 -0.33054599165916443
v -0.04732250049710274 0.28552350401878357 -0.33054599165916443
v -0.04732250049710274 0.2615574896335602 -0.339321494102478
v 0 0.2571974992752075 -0.32741451263427734
v 0.04732250049710274 0.2615574896335602 -0.339321494102478
v 0.04732250049710274 0.28552350401878357 -0.33054599165916443
v 0 0.2811635136604309 -0.31863901019096375
v 0 0.2811635136604309 -0.31863901019096375
v 0 0.2571974992752075 -0.32741451263427734
v 0.04732250049710274 0.2615574896335602 -0.339321494102478
v 0.04256400093436241 0.3003405034542084 -0.33389800786972046
v 0.07372249662876129 0.3110544979572296 -0.3631570041179657
v 0 0.32568949460983276 -0.40312549471855164
v 0.07372249662876129 0.3110544979572296 -0.3631570041179657
v 0.08512750267982483 0.32568949460983276 -0.40312549471855164
v 0 0.32568949460983276 -0.40312549471855164
v 0.08512750267982483 0.32568949460983276 -0.40312549471855164
v 0.07372249662876129 0.3403249979019165 -0.4430939853191376
v 0 0.32568949460983276 -0.40312549471855164
v 0.07372249662876129 0.3403249979019165 -0.4430939853191376
v 0.04256400093436241 0.35103899240493774 -0.4723530113697052
v 0 0.32568949460983276 -0.40312549471855164
v 0.04256400093436241 0.35103899240493774 -0.4723530113697052
v 0 0.35496050119400024 -0.4830625057220459
v 0 0.32568949460983276 -0.40312549471855164
v 0 0.35496050119400024 -0.4830625057220459
v -0.04256400093436241 0.35103899240493774 -0.4723530113697052
v 0 0.32568949460983276 -0.40312549471855164
v -0.04256400093436241 0.35103899240493774 -0.4723530113697052
v -0.07372249662876129 0.3403249979019165 -0.4430939853191376
v 0 0.32568949460983276 -0.40312549471855164
v -0.07372249662876129 0.3403249979019165 -0.4430939853191376
v -0.08512750267982483 0.32568949460983276 -0.40312549471855164
v 0 0.32568949460983276 -0.40312549471855164
v -0.08512750267982483 0.32568949460983276 -0.40312549471855164
v -0.07372249662876129 0.3110544979572296 -0.3631570041179657
v 0 0.32568949460983276 -0.40312549471855164
v -0.07372249662876129 0.3110544979572296 -0.3631570041179657
v -0.04256400093436241 0.3003405034542084 -0.33389800786972046
v 0 0.32568949460983276 -0.40312549471855164
v -0.04256400093436241 0.3003405034542084 -0.33389800786972046
v 0 0.2964189946651459 -0.32318851351737976
v 0 0.32568949460983276 -0.40312549471855164
v 0 0.2964189946651459 -0.32318851351737976
v 0.04256400093436241 0.3003405034542084 -0.33389800786972046
v 0 0.32568949460983276 -0.40312549471855164
v -0.09464500099420547 0.31370648741722107 -0.40751299262046814
v -0.08512750267982483 0.32568949460983276 -0.40312549471855164
v -0.07372249662876129 0.3403249979019165 -0.4430939853191376
v -0.07372249662876129 0.3403249979019165 -0.4430939853191376
v -0.08196499943733215 0.32997849583625793 -0.4519504904747009
v -0.09464500099420547 0.31370648741722107 -0.40751299262046814
v -0.08196499943733215 0.32997849583625793 -0.4519504904747009
v -0.07372249662876129 0.3403249979019165 -0.4430939853191376
v -0.04256400093436241 0.35103899240493774 -0.4723530113697052
v -0.04256400093436241 0.35103899240493774 -0.4723530113697052
v -0.04732250049710274 0.34189000725746155 -0.48448050022125244
v -0.08196499943733215 0.32997849583625793 -0.4519504904747009
v -0.04732250049710274 0.34189000725746155 -0.48448050022125244
v -0.04256400093436241 0.35103899240493774 -0.4723530113697052
v 0 0.35496050119400024 -0.4830625057220459
v 0 0.35496050119400024 -0.4830625057220459
v 0 0.3462499976158142 -0.4963875114917755
v -0.04732250049710274 0.34189000725746155 -0.48448050022125244
v 0 0.3462499976158142 -0.4963875114917755
v 0 0.35496050119400024 -0.4830625057220459
v 0.04256400093436241 0.35103899240493774 -0.4723530113697052
v 0.04256400093436241 0.35103899240493774 -0.4723530113697052
v 0.04732250049710274 0.34189000725746155 -0.48448050022125244
v 0 0.3462499976158142 -0.4963875114917755
v 0.04732250049710274 0.34189000725746155 -0.48448050022125244
v 0.04256400093436241 0.35103899240493774 -0.4723530113697052
v 0.07372249662876129 0.3403249979019165 -0.4430939853191376
v 0.07372249662876129 0.3403249979019165 -0.4430939853191376
v 0.08196499943733215 0.32997849583625793 -0.4519504904747009
v 0.04732250049710274 0.34189000725746155 -0.48448050022125244
v 0.08196499943733215 0.32997849583625793 -0.4519504904747009
v 0.07372249662876129 0.3403249979019165 -0.4430939853191376
v 0.08512750267982483 0.32568949460983276 -0.40312549471855164
v 0.08512750267982483 0.32568949460983276 -0.40312549471855164
v 0.09464500099420547 0.31370648741722107 -0.40751299262046814
v 0.08196499943733215 0.32997849583625793 -0.4519504904747009
v 0.09464500099420547 0.31370648741722107 -0.40751299262046814
v 0.08512750267982483 0.32568949460983276 -0.40312549471855164
v 0.07372249662876129 0.3110544979572296 -0.3631570041179657
v 0.07372249662876129 0.3110544979572296 -0.3631570041179657
v 0.08196499943733215 0.2974349856376648 -0.36307600140571594
v 0.09464500099420547 0.31370648741722107 -0.40751299262046814
v 0.08196499943733215 0.2974349856376648 -0.36307600140571594
v 0.07372249662876129 0.3110544979572296 -0.3631570041179657
v 0.04256400093436241 0.3003405034542084 -0.33389800786972046
v 0.04256400093436241 0.3003405034542084 -0.33389800786972046
v 0.04732250049710274 0.28552350401878357 -0.33054599165916443
v 0.08196499943733215 0.2974349856376648 -0.36307600140571594
v 0.04732250049710274 0.28552350401878357 -0.33054599165916443
v 0.04256400093436241 0.3003405034542084 -0.33389800786972046
v 0 0.2964189946651459 -0.32318851351737976
v 0 0.2964189946651459 -0.32318851351737976
v 0 0.2811635136604309 -0.31863901019096375
v 0.04732250049710274 0.28552350401878357 -0.33054599165916443
v 0 0.2811635136604309 -0.31863901019096375
v 0 0.2964189946651459 -0.32318851351737976
v -0.04256400093436241 0.3003405034542084 -0.33389800786972046
v -0.04256400093436241 0.3003405034542084 -0.33389800786972046
v -0.04732250049710274 0.28552350401878357 -0.33054599165916443
v 0 0.2811635136604309 -0.31863901019096375
v -0.04732250049710274 0.28552350401878357 -0.33054599165916443
v -0.04256400093436241 0.3003405034542084 -0.33389800786972046
v -0.07372249662876129 0.3110544979572296 -0.3631570041179657
v -0.07372249662876129 0.3110544979572296 -0.3631570041179657
v -0.08196499943733215 0.2974349856376648 -0.36307600140571594
v -0.04732250049710274 0.28552350401878357 -0.33054599165916443
v -0.08196499943733215 0.2974349856376648 -0.36307600140571594
v -0.07372249662876129 0.3110544979572296 -0.3631570041179657
v -0.08512750267982483 0.32568949460983276 -0.40312549471855164
v -0.08512750267982483 0.32568949460983276 -0.40312549471855164
v -0.09464500099420547 0.31370648741722107 -0.40751299262046814
v -0.08196499943733215 0.2974349856376648 -0.36307600140571594
v 0.06364600360393524 0.3119170069694519 -0.3690364956855774
v 0.06060250103473663 0.32301050424575806 -0.3668454885482788
v 0.034988999366760254 0.31420350074768066 -0.3427940011024475
v 0.034988999366760254 0.31420350074768066 -0.3427940011024475
v 0.03674599900841713 0.302667498588562 -0.34377649426460266
v 0.06364600360393524 0.3119170069694519 -0.3690364956855774
v 0.07349199801683426 0.3245519995689392 -0.40354201197624207
v 0.06997749954462051 0.33504149317741394 -0.39970099925994873
v 0.06060250103473663 0.32301050424575806 -0.3668454885482788
v 0.06060250103473663 0.32301050424575806 -0.3668454885482788
v 0.06364600360393524 0.3119170069694519 -0.3690364956855774
v 0.07349199801683426 0.3245519995689392 -0.40354201197624207
v 0.06364600360393524 0.3371869921684265 -0.43804749846458435
v 0.06060250103473663 0.3470720052719116 -0.43255650997161865
v 0.06997749954462051 0.33504149317741394 -0.39970099925994873
v 0.06997749954462051 0.33504149317741394 -0.39970099925994873
v 0.07349199801683426 0.3245519995689392 -0.40354201197624207
v 0.06364600360393524 0.3371869921684265 -0.43804749846458435
v 0.03674599900841713 0.3464365005493164 -0.4633074998855591
v 0.034988999366760254 0.355879008769989 -0.45660850405693054
v 0.06060250103473663 0.3470720052719116 -0.43255650997161865
v 0.06060250103473663 0.3470720052719116 -0.43255650997161865
v 0.06364600360393524 0.3371869921684265 -0.43804749846458435
v 0.03674599900841713 0.3464365005493164 -0.4633074998855591
v 0 0.3498220145702362 -0.472553014755249
v 0 0.3591029942035675 -0.4654119908809662
v 0.034988999366760254 0.355879008769989 -0.45660850405693054
v 0.034988999366760254 0.355879008769989 -0.45660850405693054
v 0.03674599900841713 0.3464365005493164 -0.4633074998855591
v 0 0.3498220145702362 -0.472553014755249
v -0.03674599900841713 0.3464365005493164 -0.4633074998855591
v -0.034988999366760254 0.355879008769989 -0.45660850405693054
v 0 0.3591029942035675 -0.4654119908809662
v 0 0.3591029942035675 -0.4654119908809662
v 0 0.3498220145702362 -0.472553014755249
v -0.03674599900841713 0.3464365005493164 -0.4633074998855591
v -0.06364600360393524 0.3371869921684265 -0.43804749846458435
v -0.06060250103473663 0.3470720052719116 -0.43255650997161865
v -0.034988999366760254 0.355879008769989 -0.45660850405693054
v -0.034988999366760254 0.355879008769989 -0.45660850405693054
v -0.03674599900841713 0.3464365005493164 -0.4633074998855591
v -0.06364600360393524 0.3371869921684265 -0.43804749846458435
v -0.07349199801683426 0.3245519995689392 -0.40354201197624207
v -0.06997749954462051 0.33504149317741394 -0.39970099925994873
v -0.06060250103473663 0.3470720052719116 -0.43255650997161865
v -0.06060250103473663 0.3470720052719116 -0.43255650997161865
v -0.06364600360393524 0.3371869921684265 -0.43804749846458435
v -0.07349199801683426 0.3245519995689392 -0.40354201197624207
v -0.07349199801683426 0.3245519995689392 -0.40354201197624207
v -0.06364600360393524 0.3119170069694519 -0.3690364956855774
v -0.06060250103473663 0.32301050424575806 -0.3668454885482788
v -0.06060250103473663 0.32301050424575806 -0.3668454885482788
v -0.06997749954462051 0.33504149317741394 -0.39970099925994873
v -0.07349199801683426 0.3245519995689392 -0.40354201197624207
v -0.03674599900841713 0.302667498588562 -0.34377649426460266
v -0.034988999366760254 0.31420350074768066 -0.3427940011024475
v -0.06060250103473663 0.32301050424575806 -0.3668454885482788
v -0.06060250103473663 0.32301050424575806 -0.3668454885482788
v -0.06364600360393524 0.3119170069694519 -0.3690364956855774
v -0.03674599900841713 0.302667498588562 -0.34377649426460266
v 0 0.2992820143699646 -0.3345310091972351
v 0 0.3109799921512604 -0.3339900076389313
v -0.034988999366760254 0.31420350074768066 -0.3427940011024475
v -0.034988999366760254 0.31420350074768066 -0.3427940011024475
v -0.03674599900841713 0.302667498588562 -0.34377649426460266
v 0 0.2992820143699646 -0.3345310091972351
v 0.03674599900841713 0.302667498588562 -0.34377649426460266
v 0.034988999366760254 0.31420350074768066 -0.3427940011024475
v 0 0.3109799921512604 -0.3339900076389313
v 0 0.3109799921512604 -0.3339900076389313
v 0 0.2992820143699646 -0.3345310091972351
v 0.03674599900841713 0.302667498588562 -0.34377649426460266
v 0.030321000143885612 0.32611900568008423 -0.3470410108566284
v 0.05251749977469444 0.33375149965286255 -0.3678840100765228
v 0 0.35252198576927185 -0.39329999685287476
v 0.05251749977469444 0.33375149965286255 -0.3678840100765228
v 0.060642000287771225 0.3441770076751709 -0.3963559865951538
v 0 0.35252198576927185 -0.39329999685287476
v 0.060642000287771225 0.3441770076751709 -0.3963559865951538
v 0.05251749977469444 0.35460248589515686 -0.4248279929161072
v 0 0.35252198576927185 -0.39329999685287476
v 0.05251749977469444 0.35460248589515686 -0.4248279929161072
v 0.030321000143885612 0.36223500967025757 -0.4456709921360016
v 0 0.35252198576927185 -0.39329999685287476
v 0.030321000143885612 0.36223500967025757 -0.4456709921360016
v 0 0.3650285005569458 -0.45329999923706055
v 0 0.35252198576927185 -0.39329999685287476
v 0 0.3650285005569458 -0.45329999923706055
v -0.030321000143885612 0.36223500967025757 -0.4456709921360016
v 0 0.35252198576927185 -0.39329999685287476
v -0.030321000143885612 0.36223500967025757 -0.4456709921360016
v -0.05251749977469444 0.35460248589515686 -0.4248279929161072
v 0 0.35252198576927185 -0.39329999685287476
v -0.05251749977469444 0.35460248589515686 -0.4248279929161072
v -0.060642000287771225 0.3441770076751709 -0.3963559865951538
v 0 0.35252198576927185 -0.39329999685287476
v -0.060642000287771225 0.3441770076751709 -0.3963559865951538
v -0.05251749977469444 0.33375149965286255 -0.3678840100765228
v 0 0.35252198576927185 -0.39329999685287476
v -0.05251749977469444 0.33375149965286255 -0.3678840100765228
v -0.030321000143885612 0.32611900568008423 -0.3470410108566284
v 0 0.35252198576927185 -0.39329999685287476
v -0.030321000143885612 0.32611900568008423 -0.3470410108566284
v 0 0.323325514793396 -0.33941149711608887
v 0 0.35252198576927185 -0.39329999685287476
v 0 0.323325514793396 -0.33941149711608887
v 0.030321000143885612 0.32611900568008423 -0.3470410108566284
v 0 0.35252198576927185 -0.39329999685287476
v -0.06997749954462051 0.33504149317741394 -0.39970099925994873
v -0.060642000287771225 0.3441770076751709 -0.3963559865951538
v -0.05251749977469444 0.35460248589515686 -0.4248279929161072
v -0.05251749977469444 0.35460248589515686 -0.4248279929161072
v -0.06060250103473663 0.3470720052719116 -0.43255650997161865
v -0.06997749954462051 0.33504149317741394 -0.39970099925994873
v -0.06060250103473663 0.3470720052719116 -0.43255650997161865
v -0.05251749977469444 0.35460248589515686 -0.4248279929161072
v -0.030321000143885612 0.36223500967025757 -0.4456709921360016
v -0.030321000143885612 0.36223500967025757 -0.4456709921360016
v -0.034988999366760254 0.355879008769989 -0.45660850405693054
v -0.06060250103473663 0.3470720052719116 -0.43255650997161865
v -0.034988999366760254 0.355879008769989 -0.45660850405693054
v -0.030321000143885612 0.36223500967025757 -0.4456709921360016
v 0 0.3650285005569458 -0.45329999923706055
v 0 0.3650285005569458 -0.45329999923706055
v 0 0.3591029942035675 -0.4654119908809662
v -0.034988999366760254 0.355879008769989 -0.45660850405693054
v 0 0.3591029942035675 -0.4654119908809662
v 0 0.3650285005569458 -0.45329999923706055
v 0.030321000143885612 0.36223500967025757 -0.4456709921360016
v 0.030321000143885612 0.36223500967025757 -0.4456709921360016
v 0.034988999366760254 0.355879008769989 -0.45660850405693054
v 0 0.3591029942035675 -0.4654119908809662
v 0.034988999366760254 0.355879008769989 -0.45660850405693054
v 0.030321000143885612 0.36223500967025757 -0.4456709921360016
v 0.05251749977469444 0.35460248589515686 -0.4248279929161072
v 0.05251749977469444 0.35460248589515686 -0.4248279929161072
v 0.06060250103473663 0.3470720052719116 -0.43255650997161865
v 0.034988999366760254 0.355879008769989 -0.45660850405693054
v 0.06060250103473663 0.3470720052719116 -0.43255650997161865
v 0.05251749977469444 0.35460248589515686 -0.4248279929161072
v 0.060642000287771225 0.3441770076751709 -0.3963559865951538
v 0.060642000287771225 0.3441770076751709 -0.3963559865951538
v 0.06997749954462051 0.33504149317741394 -0.39970099925994873
v 0.06060250103473663 0.3470720052719116 -0.43255650997161865
v 0.06997749954462051 0.33504149317741394 -0.39970099925994873
v 0.060642000287771225 0.3441770076751709 -0.3963559865951538
v 0.05251749977469444 0.33375149965286255 -0.3678840100765228
v 0.05251749977469444 0.33375149965286255 -0.3678840100765228
v 0.06060250103473663 0.32301050424575806 -0.3668454885482788
v 0.06997749954462051 0.33504149317741394 -0.39970099925994873
v 0.06060250103473663 0.32301050424575806 -0.3668454885482788
v 0.05251749977469444 0.33375149965286255 -0.3678840100765228
v 0.030321000143885612 0.32611900568008423 -0.3470410108566284
v 0.030321000143885612 0.32611900568008423 -0.3470410108566284
v 0.034988999366760254 0.31420350074768066 -0.3427940011024475
v 0.06060250103473663 0.32301050424575806 -0.3668454885482788
v 0.034988999366760254 0.31420350074768066 -0.3427940011024475
v 0.030321000143885612 0.32611900568008423 -0.3470410108566284
v 0 0.323325514793396 -0.33941149711608887
v 0 0.323325514793396 -0.33941149711608887
v 0 0.3109799921512604 -0.3339900076389313
v 0.034988999366760254 0.31420350074768066 -0.3427940011024475
v 0 0.3109799921512604 -0.3339900076389313
v 0 0.323325514793396 -0.33941149711608887
v -0.030321000143885612 0.32611900568008423 -0.3470410108566284
v -0.030321000143885612 0.32611900568008423 -0.3470410108566284
v -0.034988999366760254 0.31420350074768066 -0.3427940011024475
v 0 0.3109799921512604 -0.3339900076389313
v -0.034988999366760254 0.31420350074768066 -0.3427940011024475
v -0.030321000143885612 0.32611900568008423 -0.3470410108566284
v -0.05251749977469444 0.33375149965286255 -0.3678840100765228
v -0.05251749977469444 0.33375149965286255 -0.3678840100765228
v -0.06060250103473663 0.32301050424575806 -0.3668454885482788
v -0.034988999366760254 0.31420350074768066 -0.3427940011024475
v -0.06060250103473663 0.32301050424575806 -0.3668454885482788
v -0.05251749977469444 0.33375149965286255 -0.3678840100765228
v -0.060642000287771225 0.3441770076751709 -0.3963559865951538
v -0.060642000287771225 0.3441770076751709 -0.3963559865951538
v -0.06997749954462051 0.33504149317741394 -0.39970099925994873
v -0.06060250103473663 0.32301050424575806 -0.3668454885482788
v 0.11086899787187576 0.267661988735199 -1.1507500410079956
v 0.20485949516296387 0.20485949516296387 -1.1507500410079956
v 0 6.858999768155627e-8 -1.1507500410079956
v 0.20485949516296387 0.20485949516296387 -1.1507500410079956
v 0.267661988735199 0.11086949706077576 -1.1507500410079956
v 0 6.858999768155627e-8 -1.1507500410079956
v 0.267661988735199 0.11086949706077576 -1.1507500410079956
v 0.2897154986858368 6.858999768155627e-8 -1.1507500410079956
v 0 6.858999768155627e-8 -1.1507500410079956
v 0.2897154986858368 6.858999768155627e-8 -1.1507500410079956
v 0.267661988735199 -0.11086899787187576 -1.1507500410079956
v 0 6.858999768155627e-8 -1.1507500410079956
v 0.267661988735199 -0.11086899787187576 -1.1507500410079956
v 0.20485949516296387 -0.20485949516296387 -1.1507500410079956
v 0 6.858999768155627e-8 -1.1507500410079956
v 0.20485949516296387 -0.20485949516296387 -1.1507500410079956
v 0.11086899787187576 -0.267661988735199 -1.1507500410079956
v 0 6.858999768155627e-8 -1.1507500410079956
v 0.11086899787187576 -0.267661988735199 -1.1507500410079956
v 0 -0.2897154986858368 -1.1507500410079956
v 0 6.858999768155627e-8 -1.1507500410079956
v 0 -0.2897154986858368 -1.1507500410079956
v -0.11086899787187576 -0.267661988735199 -1.1507500410079956
v 0 6.858999768155627e-8 -1.1507500410079956
v -0.11086899787187576 -0.267661988735199 -1.1507500410079956
v -0.20485949516296387 -0.20486000180244446 -1.1507500410079956
v 0 6.858999768155627e-8 -1.1507500410079956
v -0.20485949516296387 -0.20486000180244446 -1.1507500410079956
v -0.267661988735199 -0.11086949706077576 -1.1507500410079956
v 0 6.858999768155627e-8 -1.1507500410079956
v -0.267661988735199 -0.11086949706077576 -1.1507500410079956
v -0.2897154986858368 6.858999768155627e-8 -1.1507500410079956
v 0 6.858999768155627e-8 -1.1507500410079956
v -0.2897154986858368 6.858999768155627e-8 -1.1507500410079956
v -0.267661988735199 0.11086949706077576 -1.1507500410079956
v 0 6.858999768155627e-8 -1.1507500410079956
v -0.267661988735199 0.11086949706077576 -1.1507500410079956
v -0.20485949516296387 0.20485949516296387 -1.1507500410079956
v 0 6.858999768155627e-8 -1.1507500410079956
v -0.20485949516296387 0.20485949516296387 -1.1507500410079956
v -0.11086949706077576 0.267661988735199 -1.1507500410079956
v 0 6.858999768155627e-8 -1.1507500410079956
v -0.11086949706077576 0.267661988735199 -1.1507500410079956
v 0 0.2897154986858368 -1.1507500410079956
v 0 6.858999768155627e-8 -1.1507500410079956
v 0 0.2897154986858368 -1.1507500410079956
v 0.11086899787187576 0.267661988735199 -1.1507500410079956
v 0 6.858999768155627e-8 -1.1507500410079956
v 0 -0.26061999797821045 0.8948249816894531
v 0.09973499923944473 -0.2407815009355545 0.8948249816894531
v 0.09973499923944473 -0.2407815009355545 1.09409499168396
v 0.09973499923944473 -0.2407815009355545 1.09409499168396
v 0 -0.26061999797821045 1.09409499168396
v 0 -0.26061999797821045 0.8948249816894531
v 0.09973499923944473 -0.2407815009355545 0.8948249816894531
v 0.1842859983444214 -0.18428650498390198 0.8948249816894531
v 0.1842859983444214 -0.1842859983444214 1.09409499168396
v 0.1842859983444214 -0.1842859983444214 1.09409499168396
v 0.09973499923944473 -0.2407815009355545 1.09409499168396
v 0.09973499923944473 -0.2407815009355545 0.8948249816894531
v 0.1842859983444214 -0.18428650498390198 0.8948249816894531
v 0.2407815009355545 -0.09973499923944473 0.8948249816894531
v 0.2407815009355545 -0.09973499923944473 1.09409499168396
v 0.2407815009355545 -0.09973499923944473 1.09409499168396
v 0.1842859983444214 -0.1842859983444214 1.09409499168396
v 0.1842859983444214 -0.18428650498390198 0.8948249816894531
v 0.2407815009355545 -0.09973499923944473 0.8948249816894531
v 0.26061999797821045 0 0.8948249816894531
v 0.26061999797821045 -6.521300122130924e-8 1.09409499168396
v 0.26061999797821045 -6.521300122130924e-8 1.09409499168396
v 0.2407815009355545 -0.09973499923944473 1.09409499168396
v 0.2407815009355545 -0.09973499923944473 0.8948249816894531
v 0.26061999797821045 0 0.8948249816894531
v 0.2407815009355545 0.09973499923944473 0.8948249816894531
v 0.2407815009355545 0.09973499923944473 1.09409499168396
v 0.2407815009355545 0.09973499923944473 1.09409499168396
v 0.26061999797821045 -6.521300122130924e-8 1.09409499168396
v 0.26061999797821045 0 0.8948249816894531
v 0.1842859983444214 0.1842859983444214 0.8948249816894531
v 0.1842859983444214 0.1842859983444214 1.09409499168396
v 0.2407815009355545 0.09973499923944473 1.09409499168396
v 0.2407815009355545 0.09973499923944473 1.09409499168396
v 0.2407815009355545 0.09973499923944473 0.8948249816894531
v 0.1842859983444214 0.1842859983444214 0.8948249816894531
v 0.1842859983444214 0.1842859983444214 0.8948249816894531
v 0.09973499923944473 0.2407815009355545 0.8948249816894531
v 0.09973499923944473 0.2407815009355545 1.09409499168396
v 0.09973499923944473 0.2407815009355545 1.09409499168396
v 0.1842859983444214 0.1842859983444214 1.09409499168396
v 0.1842859983444214 0.1842859983444214 0.8948249816894531
v 0.049867499619722366 0.256025493144989 0.9389600157737732
v 0 0.26061999797821045 0.9521549940109253
v 0 0.26061999797821045 1.09409499168396
v 0 0.26061999797821045 1.09409499168396
v 0.09973499923944473 0.2407815009355545 1.09409499168396
v 0.049867499619722366 0.256025493144989 0.9389600157737732
v 0.05753200128674507 -0.13889449834823608 1.2498849630355835
v 0 -7.44989989698297e-8 1.2498849630355835
v 0 -0.15033850073814392 1.2498849630355835
v 0.10630550235509872 -0.10630550235509872 1.2498849630355835
v 0 -7.44989989698297e-8 1.2498849630355835
v 0.05753200128674507 -0.13889449834823608 1.2498849630355835
v 0.13889449834823608 -0.05753200128674507 1.2498849630355835
v 0 -7.44989989698297e-8 1.2498849630355835
v 0.10630550235509872 -0.10630550235509872 1.2498849630355835
v 0.15033850073814392 -7.44989989698297e-8 1.2498849630355835
v 0 -7.44989989698297e-8 1.2498849630355835
v 0.13889449834823608 -0.05753200128674507 1.2498849630355835
v 0.13889500498771667 0.05753200128674507 1.2498849630355835
v 0 -7.44989989698297e-8 1.2498849630355835
v 0.15033850073814392 -7.44989989698297e-8 1.2498849630355835
v 0.10630550235509872 0.10630550235509872 1.2498849630355835
v 0 -7.44989989698297e-8 1.2498849630355835
v 0.13889500498771667 0.05753200128674507 1.2498849630355835
v 0.05753200128674507 0.13889449834823608 1.2498849630355835
v 0 -7.44989989698297e-8 1.2498849630355835
v 0.10630550235509872 0.10630550235509872 1.2498849630355835
v 0 0.15033850073814392 1.2498849630355835
v 0 -7.44989989698297e-8 1.2498849630355835
v 0.05753200128674507 0.13889449834823608 1.2498849630355835
v 0.12808750569820404 0.36680150032043457 -1.2188949584960938
v 0 0.3946995139122009 -1.2188949584960938
v 0 0.3664965033531189 -0.9914550185203552
v 0 0.3664965033531189 -0.9914550185203552
v 0.12274900078773499 0.33859848976135254 -0.9914550185203552
v 0.12808750569820404 0.36680150032043457 -1.2188949584960938
v 0.25915250182151794 0.25915199518203735 -0.9914550185203552
v 0.25915250182151794 0.25915250182151794 -1.2381349802017212
v 0.1402525007724762 0.33859899640083313 -1.2381349802017212
v 0.1402525007724762 0.33859899640083313 -1.2381349802017212
v 0.12274900078773499 0.33859848976135254 -0.9914550185203552
v 0.25915250182151794 0.25915199518203735 -0.9914550185203552
v 0.33859899640083313 0.1402519941329956 -1.2381349802017212
v 0.25915250182151794 0.25915250182151794 -1.2381349802017212
v 0.25915250182151794 0.25915199518203735 -0.9914550185203552
v 0.25915250182151794 0.25915199518203735 -0.9914550185203552
v 0.33859899640083313 0.1402519941329956 -0.9914550185203552
v 0.33859899640083313 0.1402519941329956 -1.2381349802017212
v 0.3664970099925995 -4.40904500464967e-7 -0.9914550185203552
v 0.3951284885406494 7.265199997164018e-8 -1.2188949584960938
v 0.36723050475120544 0.12415699660778046 -1.2188949584960938
v 0.36723050475120544 0.12415699660778046 -1.2188949584960938
v 0.33859899640083313 0.1402519941329956 -0.9914550185203552
v 0.3664970099925995 -4.40904500464967e-7 -0.9914550185203552
v 0.36723050475120544 -0.12415699660778046 -1.2188949584960938
v 0.3951284885406494 7.265199997164018e-8 -1.2188949584960938
v 0.3664970099925995 -4.40904500464967e-7 -0.9914550185203552
v 0.3664970099925995 -4.40904500464967e-7 -0.9914550185203552
v 0.33859899640083313 -0.1402525007724762 -0.9914550185203552
v 0.36723050475120544 -0.12415699660778046 -1.2188949584960938
v 0.25915250182151794 -0.25915250182151794 -1.2381349802017212
v 0.33859899640083313 -0.1402525007724762 -1.2381349802017212
v 0.33859899640083313 -0.1402525007724762 -0.9914550185203552
v 0.33859899640083313 -0.1402525007724762 -0.9914550185203552
v 0.25915250182151794 -0.25915300846099854 -0.9914550185203552
v 0.25915250182151794 -0.25915250182151794 -1.2381349802017212
v 0.1402519941329956 -0.33859899640083313 -1.2381349802017212
v 0.25915250182151794 -0.25915250182151794 -1.2381349802017212
v 0.25915250182151794 -0.25915300846099854 -0.9914550185203552
v 0.25915250182151794 -0.25915300846099854 -0.9914550185203552
v 0.12274900078773499 -0.3385995030403137 -0.9914550185203552
v 0.1402519941329956 -0.33859899640083313 -1.2381349802017212
v 0 -0.3664970099925995 -0.9914550185203552
v 0 -0.3946995139122009 -1.2188949584960938
v 0.12808750569820404 -0.36680150032043457 -1.2188949584960938
v 0.12808750569820404 -0.36680150032043457 -1.2188949584960938
v 0.12274900078773499 -0.3385995030403137 -0.9914550185203552
v 0 -0.3664970099925995 -0.9914550185203552
v 0.1402525007724762 0.33859848976135254 -0.9376599788665771
v 0 0.3664965033531189 -0.9376599788665771
v 0 0.3664965033531189 -0.6895350217819214
v 0 0.3664965033531189 -0.6895350217819214
v 0.1402525007724762 0.33859848976135254 -0.6895350217819214
v 0.1402525007724762 0.33859848976135254 -0.9376599788665771
v 0.25915250182151794 0.25915199518203735 -0.9376599788665771
v 0.1402525007724762 0.33859848976135254 -0.9376599788665771
v 0.1402525007724762 0.33859848976135254 -0.6895350217819214
v 0.1402525007724762 0.33859848976135254 -0.6895350217819214
v 0.25915250182151794 0.25915199518203735 -0.6895350217819214
v 0.25915250182151794 0.25915199518203735 -0.9376599788665771
v 0.33859899640083313 0.1402519941329956 -0.9376599788665771
v 0.25915250182151794 0.25915199518203735 -0.9376599788665771
v 0.25915250182151794 0.25915199518203735 -0.6895350217819214
v 0.25915250182151794 0.25915199518203735 -0.6895350217819214
v 0.33859899640083313 0.1402519941329956 -0.6895350217819214
v 0.33859899640083313 0.1402519941329956 -0.9376599788665771
v 0.3664970099925995 -4.4411100930119574e-7 -0.9376599788665771
v 0.33859899640083313 0.1402519941329956 -0.9376599788665771
v 0.33859899640083313 0.1402519941329956 -0.6895350217819214
v 0.33859899640083313 0.1402519941329956 -0.6895350217819214
v 0.3664970099925995 -4.5890050159869133e-7 -0.6895350217819214
v 0.3664970099925995 -4.4411100930119574e-7 -0.9376599788665771
v 0.33859899640083313 -0.1402525007724762 -0.9376599788665771
v 0.3664970099925995 -4.4411100930119574e-7 -0.9376599788665771
v 0.3664970099925995 -4.5890050159869133e-7 -0.6895350217819214
v 0.3664970099925995 -4.5890050159869133e-7 -0.6895350217819214
v 0.33859899640083313 -0.1402525007724762 -0.6895350217819214
v 0.33859899640083313 -0.1402525007724762 -0.9376599788665771
v 0.25915250182151794 -0.25915300846099854 -0.9376599788665771
v 0.33859899640083313 -0.1402525007724762 -0.9376599788665771
v 0.33859899640083313 -0.1402525007724762 -0.6895350217819214
v 0.33859899640083313 -0.1402525007724762 -0.6895350217819214
v 0.25915250182151794 -0.25915300846099854 -0.6895350217819214
v 0.25915250182151794 -0.25915300846099854 -0.9376599788665771
v 0.1402525007724762 -0.3385995030403137 -0.9376599788665771
v 0.25915250182151794 -0.25915300846099854 -0.9376599788665771
v 0.25915250182151794 -0.25915300846099854 -0.6895350217819214
v 0.25915250182151794 -0.25915300846099854 -0.6895350217819214
v 0.1402525007724762 -0.3385995030403137 -0.6895350217819214
v 0.1402525007724762 -0.3385995030403137 -0.9376599788665771
v 0 -0.3664970099925995 -0.9376599788665771
v 0.1402525007724762 -0.3385995030403137 -0.9376599788665771
v 0.1402525007724762 -0.3385995030403137 -0.6895350217819214
v 0.1402525007724762 -0.3385995030403137 -0.6895350217819214
v 0 -0.3664970099925995 -0.6895350217819214
v 0 -0.3664970099925995 -0.9376599788665771
v 0.11720000207424164 0.28294599056243896 -0.393110990524292
v 0 0.30625849962234497 -0.393110990524292
v 0 0.26061949133872986 -0.3008284866809845
v 0 0.26061949133872986 -0.3008284866809845
v 0.09973499923944473 0.2407815009355545 -0.3008284866809845
v 0.11720000207424164 0.28294599056243896 -0.393110990524292
v 0.21655750274658203 0.21655699610710144 -0.393110990524292
v 0.11720000207424164 0.28294599056243896 -0.393110990524292
v 0.09973499923944473 0.2407815009355545 -0.3008284866809845
v 0.09973499923944473 0.2407815009355545 -0.3008284866809845
v 0.1842859983444214 0.1842859983444214 -0.3008284866809845
v 0.21655750274658203 0.21655699610710144 -0.393110990524292
v 0.28294599056243896 0.11720000207424164 -0.393110990524292
v 0.21655750274658203 0.21655699610710144 -0.393110990524292
v 0.1842859983444214 0.1842859983444214 -0.3008284866809845
v 0.1842859983444214 0.1842859983444214 -0.3008284866809845
v 0.2407815009355545 0.09973450005054474 -0.3008284866809845
v 0.28294599056243896 0.11720000207424164 -0.393110990524292
v 0.30625849962234497 -4.765684877838794e-7 -0.393110990524292
v 0.28294599056243896 0.11720000207424164 -0.393110990524292
v 0.2407815009355545 0.09973450005054474 -0.3008284866809845
v 0.2407815009355545 0.09973450005054474 -0.3008284866809845
v 0.26061999797821045 -4.820690264750738e-7 -0.3008284866809845
v 0.30625849962234497 -4.765684877838794e-7 -0.393110990524292
v 0.28294599056243896 -0.11720050126314163 -0.393110990524292
v 0.30625849962234497 -4.765684877838794e-7 -0.393110990524292
v 0.26061999797821045 -4.820690264750738e-7 -0.3008284866809845
v 0.26061999797821045 -4.820690264750738e-7 -0.3008284866809845
v 0.2407815009355545 -0.09973549842834473 -0.3008284866809845
v 0.28294599056243896 -0.11720050126314163 -0.393110990524292
v 0.21655750274658203 -0.21655799448490143 -0.393110990524292
v 0.28294599056243896 -0.11720050126314163 -0.393110990524292
v 0.2407815009355545 -0.09973549842834473 -0.3008284866809845
v 0.2407815009355545 -0.09973549842834473 -0.3008284866809845
v 0.1842859983444214 -0.18428650498390198 -0.3008284866809845
v 0.21655750274658203 -0.21655799448490143 -0.393110990524292
v 0.11720000207424164 -0.28294649720191956 -0.393110990524292
v 0.21655750274658203 -0.21655799448490143 -0.393110990524292
v 0.1842859983444214 -0.18428650498390198 -0.3008284866809845
v 0.1842859983444214 -0.18428650498390198 -0.3008284866809845
v 0.09973499923944473 -0.2407819926738739 -0.3008284866809845
v 0.11720000207424164 -0.28294649720191956 -0.393110990524292
v 0 -0.30625900626182556 -0.393110990524292
v 0.11720000207424164 -0.28294649720191956 -0.393110990524292
v 0.09973499923944473 -0.2407819926738739 -0.3008284866809845
v 0.09973499923944473 -0.2407819926738739 -0.3008284866809845
v 0 -0.26061999797821045 -0.3008284866809845
v 0 -0.30625900626182556 -0.393110990524292
v 0.13673800230026245 0.3301140069961548 -0.588254988193512
v 0 0.35731300711631775 -0.588254988193512
v 0 0.3391270041465759 -0.49265849590301514
v 0 0.3391270041465759 -0.49265849590301514
v 0.12977850437164307 0.31331250071525574 -0.49265849590301514
v 0.13673800230026245 0.3301140069961548 -0.588254988193512
v 0.25265899300575256 0.252658486366272 -0.588254988193512
v 0.13673800230026245 0.3301140069961548 -0.588254988193512
v 0.12977850437164307 0.31331250071525574 -0.49265849590301514
v 0.12977850437164307 0.31331250071525574 -0.49265849590301514
v 0.23979949951171875 0.23979899287223816 -0.49265849590301514
v 0.25265899300575256 0.252658486366272 -0.588254988193512
v 0.3301145136356354 0.13673749566078186 -0.588254988193512
v 0.25265899300575256 0.252658486366272 -0.588254988193512
v 0.23979949951171875 0.23979899287223816 -0.49265849590301514
v 0.23979949951171875 0.23979899287223816 -0.49265849590301514
v 0.31331300735473633 0.12977799773216248 -0.49265849590301514
v 0.3301145136356354 0.13673749566078186 -0.588254988193512
v 0.35731351375579834 -4.649375000553846e-7 -0.588254988193512
v 0.3301145136356354 0.13673749566078186 -0.588254988193512
v 0.31331300735473633 0.12977799773216248 -0.49265849590301514
v 0.31331300735473633 0.12977799773216248 -0.49265849590301514
v 0.3391275107860565 -4.706355127837014e-7 -0.49265849590301514
v 0.35731351375579834 -4.649375000553846e-7 -0.588254988193512
v 0.3301145136356354 -0.13673849403858185 -0.588254988193512
v 0.35731351375579834 -4.649375000553846e-7 -0.588254988193512
v 0.3391275107860565 -4.706355127837014e-7 -0.49265849590301514
v 0.3391275107860565 -4.706355127837014e-7 -0.49265849590301514
v 0.31331300735473633 -0.12977850437164307 -0.49265849590301514
v 0.3301145136356354 -0.13673849403858185 -0.588254988193512
v 0.25265899300575256 -0.25265899300575256 -0.588254988193512
v 0.3301145136356354 -0.13673849403858185 -0.588254988193512
v 0.31331300735473633 -0.12977850437164307 -0.49265849590301514
v 0.31331300735473633 -0.12977850437164307 -0.49265849590301514
v 0.23979899287223816 -0.23979949951171875 -0.49265849590301514
v 0.25265899300575256 -0.25265899300575256 -0.588254988193512
v 0.13673800230026245 -0.3301149904727936 -0.588254988193512
v 0.25265899300575256 -0.25265899300575256 -0.588254988193512
v 0.23979899287223816 -0.23979949951171875 -0.49265849590301514
v 0.23979899287223816 -0.23979949951171875 -0.49265849590301514
v 0.12977850437164307 -0.31331300735473633 -0.49265849590301514
v 0.13673800230026245 -0.3301149904727936 -0.588254988193512
v 0 -0.35731351375579834 -0.588254988193512
v 0.13673800230026245 -0.3301149904727936 -0.588254988193512
v 0.12977850437164307 -0.31331300735473633 -0.49265849590301514
v 0.12977850437164307 -0.31331300735473633 -0.49265849590301514
v 0 -0.3391275107860565 -0.49265849590301514
v 0 -0.35731351375579834 -0.588254988193512
v 0.1402525007724762 0.33859848976135254 -0.6895350217819214
v 0 0.3664965033531189 -0.6895350217819214
v 0 0.35731300711631775 -0.588254988193512
v 0 0.35731300711631775 -0.588254988193512
v 0.13673800230026245 0.3301140069961548 -0.588254988193512
v 0.1402525007724762 0.33859848976135254 -0.6895350217819214
v 0.25915250182151794 0.25915199518203735 -0.6895350217819214
v 0.1402525007724762 0.33859848976135254 -0.6895350217819214
v 0.13673800230026245 0.3301140069961548 -0.588254988193512
v 0.13673800230026245 0.3301140069961548 -0.588254988193512
v 0.25265899300575256 0.252658486366272 -0.588254988193512
v 0.25915250182151794 0.25915199518203735 -0.6895350217819214
v 0.33859899640083313 0.1402519941329956 -0.6895350217819214
v 0.25915250182151794 0.25915199518203735 -0.6895350217819214
v 0.25265899300575256 0.252658486366272 -0.588254988193512
v 0.25265899300575256 0.252658486366272 -0.588254988193512
v 0.3301145136356354 0.13673749566078186 -0.588254988193512
v 0.33859899640083313 0.1402519941329956 -0.6895350217819214
v 0.3664970099925995 -4.5890050159869133e-7 -0.6895350217819214
v 0.33859899640083313 0.1402519941329956 -0.6895350217819214
v 0.3301145136356354 0.13673749566078186 -0.588254988193512
v 0.3301145136356354 0.13673749566078186 -0.588254988193512
v 0.35731351375579834 -4.649375000553846e-7 -0.588254988193512
v 0.3664970099925995 -4.5890050159869133e-7 -0.6895350217819214
v 0.33859899640083313 -0.1402525007724762 -0.6895350217819214
v 0.3664970099925995 -4.5890050159869133e-7 -0.6895350217819214
v 0.35731351375579834 -4.649375000553846e-7 -0.588254988193512
v 0.35731351375579834 -4.649375000553846e-7 -0.588254988193512
v 0.3301145136356354 -0.13673849403858185 -0.588254988193512
v 0.33859899640083313 -0.1402525007724762 -0.6895350217819214
v 0.25915250182151794 -0.25915300846099854 -0.6895350217819214
v 0.33859899640083313 -0.1402525007724762 -0.6895350217819214
v 0.3301145136356354 -0.13673849403858185 -0.588254988193512
v 0.3301145136356354 -0.13673849403858185 -0.588254988193512
v 0.25265899300575256 -0.25265899300575256 -0.588254988193512
v 0.25915250182151794 -0.25915300846099854 -0.6895350217819214
v 0.1402525007724762 -0.3385995030403137 -0.6895350217819214
v 0.25915250182151794 -0.25915300846099854 -0.6895350217819214
v 0.25265899300575256 -0.25265899300575256 -0.588254988193512
v 0.25265899300575256 -0.25265899300575256 -0.588254988193512
v 0.13673800230026245 -0.3301149904727936 -0.588254988193512
v 0.1402525007724762 -0.3385995030403137 -0.6895350217819214
v 0 -0.3664970099925995 -0.6895350217819214
v 0.1402525007724762 -0.3385995030403137 -0.6895350217819214
v 0.13673800230026245 -0.3301149904727936 -0.588254988193512
v 0.13673800230026245 -0.3301149904727936 -0.588254988193512
v 0 -0.35731351375579834 -0.588254988193512
v 0 -0.3664970099925995 -0.6895350217819214
v 0.12977850437164307 0.31331250071525574 -0.49265849590301514
v 0 0.3391270041465759 -0.49265849590301514
v 0 0.30625849962234497 -0.393110990524292
v 0 0.30625849962234497 -0.393110990524292
v 0.11720000207424164 0.28294599056243896 -0.393110990524292
v 0.12977850437164307 0.31331250071525574 -0.49265849590301514
v 0.23979949951171875 0.23979899287223816 -0.49265849590301514
v 0.12977850437164307 0.31331250071525574 -0.49265849590301514
v 0.11720000207424164 0.28294599056243896 -0.393110990524292
v 0.11720000207424164 0.28294599056243896 -0.393110990524292
v 0.21655750274658203 0.21655699610710144 -0.393110990524292
v 0.23979949951171875 0.23979899287223816 -0.49265849590301514
v 0.31331300735473633 0.12977799773216248 -0.49265849590301514
v 0.23979949951171875 0.23979899287223816 -0.49265849590301514
v 0.21655750274658203 0.21655699610710144 -0.393110990524292
v 0.21655750274658203 0.21655699610710144 -0.393110990524292
v 0.28294599056243896 0.11720000207424164 -0.393110990524292
v 0.31331300735473633 0.12977799773216248 -0.49265849590301514
v 0.3391275107860565 -4.706355127837014e-7 -0.49265849590301514
v 0.31331300735473633 0.12977799773216248 -0.49265849590301514
v 0.28294599056243896 0.11720000207424164 -0.393110990524292
v 0.28294599056243896 0.11720000207424164 -0.393110990524292
v 0.30625849962234497 -4.765684877838794e-7 -0.393110990524292
v 0.3391275107860565 -4.706355127837014e-7 -0.49265849590301514
v 0.31331300735473633 -0.12977850437164307 -0.49265849590301514
v 0.3391275107860565 -4.706355127837014e-7 -0.49265849590301514
v 0.30625849962234497 -4.765684877838794e-7 -0.393110990524292
v 0.30625849962234497 -4.765684877838794e-7 -0.393110990524292
v 0.28294599056243896 -0.11720050126314163 -0.393110990524292
v 0.31331300735473633 -0.12977850437164307 -0.49265849590301514
v 0.23979899287223816 -0.23979949951171875 -0.49265849590301514
v 0.31331300735473633 -0.12977850437164307 -0.49265849590301514
v 0.28294599056243896 -0.11720050126314163 -0.393110990524292
v 0.28294599056243896 -0.11720050126314163 -0.393110990524292
v 0.21655750274658203 -0.21655799448490143 -0.393110990524292
v 0.23979899287223816 -0.23979949951171875 -0.49265849590301514
v 0.12977850437164307 -0.31331300735473633 -0.49265849590301514
v 0.23979899287223816 -0.23979949951171875 -0.49265849590301514
v 0.21655750274658203 -0.21655799448490143 -0.393110990524292
v 0.21655750274658203 -0.21655799448490143 -0.393110990524292
v 0.11720000207424164 -0.28294649720191956 -0.393110990524292
v 0.12977850437164307 -0.31331300735473633 -0.49265849590301514
v 0 -0.3391275107860565 -0.49265849590301514
v 0.12977850437164307 -0.31331300735473633 -0.49265849590301514
v 0.11720000207424164 -0.28294649720191956 -0.393110990524292
v 0.11720000207424164 -0.28294649720191956 -0.393110990524292
v 0 -0.30625900626182556 -0.393110990524292
v 0 -0.3391275107860565 -0.49265849590301514
v 0.13156349956989288 0.31762200593948364 -0.9792050123214722
v 0 0.34379199147224426 -0.9792050123214722
v 0 0.34379199147224426 -0.9499049782752991
v 0 0.34379199147224426 -0.9499049782752991
v 0.13156349956989288 0.31762200593948364 -0.9499049782752991
v 0.13156349956989288 0.31762200593948364 -0.9792050123214722
v 0.24309800565242767 0.24309749901294708 -0.9792050123214722
v 0.13156349956989288 0.31762200593948364 -0.9792050123214722
v 0.13156349956989288 0.31762200593948364 -0.9499049782752991
v 0.13156349956989288 0.31762200593948364 -0.9499049782752991
v 0.24309800565242767 0.24309749901294708 -0.9499049782752991
v 0.24309800565242767 0.24309749901294708 -0.9792050123214722
v 0.31762251257896423 0.1315629929304123 -0.9792050123214722
v 0.24309800565242767 0.24309749901294708 -0.9792050123214722
v 0.24309800565242767 0.24309749901294708 -0.9499049782752991
v 0.24309800565242767 0.24309749901294708 -0.9499049782752991
v 0.31762251257896423 0.1315629929304123 -0.9499049782752991
v 0.31762251257896423 0.1315629929304123 -0.9792050123214722
v 0.34379199147224426 -4.4163499524074723e-7 -0.9792050123214722
v 0.31762251257896423 0.1315629929304123 -0.9792050123214722
v 0.31762251257896423 0.1315629929304123 -0.9499049782752991
v 0.31762251257896423 0.1315629929304123 -0.9499049782752991
v 0.34379199147224426 -4.4338150928524556e-7 -0.9499049782752991
v 0.34379199147224426 -4.4163499524074723e-7 -0.9792050123214722
v 0.31762251257896423 -0.13156400620937347 -0.9792050123214722
v 0.34379199147224426 -4.4163499524074723e-7 -0.9792050123214722
v 0.34379199147224426 -4.4338150928524556e-7 -0.9499049782752991
v 0.34379199147224426 -4.4338150928524556e-7 -0.9499049782752991
v 0.31762251257896423 -0.13156400620937347 -0.9499049782752991
v 0.31762251257896423 -0.13156400620937347 -0.9792050123214722
v 0.24309749901294708 -0.24309800565242767 -0.9792050123214722
v 0.31762251257896423 -0.13156400620937347 -0.9792050123214722
v 0.31762251257896423 -0.13156400620937347 -0.9499049782752991
v 0.31762251257896423 -0.13156400620937347 -0.9499049782752991
v 0.24309749901294708 -0.24309800565242767 -0.9499049782752991
v 0.24309749901294708 -0.24309800565242767 -0.9792050123214722
v 0.13156349956989288 -0.31762298941612244 -0.9792050123214722
v 0.24309749901294708 -0.24309800565242767 -0.9792050123214722
v 0.24309749901294708 -0.24309800565242767 -0.9499049782752991
v 0.24309749901294708 -0.24309800565242767 -0.9499049782752991
v 0.13156349956989288 -0.31762298941612244 -0.9499049782752991
v 0.13156349956989288 -0.31762298941612244 -0.9792050123214722
v 0 -0.34379249811172485 -0.9792050123214722
v 0.13156349956989288 -0.31762298941612244 -0.9792050123214722
v 0.13156349956989288 -0.31762298941612244 -0.9499049782752991
v 0.13156349956989288 -0.31762298941612244 -0.9499049782752991
v 0 -0.34379249811172485 -0.9499049782752991
v 0 -0.34379249811172485 -0.9792050123214722
v 0.13156349956989288 0.31762200593948364 -0.9499049782752991
v 0 0.34379199147224426 -0.9499049782752991
v 0 0.3664965033531189 -0.9376599788665771
v 0 0.3664965033531189 -0.9376599788665771
v 0.1402525007724762 0.33859848976135254 -0.9376599788665771
v 0.13156349956989288 0.31762200593948364 -0.9499049782752991
v 0 0.34379199147224426 -0.9792050123214722
v 0.13156349956989288 0.31762200593948364 -0.9792050123214722
v 0.12274900078773499 0.33859848976135254 -0.9914550185203552
v 0.12274900078773499 0.33859848976135254 -0.9914550185203552
v 0 0.3664965033531189 -0.9914550185203552
v 0 0.34379199147224426 -0.9792050123214722
v 0.24309800565242767 0.24309749901294708 -0.9499049782752991
v 0.13156349956989288 0.31762200593948364 -0.9499049782752991
v 0.1402525007724762 0.33859848976135254 -0.9376599788665771
v 0.1402525007724762 0.33859848976135254 -0.9376599788665771
v 0.25915250182151794 0.25915199518203735 -0.9376599788665771
v 0.24309800565242767 0.24309749901294708 -0.9499049782752991
v 0.13156349956989288 0.31762200593948364 -0.9792050123214722
v 0.24309800565242767 0.24309749901294708 -0.9792050123214722
v 0.25915250182151794 0.25915199518203735 -0.9914550185203552
v 0.25915250182151794 0.25915199518203735 -0.9914550185203552
v 0.12274900078773499 0.33859848976135254 -0.9914550185203552
v 0.13156349956989288 0.31762200593948364 -0.9792050123214722
v 0.31762251257896423 0.1315629929304123 -0.9499049782752991
v 0.24309800565242767 0.24309749901294708 -0.9499049782752991
v 0.25915250182151794 0.25915199518203735 -0.9376599788665771
v 0.25915250182151794 0.25915199518203735 -0.9376599788665771
v 0.33859899640083313 0.1402519941329956 -0.9376599788665771
v 0.31762251257896423 0.1315629929304123 -0.9499049782752991
v 0.24309800565242767 0.24309749901294708 -0.9792050123214722
v 0.31762251257896423 0.1315629929304123 -0.9792050123214722
v 0.33859899640083313 0.1402519941329956 -0.9914550185203552
v 0.33859899640083313 0.1402519941329956 -0.9914550185203552
v 0.25915250182151794 0.25915199518203735 -0.9914550185203552
v 0.24309800565242767 0.24309749901294708 -0.9792050123214722
v 0.34379199147224426 -4.4338150928524556e-7 -0.9499049782752991
v 0.31762251257896423 0.1315629929304123 -0.9499049782752991
v 0.33859899640083313 0.1402519941329956 -0.9376599788665771
v 0.33859899640083313 0.1402519941329956 -0.9376599788665771
v 0.3664970099925995 -4.4411100930119574e-7 -0.9376599788665771
v 0.34379199147224426 -4.4338150928524556e-7 -0.9499049782752991
v 0.31762251257896423 0.1315629929304123 -0.9792050123214722
v 0.34379199147224426 -4.4163499524074723e-7 -0.9792050123214722
v 0.3664970099925995 -4.40904500464967e-7 -0.9914550185203552
v 0.3664970099925995 -4.40904500464967e-7 -0.9914550185203552
v 0.33859899640083313 0.1402519941329956 -0.9914550185203552
v 0.31762251257896423 0.1315629929304123 -0.9792050123214722
v 0.31762251257896423 -0.13156400620937347 -0.9499049782752991
v 0.34379199147224426 -4.4338150928524556e-7 -0.9499049782752991
v 0.3664970099925995 -4.4411100930119574e-7 -0.9376599788665771
v 0.3664970099925995 -4.4411100930119574e-7 -0.9376599788665771
v 0.33859899640083313 -0.1402525007724762 -0.9376599788665771
v 0.31762251257896423 -0.13156400620937347 -0.9499049782752991
v 0.34379199147224426 -4.4163499524074723e-7 -0.9792050123214722
v 0.31762251257896423 -0.13156400620937347 -0.9792050123214722
v 0.33859899640083313 -0.1402525007724762 -0.9914550185203552
v 0.33859899640083313 -0.1402525007724762 -0.9914550185203552
v 0.3664970099925995 -4.40904500464967e-7 -0.9914550185203552
v 0.34379199147224426 -4.4163499524074723e-7 -0.9792050123214722
v 0.24309749901294708 -0.24309800565242767 -0.9499049782752991
v 0.31762251257896423 -0.13156400620937347 -0.9499049782752991
v 0.33859899640083313 -0.1402525007724762 -0.9376599788665771
v 0.33859899640083313 -0.1402525007724762 -0.9376599788665771
v 0.25915250182151794 -0.25915300846099854 -0.9376599788665771
v 0.24309749901294708 -0.24309800565242767 -0.9499049782752991
v 0.31762251257896423 -0.13156400620937347 -0.9792050123214722
v 0.24309749901294708 -0.24309800565242767 -0.9792050123214722
v 0.25915250182151794 -0.25915300846099854 -0.9914550185203552
v 0.25915250182151794 -0.25915300846099854 -0.9914550185203552
v 0.33859899640083313 -0.1402525007724762 -0.9914550185203552
v 0.31762251257896423 -0.13156400620937347 -0.9792050123214722
v 0.13156349956989288 -0.31762298941612244 -0.9499049782752991
v 0.24309749901294708 -0.24309800565242767 -0.9499049782752991
v 0.25915250182151794 -0.25915300846099854 -0.9376599788665771
v 0.25915250182151794 -0.25915300846099854 -0.9376599788665771
v 0.1402525007724762 -0.3385995030403137 -0.9376599788665771
v 0.13156349956989288 -0.31762298941612244 -0.9499049782752991
v 0.25915250182151794 -0.25915300846099854 -0.9914550185203552
v 0.24309749901294708 -0.24309800565242767 -0.9792050123214722
v 0.13156349956989288 -0.31762298941612244 -0.9792050123214722
v 0.13156349956989288 -0.31762298941612244 -0.9792050123214722
v 0.12274900078773499 -0.3385995030403137 -0.9914550185203552
v 0.25915250182151794 -0.25915300846099854 -0.9914550185203552
v 0 -0.34379249811172485 -0.9499049782752991
v 0.13156349956989288 -0.31762298941612244 -0.9499049782752991
v 0.1402525007724762 -0.3385995030403137 -0.9376599788665771
v 0.1402525007724762 -0.3385995030403137 -0.9376599788665771
v 0 -0.3664970099925995 -0.9376599788665771
v 0 -0.34379249811172485 -0.9499049782752991
v 0.12274900078773499 -0.3385995030403137 -0.9914550185203552
v 0.13156349956989288 -0.31762298941612244 -0.9792050123214722
v 0 -0.34379249811172485 -0.9792050123214722
v 0 -0.34379249811172485 -0.9792050123214722
v 0 -0.3664970099925995 -0.9914550185203552
v 0.12274900078773499 -0.3385995030403137 -0.9914550185203552
v 0 -0.3434000015258789 -1.2498849630355835
v 0.1314135044813156 -0.3172599971294403 -1.2498849630355835
v 0.1402519941329956 -0.33859899640083313 -1.2381349802017212
v 0.1402519941329956 -0.33859899640083313 -1.2381349802017212
v 0 -0.3664970099925995 -1.2381349802017212
v 0 -0.3434000015258789 -1.2498849630355835
v 0.1314135044813156 -0.3172599971294403 -1.2498849630355835
v 0.24282050132751465 -0.24282050132751465 -1.2498849630355835
v 0.25915250182151794 -0.25915250182151794 -1.2381349802017212
v 0.25915250182151794 -0.25915250182151794 -1.2381349802017212
v 0.1402519941329956 -0.33859899640083313 -1.2381349802017212
v 0.1314135044813156 -0.3172599971294403 -1.2498849630355835
v 0.24282050132751465 -0.24282050132751465 -1.2498849630355835
v 0.3172599971294403 -0.1314135044813156 -1.2498849630355835
v 0.33859899640083313 -0.1402525007724762 -1.2381349802017212
v 0.33859899640083313 -0.1402525007724762 -1.2381349802017212
v 0.25915250182151794 -0.25915250182151794 -1.2381349802017212
v 0.24282050132751465 -0.24282050132751465 -1.2498849630355835
v 0.3172599971294403 -0.1314135044813156 -1.2498849630355835
v 0.3434000015258789 7.44989989698297e-8 -1.2498849630355835
v 0.3664970099925995 7.379850330835325e-8 -1.2381349802017212
v 0.3664970099925995 7.379850330835325e-8 -1.2381349802017212
v 0.33859899640083313 -0.1402525007724762 -1.2381349802017212
v 0.3172599971294403 -0.1314135044813156 -1.2498849630355835
v 0.3434000015258789 7.44989989698297e-8 -1.2498849630355835
v 0.3172599971294403 0.1314135044813156 -1.2498849630355835
v 0.33859899640083313 0.1402519941329956 -1.2381349802017212
v 0.33859899640083313 0.1402519941329956 -1.2381349802017212
v 0.3664970099925995 7.379850330835325e-8 -1.2381349802017212
v 0.3434000015258789 7.44989989698297e-8 -1.2498849630355835
v 0.3172599971294403 0.1314135044813156 -1.2498849630355835
v 0.24282050132751465 0.24282050132751465 -1.2498849630355835
v 0.25915250182151794 0.25915250182151794 -1.2381349802017212
v 0.25915250182151794 0.25915250182151794 -1.2381349802017212
v 0.33859899640083313 0.1402519941329956 -1.2381349802017212
v 0.3172599971294403 0.1314135044813156 -1.2498849630355835
v 0.24282050132751465 0.24282050132751465 -1.2498849630355835
v 0.1314135044813156 0.3172599971294403 -1.2498849630355835
v 0.1402525007724762 0.33859899640083313 -1.2381349802017212
v 0.1402525007724762 0.33859899640083313 -1.2381349802017212
v 0.25915250182151794 0.25915250182151794 -1.2381349802017212
v 0.24282050132751465 0.24282050132751465 -1.2498849630355835
v 0 0.3434000015258789 -1.2498849630355835
v 0 0.3664970099925995 -1.2381349802017212
v 0.1402525007724762 0.33859899640083313 -1.2381349802017212
v 0.1402525007724762 0.33859899640083313 -1.2381349802017212
v 0.1314135044813156 0.3172599971294403 -1.2498849630355835
v 0 0.3434000015258789 -1.2498849630355835
v 0 -0.2897154986858368 -1.1507500410079956
v 0.11086899787187576 -0.267661988735199 -1.1507500410079956
v 0.12128700315952301 -0.2928124964237213 -1.2381349802017212
v 0.12128700315952301 -0.2928124964237213 -1.2381349802017212
v 0 -0.31693801283836365 -1.2381349802017212
v 0 -0.2897154986858368 -1.1507500410079956
v 0.11086899787187576 -0.267661988735199 -1.1507500410079956
v 0.20485949516296387 -0.20485949516296387 -1.1507500410079956
v 0.2241089940071106 -0.2241089940071106 -1.2381349802017212
v 0.2241089940071106 -0.2241089940071106 -1.2381349802017212
v 0.12128700315952301 -0.2928124964237213 -1.2381349802017212
v 0.11086899787187576 -0.267661988735199 -1.1507500410079956
v 0.20485949516296387 -0.20485949516296387 -1.1507500410079956
v 0.267661988735199 -0.11086899787187576 -1.1507500410079956
v 0.2928124964237213 -0.12128700315952301 -1.2381349802017212
v 0.2928124964237213 -0.12128700315952301 -1.2381349802017212
v 0.2241089940071106 -0.2241089940071106 -1.2381349802017212
v 0.20485949516296387 -0.20485949516296387 -1.1507500410079956
v 0.267661988735199 -0.11086899787187576 -1.1507500410079956
v 0.2897154986858368 6.858999768155627e-8 -1.1507500410079956
v 0.31693801283836365 7.379850330835325e-8 -1.2381349802017212
v 0.31693801283836365 7.379850330835325e-8 -1.2381349802017212
v 0.2928124964237213 -0.12128700315952301 -1.2381349802017212
v 0.267661988735199 -0.11086899787187576 -1.1507500410079956
v 0.2897154986858368 6.858999768155627e-8 -1.1507500410079956
v 0.267661988735199 0.11086949706077576 -1.1507500410079956
v 0.2928124964237213 0.12128700315952301 -1.2381349802017212
v 0.2928124964237213 0.12128700315952301 -1.2381349802017212
v 0.31693801283836365 7.379850330835325e-8 -1.2381349802017212
v 0.2897154986858368 6.858999768155627e-8 -1.1507500410079956
v 0.267661988735199 0.11086949706077576 -1.1507500410079956
v 0.20485949516296387 0.20485949516296387 -1.1507500410079956
v 0.2241089940071106 0.2241089940071106 -1.2381349802017212
v 0.2241089940071106 0.2241089940071106 -1.2381349802017212
v 0.2928124964237213 0.12128700315952301 -1.2381349802017212
v 0.267661988735199 0.11086949706077576 -1.1507500410079956
v 0.20485949516296387 0.20485949516296387 -1.1507500410079956
v 0.11086899787187576 0.267661988735199 -1.1507500410079956
v 0.12128700315952301 0.2928124964237213 -1.2381349802017212
v 0.12128700315952301 0.2928124964237213 -1.2381349802017212
v 0.2241089940071106 0.2241089940071106 -1.2381349802017212
v 0.20485949516296387 0.20485949516296387 -1.1507500410079956
v 0.11086899787187576 0.267661988735199 -1.1507500410079956
v 0 0.2897154986858368 -1.1507500410079956
v 0 0.31693801283836365 -1.2381349802017212
v 0 0.31693801283836365 -1.2381349802017212
v 0.12128700315952301 0.2928124964237213 -1.2381349802017212
v 0.11086899787187576 0.267661988735199 -1.1507500410079956
v 0 0.3664970099925995 -1.2381349802017212
v 0 0.3946995139122009 -1.2188949584960938
v 0.12808750569820404 0.36680150032043457 -1.2188949584960938
v 0.12808750569820404 0.36680150032043457 -1.2188949584960938
v 0.1402525007724762 0.33859899640083313 -1.2381349802017212
v 0 0.3664970099925995 -1.2381349802017212
v 0.1402525007724762 0.33859899640083313 -1.2381349802017212
v 0.12808750569820404 0.36680150032043457 -1.2188949584960938
v 0.12274900078773499 0.33859848976135254 -0.9914550185203552
v 0.33859899640083313 0.1402519941329956 -0.9914550185203552
v 0.36723050475120544 0.12415699660778046 -1.2188949584960938
v 0.33859899640083313 0.1402519941329956 -1.2381349802017212
v 0.36723050475120544 0.12415699660778046 -1.2188949584960938
v 0.3951284885406494 7.265199997164018e-8 -1.2188949584960938
v 0.3664970099925995 7.379850330835325e-8 -1.2381349802017212
v 0.3664970099925995 7.379850330835325e-8 -1.2381349802017212
v 0.33859899640083313 0.1402519941329956 -1.2381349802017212
v 0.36723050475120544 0.12415699660778046 -1.2188949584960938
v 0.3664970099925995 7.379850330835325e-8 -1.2381349802017212
v 0.3951284885406494 7.265199997164018e-8 -1.2188949584960938
v 0.36723050475120544 -0.12415699660778046 -1.2188949584960938
v 0.36723050475120544 -0.12415699660778046 -1.2188949584960938
v 0.33859899640083313 -0.1402525007724762 -1.2381349802017212
v 0.3664970099925995 7.379850330835325e-8 -1.2381349802017212
v 0.33859899640083313 -0.1402525007724762 -1.2381349802017212
v 0.36723050475120544 -0.12415699660778046 -1.2188949584960938
v 0.33859899640083313 -0.1402525007724762 -0.9914550185203552
v 0.12274900078773499 -0.3385995030403137 -0.9914550185203552
v 0.12808750569820404 -0.36680150032043457 -1.2188949584960938
v 0.1402519941329956 -0.33859899640083313 -1.2381349802017212
v 0.12808750569820404 -0.36680150032043457 -1.2188949584960938
v 0 -0.3946995139122009 -1.2188949584960938
v 0 -0.3664970099925995 -1.2381349802017212
v 0 -0.3664970099925995 -1.2381349802017212
v 0.1402519941329956 -0.33859899640083313 -1.2381349802017212
v 0.12808750569820404 -0.36680150032043457 -1.2188949584960938
v 0 0.31693801283836365 -1.2381349802017212
v 0 0.3434000015258789 -1.2498849630355835
v 0.1314135044813156 0.3172599971294403 -1.2498849630355835
v 0.1314135044813156 0.3172599971294403 -1.2498849630355835
v 0.12128700315952301 0.2928124964237213 -1.2381349802017212
v 0 0.31693801283836365 -1.2381349802017212
v 0.2241089940071106 0.2241089940071106 -1.2381349802017212
v 0.12128700315952301 0.2928124964237213 -1.2381349802017212
v 0.1314135044813156 0.3172599971294403 -1.2498849630355835
v 0.1314135044813156 0.3172599971294403 -1.2498849630355835
v 0.24282050132751465 0.24282050132751465 -1.2498849630355835
v 0.2241089940071106 0.2241089940071106 -1.2381349802017212
v 0.2928124964237213 0.12128700315952301 -1.2381349802017212
v 0.2241089940071106 0.2241089940071106 -1.2381349802017212
v 0.24282050132751465 0.24282050132751465 -1.2498849630355835
v 0.24282050132751465 0.24282050132751465 -1.2498849630355835
v 0.3172599971294403 0.1314135044813156 -1.2498849630355835
v 0.2928124964237213 0.12128700315952301 -1.2381349802017212
v 0.31693801283836365 7.379850330835325e-8 -1.2381349802017212
v 0.2928124964237213 0.12128700315952301 -1.2381349802017212
v 0.3172599971294403 0.1314135044813156 -1.2498849630355835
v 0.3172599971294403 0.1314135044813156 -1.2498849630355835
v 0.3434000015258789 7.44989989698297e-8 -1.2498849630355835
v 0.31693801283836365 7.379850330835325e-8 -1.2381349802017212
v 0.2928124964237213 -0.12128700315952301 -1.2381349802017212
v 0.31693801283836365 7.379850330835325e-8 -1.2381349802017212
v 0.3434000015258789 7.44989989698297e-8 -1.2498849630355835
v 0.3434000015258789 7.44989989698297e-8 -1.2498849630355835
v 0.3172599971294403 -0.1314135044813156 -1.2498849630355835
v 0.2928124964237213 -0.12128700315952301 -1.2381349802017212
v 0.2241089940071106 -0.2241089940071106 -1.2381349802017212
v 0.2928124964237213 -0.12128700315952301 -1.2381349802017212
v 0.3172599971294403 -0.1314135044813156 -1.2498849630355835
v 0.3172599971294403 -0.1314135044813156 -1.2498849630355835
v 0.24282050132751465 -0.24282050132751465 -1.2498849630355835
v 0.2241089940071106 -0.2241089940071106 -1.2381349802017212
v 0.12128700315952301 -0.2928124964237213 -1.2381349802017212
v 0.2241089940071106 -0.2241089940071106 -1.2381349802017212
v 0.24282050132751465 -0.24282050132751465 -1.2498849630355835
v 0.24282050132751465 -0.24282050132751465 -1.2498849630355835
v 0.1314135044813156 -0.3172599971294403 -1.2498849630355835
v 0.12128700315952301 -0.2928124964237213 -1.2381349802017212
v 0 -0.31693801283836365 -1.2381349802017212
v 0.12128700315952301 -0.2928124964237213 -1.2381349802017212
v 0.1314135044813156 -0.3172599971294403 -1.2498849630355835
v 0.1314135044813156 -0.3172599971294403 -1.2498849630355835
v 0 -0.3434000015258789 -1.2498849630355835
v 0 -0.31693801283836365 -1.2381349802017212
v 0.10525649785995483 -0.25411149859428406 1.2209299802780151
v 0 -0.27504849433898926 1.2209299802780151
v 0 -0.27504849433898926 1.1052149534225464
v 0 -0.27504849433898926 1.1052149534225464
v 0.10525649785995483 -0.25411200523376465 1.1052149534225464
v 0.10525649785995483 -0.25411149859428406 1.2209299802780151
v 0.1944884955883026 -0.1944884955883026 1.2209299802780151
v 0.10525649785995483 -0.25411149859428406 1.2209299802780151
v 0.10525649785995483 -0.25411200523376465 1.1052149534225464
v 0.10525649785995483 -0.25411200523376465 1.1052149534225464
v 0.1944884955883026 -0.1944884955883026 1.1052149534225464
v 0.1944884955883026 -0.1944884955883026 1.2209299802780151
v 0.25411149859428406 -0.10525649785995483 1.2209299802780151
v 0.1944884955883026 -0.1944884955883026 1.2209299802780151
v 0.1944884955883026 -0.1944884955883026 1.1052149534225464
v 0.1944884955883026 -0.1944884955883026 1.1052149534225464
v 0.25411149859428406 -0.10525649785995483 1.1052149534225464
v 0.25411149859428406 -0.10525649785995483 1.2209299802780151
v 0.27504849433898926 -7.277299829411277e-8 1.2209299802780151
v 0.25411149859428406 -0.10525649785995483 1.2209299802780151
v 0.25411149859428406 -0.10525649785995483 1.1052149534225464
v 0.25411149859428406 -0.10525649785995483 1.1052149534225464
v 0.27504849433898926 -6.587600154261963e-8 1.1052149534225464
v 0.27504849433898926 -7.277299829411277e-8 1.2209299802780151
v 0.25411200523376465 0.10525649785995483 1.2209299802780151
v 0.27504849433898926 -7.277299829411277e-8 1.2209299802780151
v 0.27504849433898926 -6.587600154261963e-8 1.1052149534225464
v 0.27504849433898926 -6.587600154261963e-8 1.1052149534225464
v 0.25411200523376465 0.10525649785995483 1.1052149534225464
v 0.25411200523376465 0.10525649785995483 1.2209299802780151
v 0.1944884955883026 0.1944884955883026 1.2209299802780151
v 0.25411200523376465 0.10525649785995483 1.2209299802780151
v 0.25411200523376465 0.10525649785995483 1.1052149534225464
v 0.25411200523376465 0.10525649785995483 1.1052149534225464
v 0.1944884955883026 0.1944884955883026 1.1052149534225464
v 0.1944884955883026 0.1944884955883026 1.2209299802780151
v 0.10525649785995483 0.25411149859428406 1.2209299802780151
v 0.1944884955883026 0.1944884955883026 1.2209299802780151
v 0.1944884955883026 0.1944884955883026 1.1052149534225464
v 0.1944884955883026 0.1944884955883026 1.1052149534225464
v 0.10525649785995483 0.25411149859428406 1.1052149534225464
v 0.10525649785995483 0.25411149859428406 1.2209299802780151
v 0 0.27504849433898926 1.2209299802780151
v 0.10525649785995483 0.25411149859428406 1.2209299802780151
v 0.10525649785995483 0.25411149859428406 1.1052149534225464
v 0.10525649785995483 0.25411149859428406 1.1052149534225464
v 0 0.27504849433898926 1.1052149534225464
v 0 0.27504849433898926 1.2209299802780151
v 0.10525649785995483 -0.25411200523376465 1.1052149534225464
v 0 -0.27504849433898926 1.1052149534225464
v 0 -0.26061999797821045 1.09409499168396
v 0 -0.26061999797821045 1.09409499168396
v 0.09973499923944473 -0.2407815009355545 1.09409499168396
v 0.10525649785995483 -0.25411200523376465 1.1052149534225464
v 0 -0.27504849433898926 1.2209299802780151
v 0.10525649785995483 -0.25411149859428406 1.2209299802780151
v 0.05753200128674507 -0.13889449834823608 1.2498849630355835
v 0.05753200128674507 -0.13889449834823608 1.2498849630355835
v 0 -0.15033850073814392 1.2498849630355835
v 0 -0.27504849433898926 1.2209299802780151
v 0.1944884955883026 -0.1944884955883026 1.1052149534225464
v 0.10525649785995483 -0.25411200523376465 1.1052149534225464
v 0.09973499923944473 -0.2407815009355545 1.09409499168396
v 0.09973499923944473 -0.2407815009355545 1.09409499168396
v 0.1842859983444214 -0.1842859983444214 1.09409499168396
v 0.1944884955883026 -0.1944884955883026 1.1052149534225464
v 0.10525649785995483 -0.25411149859428406 1.2209299802780151
v 0.1944884955883026 -0.1944884955883026 1.2209299802780151
v 0.10630550235509872 -0.10630550235509872 1.2498849630355835
v 0.10630550235509872 -0.10630550235509872 1.2498849630355835
v 0.05753200128674507 -0.13889449834823608 1.2498849630355835
v 0.10525649785995483 -0.25411149859428406 1.2209299802780151
v 0.25411149859428406 -0.10525649785995483 1.1052149534225464
v 0.1944884955883026 -0.1944884955883026 1.1052149534225464
v 0.1842859983444214 -0.1842859983444214 1.09409499168396
v 0.1842859983444214 -0.1842859983444214 1.09409499168396
v 0.2407815009355545 -0.09973499923944473 1.09409499168396
v 0.25411149859428406 -0.10525649785995483 1.1052149534225464
v 0.1944884955883026 -0.1944884955883026 1.2209299802780151
v 0.25411149859428406 -0.10525649785995483 1.2209299802780151
v 0.13889449834823608 -0.05753200128674507 1.2498849630355835
v 0.13889449834823608 -0.05753200128674507 1.2498849630355835
v 0.10630550235509872 -0.10630550235509872 1.2498849630355835
v 0.1944884955883026 -0.1944884955883026 1.2209299802780151
v 0.27504849433898926 -6.587600154261963e-8 1.1052149534225464
v 0.25411149859428406 -0.10525649785995483 1.1052149534225464
v 0.2407815009355545 -0.09973499923944473 1.09409499168396
v 0.2407815009355545 -0.09973499923944473 1.09409499168396
v 0.26061999797821045 -6.521300122130924e-8 1.09409499168396
v 0.27504849433898926 -6.587600154261963e-8 1.1052149534225464
v 0.25411149859428406 -0.10525649785995483 1.2209299802780151
v 0.27504849433898926 -7.277299829411277e-8 1.2209299802780151
v 0.15033850073814392 -7.44989989698297e-8 1.2498849630355835
v 0.15033850073814392 -7.44989989698297e-8 1.2498849630355835
v 0.13889449834823608 -0.05753200128674507 1.2498849630355835
v 0.25411149859428406 -0.10525649785995483 1.2209299802780151
v 0.25411200523376465 0.10525649785995483 1.1052149534225464
v 0.27504849433898926 -6.587600154261963e-8 1.1052149534225464
v 0.26061999797821045 -6.521300122130924e-8 1.09409499168396
v 0.26061999797821045 -6.521300122130924e-8 1.09409499168396
v 0.2407815009355545 0.09973499923944473 1.09409499168396
v 0.25411200523376465 0.10525649785995483 1.1052149534225464
v 0.27504849433898926 -7.277299829411277e-8 1.2209299802780151
v 0.25411200523376465 0.10525649785995483 1.2209299802780151
v 0.13889500498771667 0.05753200128674507 1.2498849630355835
v 0.13889500498771667 0.05753200128674507 1.2498849630355835
v 0.15033850073814392 -7.44989989698297e-8 1.2498849630355835
v 0.27504849433898926 -7.277299829411277e-8 1.2209299802780151
v 0.1944884955883026 0.1944884955883026 1.1052149534225464
v 0.25411200523376465 0.10525649785995483 1.1052149534225464
v 0.2407815009355545 0.09973499923944473 1.09409499168396
v 0.2407815009355545 0.09973499923944473 1.09409499168396
v 0.1842859983444214 0.1842859983444214 1.09409499168396
v 0.1944884955883026 0.1944884955883026 1.1052149534225464
v 0.25411200523376465 0.10525649785995483 1.2209299802780151
v 0.1944884955883026 0.1944884955883026 1.2209299802780151
v 0.10630550235509872 0.10630550235509872 1.2498849630355835
v 0.10630550235509872 0.10630550235509872 1.2498849630355835
v 0.13889500498771667 0.05753200128674507 1.2498849630355835
v 0.25411200523376465 0.10525649785995483 1.2209299802780151
v 0.10525649785995483 0.25411149859428406 1.1052149534225464
v 0.1944884955883026 0.1944884955883026 1.1052149534225464
v 0.1842859983444214 0.1842859983444214 1.09409499168396
v 0.1842859983444214 0.1842859983444214 1.09409499168396
v 0.09973499923944473 0.2407815009355545 1.09409499168396
v 0.10525649785995483 0.25411149859428406 1.1052149534225464
v 0.1944884955883026 0.1944884955883026 1.2209299802780151
v 0.10525649785995483 0.25411149859428406 1.2209299802780151
v 0.05753200128674507 0.13889449834823608 1.2498849630355835
v 0.05753200128674507 0.13889449834823608 1.2498849630355835
v 0.10630550235509872 0.10630550235509872 1.2498849630355835
v 0.1944884955883026 0.1944884955883026 1.2209299802780151
v 0 0.27504849433898926 1.1052149534225464
v 0.10525649785995483 0.25411149859428406 1.1052149534225464
v 0.09973499923944473 0.2407815009355545 1.09409499168396
v 0.09973499923944473 0.2407815009355545 1.09409499168396
v 0 0.26061999797821045 1.09409499168396
v 0 0.27504849433898926 1.1052149534225464
v 0.10525649785995483 0.25411149859428406 1.2209299802780151
v 0 0.27504849433898926 1.2209299802780151
v 0 0.15033850073814392 1.2498849630355835
v 0 0.15033850073814392 1.2498849630355835
v 0.05753200128674507 0.13889449834823608 1.2498849630355835
v 0.10525649785995483 0.25411149859428406 1.2209299802780151
v 0.2407815009355545 -0.09973549842834473 -0.3008284866809845
v 0.26061999797821045 -4.820690264750738e-7 -0.3008284866809845
v 0.26061999797821045 -4.939470272802282e-7 -0.10155300050973892
v 0.26061999797821045 -4.939470272802282e-7 -0.10155300050973892
v 0.2407815009355545 -0.09973499923944473 -0.10155300050973892
v 0.2407815009355545 -0.09973549842834473 -0.3008284866809845
v 0.1842859983444214 -0.18428650498390198 -0.3008284866809845
v 0.2407815009355545 -0.09973549842834473 -0.3008284866809845
v 0.2407815009355545 -0.09973499923944473 -0.10155300050973892
v 0.2407815009355545 -0.09973499923944473 -0.10155300050973892
v 0.1842859983444214 -0.18428650498390198 -0.10155300050973892
v 0.1842859983444214 -0.18428650498390198 -0.3008284866809845
v 0.09973499923944473 -0.2407819926738739 -0.3008284866809845
v 0.1842859983444214 -0.18428650498390198 -0.3008284866809845
v 0.1842859983444214 -0.18428650498390198 -0.10155300050973892
v 0.1842859983444214 -0.18428650498390198 -0.10155300050973892
v 0.09973499923944473 -0.2407815009355545 -0.10155300050973892
v 0.09973499923944473 -0.2407819926738739 -0.3008284866809845
v 0 -0.26061999797821045 -0.3008284866809845
v 0.09973499923944473 -0.2407819926738739 -0.3008284866809845
v 0.09973499923944473 -0.2407815009355545 -0.10155300050973892
v 0.09973499923944473 -0.2407815009355545 -0.10155300050973892
v 0 -0.26061999797821045 -0.10155300050973892
v 0 -0.26061999797821045 -0.3008284866809845
v 0.09973499923944473 0.2407815009355545 -0.10155300050973892
v 0.09973499923944473 0.2407815009355545 -0.3008284866809845
v 0.049867499619722366 0.2560249865055084 -0.14569050073623657
v 0.1842859983444214 0.1842859983444214 -0.3008284866809845
v 0.09973499923944473 0.2407815009355545 -0.3008284866809845
v 0.09973499923944473 0.2407815009355545 -0.10155300050973892
v 0.09973499923944473 0.2407815009355545 -0.10155300050973892
v 0.1842859983444214 0.1842859983444214 -0.10155300050973892
v 0.1842859983444214 0.1842859983444214 -0.3008284866809845
v 0.1842859983444214 0.1842859983444214 -0.3008284866809845
v 0.1842859983444214 0.1842859983444214 -0.10155300050973892
v 0.2407815009355545 0.09973450005054474 -0.10155300050973892
v 0.2407815009355545 0.09973450005054474 -0.10155300050973892
v 0.2407815009355545 0.09973450005054474 -0.3008284866809845
v 0.1842859983444214 0.1842859983444214 -0.3008284866809845
v 0.26061999797821045 -4.820690264750738e-7 -0.3008284866809845
v 0.2407815009355545 0.09973450005054474 -0.3008284866809845
v 0.2407815009355545 0.09973450005054474 -0.10155300050973892
v 0.2407815009355545 0.09973450005054474 -0.10155300050973892
v 0.26061999797821045 -4.939470272802282e-7 -0.10155300050973892
v 0.26061999797821045 -4.820690264750738e-7 -0.3008284866809845
v 0.2572050094604492 -0.11292500048875809 0.02452149987220764
v 0.28240349888801575 -0.0033110000658780336 0.02452149987220764
v 0.27839699387550354 -0.023661499843001366 0.07739649713039398
v 0.27839699387550354 -0.023661499843001366 0.07739649713039398
v 0.2572050094604492 -0.11292500048875809 0.07739649713039398
v 0.2572050094604492 -0.11292500048875809 0.02452149987220764
v 0.19685649871826172 -0.20324349403381348 0.024521449580788612
v 0.2572050094604492 -0.11292500048875809 0.02452149987220764
v 0.2572050094604492 -0.11292500048875809 0.07739649713039398
v 0.2572050094604492 -0.11292500048875809 0.07739649713039398
v 0.19685649871826172 -0.20324349403381348 0.07739649713039398
v 0.19685649871826172 -0.20324349403381348 0.024521449580788612
v 0.10653799772262573 -0.26359251141548157 0.024521449580788612
v 0.19685649871826172 -0.20324349403381348 0.024521449580788612
v 0.19685649871826172 -0.20324349403381348 0.07739649713039398
v 0.19685649871826172 -0.20324349403381348 0.07739649713039398
v 0.10653799772262573 -0.26359251141548157 0.07739649713039398
v 0.10653799772262573 -0.26359251141548157 0.024521449580788612
v 0 -0.2847839891910553 0.024521449580788612
v 0.10653799772262573 -0.26359251141548157 0.024521449580788612
v 0.10653799772262573 -0.26359251141548157 0.07739649713039398
v 0.10653799772262573 -0.26359251141548157 0.07739649713039398
v 0 -0.2847839891910553 0.07739649713039398
v 0 -0.2847839891910553 0.024521449580788612
v 0.04364199936389923 0.269399493932724 0.01105355005711317
v 0 0.27399399876594543 0.01105355005711317
v 0 0.27399399876594543 0.1074490025639534
v 0 0.27399399876594543 0.1074490025639534
v 0.04364199936389923 0.269399493932724 0.1074490025639534
v 0.04364199936389923 0.269399493932724 0.01105355005711317
v 0.1842859983444214 0.1842859983444214 -0.0019154850160703063
v 0.09973499923944473 0.2407815009355545 -0.0019154750043526292
v 0.09973499923944473 0.2407815009355545 0.09772200137376785
v 0.09973499923944473 0.2407815009355545 0.09772200137376785
v 0.1842859983444214 0.1842859983444214 0.09772200137376785
v 0.1842859983444214 0.1842859983444214 -0.0019154850160703063
v 0.1842859983444214 0.1842859983444214 0.09772200137376785
v 0.2407815009355545 0.09973499923944473 0.09772200137376785
v 0.2407815009355545 0.09973450005054474 -0.0019154950277879834
v 0.2407815009355545 0.09973450005054474 -0.0019154950277879834
v 0.1842859983444214 0.1842859983444214 -0.0019154850160703063
v 0.1842859983444214 0.1842859983444214 0.09772200137376785
v 0.2542639970779419 0.03308450058102608 0.031296998262405396
v 0.2407815009355545 0.09973450005054474 -0.0019154950277879834
v 0.2407815009355545 0.09973499923944473 0.09772200137376785
v 0.2407815009355545 0.09973499923944473 0.09772200137376785
v 0.26061999797821045 -5.058250280853827e-7 0.09772200137376785
v 0.2542639970779419 0.03308450058102608 0.031296998262405396
v 0.2407815009355545 -0.09973499923944473 0.09772200137376785
v 0.26061999797821045 -5.058250280853827e-7 0.09772200137376785
v 0.26061999797821045 0 0.2969970107078552
v 0.26061999797821045 0 0.2969970107078552
v 0.2407815009355545 -0.09973499923944473 0.2969970107078552
v 0.2407815009355545 -0.09973499923944473 0.09772200137376785
v 0.1842859983444214 -0.18428650498390198 0.09772200137376785
v 0.2407815009355545 -0.09973499923944473 0.09772200137376785
v 0.2407815009355545 -0.09973499923944473 0.2969970107078552
v 0.2407815009355545 -0.09973499923944473 0.2969970107078552
v 0.1842859983444214 -0.18428650498390198 0.2969970107078552
v 0.1842859983444214 -0.18428650498390198 0.09772200137376785
v 0.09973499923944473 -0.2407815009355545 0.09772200137376785
v 0.1842859983444214 -0.18428650498390198 0.09772200137376785
v 0.1842859983444214 -0.18428650498390198 0.2969970107078552
v 0.1842859983444214 -0.18428650498390198 0.2969970107078552
v 0.09973499923944473 -0.2407815009355545 0.2969970107078552
v 0.09973499923944473 -0.2407815009355545 0.09772200137376785
v 0 -0.26061999797821045 0.09772200137376785
v 0.09973499923944473 -0.2407815009355545 0.09772200137376785
v 0.09973499923944473 -0.2407815009355545 0.2969970107078552
v 0.09973499923944473 -0.2407815009355545 0.2969970107078552
v 0 -0.26061999797821045 0.2969970107078552
v 0 -0.26061999797821045 0.09772200137376785
v 0.04364199936389923 0.269399493932724 0.1074490025639534
v 0 0.27399399876594543 0.1074490025639534
v 0 0.27399399876594543 0.3002395033836365
v 0 0.27399399876594543 0.3002395033836365
v 0.04364199936389923 0.269399493932724 0.3002389967441559
v 0.04364199936389923 0.269399493932724 0.1074490025639534
v 0.1842859983444214 0.1842859983444214 0.09772200137376785
v 0.09973499923944473 0.2407815009355545 0.09772200137376785
v 0.09973499923944473 0.2407815009355545 0.2969970107078552
v 0.09973499923944473 0.2407815009355545 0.2969970107078552
v 0.1842859983444214 0.1842859983444214 0.2969970107078552
v 0.1842859983444214 0.1842859983444214 0.09772200137376785
v 0.1842859983444214 0.1842859983444214 0.09772200137376785
v 0.1842859983444214 0.1842859983444214 0.2969970107078552
v 0.2407815009355545 0.09973499923944473 0.2969970107078552
v 0.2407815009355545 0.09973499923944473 0.2969970107078552
v 0.2407815009355545 0.09973499923944473 0.09772200137376785
v 0.1842859983444214 0.1842859983444214 0.09772200137376785
v 0.26061999797821045 -5.058250280853827e-7 0.09772200137376785
v 0.2407815009355545 0.09973499923944473 0.09772200137376785
v 0.2407815009355545 0.09973499923944473 0.2969970107078552
v 0.2407815009355545 0.09973499923944473 0.2969970107078552
v 0.26061999797821045 0 0.2969970107078552
v 0.26061999797821045 -5.058250280853827e-7 0.09772200137376785
v 0.2572050094604492 -0.11292500048875809 0.4230720102787018
v 0.28240349888801575 -0.0033110249787569046 0.4230720102787018
v 0.27839699387550354 -0.023661049082875252 0.47594499588012695
v 0.27839699387550354 -0.023661049082875252 0.47594499588012695
v 0.2572050094604492 -0.11292500048875809 0.47594499588012695
v 0.2572050094604492 -0.11292500048875809 0.4230720102787018
v 0.19685649871826172 -0.20324349403381348 0.4230720102787018
v 0.2572050094604492 -0.11292500048875809 0.4230720102787018
v 0.2572050094604492 -0.11292500048875809 0.47594499588012695
v 0.2572050094604492 -0.11292500048875809 0.47594499588012695
v 0.19685649871826172 -0.20324349403381348 0.47594499588012695
v 0.19685649871826172 -0.20324349403381348 0.4230720102787018
v 0.10653799772262573 -0.26359251141548157 0.4230720102787018
v 0.19685649871826172 -0.20324349403381348 0.4230720102787018
v 0.19685649871826172 -0.20324349403381348 0.47594499588012695
v 0.19685649871826172 -0.20324349403381348 0.47594499588012695
v 0.10653799772262573 -0.26359251141548157 0.47594499588012695
v 0.10653799772262573 -0.26359251141548157 0.4230720102787018
v 0 -0.2847839891910553 0.4230720102787018
v 0.10653799772262573 -0.26359251141548157 0.4230720102787018
v 0.10653799772262573 -0.26359251141548157 0.47594499588012695
v 0.10653799772262573 -0.26359251141548157 0.47594499588012695
v 0 -0.2847839891910553 0.47594499588012695
v 0 -0.2847839891910553 0.4230720102787018
v 0.04364199936389923 0.269399493932724 0.3966344892978668
v 0 0.27399399876594543 0.3966344892978668
v 0 0.273994505405426 0.49303001165390015
v 0 0.273994505405426 0.49303001165390015
v 0.04364199936389923 0.269399493932724 0.49303001165390015
v 0.04364199936389923 0.269399493932724 0.3966344892978668
v 0.1842859983444214 0.1842859983444214 0.3966344892978668
v 0.09973499923944473 0.2407815009355545 0.3966344892978668
v 0.09973499923944473 0.2407815009355545 0.49627000093460083
v 0.09973499923944473 0.2407815009355545 0.49627000093460083
v 0.1842859983444214 0.1842859983444214 0.49627000093460083
v 0.1842859983444214 0.1842859983444214 0.3966344892978668
v 0.1842859983444214 0.1842859983444214 0.49627000093460083
v 0.2407815009355545 0.09973499923944473 0.49627000093460083
v 0.2407815009355545 0.09973499923944473 0.3966344892978668
v 0.2407815009355545 0.09973499923944473 0.3966344892978668
v 0.1842859983444214 0.1842859983444214 0.3966344892978668
v 0.1842859983444214 0.1842859983444214 0.49627000093460083
v 0.2542639970779419 0.0330844484269619 0.42984500527381897
v 0.2407815009355545 0.09973499923944473 0.3966344892978668
v 0.2407815009355545 0.09973499923944473 0.49627000093460083
v 0.2407815009355545 0.09973499923944473 0.49627000093460083
v 0.26061999797821045 0 0.49627000093460083
v 0.2542639970779419 0.0330844484269619 0.42984500527381897
v 0.2407815009355545 -0.09973499923944473 0.49627000093460083
v 0.26061999797821045 0 0.49627000093460083
v 0.26061999797821045 0 0.6955450177192688
v 0.26061999797821045 0 0.6955450177192688
v 0.2407815009355545 -0.09973499923944473 0.6955450177192688
v 0.2407815009355545 -0.09973499923944473 0.49627000093460083
v 0.1842859983444214 -0.18428650498390198 0.49627000093460083
v 0.2407815009355545 -0.09973499923944473 0.49627000093460083
v 0.2407815009355545 -0.09973499923944473 0.6955450177192688
v 0.2407815009355545 -0.09973499923944473 0.6955450177192688
v 0.1842859983444214 -0.18428650498390198 0.6955450177192688
v 0.1842859983444214 -0.18428650498390198 0.49627000093460083
v 0.09973499923944473 -0.2407815009355545 0.49627000093460083
v 0.1842859983444214 -0.18428650498390198 0.49627000093460083
v 0.1842859983444214 -0.18428650498390198 0.6955450177192688
v 0.1842859983444214 -0.18428650498390198 0.6955450177192688
v 0.09973499923944473 -0.2407815009355545 0.6955450177192688
v 0.09973499923944473 -0.2407815009355545 0.49627000093460083
v 0 -0.26061999797821045 0.49627000093460083
v 0.09973499923944473 -0.2407815009355545 0.49627000093460083
v 0.09973499923944473 -0.2407815009355545 0.6955450177192688
v 0.09973499923944473 -0.2407815009355545 0.6955450177192688
v 0 -0.26061999797821045 0.6955450177192688
v 0 -0.26061999797821045 0.49627000093460083
v 0.04364199936389923 0.269399493932724 0.49303001165390015
v 0 0.273994505405426 0.49303001165390015
v 0 0.273994505405426 0.6858199834823608
v 0 0.273994505405426 0.6858199834823608
v 0.04364199936389923 0.269399493932724 0.6858199834823608
v 0.04364199936389923 0.269399493932724 0.49303001165390015
v 0.1842859983444214 0.1842859983444214 0.49627000093460083
v 0.09973499923944473 0.2407815009355545 0.49627000093460083
v 0.09973499923944473 0.2407815009355545 0.6955450177192688
v 0.09973499923944473 0.2407815009355545 0.6955450177192688
v 0.1842859983444214 0.1842859983444214 0.6955450177192688
v 0.1842859983444214 0.1842859983444214 0.49627000093460083
v 0.1842859983444214 0.1842859983444214 0.49627000093460083
v 0.1842859983444214 0.1842859983444214 0.6955450177192688
v 0.2407815009355545 0.09973499923944473 0.6955450177192688
v 0.2407815009355545 0.09973499923944473 0.6955450177192688
v 0.2407815009355545 0.09973499923944473 0.49627000093460083
v 0.1842859983444214 0.1842859983444214 0.49627000093460083
v 0.26061999797821045 0 0.49627000093460083
v 0.2407815009355545 0.09973499923944473 0.49627000093460083
v 0.2407815009355545 0.09973499923944473 0.6955450177192688
v 0.2407815009355545 0.09973499923944473 0.6955450177192688
v 0.26061999797821045 0 0.6955450177192688
v 0.26061999797821045 0 0.49627000093460083
v 0.2572050094604492 -0.11292500048875809 0.821619987487793
v 0.28240349888801575 -0.0033105500042438507 0.821619987487793
v 0.27839699387550354 -0.023661049082875252 0.8744950294494629
v 0.27839699387550354 -0.023661049082875252 0.8744950294494629
v 0.2572050094604492 -0.11292500048875809 0.8744950294494629
v 0.2572050094604492 -0.11292500048875809 0.821619987487793
v 0.19685649871826172 -0.20324349403381348 0.821619987487793
v 0.2572050094604492 -0.11292500048875809 0.821619987487793
v 0.2572050094604492 -0.11292500048875809 0.8744950294494629
v 0.2572050094604492 -0.11292500048875809 0.8744950294494629
v 0.19685649871826172 -0.20324349403381348 0.8744950294494629
v 0.19685649871826172 -0.20324349403381348 0.821619987487793
v 0.10653799772262573 -0.26359251141548157 0.821619987487793
v 0.19685649871826172 -0.20324349403381348 0.821619987487793
v 0.19685649871826172 -0.20324349403381348 0.8744950294494629
v 0.19685649871826172 -0.20324349403381348 0.8744950294494629
v 0.10653799772262573 -0.26359251141548157 0.8744950294494629
v 0.10653799772262573 -0.26359251141548157 0.821619987487793
v 0 -0.2847839891910553 0.821619987487793
v 0.10653799772262573 -0.26359251141548157 0.821619987487793
v 0.10653799772262573 -0.26359251141548157 0.8744950294494629
v 0.10653799772262573 -0.26359251141548157 0.8744950294494629
v 0 -0.2847839891910553 0.8744950294494629
v 0 -0.2847839891910553 0.821619987487793
v 0 0.273994505405426 0.7822149991989136
v 0 0.273994505405426 0.9340749979019165
v 0.04364199936389923 0.269399493932724 0.9213100075721741
v 0.04364199936389923 0.269399493932724 0.9213100075721741
v 0.04364199936389923 0.269399493932724 0.7822149991989136
v 0 0.273994505405426 0.7822149991989136
v 0.1842859983444214 0.1842859983444214 0.7951850295066833
v 0.09973499923944473 0.2407815009355545 0.7951850295066833
v 0.09973499923944473 0.2407815009355545 0.8948249816894531
v 0.09973499923944473 0.2407815009355545 0.8948249816894531
v 0.1842859983444214 0.1842859983444214 0.8948249816894531
v 0.1842859983444214 0.1842859983444214 0.7951850295066833
v 0.1842859983444214 0.1842859983444214 0.8948249816894531
v 0.2407815009355545 0.09973499923944473 0.8948249816894531
v 0.2407815009355545 0.09973499923944473 0.7951850295066833
v 0.2407815009355545 0.09973499923944473 0.7951850295066833
v 0.1842859983444214 0.1842859983444214 0.7951850295066833
v 0.1842859983444214 0.1842859983444214 0.8948249816894531
v 0.2542639970779419 0.03308495134115219 0.8283950090408325
v 0.2407815009355545 0.09973499923944473 0.7951850295066833
v 0.2407815009355545 0.09973499923944473 0.8948249816894531
v 0.2407815009355545 0.09973499923944473 0.8948249816894531
v 0.26061999797821045 0 0.8948249816894531
v 0.2542639970779419 0.03308495134115219 0.8283950090408325
v 0.2407815009355545 -0.09973499923944473 0.09772200137376785
v 0.2572050094604492 -0.11292500048875809 0.07739649713039398
v 0.27839699387550354 -0.023661499843001366 0.07739649713039398
v 0.27839699387550354 -0.023661499843001366 0.07739649713039398
v 0.26061999797821045 -5.058250280853827e-7 0.09772200137376785
v 0.2407815009355545 -0.09973499923944473 0.09772200137376785
v 0.26061999797821045 -5.058250280853827e-7 0.09772200137376785
v 0.27839699387550354 -0.023661499843001366 0.07739649713039398
v 0.28240349888801575 -0.0033110000658780336 0.02452149987220764
v 0.28240349888801575 -0.0033110000658780336 0.02452149987220764
v 0.2542639970779419 0.03308450058102608 0.031296998262405396
v 0.26061999797821045 -5.058250280853827e-7 0.09772200137376785
v 0.27839699387550354 -0.023661499843001366 -0.08122800290584564
v 0.2572050094604492 -0.11292500048875809 -0.08122800290584564
v 0.2407815009355545 -0.09973499923944473 -0.10155300050973892
v 0.2407815009355545 -0.09973499923944473 -0.10155300050973892
v 0.26061999797821045 -4.939470272802282e-7 -0.10155300050973892
v 0.27839699387550354 -0.023661499843001366 -0.08122800290584564
v 0.1842859983444214 -0.18428650498390198 0.09772200137376785
v 0.19685649871826172 -0.20324349403381348 0.07739649713039398
v 0.2572050094604492 -0.11292500048875809 0.07739649713039398
v 0.2572050094604492 -0.11292500048875809 0.07739649713039398
v 0.2407815009355545 -0.09973499923944473 0.09772200137376785
v 0.1842859983444214 -0.18428650498390198 0.09772200137376785
v 0.2572050094604492 -0.11292500048875809 -0.08122800290584564
v 0.19685649871826172 -0.20324349403381348 -0.08122800290584564
v 0.1842859983444214 -0.18428650498390198 -0.10155300050973892
v 0.1842859983444214 -0.18428650498390198 -0.10155300050973892
v 0.2407815009355545 -0.09973499923944473 -0.10155300050973892
v 0.2572050094604492 -0.11292500048875809 -0.08122800290584564
v 0.09973499923944473 -0.2407815009355545 0.09772200137376785
v 0.10653799772262573 -0.26359251141548157 0.07739649713039398
v 0.19685649871826172 -0.20324349403381348 0.07739649713039398
v 0.19685649871826172 -0.20324349403381348 0.07739649713039398
v 0.1842859983444214 -0.18428650498390198 0.09772200137376785
v 0.09973499923944473 -0.2407815009355545 0.09772200137376785
v 0.19685649871826172 -0.20324349403381348 -0.08122800290584564
v 0.10653799772262573 -0.26359251141548157 -0.08122800290584564
v 0.09973499923944473 -0.2407815009355545 -0.10155300050973892
v 0.09973499923944473 -0.2407815009355545 -0.10155300050973892
v 0.1842859983444214 -0.18428650498390198 -0.10155300050973892
v 0.19685649871826172 -0.20324349403381348 -0.08122800290584564
v 0 -0.26061999797821045 0.09772200137376785
v 0 -0.2847839891910553 0.07739649713039398
v 0.10653799772262573 -0.26359251141548157 0.07739649713039398
v 0.10653799772262573 -0.26359251141548157 0.07739649713039398
v 0.09973499923944473 -0.2407815009355545 0.09772200137376785
v 0 -0.26061999797821045 0.09772200137376785
v 0.10653799772262573 -0.26359251141548157 -0.08122800290584564
v 0 -0.2847839891910553 -0.08122800290584564
v 0 -0.26061999797821045 -0.10155300050973892
v 0 -0.26061999797821045 -0.10155300050973892
v 0.09973499923944473 -0.2407815009355545 -0.10155300050973892
v 0.10653799772262573 -0.26359251141548157 -0.08122800290584564
v 0.2407815009355545 -0.09973499923944473 0.49627000093460083
v 0.2572050094604492 -0.11292500048875809 0.47594499588012695
v 0.27839699387550354 -0.023661049082875252 0.47594499588012695
v 0.27839699387550354 -0.023661049082875252 0.47594499588012695
v 0.26061999797821045 0 0.49627000093460083
v 0.2407815009355545 -0.09973499923944473 0.49627000093460083
v 0.26061999797821045 0 0.49627000093460083
v 0.27839699387550354 -0.023661049082875252 0.47594499588012695
v 0.28240349888801575 -0.0033110249787569046 0.4230720102787018
v 0.28240349888801575 -0.0033110249787569046 0.4230720102787018
v 0.2542639970779419 0.0330844484269619 0.42984500527381897
v 0.26061999797821045 0 0.49627000093460083
v 0.27839699387550354 -0.023661499843001366 0.3173224925994873
v 0.2572050094604492 -0.11292500048875809 0.3173224925994873
v 0.2407815009355545 -0.09973499923944473 0.2969970107078552
v 0.2407815009355545 -0.09973499923944473 0.2969970107078552
v 0.26061999797821045 0 0.2969970107078552
v 0.27839699387550354 -0.023661499843001366 0.3173224925994873
v 0.1842859983444214 -0.18428650498390198 0.49627000093460083
v 0.19685649871826172 -0.20324349403381348 0.47594499588012695
v 0.2572050094604492 -0.11292500048875809 0.47594499588012695
v 0.2572050094604492 -0.11292500048875809 0.47594499588012695
v 0.2407815009355545 -0.09973499923944473 0.49627000093460083
v 0.1842859983444214 -0.18428650498390198 0.49627000093460083
v 0.2572050094604492 -0.11292500048875809 0.3173224925994873
v 0.19685649871826172 -0.20324349403381348 0.3173224925994873
v 0.1842859983444214 -0.18428650498390198 0.2969970107078552
v 0.1842859983444214 -0.18428650498390198 0.2969970107078552
v 0.2407815009355545 -0.09973499923944473 0.2969970107078552
v 0.2572050094604492 -0.11292500048875809 0.3173224925994873
v 0.09973499923944473 -0.2407815009355545 0.49627000093460083
v 0.10653799772262573 -0.26359251141548157 0.47594499588012695
v 0.19685649871826172 -0.20324349403381348 0.47594499588012695
v 0.19685649871826172 -0.20324349403381348 0.47594499588012695
v 0.1842859983444214 -0.18428650498390198 0.49627000093460083
v 0.09973499923944473 -0.2407815009355545 0.49627000093460083
v 0.19685649871826172 -0.20324349403381348 0.3173224925994873
v 0.10653799772262573 -0.26359251141548157 0.3173224925994873
v 0.09973499923944473 -0.2407815009355545 0.2969970107078552
v 0.09973499923944473 -0.2407815009355545 0.2969970107078552
v 0.1842859983444214 -0.18428650498390198 0.2969970107078552
v 0.19685649871826172 -0.20324349403381348 0.3173224925994873
v 0 -0.26061999797821045 0.49627000093460083
v 0 -0.2847839891910553 0.47594499588012695
v 0.10653799772262573 -0.26359251141548157 0.47594499588012695
v 0.10653799772262573 -0.26359251141548157 0.47594499588012695
v 0.09973499923944473 -0.2407815009355545 0.49627000093460083
v 0 -0.26061999797821045 0.49627000093460083
v 0.10653799772262573 -0.26359251141548157 0.3173224925994873
v 0 -0.2847839891910553 0.3173224925994873
v 0 -0.26061999797821045 0.2969970107078552
v 0 -0.26061999797821045 0.2969970107078552
v 0.09973499923944473 -0.2407815009355545 0.2969970107078552
v 0.10653799772262573 -0.26359251141548157 0.3173224925994873
v 0.2407815009355545 -0.09973499923944473 0.8948249816894531
v 0.2572050094604492 -0.11292500048875809 0.8744950294494629
v 0.27839699387550354 -0.023661049082875252 0.8744950294494629
v 0.27839699387550354 -0.023661049082875252 0.8744950294494629
v 0.26061999797821045 0 0.8948249816894531
v 0.2407815009355545 -0.09973499923944473 0.8948249816894531
v 0.26061999797821045 0 0.8948249816894531
v 0.27839699387550354 -0.023661049082875252 0.8744950294494629
v 0.28240349888801575 -0.0033105500042438507 0.821619987487793
v 0.28240349888801575 -0.0033105500042438507 0.821619987487793
v 0.2542639970779419 0.03308495134115219 0.8283950090408325
v 0.26061999797821045 0 0.8948249816894531
v 0.27839699387550354 -0.023661049082875252 0.7158750295639038
v 0.2572050094604492 -0.11292500048875809 0.7158750295639038
v 0.2407815009355545 -0.09973499923944473 0.6955450177192688
v 0.2407815009355545 -0.09973499923944473 0.6955450177192688
v 0.26061999797821045 0 0.6955450177192688
v 0.27839699387550354 -0.023661049082875252 0.7158750295639038
v 0.1842859983444214 -0.18428650498390198 0.8948249816894531
v 0.19685649871826172 -0.20324349403381348 0.8744950294494629
v 0.2572050094604492 -0.11292500048875809 0.8744950294494629
v 0.2572050094604492 -0.11292500048875809 0.8744950294494629
v 0.2407815009355545 -0.09973499923944473 0.8948249816894531
v 0.1842859983444214 -0.18428650498390198 0.8948249816894531
v 0.2572050094604492 -0.11292500048875809 0.7158750295639038
v 0.19685649871826172 -0.20324349403381348 0.7158750295639038
v 0.1842859983444214 -0.18428650498390198 0.6955450177192688
v 0.1842859983444214 -0.18428650498390198 0.6955450177192688
v 0.2407815009355545 -0.09973499923944473 0.6955450177192688
v 0.2572050094604492 -0.11292500048875809 0.7158750295639038
v 0.09973499923944473 -0.2407815009355545 0.8948249816894531
v 0.10653799772262573 -0.26359251141548157 0.8744950294494629
v 0.19685649871826172 -0.20324349403381348 0.8744950294494629
v 0.19685649871826172 -0.20324349403381348 0.8744950294494629
v 0.1842859983444214 -0.18428650498390198 0.8948249816894531
v 0.09973499923944473 -0.2407815009355545 0.8948249816894531
v 0.19685649871826172 -0.20324349403381348 0.7158750295639038
v 0.10653799772262573 -0.26359251141548157 0.7158750295639038
v 0.09973499923944473 -0.2407815009355545 0.6955450177192688
v 0.09973499923944473 -0.2407815009355545 0.6955450177192688
v 0.1842859983444214 -0.18428650498390198 0.6955450177192688
v 0.19685649871826172 -0.20324349403381348 0.7158750295639038
v 0 -0.26061999797821045 0.8948249816894531
v 0 -0.2847839891910553 0.8744950294494629
v 0.10653799772262573 -0.26359251141548157 0.8744950294494629
v 0.10653799772262573 -0.26359251141548157 0.8744950294494629
v 0.09973499923944473 -0.2407815009355545 0.8948249816894531
v 0 -0.26061999797821045 0.8948249816894531
v 0.10653799772262573 -0.26359251141548157 0.7158750295639038
v 0 -0.2847839891910553 0.7158750295639038
v 0 -0.26061999797821045 0.6955450177192688
v 0 -0.26061999797821045 0.6955450177192688
v 0.09973499923944473 -0.2407815009355545 0.6955450177192688
v 0.10653799772262573 -0.26359251141548157 0.7158750295639038
v 0.2542639970779419 0.03308450058102608 -0.03512800112366676
v 0.26061999797821045 -4.939470272802282e-7 -0.10155300050973892
v 0.2407815009355545 0.09973450005054474 -0.10155300050973892
v 0.2407815009355545 0.09973450005054474 -0.10155300050973892
v 0.2407815009355545 0.09973450005054474 -0.0019154950277879834
v 0.2542639970779419 0.03308450058102608 -0.03512800112366676
v 0.28240349888801575 -0.0033110000658780336 -0.028353000059723854
v 0.27839699387550354 -0.023661499843001366 -0.08122800290584564
v 0.26061999797821045 -4.939470272802282e-7 -0.10155300050973892
v 0.26061999797821045 -4.939470272802282e-7 -0.10155300050973892
v 0.2542639970779419 0.03308450058102608 -0.03512800112366676
v 0.28240349888801575 -0.0033110000658780336 -0.028353000059723854
v 0.2572050094604492 -0.11292500048875809 -0.028353000059723854
v 0.2572050094604492 -0.11292500048875809 -0.08122800290584564
v 0.27839699387550354 -0.023661499843001366 -0.08122800290584564
v 0.27839699387550354 -0.023661499843001366 -0.08122800290584564
v 0.28240349888801575 -0.0033110000658780336 -0.028353000059723854
v 0.2572050094604492 -0.11292500048875809 -0.028353000059723854
v 0.19685649871826172 -0.20324349403381348 -0.08122800290584564
v 0.2572050094604492 -0.11292500048875809 -0.08122800290584564
v 0.2572050094604492 -0.11292500048875809 -0.028353000059723854
v 0.2572050094604492 -0.11292500048875809 -0.028353000059723854
v 0.19685649871826172 -0.20324349403381348 -0.028353050351142883
v 0.19685649871826172 -0.20324349403381348 -0.08122800290584564
v 0.10653799772262573 -0.26359251141548157 -0.08122800290584564
v 0.19685649871826172 -0.20324349403381348 -0.08122800290584564
v 0.19685649871826172 -0.20324349403381348 -0.028353050351142883
v 0.19685649871826172 -0.20324349403381348 -0.028353050351142883
v 0.10653799772262573 -0.26359251141548157 -0.028353050351142883
v 0.10653799772262573 -0.26359251141548157 -0.08122800290584564
v 0 -0.2847839891910553 -0.08122800290584564
v 0.10653799772262573 -0.26359251141548157 -0.08122800290584564
v 0.10653799772262573 -0.26359251141548157 -0.028353050351142883
v 0.10653799772262573 -0.26359251141548157 -0.028353050351142883
v 0 -0.2847839891910553 -0.028353050351142883
v 0 -0.2847839891910553 -0.08122800290584564
v 0.04364199936389923 0.269399493932724 -0.12804250419139862
v 0 0.27399399876594543 -0.14080649614334106
v 0 0.27399399876594543 0.01105355005711317
v 0 0.27399399876594543 0.01105355005711317
v 0.04364199936389923 0.269399493932724 0.01105355005711317
v 0.04364199936389923 0.269399493932724 -0.12804250419139862
v 0.1842859983444214 0.1842859983444214 -0.10155300050973892
v 0.09973499923944473 0.2407815009355545 -0.10155300050973892
v 0.09973499923944473 0.2407815009355545 -0.0019154750043526292
v 0.09973499923944473 0.2407815009355545 -0.0019154750043526292
v 0.1842859983444214 0.1842859983444214 -0.0019154850160703063
v 0.1842859983444214 0.1842859983444214 -0.10155300050973892
v 0.1842859983444214 0.1842859983444214 -0.10155300050973892
v 0.1842859983444214 0.1842859983444214 -0.0019154850160703063
v 0.2407815009355545 0.09973450005054474 -0.0019154950277879834
v 0.2407815009355545 0.09973450005054474 -0.0019154950277879834
v 0.2407815009355545 0.09973450005054474 -0.10155300050973892
v 0.1842859983444214 0.1842859983444214 -0.10155300050973892
v 0.2542639970779419 0.03308450058102608 0.031296998262405396
v 0.2542639970779419 0.03308450058102608 -0.03512800112366676
v 0.2407815009355545 0.09973450005054474 -0.0019154950277879834
v 0.28240349888801575 -0.0033110000658780336 -0.028353000059723854
v 0.2542639970779419 0.03308450058102608 -0.03512800112366676
v 0.2542639970779419 0.03308450058102608 0.031296998262405396
v 0.2542639970779419 0.03308450058102608 0.031296998262405396
v 0.28240349888801575 -0.0033110000658780336 0.02452149987220764
v 0.28240349888801575 -0.0033110000658780336 -0.028353000059723854
v 0.2572050094604492 -0.11292500048875809 -0.028353000059723854
v 0.28240349888801575 -0.0033110000658780336 -0.028353000059723854
v 0.28240349888801575 -0.0033110000658780336 0.02452149987220764
v 0.28240349888801575 -0.0033110000658780336 0.02452149987220764
v 0.2572050094604492 -0.11292500048875809 0.02452149987220764
v 0.2572050094604492 -0.11292500048875809 -0.028353000059723854
v 0.19685649871826172 -0.20324349403381348 -0.028353050351142883
v 0.2572050094604492 -0.11292500048875809 -0.028353000059723854
v 0.2572050094604492 -0.11292500048875809 0.02452149987220764
v 0.2572050094604492 -0.11292500048875809 0.02452149987220764
v 0.19685649871826172 -0.20324349403381348 0.024521449580788612
v 0.19685649871826172 -0.20324349403381348 -0.028353050351142883
v 0.10653799772262573 -0.26359251141548157 -0.028353050351142883
v 0.19685649871826172 -0.20324349403381348 -0.028353050351142883
v 0.19685649871826172 -0.20324349403381348 0.024521449580788612
v 0.19685649871826172 -0.20324349403381348 0.024521449580788612
v 0.10653799772262573 -0.26359251141548157 0.024521449580788612
v 0.10653799772262573 -0.26359251141548157 -0.028353050351142883
v 0 -0.2847839891910553 -0.028353050351142883
v 0.10653799772262573 -0.26359251141548157 -0.028353050351142883
v 0.10653799772262573 -0.26359251141548157 0.024521449580788612
v 0.10653799772262573 -0.26359251141548157 0.024521449580788612
v 0 -0.2847839891910553 0.024521449580788612
v 0 -0.2847839891910553 -0.028353050351142883
v 0.2542639970779419 0.03308450058102608 0.3634220063686371
v 0.26061999797821045 0 0.2969970107078552
v 0.2407815009355545 0.09973499923944473 0.2969970107078552
v 0.2407815009355545 0.09973499923944473 0.2969970107078552
v 0.2407815009355545 0.09973499923944473 0.3966344892978668
v 0.2542639970779419 0.03308450058102608 0.3634220063686371
v 0.28240349888801575 -0.003311020089313388 0.37019699811935425
v 0.27839699387550354 -0.023661499843001366 0.3173224925994873
v 0.26061999797821045 0 0.2969970107078552
v 0.26061999797821045 0 0.2969970107078552
v 0.2542639970779419 0.03308450058102608 0.3634220063686371
v 0.28240349888801575 -0.003311020089313388 0.37019699811935425
v 0.2572050094604492 -0.11292500048875809 0.37019699811935425
v 0.2572050094604492 -0.11292500048875809 0.3173224925994873
v 0.27839699387550354 -0.023661499843001366 0.3173224925994873
v 0.27839699387550354 -0.023661499843001366 0.3173224925994873
v 0.28240349888801575 -0.003311020089313388 0.37019699811935425
v 0.2572050094604492 -0.11292500048875809 0.37019699811935425
v 0.19685649871826172 -0.20324349403381348 0.3173224925994873
v 0.2572050094604492 -0.11292500048875809 0.3173224925994873
v 0.2572050094604492 -0.11292500048875809 0.37019699811935425
v 0.2572050094604492 -0.11292500048875809 0.37019699811935425
v 0.19685649871826172 -0.20324349403381348 0.37019699811935425
v 0.19685649871826172 -0.20324349403381348 0.3173224925994873
v 0.10653799772262573 -0.26359251141548157 0.3173224925994873
v 0.19685649871826172 -0.20324349403381348 0.3173224925994873
v 0.19685649871826172 -0.20324349403381348 0.37019699811935425
v 0.19685649871826172 -0.20324349403381348 0.37019699811935425
v 0.10653799772262573 -0.26359251141548157 0.37019699811935425
v 0.10653799772262573 -0.26359251141548157 0.3173224925994873
v 0 -0.2847839891910553 0.3173224925994873
v 0.10653799772262573 -0.26359251141548157 0.3173224925994873
v 0.10653799772262573 -0.26359251141548157 0.37019699811935425
v 0.10653799772262573 -0.26359251141548157 0.37019699811935425
v 0 -0.2847839891910553 0.37019699811935425
v 0 -0.2847839891910553 0.3173224925994873
v 0.04364199936389923 0.269399493932724 0.3002389967441559
v 0 0.27399399876594543 0.3002395033836365
v 0 0.27399399876594543 0.3966344892978668
v 0 0.27399399876594543 0.3966344892978668
v 0.04364199936389923 0.269399493932724 0.3966344892978668
v 0.04364199936389923 0.269399493932724 0.3002389967441559
v 0.1842859983444214 0.1842859983444214 0.2969970107078552
v 0.09973499923944473 0.2407815009355545 0.2969970107078552
v 0.09973499923944473 0.2407815009355545 0.3966344892978668
v 0.09973499923944473 0.2407815009355545 0.3966344892978668
v 0.1842859983444214 0.1842859983444214 0.3966344892978668
v 0.1842859983444214 0.1842859983444214 0.2969970107078552
v 0.1842859983444214 0.1842859983444214 0.2969970107078552
v 0.1842859983444214 0.1842859983444214 0.3966344892978668
v 0.2407815009355545 0.09973499923944473 0.3966344892978668
v 0.2407815009355545 0.09973499923944473 0.3966344892978668
v 0.2407815009355545 0.09973499923944473 0.2969970107078552
v 0.1842859983444214 0.1842859983444214 0.2969970107078552
v 0.2542639970779419 0.0330844484269619 0.42984500527381897
v 0.2542639970779419 0.03308450058102608 0.3634220063686371
v 0.2407815009355545 0.09973499923944473 0.3966344892978668
v 0.28240349888801575 -0.003311020089313388 0.37019699811935425
v 0.2542639970779419 0.03308450058102608 0.3634220063686371
v 0.2542639970779419 0.0330844484269619 0.42984500527381897
v 0.2542639970779419 0.0330844484269619 0.42984500527381897
v 0.28240349888801575 -0.0033110249787569046 0.4230720102787018
v 0.28240349888801575 -0.003311020089313388 0.37019699811935425
v 0.2572050094604492 -0.11292500048875809 0.37019699811935425
v 0.28240349888801575 -0.003311020089313388 0.37019699811935425
v 0.28240349888801575 -0.0033110249787569046 0.4230720102787018
v 0.28240349888801575 -0.0033110249787569046 0.4230720102787018
v 0.2572050094604492 -0.11292500048875809 0.4230720102787018
v 0.2572050094604492 -0.11292500048875809 0.37019699811935425
v 0.19685649871826172 -0.20324349403381348 0.37019699811935425
v 0.2572050094604492 -0.11292500048875809 0.37019699811935425
v 0.2572050094604492 -0.11292500048875809 0.4230720102787018
v 0.2572050094604492 -0.11292500048875809 0.4230720102787018
v 0.19685649871826172 -0.20324349403381348 0.4230720102787018
v 0.19685649871826172 -0.20324349403381348 0.37019699811935425
v 0.10653799772262573 -0.26359251141548157 0.37019699811935425
v 0.19685649871826172 -0.20324349403381348 0.37019699811935425
v 0.19685649871826172 -0.20324349403381348 0.4230720102787018
v 0.19685649871826172 -0.20324349403381348 0.4230720102787018
v 0.10653799772262573 -0.26359251141548157 0.4230720102787018
v 0.10653799772262573 -0.26359251141548157 0.37019699811935425
v 0 -0.2847839891910553 0.37019699811935425
v 0.10653799772262573 -0.26359251141548157 0.37019699811935425
v 0.10653799772262573 -0.26359251141548157 0.4230720102787018
v 0.10653799772262573 -0.26359251141548157 0.4230720102787018
v 0 -0.2847839891910553 0.4230720102787018
v 0 -0.2847839891910553 0.37019699811935425
v 0.2542639970779419 0.03308495134115219 0.7619699835777283
v 0.26061999797821045 0 0.6955450177192688
v 0.2407815009355545 0.09973499923944473 0.6955450177192688
v 0.2407815009355545 0.09973499923944473 0.6955450177192688
v 0.2407815009355545 0.09973499923944473 0.7951850295066833
v 0.2542639970779419 0.03308495134115219 0.7619699835777283
v 0.28240349888801575 -0.003311045002192259 0.768750011920929
v 0.27839699387550354 -0.023661049082875252 0.7158750295639038
v 0.26061999797821045 0 0.6955450177192688
v 0.26061999797821045 0 0.6955450177192688
v 0.2542639970779419 0.03308495134115219 0.7619699835777283
v 0.28240349888801575 -0.003311045002192259 0.768750011920929
v 0.2572050094604492 -0.11292500048875809 0.768750011920929
v 0.2572050094604492 -0.11292500048875809 0.7158750295639038
v 0.27839699387550354 -0.023661049082875252 0.7158750295639038
v 0.27839699387550354 -0.023661049082875252 0.7158750295639038
v 0.28240349888801575 -0.003311045002192259 0.768750011920929
v 0.2572050094604492 -0.11292500048875809 0.768750011920929
v 0.19685649871826172 -0.20324349403381348 0.7158750295639038
v 0.2572050094604492 -0.11292500048875809 0.7158750295639038
v 0.2572050094604492 -0.11292500048875809 0.768750011920929
v 0.2572050094604492 -0.11292500048875809 0.768750011920929
v 0.19685649871826172 -0.20324349403381348 0.768750011920929
v 0.19685649871826172 -0.20324349403381348 0.7158750295639038
v 0.10653799772262573 -0.26359251141548157 0.7158750295639038
v 0.19685649871826172 -0.20324349403381348 0.7158750295639038
v 0.19685649871826172 -0.20324349403381348 0.768750011920929
v 0.19685649871826172 -0.20324349403381348 0.768750011920929
v 0.10653799772262573 -0.26359251141548157 0.768750011920929
v 0.10653799772262573 -0.26359251141548157 0.7158750295639038
v 0 -0.2847839891910553 0.7158750295639038
v 0.10653799772262573 -0.26359251141548157 0.7158750295639038
v 0.10653799772262573 -0.26359251141548157 0.768750011920929
v 0.10653799772262573 -0.26359251141548157 0.768750011920929
v 0 -0.2847839891910553 0.768750011920929
v 0 -0.2847839891910553 0.7158750295639038
v 0.04364199936389923 0.269399493932724 0.6858199834823608
v 0 0.273994505405426 0.6858199834823608
v 0 0.273994505405426 0.7822149991989136
v 0 0.273994505405426 0.7822149991989136
v 0.04364199936389923 0.269399493932724 0.7822149991989136
v 0.04364199936389923 0.269399493932724 0.6858199834823608
v 0.1842859983444214 0.1842859983444214 0.6955450177192688
v 0.09973499923944473 0.2407815009355545 0.6955450177192688
v 0.09973499923944473 0.2407815009355545 0.7951850295066833
v 0.09973499923944473 0.2407815009355545 0.7951850295066833
v 0.1842859983444214 0.1842859983444214 0.7951850295066833
v 0.1842859983444214 0.1842859983444214 0.6955450177192688
v 0.1842859983444214 0.1842859983444214 0.6955450177192688
v 0.1842859983444214 0.1842859983444214 0.7951850295066833
v 0.2407815009355545 0.09973499923944473 0.7951850295066833
v 0.2407815009355545 0.09973499923944473 0.7951850295066833
v 0.2407815009355545 0.09973499923944473 0.6955450177192688
v 0.1842859983444214 0.1842859983444214 0.6955450177192688
v 0.2542639970779419 0.03308495134115219 0.8283950090408325
v 0.2542639970779419 0.03308495134115219 0.7619699835777283
v 0.2407815009355545 0.09973499923944473 0.7951850295066833
v 0.28240349888801575 -0.003311045002192259 0.768750011920929
v 0.2542639970779419 0.03308495134115219 0.7619699835777283
v 0.2542639970779419 0.03308495134115219 0.8283950090408325
v 0.2542639970779419 0.03308495134115219 0.8283950090408325
v 0.28240349888801575 -0.0033105500042438507 0.821619987487793
v 0.28240349888801575 -0.003311045002192259 0.768750011920929
v 0.2572050094604492 -0.11292500048875809 0.768750011920929
v 0.28240349888801575 -0.003311045002192259 0.768750011920929
v 0.28240349888801575 -0.0033105500042438507 0.821619987487793
v 0.28240349888801575 -0.0033105500042438507 0.821619987487793
v 0.2572050094604492 -0.11292500048875809 0.821619987487793
v 0.2572050094604492 -0.11292500048875809 0.768750011920929
v 0.19685649871826172 -0.20324349403381348 0.768750011920929
v 0.2572050094604492 -0.11292500048875809 0.768750011920929
v 0.2572050094604492 -0.11292500048875809 0.821619987487793
v 0.2572050094604492 -0.11292500048875809 0.821619987487793
v 0.19685649871826172 -0.20324349403381348 0.821619987487793
v 0.19685649871826172 -0.20324349403381348 0.768750011920929
v 0.10653799772262573 -0.26359251141548157 0.768750011920929
v 0.19685649871826172 -0.20324349403381348 0.768750011920929
v 0.19685649871826172 -0.20324349403381348 0.821619987487793
v 0.19685649871826172 -0.20324349403381348 0.821619987487793
v 0.10653799772262573 -0.26359251141548157 0.821619987487793
v 0.10653799772262573 -0.26359251141548157 0.768750011920929
v 0 -0.2847839891910553 0.768750011920929
v 0.10653799772262573 -0.26359251141548157 0.768750011920929
v 0.10653799772262573 -0.26359251141548157 0.821619987487793
v 0.10653799772262573 -0.26359251141548157 0.821619987487793
v 0 -0.2847839891910553 0.821619987487793
v 0 -0.2847839891910553 0.768750011920929
v 0.09973499923944473 0.2407815009355545 1.09409499168396
v 0.09973499923944473 0.2407815009355545 0.8948249816894531
v 0.049867499619722366 0.256025493144989 0.9389600157737732
v 0.049867499619722366 0.2560249865055084 -0.14569050073623657
v 0.09973499923944473 0.2407815009355545 -0.3008284866809845
v 0 0.26061949133872986 -0.3008284866809845
v 0 0.26061949133872986 -0.3008284866809845
v 0 0.26061999797821045 -0.15888400375843048
v 0.049867499619722366 0.2560249865055084 -0.14569050073623657
v 0.08728399872779846 0.2541554868221283 -0.08534149825572968
v 0.04364199936389923 0.269399493932724 -0.12804250419139862
v 0.04364199936389923 0.269399493932724 0.01105355005711317
v 0.04364199936389923 0.269399493932724 0.01105355005711317
v 0.08728399872779846 0.2541554868221283 0.01105355005711317
v 0.08728399872779846 0.2541554868221283 -0.08534149825572968
v 0.08728399872779846 0.2541554868221283 0.01105355005711317
v 0.04364199936389923 0.269399493932724 0.01105355005711317
v 0.04364199936389923 0.269399493932724 0.1074490025639534
v 0.04364199936389923 0.269399493932724 0.1074490025639534
v 0.08728399872779846 0.2541554868221283 0.1074490025639534
v 0.08728399872779846 0.2541554868221283 0.01105355005711317
v 0.08728399872779846 0.2541554868221283 0.1074490025639534
v 0.04364199936389923 0.269399493932724 0.1074490025639534
v 0.04364199936389923 0.269399493932724 0.3002389967441559
v 0.04364199936389923 0.269399493932724 0.3002389967441559
v 0.08728399872779846 0.2541554868221283 0.3002395033836365
v 0.08728399872779846 0.2541554868221283 0.1074490025639534
v 0.08728399872779846 0.2541554868221283 0.3002395033836365
v 0.04364199936389923 0.269399493932724 0.3002389967441559
v 0.04364199936389923 0.269399493932724 0.3966344892978668
v 0.04364199936389923 0.269399493932724 0.3966344892978668
v 0.08728399872779846 0.2541554868221283 0.3966344892978668
v 0.08728399872779846 0.2541554868221283 0.3002395033836365
v 0.08728399872779846 0.2541554868221283 0.3966344892978668
v 0.04364199936389923 0.269399493932724 0.3966344892978668
v 0.04364199936389923 0.269399493932724 0.49303001165390015
v 0.04364199936389923 0.269399493932724 0.49303001165390015
v 0.08728399872779846 0.2541554868221283 0.49303001165390015
v 0.08728399872779846 0.2541554868221283 0.3966344892978668
v 0.08728399872779846 0.2541554868221283 0.49303001165390015
v 0.04364199936389923 0.269399493932724 0.49303001165390015
v 0.04364199936389923 0.269399493932724 0.6858199834823608
v 0.04364199936389923 0.269399493932724 0.6858199834823608
v 0.08728399872779846 0.2541559934616089 0.6858199834823608
v 0.08728399872779846 0.2541554868221283 0.49303001165390015
v 0.08728399872779846 0.2541559934616089 0.6858199834823608
v 0.04364199936389923 0.269399493932724 0.6858199834823608
v 0.04364199936389923 0.269399493932724 0.7822149991989136
v 0.04364199936389923 0.269399493932724 0.7822149991989136
v 0.08728399872779846 0.2541559934616089 0.7822149991989136
v 0.08728399872779846 0.2541559934616089 0.6858199834823608
v 0.08728399872779846 0.2541559934616089 0.8786100149154663
v 0.08728399872779846 0.2541559934616089 0.7822149991989136
v 0.04364199936389923 0.269399493932724 0.7822149991989136
v 0.04364199936389923 0.269399493932724 0.7822149991989136
v 0.04364199936389923 0.269399493932724 0.9213100075721741
v 0.08728399872779846 0.2541559934616089 0.8786100149154663
v 0.049867499619722366 0.256025493144989 0.9389600157737732
v 0.04364199936389923 0.269399493932724 0.9213100075721741
v 0 0.273994505405426 0.9340749979019165
v 0 0.273994505405426 0.9340749979019165
v 0 0.26061999797821045 0.9521549940109253
v 0.049867499619722366 0.256025493144989 0.9389600157737732
v 0 0.27399399876594543 -0.14080649614334106
v 0.04364199936389923 0.269399493932724 -0.12804250419139862
v 0.049867499619722366 0.2560249865055084 -0.14569050073623657
v 0.049867499619722366 0.2560249865055084 -0.14569050073623657
v 0 0.26061999797821045 -0.15888400375843048
v 0 0.27399399876594543 -0.14080649614334106
v 0.04364199936389923 0.269399493932724 -0.12804250419139862
v 0.08728399872779846 0.2541554868221283 -0.08534149825572968
v 0.09973499923944473 0.2407815009355545 -0.10155300050973892
v 0.09973499923944473 0.2407815009355545 -0.10155300050973892
v 0.049867499619722366 0.2560249865055084 -0.14569050073623657
v 0.04364199936389923 0.269399493932724 -0.12804250419139862
v 0.08728399872779846 0.2541554868221283 -0.08534149825572968
v 0.08728399872779846 0.2541554868221283 0.01105355005711317
v 0.09973499923944473 0.2407815009355545 -0.0019154750043526292
v 0.09973499923944473 0.2407815009355545 -0.0019154750043526292
v 0.09973499923944473 0.2407815009355545 -0.10155300050973892
v 0.08728399872779846 0.2541554868221283 -0.08534149825572968
v 0.08728399872779846 0.2541554868221283 0.01105355005711317
v 0.08728399872779846 0.2541554868221283 0.1074490025639534
v 0.09973499923944473 0.2407815009355545 0.09772200137376785
v 0.09973499923944473 0.2407815009355545 0.09772200137376785
v 0.09973499923944473 0.2407815009355545 -0.0019154750043526292
v 0.08728399872779846 0.2541554868221283 0.01105355005711317
v 0.08728399872779846 0.2541554868221283 0.1074490025639534
v 0.08728399872779846 0.2541554868221283 0.3002395033836365
v 0.09973499923944473 0.2407815009355545 0.2969970107078552
v 0.09973499923944473 0.2407815009355545 0.2969970107078552
v 0.09973499923944473 0.2407815009355545 0.09772200137376785
v 0.08728399872779846 0.2541554868221283 0.1074490025639534
v 0.08728399872779846 0.2541554868221283 0.3002395033836365
v 0.08728399872779846 0.2541554868221283 0.3966344892978668
v 0.09973499923944473 0.2407815009355545 0.3966344892978668
v 0.09973499923944473 0.2407815009355545 0.3966344892978668
v 0.09973499923944473 0.2407815009355545 0.2969970107078552
v 0.08728399872779846 0.2541554868221283 0.3002395033836365
v 0.09973499923944473 0.2407815009355545 0.3966344892978668
v 0.08728399872779846 0.2541554868221283 0.3966344892978668
v 0.08728399872779846 0.2541554868221283 0.49303001165390015
v 0.08728399872779846 0.2541554868221283 0.49303001165390015
v 0.09973499923944473 0.2407815009355545 0.49627000093460083
v 0.09973499923944473 0.2407815009355545 0.3966344892978668
v 0.09973499923944473 0.2407815009355545 0.49627000093460083
v 0.08728399872779846 0.2541554868221283 0.49303001165390015
v 0.08728399872779846 0.2541559934616089 0.6858199834823608
v 0.08728399872779846 0.2541559934616089 0.6858199834823608
v 0.09973499923944473 0.2407815009355545 0.6955450177192688
v 0.09973499923944473 0.2407815009355545 0.49627000093460083
v 0.09973499923944473 0.2407815009355545 0.6955450177192688
v 0.08728399872779846 0.2541559934616089 0.6858199834823608
v 0.08728399872779846 0.2541559934616089 0.7822149991989136
v 0.08728399872779846 0.2541559934616089 0.7822149991989136
v 0.09973499923944473 0.2407815009355545 0.7951850295066833
v 0.09973499923944473 0.2407815009355545 0.6955450177192688
v 0.09973499923944473 0.2407815009355545 0.8948249816894531
v 0.08728399872779846 0.2541559934616089 0.8786100149154663
v 0.04364199936389923 0.269399493932724 0.9213100075721741
v 0.04364199936389923 0.269399493932724 0.9213100075721741
v 0.049867499619722366 0.256025493144989 0.9389600157737732
v 0.09973499923944473 0.2407815009355545 0.8948249816894531
v 0.09973499923944473 0.2407815009355545 0.7951850295066833
v 0.08728399872779846 0.2541559934616089 0.7822149991989136
v 0.08728399872779846 0.2541559934616089 0.8786100149154663
v 0.08728399872779846 0.2541559934616089 0.8786100149154663
v 0.09973499923944473 0.2407815009355545 0.8948249816894531
v 0.09973499923944473 0.2407815009355545 0.7951850295066833
v -0.09973499923944473 -0.2407815009355545 1.09409499168396
v -0.09973499923944473 -0.2407815009355545 0.8948249816894531
v 0 -0.26061999797821045 0.8948249816894531
v 0 -0.26061999797821045 0.8948249816894531
v 0 -0.26061999797821045 1.09409499168396
v -0.09973499923944473 -0.2407815009355545 1.09409499168396
v -0.1842859983444214 -0.1842859983444214 1.09409499168396
v -0.1842859983444214 -0.18428650498390198 0.8948249816894531
v -0.09973499923944473 -0.2407815009355545 0.8948249816894531
v -0.09973499923944473 -0.2407815009355545 0.8948249816894531
v -0.09973499923944473 -0.2407815009355545 1.09409499168396
v -0.1842859983444214 -0.1842859983444214 1.09409499168396
v -0.2407815009355545 -0.09973499923944473 1.09409499168396
v -0.2407815009355545 -0.09973499923944473 0.8948249816894531
v -0.1842859983444214 -0.18428650498390198 0.8948249816894531
v -0.1842859983444214 -0.18428650498390198 0.8948249816894531
v -0.1842859983444214 -0.1842859983444214 1.09409499168396
v -0.2407815009355545 -0.09973499923944473 1.09409499168396
v -0.26061999797821045 -6.521300122130924e-8 1.09409499168396
v -0.26061999797821045 0 0.8948249816894531
v -0.2407815009355545 -0.09973499923944473 0.8948249816894531
v -0.2407815009355545 -0.09973499923944473 0.8948249816894531
v -0.2407815009355545 -0.09973499923944473 1.09409499168396
v -0.26061999797821045 -6.521300122130924e-8 1.09409499168396
v -0.2407815009355545 0.09973499923944473 1.09409499168396
v -0.2407815009355545 0.09973499923944473 0.8948249816894531
v -0.26061999797821045 0 0.8948249816894531
v -0.26061999797821045 0 0.8948249816894531
v -0.26061999797821045 -6.521300122130924e-8 1.09409499168396
v -0.2407815009355545 0.09973499923944473 1.09409499168396
v -0.2407815009355545 0.09973499923944473 1.09409499168396
v -0.1842859983444214 0.1842859983444214 1.09409499168396
v -0.1842859983444214 0.1842859983444214 0.8948249816894531
v -0.1842859983444214 0.1842859983444214 0.8948249816894531
v -0.2407815009355545 0.09973499923944473 0.8948249816894531
v -0.2407815009355545 0.09973499923944473 1.09409499168396
v -0.09973499923944473 0.2407815009355545 1.09409499168396
v -0.09973499923944473 0.2407815009355545 0.8948249816894531
v -0.1842859983444214 0.1842859983444214 0.8948249816894531
v -0.1842859983444214 0.1842859983444214 0.8948249816894531
v -0.1842859983444214 0.1842859983444214 1.09409499168396
v -0.09973499923944473 0.2407815009355545 1.09409499168396
v 0 0.26061999797821045 1.09409499168396
v 0 0.26061999797821045 0.9521549940109253
v -0.049867499619722366 0.256025493144989 0.9389600157737732
v -0.049867499619722366 0.256025493144989 0.9389600157737732
v -0.09973499923944473 0.2407815009355545 1.09409499168396
v 0 0.26061999797821045 1.09409499168396
v -0.05753200128674507 -0.13889449834823608 1.2498849630355835
v 0 -0.15033850073814392 1.2498849630355835
v 0 -7.44989989698297e-8 1.2498849630355835
v -0.10630550235509872 -0.10630550235509872 1.2498849630355835
v -0.05753200128674507 -0.13889449834823608 1.2498849630355835
v 0 -7.44989989698297e-8 1.2498849630355835
v -0.13889449834823608 -0.05753200128674507 1.2498849630355835
v -0.10630550235509872 -0.10630550235509872 1.2498849630355835
v 0 -7.44989989698297e-8 1.2498849630355835
v -0.15033850073814392 -7.44989989698297e-8 1.2498849630355835
v -0.13889449834823608 -0.05753200128674507 1.2498849630355835
v 0 -7.44989989698297e-8 1.2498849630355835
v -0.13889500498771667 0.05753200128674507 1.2498849630355835
v -0.15033850073814392 -7.44989989698297e-8 1.2498849630355835
v 0 -7.44989989698297e-8 1.2498849630355835
v -0.10630550235509872 0.10630550235509872 1.2498849630355835
v -0.13889500498771667 0.05753200128674507 1.2498849630355835
v 0 -7.44989989698297e-8 1.2498849630355835
v -0.05753200128674507 0.13889449834823608 1.2498849630355835
v -0.10630550235509872 0.10630550235509872 1.2498849630355835
v 0 -7.44989989698297e-8 1.2498849630355835
v 0 0.15033850073814392 1.2498849630355835
v -0.05753200128674507 0.13889449834823608 1.2498849630355835
v 0 -7.44989989698297e-8 1.2498849630355835
v 0 0.3664965033531189 -0.9914550185203552
v 0 0.3946995139122009 -1.2188949584960938
v -0.12808750569820404 0.36680150032043457 -1.2188949584960938
v -0.12808750569820404 0.36680150032043457 -1.2188949584960938
v -0.12274900078773499 0.33859848976135254 -0.9914550185203552
v 0 0.3664965033531189 -0.9914550185203552
v -0.25915250182151794 0.25915199518203735 -0.9914550185203552
v -0.12274900078773499 0.33859848976135254 -0.9914550185203552
v -0.1402525007724762 0.33859899640083313 -1.2381349802017212
v -0.1402525007724762 0.33859899640083313 -1.2381349802017212
v -0.25915250182151794 0.25915250182151794 -1.2381349802017212
v -0.25915250182151794 0.25915199518203735 -0.9914550185203552
v -0.25915250182151794 0.25915199518203735 -0.9914550185203552
v -0.25915250182151794 0.25915250182151794 -1.2381349802017212
v -0.33859899640083313 0.1402519941329956 -1.2381349802017212
v -0.33859899640083313 0.1402519941329956 -1.2381349802017212
v -0.33859899640083313 0.1402519941329956 -0.9914550185203552
v -0.25915250182151794 0.25915199518203735 -0.9914550185203552
v -0.3664970099925995 -4.40904500464967e-7 -0.9914550185203552
v -0.33859899640083313 0.1402519941329956 -0.9914550185203552
v -0.36723050475120544 0.12415699660778046 -1.2188949584960938
v -0.36723050475120544 0.12415699660778046 -1.2188949584960938
v -0.3951284885406494 7.265199997164018e-8 -1.2188949584960938
v -0.3664970099925995 -4.40904500464967e-7 -0.9914550185203552
v -0.3664970099925995 -4.40904500464967e-7 -0.9914550185203552
v -0.3951284885406494 7.265199997164018e-8 -1.2188949584960938
v -0.36723050475120544 -0.12415699660778046 -1.2188949584960938
v -0.36723050475120544 -0.12415699660778046 -1.2188949584960938
v -0.33859899640083313 -0.1402525007724762 -0.9914550185203552
v -0.3664970099925995 -4.40904500464967e-7 -0.9914550185203552
v -0.33859899640083313 -0.1402525007724762 -0.9914550185203552
v -0.33859899640083313 -0.1402525007724762 -1.2381349802017212
v -0.25915250182151794 -0.25915250182151794 -1.2381349802017212
v -0.25915250182151794 -0.25915250182151794 -1.2381349802017212
v -0.25915250182151794 -0.25915300846099854 -0.9914550185203552
v -0.33859899640083313 -0.1402525007724762 -0.9914550185203552
v -0.25915250182151794 -0.25915300846099854 -0.9914550185203552
v -0.25915250182151794 -0.25915250182151794 -1.2381349802017212
v -0.1402519941329956 -0.33859899640083313 -1.2381349802017212
v -0.1402519941329956 -0.33859899640083313 -1.2381349802017212
v -0.12274900078773499 -0.3385995030403137 -0.9914550185203552
v -0.25915250182151794 -0.25915300846099854 -0.9914550185203552
v 0 -0.3664970099925995 -0.9914550185203552
v -0.12274900078773499 -0.3385995030403137 -0.9914550185203552
v -0.12808750569820404 -0.36680150032043457 -1.2188949584960938
v -0.12808750569820404 -0.36680150032043457 -1.2188949584960938
v 0 -0.3946995139122009 -1.2188949584960938
v 0 -0.3664970099925995 -0.9914550185203552
v 0 0.3664965033531189 -0.6895350217819214
v 0 0.3664965033531189 -0.9376599788665771
v -0.1402525007724762 0.33859848976135254 -0.9376599788665771
v -0.1402525007724762 0.33859848976135254 -0.9376599788665771
v -0.1402525007724762 0.33859848976135254 -0.6895350217819214
v 0 0.3664965033531189 -0.6895350217819214
v -0.1402525007724762 0.33859848976135254 -0.6895350217819214
v -0.1402525007724762 0.33859848976135254 -0.9376599788665771
v -0.25915250182151794 0.25915199518203735 -0.9376599788665771
v -0.25915250182151794 0.25915199518203735 -0.9376599788665771
v -0.25915250182151794 0.25915199518203735 -0.6895350217819214
v -0.1402525007724762 0.33859848976135254 -0.6895350217819214
v -0.25915250182151794 0.25915199518203735 -0.6895350217819214
v -0.25915250182151794 0.25915199518203735 -0.9376599788665771
v -0.33859899640083313 0.1402519941329956 -0.9376599788665771
v -0.33859899640083313 0.1402519941329956 -0.9376599788665771
v -0.33859899640083313 0.1402519941329956 -0.6895350217819214
v -0.25915250182151794 0.25915199518203735 -0.6895350217819214
v -0.33859899640083313 0.1402519941329956 -0.6895350217819214
v -0.33859899640083313 0.1402519941329956 -0.9376599788665771
v -0.3664970099925995 -4.4411100930119574e-7 -0.9376599788665771
v -0.3664970099925995 -4.4411100930119574e-7 -0.9376599788665771
v -0.3664970099925995 -4.5890050159869133e-7 -0.6895350217819214
v -0.33859899640083313 0.1402519941329956 -0.6895350217819214
v -0.3664970099925995 -4.5890050159869133e-7 -0.6895350217819214
v -0.3664970099925995 -4.4411100930119574e-7 -0.9376599788665771
v -0.33859899640083313 -0.1402525007724762 -0.9376599788665771
v -0.33859899640083313 -0.1402525007724762 -0.9376599788665771
v -0.33859899640083313 -0.1402525007724762 -0.6895350217819214
v -0.3664970099925995 -4.5890050159869133e-7 -0.6895350217819214
v -0.33859899640083313 -0.1402525007724762 -0.6895350217819214
v -0.33859899640083313 -0.1402525007724762 -0.9376599788665771
v -0.25915250182151794 -0.25915300846099854 -0.9376599788665771
v -0.25915250182151794 -0.25915300846099854 -0.9376599788665771
v -0.25915250182151794 -0.25915300846099854 -0.6895350217819214
v -0.33859899640083313 -0.1402525007724762 -0.6895350217819214
v -0.25915250182151794 -0.25915300846099854 -0.6895350217819214
v -0.25915250182151794 -0.25915300846099854 -0.9376599788665771
v -0.1402525007724762 -0.3385995030403137 -0.9376599788665771
v -0.1402525007724762 -0.3385995030403137 -0.9376599788665771
v -0.1402525007724762 -0.3385995030403137 -0.6895350217819214
v -0.25915250182151794 -0.25915300846099854 -0.6895350217819214
v -0.1402525007724762 -0.3385995030403137 -0.6895350217819214
v -0.1402525007724762 -0.3385995030403137 -0.9376599788665771
v 0 -0.3664970099925995 -0.9376599788665771
v 0 -0.3664970099925995 -0.9376599788665771
v 0 -0.3664970099925995 -0.6895350217819214
v -0.1402525007724762 -0.3385995030403137 -0.6895350217819214
v 0 0.26061949133872986 -0.3008284866809845
v 0 0.30625849962234497 -0.393110990524292
v -0.11720000207424164 0.28294599056243896 -0.393110990524292
v -0.11720000207424164 0.28294599056243896 -0.393110990524292
v -0.09973499923944473 0.2407815009355545 -0.3008284866809845
v 0 0.26061949133872986 -0.3008284866809845
v -0.09973499923944473 0.2407815009355545 -0.3008284866809845
v -0.11720000207424164 0.28294599056243896 -0.393110990524292
v -0.21655750274658203 0.21655699610710144 -0.393110990524292
v -0.21655750274658203 0.21655699610710144 -0.393110990524292
v -0.1842859983444214 0.1842859983444214 -0.3008284866809845
v -0.09973499923944473 0.2407815009355545 -0.3008284866809845
v -0.1842859983444214 0.1842859983444214 -0.3008284866809845
v -0.21655750274658203 0.21655699610710144 -0.393110990524292
v -0.28294599056243896 0.11720000207424164 -0.393110990524292
v -0.28294599056243896 0.11720000207424164 -0.393110990524292
v -0.2407815009355545 0.09973450005054474 -0.3008284866809845
v -0.1842859983444214 0.1842859983444214 -0.3008284866809845
v -0.2407815009355545 0.09973450005054474 -0.3008284866809845
v -0.28294599056243896 0.11720000207424164 -0.393110990524292
v -0.30625849962234497 -4.765684877838794e-7 -0.393110990524292
v -0.30625849962234497 -4.765684877838794e-7 -0.393110990524292
v -0.26061999797821045 -4.820690264750738e-7 -0.3008284866809845
v -0.2407815009355545 0.09973450005054474 -0.3008284866809845
v -0.26061999797821045 -4.820690264750738e-7 -0.3008284866809845
v -0.30625849962234497 -4.765684877838794e-7 -0.393110990524292
v -0.28294599056243896 -0.11720050126314163 -0.393110990524292
v -0.28294599056243896 -0.11720050126314163 -0.393110990524292
v -0.2407815009355545 -0.09973549842834473 -0.3008284866809845
v -0.26061999797821045 -4.820690264750738e-7 -0.3008284866809845
v -0.2407815009355545 -0.09973549842834473 -0.3008284866809845
v -0.28294599056243896 -0.11720050126314163 -0.393110990524292
v -0.21655750274658203 -0.21655799448490143 -0.393110990524292
v -0.21655750274658203 -0.21655799448490143 -0.393110990524292
v -0.1842859983444214 -0.18428650498390198 -0.3008284866809845
v -0.2407815009355545 -0.09973549842834473 -0.3008284866809845
v -0.1842859983444214 -0.18428650498390198 -0.3008284866809845
v -0.21655750274658203 -0.21655799448490143 -0.393110990524292
v -0.11720000207424164 -0.28294649720191956 -0.393110990524292
v -0.11720000207424164 -0.28294649720191956 -0.393110990524292
v -0.09973499923944473 -0.2407819926738739 -0.3008284866809845
v -0.1842859983444214 -0.18428650498390198 -0.3008284866809845
v -0.09973499923944473 -0.2407819926738739 -0.3008284866809845
v -0.11720000207424164 -0.28294649720191956 -0.393110990524292
v 0 -0.30625900626182556 -0.393110990524292
v 0 -0.30625900626182556 -0.393110990524292
v 0 -0.26061999797821045 -0.3008284866809845
v -0.09973499923944473 -0.2407819926738739 -0.3008284866809845
v 0 0.3391270041465759 -0.49265849590301514
v 0 0.35731300711631775 -0.588254988193512
v -0.13673800230026245 0.3301140069961548 -0.588254988193512
v -0.13673800230026245 0.3301140069961548 -0.588254988193512
v -0.12977850437164307 0.31331250071525574 -0.49265849590301514
v 0 0.3391270041465759 -0.49265849590301514
v -0.12977850437164307 0.31331250071525574 -0.49265849590301514
v -0.13673800230026245 0.3301140069961548 -0.588254988193512
v -0.25265899300575256 0.252658486366272 -0.588254988193512
v -0.25265899300575256 0.252658486366272 -0.588254988193512
v -0.23979949951171875 0.23979899287223816 -0.49265849590301514
v -0.12977850437164307 0.31331250071525574 -0.49265849590301514
v -0.23979949951171875 0.23979899287223816 -0.49265849590301514
v -0.25265899300575256 0.252658486366272 -0.588254988193512
v -0.3301145136356354 0.13673749566078186 -0.588254988193512
v -0.3301145136356354 0.13673749566078186 -0.588254988193512
v -0.31331300735473633 0.12977799773216248 -0.49265849590301514
v -0.23979949951171875 0.23979899287223816 -0.49265849590301514
v -0.31331300735473633 0.12977799773216248 -0.49265849590301514
v -0.3301145136356354 0.13673749566078186 -0.588254988193512
v -0.35731351375579834 -4.649375000553846e-7 -0.588254988193512
v -0.35731351375579834 -4.649375000553846e-7 -0.588254988193512
v -0.3391275107860565 -4.706355127837014e-7 -0.49265849590301514
v -0.31331300735473633 0.12977799773216248 -0.49265849590301514
v -0.3391275107860565 -4.706355127837014e-7 -0.49265849590301514
v -0.35731351375579834 -4.649375000553846e-7 -0.588254988193512
v -0.3301145136356354 -0.13673849403858185 -0.588254988193512
v -0.3301145136356354 -0.13673849403858185 -0.588254988193512
v -0.31331300735473633 -0.12977850437164307 -0.49265849590301514
v -0.3391275107860565 -4.706355127837014e-7 -0.49265849590301514
v -0.31331300735473633 -0.12977850437164307 -0.49265849590301514
v -0.3301145136356354 -0.13673849403858185 -0.588254988193512
v -0.25265899300575256 -0.25265899300575256 -0.588254988193512
v -0.25265899300575256 -0.25265899300575256 -0.588254988193512
v -0.23979899287223816 -0.23979949951171875 -0.49265849590301514
v -0.31331300735473633 -0.12977850437164307 -0.49265849590301514
v -0.23979899287223816 -0.23979949951171875 -0.49265849590301514
v -0.25265899300575256 -0.25265899300575256 -0.588254988193512
v -0.13673800230026245 -0.3301149904727936 -0.588254988193512
v -0.13673800230026245 -0.3301149904727936 -0.588254988193512
v -0.12977850437164307 -0.31331300735473633 -0.49265849590301514
v -0.23979899287223816 -0.23979949951171875 -0.49265849590301514
v -0.12977850437164307 -0.31331300735473633 -0.49265849590301514
v -0.13673800230026245 -0.3301149904727936 -0.588254988193512
v 0 -0.35731351375579834 -0.588254988193512
v 0 -0.35731351375579834 -0.588254988193512
v 0 -0.3391275107860565 -0.49265849590301514
v -0.12977850437164307 -0.31331300735473633 -0.49265849590301514
v 0 0.35731300711631775 -0.588254988193512
v 0 0.3664965033531189 -0.6895350217819214
v -0.1402525007724762 0.33859848976135254 -0.6895350217819214
v -0.1402525007724762 0.33859848976135254 -0.6895350217819214
v -0.13673800230026245 0.3301140069961548 -0.588254988193512
v 0 0.35731300711631775 -0.588254988193512
v -0.13673800230026245 0.3301140069961548 -0.588254988193512
v -0.1402525007724762 0.33859848976135254 -0.6895350217819214
v -0.25915250182151794 0.25915199518203735 -0.6895350217819214
v -0.25915250182151794 0.25915199518203735 -0.6895350217819214
v -0.25265899300575256 0.252658486366272 -0.588254988193512
v -0.13673800230026245 0.3301140069961548 -0.588254988193512
v -0.25265899300575256 0.252658486366272 -0.588254988193512
v -0.25915250182151794 0.25915199518203735 -0.6895350217819214
v -0.33859899640083313 0.1402519941329956 -0.6895350217819214
v -0.33859899640083313 0.1402519941329956 -0.6895350217819214
v -0.3301145136356354 0.13673749566078186 -0.588254988193512
v -0.25265899300575256 0.252658486366272 -0.588254988193512
v -0.3301145136356354 0.13673749566078186 -0.588254988193512
v -0.33859899640083313 0.1402519941329956 -0.6895350217819214
v -0.3664970099925995 -4.5890050159869133e-7 -0.6895350217819214
v -0.3664970099925995 -4.5890050159869133e-7 -0.6895350217819214
v -0.35731351375579834 -4.649375000553846e-7 -0.588254988193512
v -0.3301145136356354 0.13673749566078186 -0.588254988193512
v -0.35731351375579834 -4.649375000553846e-7 -0.588254988193512
v -0.3664970099925995 -4.5890050159869133e-7 -0.6895350217819214
v -0.33859899640083313 -0.1402525007724762 -0.6895350217819214
v -0.33859899640083313 -0.1402525007724762 -0.6895350217819214
v -0.3301145136356354 -0.13673849403858185 -0.588254988193512
v -0.35731351375579834 -4.649375000553846e-7 -0.588254988193512
v -0.3301145136356354 -0.13673849403858185 -0.588254988193512
v -0.33859899640083313 -0.1402525007724762 -0.6895350217819214
v -0.25915250182151794 -0.25915300846099854 -0.6895350217819214
v -0.25915250182151794 -0.25915300846099854 -0.6895350217819214
v -0.25265899300575256 -0.25265899300575256 -0.588254988193512
v -0.3301145136356354 -0.13673849403858185 -0.588254988193512
v -0.25265899300575256 -0.25265899300575256 -0.588254988193512
v -0.25915250182151794 -0.25915300846099854 -0.6895350217819214
v -0.1402525007724762 -0.3385995030403137 -0.6895350217819214
v -0.1402525007724762 -0.3385995030403137 -0.6895350217819214
v -0.13673800230026245 -0.3301149904727936 -0.588254988193512
v -0.25265899300575256 -0.25265899300575256 -0.588254988193512
v -0.13673800230026245 -0.3301149904727936 -0.588254988193512
v -0.1402525007724762 -0.3385995030403137 -0.6895350217819214
v 0 -0.3664970099925995 -0.6895350217819214
v 0 -0.3664970099925995 -0.6895350217819214
v 0 -0.35731351375579834 -0.588254988193512
v -0.13673800230026245 -0.3301149904727936 -0.588254988193512
v 0 0.30625849962234497 -0.393110990524292
v 0 0.3391270041465759 -0.49265849590301514
v -0.12977850437164307 0.31331250071525574 -0.49265849590301514
v -0.12977850437164307 0.31331250071525574 -0.49265849590301514
v -0.11720000207424164 0.28294599056243896 -0.393110990524292
v 0 0.30625849962234497 -0.393110990524292
v -0.11720000207424164 0.28294599056243896 -0.393110990524292
v -0.12977850437164307 0.31331250071525574 -0.49265849590301514
v -0.23979949951171875 0.23979899287223816 -0.49265849590301514
v -0.23979949951171875 0.23979899287223816 -0.49265849590301514
v -0.21655750274658203 0.21655699610710144 -0.393110990524292
v -0.11720000207424164 0.28294599056243896 -0.393110990524292
v -0.21655750274658203 0.21655699610710144 -0.393110990524292
v -0.23979949951171875 0.23979899287223816 -0.49265849590301514
v -0.31331300735473633 0.12977799773216248 -0.49265849590301514
v -0.31331300735473633 0.12977799773216248 -0.49265849590301514
v -0.28294599056243896 0.11720000207424164 -0.393110990524292
v -0.21655750274658203 0.21655699610710144 -0.393110990524292
v -0.28294599056243896 0.11720000207424164 -0.393110990524292
v -0.31331300735473633 0.12977799773216248 -0.49265849590301514
v -0.3391275107860565 -4.706355127837014e-7 -0.49265849590301514
v -0.3391275107860565 -4.706355127837014e-7 -0.49265849590301514
v -0.30625849962234497 -4.765684877838794e-7 -0.393110990524292
v -0.28294599056243896 0.11720000207424164 -0.393110990524292
v -0.30625849962234497 -4.765684877838794e-7 -0.393110990524292
v -0.3391275107860565 -4.706355127837014e-7 -0.49265849590301514
v -0.31331300735473633 -0.12977850437164307 -0.49265849590301514
v -0.31331300735473633 -0.12977850437164307 -0.49265849590301514
v -0.28294599056243896 -0.11720050126314163 -0.393110990524292
v -0.30625849962234497 -4.765684877838794e-7 -0.393110990524292
v -0.28294599056243896 -0.11720050126314163 -0.393110990524292
v -0.31331300735473633 -0.12977850437164307 -0.49265849590301514
v -0.23979899287223816 -0.23979949951171875 -0.49265849590301514
v -0.23979899287223816 -0.23979949951171875 -0.49265849590301514
v -0.21655750274658203 -0.21655799448490143 -0.393110990524292
v -0.28294599056243896 -0.11720050126314163 -0.393110990524292
v -0.21655750274658203 -0.21655799448490143 -0.393110990524292
v -0.23979899287223816 -0.23979949951171875 -0.49265849590301514
v -0.12977850437164307 -0.31331300735473633 -0.49265849590301514
v -0.12977850437164307 -0.31331300735473633 -0.49265849590301514
v -0.11720000207424164 -0.28294649720191956 -0.393110990524292
v -0.21655750274658203 -0.21655799448490143 -0.393110990524292
v -0.11720000207424164 -0.28294649720191956 -0.393110990524292
v -0.12977850437164307 -0.31331300735473633 -0.49265849590301514
v 0 -0.3391275107860565 -0.49265849590301514
v 0 -0.3391275107860565 -0.49265849590301514
v 0 -0.30625900626182556 -0.393110990524292
v -0.11720000207424164 -0.28294649720191956 -0.393110990524292
v 0 0.34379199147224426 -0.9499049782752991
v 0 0.34379199147224426 -0.9792050123214722
v -0.13156349956989288 0.31762200593948364 -0.9792050123214722
v -0.13156349956989288 0.31762200593948364 -0.9792050123214722
v -0.13156349956989288 0.31762200593948364 -0.9499049782752991
v 0 0.34379199147224426 -0.9499049782752991
v -0.13156349956989288 0.31762200593948364 -0.9499049782752991
v -0.13156349956989288 0.31762200593948364 -0.9792050123214722
v -0.24309800565242767 0.24309749901294708 -0.9792050123214722
v -0.24309800565242767 0.24309749901294708 -0.9792050123214722
v -0.24309800565242767 0.24309749901294708 -0.9499049782752991
v -0.13156349956989288 0.31762200593948364 -0.9499049782752991
v -0.24309800565242767 0.24309749901294708 -0.9499049782752991
v -0.24309800565242767 0.24309749901294708 -0.9792050123214722
v -0.31762251257896423 0.1315629929304123 -0.9792050123214722
v -0.31762251257896423 0.1315629929304123 -0.9792050123214722
v -0.31762251257896423 0.1315629929304123 -0.9499049782752991
v -0.24309800565242767 0.24309749901294708 -0.9499049782752991
v -0.31762251257896423 0.1315629929304123 -0.9499049782752991
v -0.31762251257896423 0.1315629929304123 -0.9792050123214722
v -0.34379199147224426 -4.4163499524074723e-7 -0.9792050123214722
v -0.34379199147224426 -4.4163499524074723e-7 -0.9792050123214722
v -0.34379199147224426 -4.4338150928524556e-7 -0.9499049782752991
v -0.31762251257896423 0.1315629929304123 -0.9499049782752991
v -0.34379199147224426 -4.4338150928524556e-7 -0.9499049782752991
v -0.34379199147224426 -4.4163499524074723e-7 -0.9792050123214722
v -0.31762251257896423 -0.13156400620937347 -0.9792050123214722
v -0.31762251257896423 -0.13156400620937347 -0.9792050123214722
v -0.31762251257896423 -0.13156400620937347 -0.9499049782752991
v -0.34379199147224426 -4.4338150928524556e-7 -0.9499049782752991
v -0.31762251257896423 -0.13156400620937347 -0.9499049782752991
v -0.31762251257896423 -0.13156400620937347 -0.9792050123214722
v -0.24309749901294708 -0.24309800565242767 -0.9792050123214722
v -0.24309749901294708 -0.24309800565242767 -0.9792050123214722
v -0.24309749901294708 -0.24309800565242767 -0.9499049782752991
v -0.31762251257896423 -0.13156400620937347 -0.9499049782752991
v -0.24309749901294708 -0.24309800565242767 -0.9499049782752991
v -0.24309749901294708 -0.24309800565242767 -0.9792050123214722
v -0.13156349956989288 -0.31762298941612244 -0.9792050123214722
v -0.13156349956989288 -0.31762298941612244 -0.9792050123214722
v -0.13156349956989288 -0.31762298941612244 -0.9499049782752991
v -0.24309749901294708 -0.24309800565242767 -0.9499049782752991
v -0.13156349956989288 -0.31762298941612244 -0.9499049782752991
v -0.13156349956989288 -0.31762298941612244 -0.9792050123214722
v 0 -0.34379249811172485 -0.9792050123214722
v 0 -0.34379249811172485 -0.9792050123214722
v 0 -0.34379249811172485 -0.9499049782752991
v -0.13156349956989288 -0.31762298941612244 -0.9499049782752991
v 0 0.3664965033531189 -0.9376599788665771
v 0 0.34379199147224426 -0.9499049782752991
v -0.13156349956989288 0.31762200593948364 -0.9499049782752991
v -0.13156349956989288 0.31762200593948364 -0.9499049782752991
v -0.1402525007724762 0.33859848976135254 -0.9376599788665771
v 0 0.3664965033531189 -0.9376599788665771
v -0.12274900078773499 0.33859848976135254 -0.9914550185203552
v -0.13156349956989288 0.31762200593948364 -0.9792050123214722
v 0 0.34379199147224426 -0.9792050123214722
v 0 0.34379199147224426 -0.9792050123214722
v 0 0.3664965033531189 -0.9914550185203552
v -0.12274900078773499 0.33859848976135254 -0.9914550185203552
v -0.1402525007724762 0.33859848976135254 -0.9376599788665771
v -0.13156349956989288 0.31762200593948364 -0.9499049782752991
v -0.24309800565242767 0.24309749901294708 -0.9499049782752991
v -0.24309800565242767 0.24309749901294708 -0.9499049782752991
v -0.25915250182151794 0.25915199518203735 -0.9376599788665771
v -0.1402525007724762 0.33859848976135254 -0.9376599788665771
v -0.25915250182151794 0.25915199518203735 -0.9914550185203552
v -0.24309800565242767 0.24309749901294708 -0.9792050123214722
v -0.13156349956989288 0.31762200593948364 -0.9792050123214722
v -0.13156349956989288 0.31762200593948364 -0.9792050123214722
v -0.12274900078773499 0.33859848976135254 -0.9914550185203552
v -0.25915250182151794 0.25915199518203735 -0.9914550185203552
v -0.25915250182151794 0.25915199518203735 -0.9376599788665771
v -0.24309800565242767 0.24309749901294708 -0.9499049782752991
v -0.31762251257896423 0.1315629929304123 -0.9499049782752991
v -0.31762251257896423 0.1315629929304123 -0.9499049782752991
v -0.33859899640083313 0.1402519941329956 -0.9376599788665771
v -0.25915250182151794 0.25915199518203735 -0.9376599788665771
v -0.33859899640083313 0.1402519941329956 -0.9914550185203552
v -0.31762251257896423 0.1315629929304123 -0.9792050123214722
v -0.24309800565242767 0.24309749901294708 -0.9792050123214722
v -0.24309800565242767 0.24309749901294708 -0.9792050123214722
v -0.25915250182151794 0.25915199518203735 -0.9914550185203552
v -0.33859899640083313 0.1402519941329956 -0.9914550185203552
v -0.33859899640083313 0.1402519941329956 -0.9376599788665771
v -0.31762251257896423 0.1315629929304123 -0.9499049782752991
v -0.34379199147224426 -4.4338150928524556e-7 -0.9499049782752991
v -0.34379199147224426 -4.4338150928524556e-7 -0.9499049782752991
v -0.3664970099925995 -4.4411100930119574e-7 -0.9376599788665771
v -0.33859899640083313 0.1402519941329956 -0.9376599788665771
v -0.3664970099925995 -4.40904500464967e-7 -0.9914550185203552
v -0.34379199147224426 -4.4163499524074723e-7 -0.9792050123214722
v -0.31762251257896423 0.1315629929304123 -0.9792050123214722
v -0.31762251257896423 0.1315629929304123 -0.9792050123214722
v -0.33859899640083313 0.1402519941329956 -0.9914550185203552
v -0.3664970099925995 -4.40904500464967e-7 -0.9914550185203552
v -0.3664970099925995 -4.4411100930119574e-7 -0.9376599788665771
v -0.34379199147224426 -4.4338150928524556e-7 -0.9499049782752991
v -0.31762251257896423 -0.13156400620937347 -0.9499049782752991
v -0.31762251257896423 -0.13156400620937347 -0.9499049782752991
v -0.33859899640083313 -0.1402525007724762 -0.9376599788665771
v -0.3664970099925995 -4.4411100930119574e-7 -0.9376599788665771
v -0.33859899640083313 -0.1402525007724762 -0.9914550185203552
v -0.31762251257896423 -0.13156400620937347 -0.9792050123214722
v -0.34379199147224426 -4.4163499524074723e-7 -0.9792050123214722
v -0.34379199147224426 -4.4163499524074723e-7 -0.9792050123214722
v -0.3664970099925995 -4.40904500464967e-7 -0.9914550185203552
v -0.33859899640083313 -0.1402525007724762 -0.9914550185203552
v -0.33859899640083313 -0.1402525007724762 -0.9376599788665771
v -0.31762251257896423 -0.13156400620937347 -0.9499049782752991
v -0.24309749901294708 -0.24309800565242767 -0.9499049782752991
v -0.24309749901294708 -0.24309800565242767 -0.9499049782752991
v -0.25915250182151794 -0.25915300846099854 -0.9376599788665771
v -0.33859899640083313 -0.1402525007724762 -0.9376599788665771
v -0.25915250182151794 -0.25915300846099854 -0.9914550185203552
v -0.24309749901294708 -0.24309800565242767 -0.9792050123214722
v -0.31762251257896423 -0.13156400620937347 -0.9792050123214722
v -0.31762251257896423 -0.13156400620937347 -0.9792050123214722
v -0.33859899640083313 -0.1402525007724762 -0.9914550185203552
v -0.25915250182151794 -0.25915300846099854 -0.9914550185203552
v -0.25915250182151794 -0.25915300846099854 -0.9376599788665771
v -0.24309749901294708 -0.24309800565242767 -0.9499049782752991
v -0.13156349956989288 -0.31762298941612244 -0.9499049782752991
v -0.13156349956989288 -0.31762298941612244 -0.9499049782752991
v -0.1402525007724762 -0.3385995030403137 -0.9376599788665771
v -0.25915250182151794 -0.25915300846099854 -0.9376599788665771
v -0.25915250182151794 -0.25915300846099854 -0.9914550185203552
v -0.12274900078773499 -0.3385995030403137 -0.9914550185203552
v -0.13156349956989288 -0.31762298941612244 -0.9792050123214722
v -0.13156349956989288 -0.31762298941612244 -0.9792050123214722
v -0.24309749901294708 -0.24309800565242767 -0.9792050123214722
v -0.25915250182151794 -0.25915300846099854 -0.9914550185203552
v -0.1402525007724762 -0.3385995030403137 -0.9376599788665771
v -0.13156349956989288 -0.31762298941612244 -0.9499049782752991
v 0 -0.34379249811172485 -0.9499049782752991
v 0 -0.34379249811172485 -0.9499049782752991
v 0 -0.3664970099925995 -0.9376599788665771
v -0.1402525007724762 -0.3385995030403137 -0.9376599788665771
v -0.12274900078773499 -0.3385995030403137 -0.9914550185203552
v 0 -0.3664970099925995 -0.9914550185203552
v 0 -0.34379249811172485 -0.9792050123214722
v 0 -0.34379249811172485 -0.9792050123214722
v -0.13156349956989288 -0.31762298941612244 -0.9792050123214722
v -0.12274900078773499 -0.3385995030403137 -0.9914550185203552
v -0.1402519941329956 -0.33859899640083313 -1.2381349802017212
v -0.1314135044813156 -0.3172599971294403 -1.2498849630355835
v 0 -0.3434000015258789 -1.2498849630355835
v 0 -0.3434000015258789 -1.2498849630355835
v 0 -0.3664970099925995 -1.2381349802017212
v -0.1402519941329956 -0.33859899640083313 -1.2381349802017212
v -0.25915250182151794 -0.25915250182151794 -1.2381349802017212
v -0.24282050132751465 -0.24282050132751465 -1.2498849630355835
v -0.1314135044813156 -0.3172599971294403 -1.2498849630355835
v -0.1314135044813156 -0.3172599971294403 -1.2498849630355835
v -0.1402519941329956 -0.33859899640083313 -1.2381349802017212
v -0.25915250182151794 -0.25915250182151794 -1.2381349802017212
v -0.33859899640083313 -0.1402525007724762 -1.2381349802017212
v -0.3172599971294403 -0.1314135044813156 -1.2498849630355835
v -0.24282050132751465 -0.24282050132751465 -1.2498849630355835
v -0.24282050132751465 -0.24282050132751465 -1.2498849630355835
v -0.25915250182151794 -0.25915250182151794 -1.2381349802017212
v -0.33859899640083313 -0.1402525007724762 -1.2381349802017212
v -0.3664970099925995 7.379850330835325e-8 -1.2381349802017212
v -0.3434000015258789 7.44989989698297e-8 -1.2498849630355835
v -0.3172599971294403 -0.1314135044813156 -1.2498849630355835
v -0.3172599971294403 -0.1314135044813156 -1.2498849630355835
v -0.33859899640083313 -0.1402525007724762 -1.2381349802017212
v -0.3664970099925995 7.379850330835325e-8 -1.2381349802017212
v -0.33859899640083313 0.1402519941329956 -1.2381349802017212
v -0.3172599971294403 0.1314135044813156 -1.2498849630355835
v -0.3434000015258789 7.44989989698297e-8 -1.2498849630355835
v -0.3434000015258789 7.44989989698297e-8 -1.2498849630355835
v -0.3664970099925995 7.379850330835325e-8 -1.2381349802017212
v -0.33859899640083313 0.1402519941329956 -1.2381349802017212
v -0.25915250182151794 0.25915250182151794 -1.2381349802017212
v -0.24282050132751465 0.24282050132751465 -1.2498849630355835
v -0.3172599971294403 0.1314135044813156 -1.2498849630355835
v -0.3172599971294403 0.1314135044813156 -1.2498849630355835
v -0.33859899640083313 0.1402519941329956 -1.2381349802017212
v -0.25915250182151794 0.25915250182151794 -1.2381349802017212
v -0.1402525007724762 0.33859899640083313 -1.2381349802017212
v -0.1314135044813156 0.3172599971294403 -1.2498849630355835
v -0.24282050132751465 0.24282050132751465 -1.2498849630355835
v -0.24282050132751465 0.24282050132751465 -1.2498849630355835
v -0.25915250182151794 0.25915250182151794 -1.2381349802017212
v -0.1402525007724762 0.33859899640083313 -1.2381349802017212
v -0.1402525007724762 0.33859899640083313 -1.2381349802017212
v 0 0.3664970099925995 -1.2381349802017212
v 0 0.3434000015258789 -1.2498849630355835
v 0 0.3434000015258789 -1.2498849630355835
v -0.1314135044813156 0.3172599971294403 -1.2498849630355835
v -0.1402525007724762 0.33859899640083313 -1.2381349802017212
v -0.12128700315952301 -0.2928124964237213 -1.2381349802017212
v -0.11086899787187576 -0.267661988735199 -1.1507500410079956
v 0 -0.2897154986858368 -1.1507500410079956
v 0 -0.2897154986858368 -1.1507500410079956
v 0 -0.31693801283836365 -1.2381349802017212
v -0.12128700315952301 -0.2928124964237213 -1.2381349802017212
v -0.2241089940071106 -0.2241089940071106 -1.2381349802017212
v -0.20485949516296387 -0.20486000180244446 -1.1507500410079956
v -0.11086899787187576 -0.267661988735199 -1.1507500410079956
v -0.11086899787187576 -0.267661988735199 -1.1507500410079956
v -0.12128700315952301 -0.2928124964237213 -1.2381349802017212
v -0.2241089940071106 -0.2241089940071106 -1.2381349802017212
v -0.2928124964237213 -0.12128700315952301 -1.2381349802017212
v -0.267661988735199 -0.11086949706077576 -1.1507500410079956
v -0.20485949516296387 -0.20486000180244446 -1.1507500410079956
v -0.20485949516296387 -0.20486000180244446 -1.1507500410079956
v -0.2241089940071106 -0.2241089940071106 -1.2381349802017212
v -0.2928124964237213 -0.12128700315952301 -1.2381349802017212
v -0.31693801283836365 7.379850330835325e-8 -1.2381349802017212
v -0.2897154986858368 6.858999768155627e-8 -1.1507500410079956
v -0.267661988735199 -0.11086949706077576 -1.1507500410079956
v -0.267661988735199 -0.11086949706077576 -1.1507500410079956
v -0.2928124964237213 -0.12128700315952301 -1.2381349802017212
v -0.31693801283836365 7.379850330835325e-8 -1.2381349802017212
v -0.2928124964237213 0.12128700315952301 -1.2381349802017212
v -0.267661988735199 0.11086949706077576 -1.1507500410079956
v -0.2897154986858368 6.858999768155627e-8 -1.1507500410079956
v -0.2897154986858368 6.858999768155627e-8 -1.1507500410079956
v -0.31693801283836365 7.379850330835325e-8 -1.2381349802017212
v -0.2928124964237213 0.12128700315952301 -1.2381349802017212
v -0.2241089940071106 0.2241089940071106 -1.2381349802017212
v -0.20485949516296387 0.20485949516296387 -1.1507500410079956
v -0.267661988735199 0.11086949706077576 -1.1507500410079956
v -0.267661988735199 0.11086949706077576 -1.1507500410079956
v -0.2928124964237213 0.12128700315952301 -1.2381349802017212
v -0.2241089940071106 0.2241089940071106 -1.2381349802017212
v -0.12128700315952301 0.2928124964237213 -1.2381349802017212
v -0.11086949706077576 0.267661988735199 -1.1507500410079956
v -0.20485949516296387 0.20485949516296387 -1.1507500410079956
v -0.20485949516296387 0.20485949516296387 -1.1507500410079956
v -0.2241089940071106 0.2241089940071106 -1.2381349802017212
v -0.12128700315952301 0.2928124964237213 -1.2381349802017212
v 0 0.31693801283836365 -1.2381349802017212
v 0 0.2897154986858368 -1.1507500410079956
v -0.11086949706077576 0.267661988735199 -1.1507500410079956
v -0.11086949706077576 0.267661988735199 -1.1507500410079956
v -0.12128700315952301 0.2928124964237213 -1.2381349802017212
v 0 0.31693801283836365 -1.2381349802017212
v 0 0.3664970099925995 -1.2381349802017212
v -0.1402525007724762 0.33859899640083313 -1.2381349802017212
v -0.12808750569820404 0.36680150032043457 -1.2188949584960938
v -0.12808750569820404 0.36680150032043457 -1.2188949584960938
v 0 0.3946995139122009 -1.2188949584960938
v 0 0.3664970099925995 -1.2381349802017212
v -0.1402525007724762 0.33859899640083313 -1.2381349802017212
v -0.12274900078773499 0.33859848976135254 -0.9914550185203552
v -0.12808750569820404 0.36680150032043457 -1.2188949584960938
v -0.33859899640083313 0.1402519941329956 -0.9914550185203552
v -0.33859899640083313 0.1402519941329956 -1.2381349802017212
v -0.36723050475120544 0.12415699660778046 -1.2188949584960938
v -0.3664970099925995 7.379850330835325e-8 -1.2381349802017212
v -0.3951284885406494 7.265199997164018e-8 -1.2188949584960938
v -0.36723050475120544 0.12415699660778046 -1.2188949584960938
v -0.36723050475120544 0.12415699660778046 -1.2188949584960938
v -0.33859899640083313 0.1402519941329956 -1.2381349802017212
v -0.3664970099925995 7.379850330835325e-8 -1.2381349802017212
v -0.3664970099925995 7.379850330835325e-8 -1.2381349802017212
v -0.33859899640083313 -0.1402525007724762 -1.2381349802017212
v -0.36723050475120544 -0.12415699660778046 -1.2188949584960938
v -0.36723050475120544 -0.12415699660778046 -1.2188949584960938
v -0.3951284885406494 7.265199997164018e-8 -1.2188949584960938
v -0.3664970099925995 7.379850330835325e-8 -1.2381349802017212
v -0.33859899640083313 -0.1402525007724762 -1.2381349802017212
v -0.33859899640083313 -0.1402525007724762 -0.9914550185203552
v -0.36723050475120544 -0.12415699660778046 -1.2188949584960938
v -0.12274900078773499 -0.3385995030403137 -0.9914550185203552
v -0.1402519941329956 -0.33859899640083313 -1.2381349802017212
v -0.12808750569820404 -0.36680150032043457 -1.2188949584960938
v 0 -0.3664970099925995 -1.2381349802017212
v 0 -0.3946995139122009 -1.2188949584960938
v -0.12808750569820404 -0.36680150032043457 -1.2188949584960938
v -0.12808750569820404 -0.36680150032043457 -1.2188949584960938
v -0.1402519941329956 -0.33859899640083313 -1.2381349802017212
v 0 -0.3664970099925995 -1.2381349802017212
v -0.1314135044813156 0.3172599971294403 -1.2498849630355835
v 0 0.3434000015258789 -1.2498849630355835
v 0 0.31693801283836365 -1.2381349802017212
v 0 0.31693801283836365 -1.2381349802017212
v -0.12128700315952301 0.2928124964237213 -1.2381349802017212
v -0.1314135044813156 0.3172599971294403 -1.2498849630355835
v -0.1314135044813156 0.3172599971294403 -1.2498849630355835
v -0.12128700315952301 0.2928124964237213 -1.2381349802017212
v -0.2241089940071106 0.2241089940071106 -1.2381349802017212
v -0.2241089940071106 0.2241089940071106 -1.2381349802017212
v -0.24282050132751465 0.24282050132751465 -1.2498849630355835
v -0.1314135044813156 0.3172599971294403 -1.2498849630355835
v -0.24282050132751465 0.24282050132751465 -1.2498849630355835
v -0.2241089940071106 0.2241089940071106 -1.2381349802017212
v -0.2928124964237213 0.12128700315952301 -1.2381349802017212
v -0.2928124964237213 0.12128700315952301 -1.2381349802017212
v -0.3172599971294403 0.1314135044813156 -1.2498849630355835
v -0.24282050132751465 0.24282050132751465 -1.2498849630355835
v -0.3172599971294403 0.1314135044813156 -1.2498849630355835
v -0.2928124964237213 0.12128700315952301 -1.2381349802017212
v -0.31693801283836365 7.379850330835325e-8 -1.2381349802017212
v -0.31693801283836365 7.379850330835325e-8 -1.2381349802017212
v -0.3434000015258789 7.44989989698297e-8 -1.2498849630355835
v -0.3172599971294403 0.1314135044813156 -1.2498849630355835
v -0.3434000015258789 7.44989989698297e-8 -1.2498849630355835
v -0.31693801283836365 7.379850330835325e-8 -1.2381349802017212
v -0.2928124964237213 -0.12128700315952301 -1.2381349802017212
v -0.2928124964237213 -0.12128700315952301 -1.2381349802017212
v -0.3172599971294403 -0.1314135044813156 -1.2498849630355835
v -0.3434000015258789 7.44989989698297e-8 -1.2498849630355835
v -0.3172599971294403 -0.1314135044813156 -1.2498849630355835
v -0.2928124964237213 -0.12128700315952301 -1.2381349802017212
v -0.2241089940071106 -0.2241089940071106 -1.2381349802017212
v -0.2241089940071106 -0.2241089940071106 -1.2381349802017212
v -0.24282050132751465 -0.24282050132751465 -1.2498849630355835
v -0.3172599971294403 -0.1314135044813156 -1.2498849630355835
v -0.24282050132751465 -0.24282050132751465 -1.2498849630355835
v -0.2241089940071106 -0.2241089940071106 -1.2381349802017212
v -0.12128700315952301 -0.2928124964237213 -1.2381349802017212
v -0.12128700315952301 -0.2928124964237213 -1.2381349802017212
v -0.1314135044813156 -0.3172599971294403 -1.2498849630355835
v -0.24282050132751465 -0.24282050132751465 -1.2498849630355835
v -0.1314135044813156 -0.3172599971294403 -1.2498849630355835
v -0.12128700315952301 -0.2928124964237213 -1.2381349802017212
v 0 -0.31693801283836365 -1.2381349802017212
v 0 -0.31693801283836365 -1.2381349802017212
v 0 -0.3434000015258789 -1.2498849630355835
v -0.1314135044813156 -0.3172599971294403 -1.2498849630355835
v 0 -0.27504849433898926 1.1052149534225464
v 0 -0.27504849433898926 1.2209299802780151
v -0.10525649785995483 -0.25411149859428406 1.2209299802780151
v -0.10525649785995483 -0.25411149859428406 1.2209299802780151
v -0.10525649785995483 -0.25411200523376465 1.1052149534225464
v 0 -0.27504849433898926 1.1052149534225464
v -0.10525649785995483 -0.25411200523376465 1.1052149534225464
v -0.10525649785995483 -0.25411149859428406 1.2209299802780151
v -0.1944884955883026 -0.1944884955883026 1.2209299802780151
v -0.1944884955883026 -0.1944884955883026 1.2209299802780151
v -0.1944884955883026 -0.1944884955883026 1.1052149534225464
v -0.10525649785995483 -0.25411200523376465 1.1052149534225464
v -0.1944884955883026 -0.1944884955883026 1.1052149534225464
v -0.1944884955883026 -0.1944884955883026 1.2209299802780151
v -0.25411149859428406 -0.10525649785995483 1.2209299802780151
v -0.25411149859428406 -0.10525649785995483 1.2209299802780151
v -0.25411149859428406 -0.10525649785995483 1.1052149534225464
v -0.1944884955883026 -0.1944884955883026 1.1052149534225464
v -0.25411149859428406 -0.10525649785995483 1.1052149534225464
v -0.25411149859428406 -0.10525649785995483 1.2209299802780151
v -0.27504849433898926 -7.277299829411277e-8 1.2209299802780151
v -0.27504849433898926 -7.277299829411277e-8 1.2209299802780151
v -0.27504849433898926 -6.587600154261963e-8 1.1052149534225464
v -0.25411149859428406 -0.10525649785995483 1.1052149534225464
v -0.27504849433898926 -6.587600154261963e-8 1.1052149534225464
v -0.27504849433898926 -7.277299829411277e-8 1.2209299802780151
v -0.25411200523376465 0.10525649785995483 1.2209299802780151
v -0.25411200523376465 0.10525649785995483 1.2209299802780151
v -0.25411200523376465 0.10525649785995483 1.1052149534225464
v -0.27504849433898926 -6.587600154261963e-8 1.1052149534225464
v -0.25411200523376465 0.10525649785995483 1.1052149534225464
v -0.25411200523376465 0.10525649785995483 1.2209299802780151
v -0.1944884955883026 0.1944884955883026 1.2209299802780151
v -0.1944884955883026 0.1944884955883026 1.2209299802780151
v -0.1944884955883026 0.1944884955883026 1.1052149534225464
v -0.25411200523376465 0.10525649785995483 1.1052149534225464
v -0.1944884955883026 0.1944884955883026 1.1052149534225464
v -0.1944884955883026 0.1944884955883026 1.2209299802780151
v -0.10525649785995483 0.25411149859428406 1.2209299802780151
v -0.10525649785995483 0.25411149859428406 1.2209299802780151
v -0.10525649785995483 0.25411149859428406 1.1052149534225464
v -0.1944884955883026 0.1944884955883026 1.1052149534225464
v -0.10525649785995483 0.25411149859428406 1.1052149534225464
v -0.10525649785995483 0.25411149859428406 1.2209299802780151
v 0 0.27504849433898926 1.2209299802780151
v 0 0.27504849433898926 1.2209299802780151
v 0 0.27504849433898926 1.1052149534225464
v -0.10525649785995483 0.25411149859428406 1.1052149534225464
v 0 -0.26061999797821045 1.09409499168396
v 0 -0.27504849433898926 1.1052149534225464
v -0.10525649785995483 -0.25411200523376465 1.1052149534225464
v -0.10525649785995483 -0.25411200523376465 1.1052149534225464
v -0.09973499923944473 -0.2407815009355545 1.09409499168396
v 0 -0.26061999797821045 1.09409499168396
v -0.05753200128674507 -0.13889449834823608 1.2498849630355835
v -0.10525649785995483 -0.25411149859428406 1.2209299802780151
v 0 -0.27504849433898926 1.2209299802780151
v 0 -0.27504849433898926 1.2209299802780151
v 0 -0.15033850073814392 1.2498849630355835
v -0.05753200128674507 -0.13889449834823608 1.2498849630355835
v -0.09973499923944473 -0.2407815009355545 1.09409499168396
v -0.10525649785995483 -0.25411200523376465 1.1052149534225464
v -0.1944884955883026 -0.1944884955883026 1.1052149534225464
v -0.1944884955883026 -0.1944884955883026 1.1052149534225464
v -0.1842859983444214 -0.1842859983444214 1.09409499168396
v -0.09973499923944473 -0.2407815009355545 1.09409499168396
v -0.10630550235509872 -0.10630550235509872 1.2498849630355835
v -0.1944884955883026 -0.1944884955883026 1.2209299802780151
v -0.10525649785995483 -0.25411149859428406 1.2209299802780151
v -0.10525649785995483 -0.25411149859428406 1.2209299802780151
v -0.05753200128674507 -0.13889449834823608 1.2498849630355835
v -0.10630550235509872 -0.10630550235509872 1.2498849630355835
v -0.1842859983444214 -0.1842859983444214 1.09409499168396
v -0.1944884955883026 -0.1944884955883026 1.1052149534225464
v -0.25411149859428406 -0.10525649785995483 1.1052149534225464
v -0.25411149859428406 -0.10525649785995483 1.1052149534225464
v -0.2407815009355545 -0.09973499923944473 1.09409499168396
v -0.1842859983444214 -0.1842859983444214 1.09409499168396
v -0.13889449834823608 -0.05753200128674507 1.2498849630355835
v -0.25411149859428406 -0.10525649785995483 1.2209299802780151
v -0.1944884955883026 -0.1944884955883026 1.2209299802780151
v -0.1944884955883026 -0.1944884955883026 1.2209299802780151
v -0.10630550235509872 -0.10630550235509872 1.2498849630355835
v -0.13889449834823608 -0.05753200128674507 1.2498849630355835
v -0.2407815009355545 -0.09973499923944473 1.09409499168396
v -0.25411149859428406 -0.10525649785995483 1.1052149534225464
v -0.27504849433898926 -6.587600154261963e-8 1.1052149534225464
v -0.27504849433898926 -6.587600154261963e-8 1.1052149534225464
v -0.26061999797821045 -6.521300122130924e-8 1.09409499168396
v -0.2407815009355545 -0.09973499923944473 1.09409499168396
v -0.15033850073814392 -7.44989989698297e-8 1.2498849630355835
v -0.27504849433898926 -7.277299829411277e-8 1.2209299802780151
v -0.25411149859428406 -0.10525649785995483 1.2209299802780151
v -0.25411149859428406 -0.10525649785995483 1.2209299802780151
v -0.13889449834823608 -0.05753200128674507 1.2498849630355835
v -0.15033850073814392 -7.44989989698297e-8 1.2498849630355835
v -0.26061999797821045 -6.521300122130924e-8 1.09409499168396
v -0.27504849433898926 -6.587600154261963e-8 1.1052149534225464
v -0.25411200523376465 0.10525649785995483 1.1052149534225464
v -0.25411200523376465 0.10525649785995483 1.1052149534225464
v -0.2407815009355545 0.09973499923944473 1.09409499168396
v -0.26061999797821045 -6.521300122130924e-8 1.09409499168396
v -0.13889500498771667 0.05753200128674507 1.2498849630355835
v -0.25411200523376465 0.10525649785995483 1.2209299802780151
v -0.27504849433898926 -7.277299829411277e-8 1.2209299802780151
v -0.27504849433898926 -7.277299829411277e-8 1.2209299802780151
v -0.15033850073814392 -7.44989989698297e-8 1.2498849630355835
v -0.13889500498771667 0.05753200128674507 1.2498849630355835
v -0.2407815009355545 0.09973499923944473 1.09409499168396
v -0.25411200523376465 0.10525649785995483 1.1052149534225464
v -0.1944884955883026 0.1944884955883026 1.1052149534225464
v -0.1944884955883026 0.1944884955883026 1.1052149534225464
v -0.1842859983444214 0.1842859983444214 1.09409499168396
v -0.2407815009355545 0.09973499923944473 1.09409499168396
v -0.10630550235509872 0.10630550235509872 1.2498849630355835
v -0.1944884955883026 0.1944884955883026 1.2209299802780151
v -0.25411200523376465 0.10525649785995483 1.2209299802780151
v -0.25411200523376465 0.10525649785995483 1.2209299802780151
v -0.13889500498771667 0.05753200128674507 1.2498849630355835
v -0.10630550235509872 0.10630550235509872 1.2498849630355835
v -0.1842859983444214 0.1842859983444214 1.09409499168396
v -0.1944884955883026 0.1944884955883026 1.1052149534225464
v -0.10525649785995483 0.25411149859428406 1.1052149534225464
v -0.10525649785995483 0.25411149859428406 1.1052149534225464
v -0.09973499923944473 0.2407815009355545 1.09409499168396
v -0.1842859983444214 0.1842859983444214 1.09409499168396
v -0.05753200128674507 0.13889449834823608 1.2498849630355835
v -0.10525649785995483 0.25411149859428406 1.2209299802780151
v -0.1944884955883026 0.1944884955883026 1.2209299802780151
v -0.1944884955883026 0.1944884955883026 1.2209299802780151
v -0.10630550235509872 0.10630550235509872 1.2498849630355835
v -0.05753200128674507 0.13889449834823608 1.2498849630355835
v -0.09973499923944473 0.2407815009355545 1.09409499168396
v -0.10525649785995483 0.25411149859428406 1.1052149534225464
v 0 0.27504849433898926 1.1052149534225464
v 0 0.27504849433898926 1.1052149534225464
v 0 0.26061999797821045 1.09409499168396
v -0.09973499923944473 0.2407815009355545 1.09409499168396
v 0 0.15033850073814392 1.2498849630355835
v 0 0.27504849433898926 1.2209299802780151
v -0.10525649785995483 0.25411149859428406 1.2209299802780151
v -0.10525649785995483 0.25411149859428406 1.2209299802780151
v -0.05753200128674507 0.13889449834823608 1.2498849630355835
v 0 0.15033850073814392 1.2498849630355835
v -0.26061999797821045 -4.939470272802282e-7 -0.10155300050973892
v -0.26061999797821045 -4.820690264750738e-7 -0.3008284866809845
v -0.2407815009355545 -0.09973549842834473 -0.3008284866809845
v -0.2407815009355545 -0.09973549842834473 -0.3008284866809845
v -0.2407815009355545 -0.09973499923944473 -0.10155300050973892
v -0.26061999797821045 -4.939470272802282e-7 -0.10155300050973892
v -0.2407815009355545 -0.09973499923944473 -0.10155300050973892
v -0.2407815009355545 -0.09973549842834473 -0.3008284866809845
v -0.1842859983444214 -0.18428650498390198 -0.3008284866809845
v -0.1842859983444214 -0.18428650498390198 -0.3008284866809845
v -0.1842859983444214 -0.18428650498390198 -0.10155300050973892
v -0.2407815009355545 -0.09973499923944473 -0.10155300050973892
v -0.1842859983444214 -0.18428650498390198 -0.10155300050973892
v -0.1842859983444214 -0.18428650498390198 -0.3008284866809845
v -0.09973499923944473 -0.2407819926738739 -0.3008284866809845
v -0.09973499923944473 -0.2407819926738739 -0.3008284866809845
v -0.09973499923944473 -0.2407815009355545 -0.10155300050973892
v -0.1842859983444214 -0.18428650498390198 -0.10155300050973892
v -0.09973499923944473 -0.2407815009355545 -0.10155300050973892
v -0.09973499923944473 -0.2407819926738739 -0.3008284866809845
v 0 -0.26061999797821045 -0.3008284866809845
v 0 -0.26061999797821045 -0.3008284866809845
v 0 -0.26061999797821045 -0.10155300050973892
v -0.09973499923944473 -0.2407815009355545 -0.10155300050973892
v -0.09973499923944473 0.2407815009355545 -0.10155300050973892
v -0.049867499619722366 0.2560249865055084 -0.14569050073623657
v -0.09973499923944473 0.2407815009355545 -0.3008284866809845
v -0.09973499923944473 0.2407815009355545 -0.10155300050973892
v -0.09973499923944473 0.2407815009355545 -0.3008284866809845
v -0.1842859983444214 0.1842859983444214 -0.3008284866809845
v -0.1842859983444214 0.1842859983444214 -0.3008284866809845
v -0.1842859983444214 0.1842859983444214 -0.10155300050973892
v -0.09973499923944473 0.2407815009355545 -0.10155300050973892
v -0.2407815009355545 0.09973450005054474 -0.10155300050973892
v -0.1842859983444214 0.1842859983444214 -0.10155300050973892
v -0.1842859983444214 0.1842859983444214 -0.3008284866809845
v -0.1842859983444214 0.1842859983444214 -0.3008284866809845
v -0.2407815009355545 0.09973450005054474 -0.3008284866809845
v -0.2407815009355545 0.09973450005054474 -0.10155300050973892
v -0.2407815009355545 0.09973450005054474 -0.10155300050973892
v -0.2407815009355545 0.09973450005054474 -0.3008284866809845
v -0.26061999797821045 -4.820690264750738e-7 -0.3008284866809845
v -0.26061999797821045 -4.820690264750738e-7 -0.3008284866809845
v -0.26061999797821045 -4.939470272802282e-7 -0.10155300050973892
v -0.2407815009355545 0.09973450005054474 -0.10155300050973892
v -0.27839699387550354 -0.023661499843001366 0.07739649713039398
v -0.28240349888801575 -0.0033110000658780336 0.02452149987220764
v -0.2572050094604492 -0.11292500048875809 0.02452149987220764
v -0.2572050094604492 -0.11292500048875809 0.02452149987220764
v -0.2572050094604492 -0.11292500048875809 0.07739649713039398
v -0.27839699387550354 -0.023661499843001366 0.07739649713039398
v -0.2572050094604492 -0.11292500048875809 0.07739649713039398
v -0.2572050094604492 -0.11292500048875809 0.02452149987220764
v -0.19685649871826172 -0.20324349403381348 0.02452149987220764
v -0.19685649871826172 -0.20324349403381348 0.02452149987220764
v -0.19685649871826172 -0.20324349403381348 0.07739649713039398
v -0.2572050094604492 -0.11292500048875809 0.07739649713039398
v -0.19685649871826172 -0.20324349403381348 0.07739649713039398
v -0.19685649871826172 -0.20324349403381348 0.02452149987220764
v -0.10653799772262573 -0.26359251141548157 0.024521449580788612
v -0.10653799772262573 -0.26359251141548157 0.024521449580788612
v -0.10653799772262573 -0.26359251141548157 0.07739649713039398
v -0.19685649871826172 -0.20324349403381348 0.07739649713039398
v -0.10653799772262573 -0.26359251141548157 0.07739649713039398
v -0.10653799772262573 -0.26359251141548157 0.024521449580788612
v 0 -0.2847839891910553 0.024521449580788612
v 0 -0.2847839891910553 0.024521449580788612
v 0 -0.2847839891910553 0.07739649713039398
v -0.10653799772262573 -0.26359251141548157 0.07739649713039398
v 0 0.27399399876594543 0.1074490025639534
v 0 0.27399399876594543 0.01105355005711317
v -0.04364199936389923 0.269399493932724 0.01105355005711317
v -0.04364199936389923 0.269399493932724 0.01105355005711317
v -0.04364199936389923 0.269399493932724 0.1074490025639534
v 0 0.27399399876594543 0.1074490025639534
v -0.09973499923944473 0.2407815009355545 0.09772200137376785
v -0.09973499923944473 0.2407815009355545 -0.0019154699984937906
v -0.1842859983444214 0.1842859983444214 -0.0019154750043526292
v -0.1842859983444214 0.1842859983444214 -0.0019154750043526292
v -0.1842859983444214 0.1842859983444214 0.09772200137376785
v -0.09973499923944473 0.2407815009355545 0.09772200137376785
v -0.2407815009355545 0.09973450005054474 -0.0019154800102114677
v -0.2407815009355545 0.09973499923944473 0.09772200137376785
v -0.1842859983444214 0.1842859983444214 0.09772200137376785
v -0.1842859983444214 0.1842859983444214 0.09772200137376785
v -0.1842859983444214 0.1842859983444214 -0.0019154750043526292
v -0.2407815009355545 0.09973450005054474 -0.0019154800102114677
v -0.2407815009355545 0.09973499923944473 0.09772200137376785
v -0.2407815009355545 0.09973450005054474 -0.0019154800102114677
v -0.2542639970779419 0.03308450058102608 0.031296998262405396
v -0.2542639970779419 0.03308450058102608 0.031296998262405396
v -0.26061999797821045 -5.058250280853827e-7 0.09772200137376785
v -0.2407815009355545 0.09973499923944473 0.09772200137376785
v -0.26061999797821045 0 0.2969970107078552
v -0.26061999797821045 -5.058250280853827e-7 0.09772200137376785
v -0.2407815009355545 -0.09973499923944473 0.09772200137376785
v -0.2407815009355545 -0.09973499923944473 0.09772200137376785
v -0.2407815009355545 -0.09973499923944473 0.2969970107078552
v -0.26061999797821045 0 0.2969970107078552
v -0.2407815009355545 -0.09973499923944473 0.2969970107078552
v -0.2407815009355545 -0.09973499923944473 0.09772200137376785
v -0.1842859983444214 -0.18428650498390198 0.09772200137376785
v -0.1842859983444214 -0.18428650498390198 0.09772200137376785
v -0.1842859983444214 -0.18428650498390198 0.2969970107078552
v -0.2407815009355545 -0.09973499923944473 0.2969970107078552
v -0.1842859983444214 -0.18428650498390198 0.2969970107078552
v -0.1842859983444214 -0.18428650498390198 0.09772200137376785
v -0.09973499923944473 -0.2407815009355545 0.09772200137376785
v -0.09973499923944473 -0.2407815009355545 0.09772200137376785
v -0.09973499923944473 -0.2407815009355545 0.2969970107078552
v -0.1842859983444214 -0.18428650498390198 0.2969970107078552
v -0.09973499923944473 -0.2407815009355545 0.2969970107078552
v -0.09973499923944473 -0.2407815009355545 0.09772200137376785
v 0 -0.26061999797821045 0.09772200137376785
v 0 -0.26061999797821045 0.09772200137376785
v 0 -0.26061999797821045 0.2969970107078552
v -0.09973499923944473 -0.2407815009355545 0.2969970107078552
v 0 0.27399399876594543 0.3002395033836365
v 0 0.27399399876594543 0.1074490025639534
v -0.04364199936389923 0.269399493932724 0.1074490025639534
v -0.04364199936389923 0.269399493932724 0.1074490025639534
v -0.04364199936389923 0.269399493932724 0.3002389967441559
v 0 0.27399399876594543 0.3002395033836365
v -0.09973499923944473 0.2407815009355545 0.2969970107078552
v -0.09973499923944473 0.2407815009355545 0.09772200137376785
v -0.1842859983444214 0.1842859983444214 0.09772200137376785
v -0.1842859983444214 0.1842859983444214 0.09772200137376785
v -0.1842859983444214 0.1842859983444214 0.2969970107078552
v -0.09973499923944473 0.2407815009355545 0.2969970107078552
v -0.2407815009355545 0.09973499923944473 0.2969970107078552
v -0.1842859983444214 0.1842859983444214 0.2969970107078552
v -0.1842859983444214 0.1842859983444214 0.09772200137376785
v -0.1842859983444214 0.1842859983444214 0.09772200137376785
v -0.2407815009355545 0.09973499923944473 0.09772200137376785
v -0.2407815009355545 0.09973499923944473 0.2969970107078552
v -0.2407815009355545 0.09973499923944473 0.2969970107078552
v -0.2407815009355545 0.09973499923944473 0.09772200137376785
v -0.26061999797821045 -5.058250280853827e-7 0.09772200137376785
v -0.26061999797821045 -5.058250280853827e-7 0.09772200137376785
v -0.26061999797821045 0 0.2969970107078552
v -0.2407815009355545 0.09973499923944473 0.2969970107078552
v -0.27839699387550354 -0.023661049082875252 0.47594499588012695
v -0.28240349888801575 -0.0033110249787569046 0.4230720102787018
v -0.2572050094604492 -0.11292500048875809 0.4230720102787018
v -0.2572050094604492 -0.11292500048875809 0.4230720102787018
v -0.2572050094604492 -0.11292500048875809 0.47594499588012695
v -0.27839699387550354 -0.023661049082875252 0.47594499588012695
v -0.2572050094604492 -0.11292500048875809 0.47594499588012695
v -0.2572050094604492 -0.11292500048875809 0.4230720102787018
v -0.19685649871826172 -0.20324349403381348 0.4230720102787018
v -0.19685649871826172 -0.20324349403381348 0.4230720102787018
v -0.19685649871826172 -0.20324349403381348 0.47594499588012695
v -0.2572050094604492 -0.11292500048875809 0.47594499588012695
v -0.19685649871826172 -0.20324349403381348 0.47594499588012695
v -0.19685649871826172 -0.20324349403381348 0.4230720102787018
v -0.10653799772262573 -0.26359251141548157 0.4230720102787018
v -0.10653799772262573 -0.26359251141548157 0.4230720102787018
v -0.10653799772262573 -0.26359251141548157 0.47594499588012695
v -0.19685649871826172 -0.20324349403381348 0.47594499588012695
v -0.10653799772262573 -0.26359251141548157 0.47594499588012695
v -0.10653799772262573 -0.26359251141548157 0.4230720102787018
v 0 -0.2847839891910553 0.4230720102787018
v 0 -0.2847839891910553 0.4230720102787018
v 0 -0.2847839891910553 0.47594499588012695
v -0.10653799772262573 -0.26359251141548157 0.47594499588012695
v 0 0.273994505405426 0.49303001165390015
v 0 0.27399399876594543 0.3966344892978668
v -0.04364199936389923 0.269399493932724 0.3966344892978668
v -0.04364199936389923 0.269399493932724 0.3966344892978668
v -0.04364199936389923 0.269399493932724 0.49303001165390015
v 0 0.273994505405426 0.49303001165390015
v -0.09973499923944473 0.2407815009355545 0.49627000093460083
v -0.09973499923944473 0.2407815009355545 0.3966344892978668
v -0.1842859983444214 0.1842859983444214 0.3966344892978668
v -0.1842859983444214 0.1842859983444214 0.3966344892978668
v -0.1842859983444214 0.1842859983444214 0.49627000093460083
v -0.09973499923944473 0.2407815009355545 0.49627000093460083
v -0.2407815009355545 0.09973499923944473 0.3966344892978668
v -0.2407815009355545 0.09973499923944473 0.49627000093460083
v -0.1842859983444214 0.1842859983444214 0.49627000093460083
v -0.1842859983444214 0.1842859983444214 0.49627000093460083
v -0.1842859983444214 0.1842859983444214 0.3966344892978668
v -0.2407815009355545 0.09973499923944473 0.3966344892978668
v -0.2407815009355545 0.09973499923944473 0.49627000093460083
v -0.2407815009355545 0.09973499923944473 0.3966344892978668
v -0.2542639970779419 0.0330844484269619 0.42984500527381897
v -0.2542639970779419 0.0330844484269619 0.42984500527381897
v -0.26061999797821045 0 0.49627000093460083
v -0.2407815009355545 0.09973499923944473 0.49627000093460083
v -0.26061999797821045 0 0.6955450177192688
v -0.26061999797821045 0 0.49627000093460083
v -0.2407815009355545 -0.09973499923944473 0.49627000093460083
v -0.2407815009355545 -0.09973499923944473 0.49627000093460083
v -0.2407815009355545 -0.09973499923944473 0.6955450177192688
v -0.26061999797821045 0 0.6955450177192688
v -0.2407815009355545 -0.09973499923944473 0.6955450177192688
v -0.2407815009355545 -0.09973499923944473 0.49627000093460083
v -0.1842859983444214 -0.18428650498390198 0.49627000093460083
v -0.1842859983444214 -0.18428650498390198 0.49627000093460083
v -0.1842859983444214 -0.18428650498390198 0.6955450177192688
v -0.2407815009355545 -0.09973499923944473 0.6955450177192688
v -0.1842859983444214 -0.18428650498390198 0.6955450177192688
v -0.1842859983444214 -0.18428650498390198 0.49627000093460083
v -0.09973499923944473 -0.2407815009355545 0.49627000093460083
v -0.09973499923944473 -0.2407815009355545 0.49627000093460083
v -0.09973499923944473 -0.2407815009355545 0.6955450177192688
v -0.1842859983444214 -0.18428650498390198 0.6955450177192688
v -0.09973499923944473 -0.2407815009355545 0.6955450177192688
v -0.09973499923944473 -0.2407815009355545 0.49627000093460083
v 0 -0.26061999797821045 0.49627000093460083
v 0 -0.26061999797821045 0.49627000093460083
v 0 -0.26061999797821045 0.6955450177192688
v -0.09973499923944473 -0.2407815009355545 0.6955450177192688
v 0 0.273994505405426 0.6858199834823608
v 0 0.273994505405426 0.49303001165390015
v -0.04364199936389923 0.269399493932724 0.49303001165390015
v -0.04364199936389923 0.269399493932724 0.49303001165390015
v -0.04364199936389923 0.269399493932724 0.6858199834823608
v 0 0.273994505405426 0.6858199834823608
v -0.09973499923944473 0.2407815009355545 0.6955450177192688
v -0.09973499923944473 0.2407815009355545 0.49627000093460083
v -0.1842859983444214 0.1842859983444214 0.49627000093460083
v -0.1842859983444214 0.1842859983444214 0.49627000093460083
v -0.1842859983444214 0.1842859983444214 0.6955450177192688
v -0.09973499923944473 0.2407815009355545 0.6955450177192688
v -0.2407815009355545 0.09973499923944473 0.6955450177192688
v -0.1842859983444214 0.1842859983444214 0.6955450177192688
v -0.1842859983444214 0.1842859983444214 0.49627000093460083
v -0.1842859983444214 0.1842859983444214 0.49627000093460083
v -0.2407815009355545 0.09973499923944473 0.49627000093460083
v -0.2407815009355545 0.09973499923944473 0.6955450177192688
v -0.2407815009355545 0.09973499923944473 0.6955450177192688
v -0.2407815009355545 0.09973499923944473 0.49627000093460083
v -0.26061999797821045 0 0.49627000093460083
v -0.26061999797821045 0 0.49627000093460083
v -0.26061999797821045 0 0.6955450177192688
v -0.2407815009355545 0.09973499923944473 0.6955450177192688
v -0.27839699387550354 -0.023661049082875252 0.8744950294494629
v -0.28240349888801575 -0.0033105500042438507 0.821619987487793
v -0.2572050094604492 -0.11292500048875809 0.821619987487793
v -0.2572050094604492 -0.11292500048875809 0.821619987487793
v -0.2572050094604492 -0.11292500048875809 0.8744950294494629
v -0.27839699387550354 -0.023661049082875252 0.8744950294494629
v -0.2572050094604492 -0.11292500048875809 0.8744950294494629
v -0.2572050094604492 -0.11292500048875809 0.821619987487793
v -0.19685649871826172 -0.20324349403381348 0.821619987487793
v -0.19685649871826172 -0.20324349403381348 0.821619987487793
v -0.19685649871826172 -0.20324349403381348 0.8744950294494629
v -0.2572050094604492 -0.11292500048875809 0.8744950294494629
v -0.19685649871826172 -0.20324349403381348 0.8744950294494629
v -0.19685649871826172 -0.20324349403381348 0.821619987487793
v -0.10653799772262573 -0.26359251141548157 0.821619987487793
v -0.10653799772262573 -0.26359251141548157 0.821619987487793
v -0.10653799772262573 -0.26359251141548157 0.8744950294494629
v -0.19685649871826172 -0.20324349403381348 0.8744950294494629
v -0.10653799772262573 -0.26359251141548157 0.8744950294494629
v -0.10653799772262573 -0.26359251141548157 0.821619987487793
v 0 -0.2847839891910553 0.821619987487793
v 0 -0.2847839891910553 0.821619987487793
v 0 -0.2847839891910553 0.8744950294494629
v -0.10653799772262573 -0.26359251141548157 0.8744950294494629
v -0.04364199936389923 0.269399493932724 0.9213100075721741
v 0 0.273994505405426 0.9340749979019165
v 0 0.273994505405426 0.7822149991989136
v 0 0.273994505405426 0.7822149991989136
v -0.04364199936389923 0.269399493932724 0.7822149991989136
v -0.04364199936389923 0.269399493932724 0.9213100075721741
v -0.09973499923944473 0.2407815009355545 0.8948249816894531
v -0.09973499923944473 0.2407815009355545 0.7951850295066833
v -0.1842859983444214 0.1842859983444214 0.7951850295066833
v -0.1842859983444214 0.1842859983444214 0.7951850295066833
v -0.1842859983444214 0.1842859983444214 0.8948249816894531
v -0.09973499923944473 0.2407815009355545 0.8948249816894531
v -0.2407815009355545 0.09973499923944473 0.7951850295066833
v -0.2407815009355545 0.09973499923944473 0.8948249816894531
v -0.1842859983444214 0.1842859983444214 0.8948249816894531
v -0.1842859983444214 0.1842859983444214 0.8948249816894531
v -0.1842859983444214 0.1842859983444214 0.7951850295066833
v -0.2407815009355545 0.09973499923944473 0.7951850295066833
v -0.2407815009355545 0.09973499923944473 0.8948249816894531
v -0.2407815009355545 0.09973499923944473 0.7951850295066833
v -0.2542639970779419 0.03308495134115219 0.8283950090408325
v -0.2542639970779419 0.03308495134115219 0.8283950090408325
v -0.26061999797821045 0 0.8948249816894531
v -0.2407815009355545 0.09973499923944473 0.8948249816894531
v -0.2407815009355545 -0.09973499923944473 0.09772200137376785
v -0.26061999797821045 -5.058250280853827e-7 0.09772200137376785
v -0.27839699387550354 -0.023661499843001366 0.07739649713039398
v -0.27839699387550354 -0.023661499843001366 0.07739649713039398
v -0.2572050094604492 -0.11292500048875809 0.07739649713039398
v -0.2407815009355545 -0.09973499923944473 0.09772200137376785
v -0.26061999797821045 -5.058250280853827e-7 0.09772200137376785
v -0.2542639970779419 0.03308450058102608 0.031296998262405396
v -0.28240349888801575 -0.0033110000658780336 0.02452149987220764
v -0.28240349888801575 -0.0033110000658780336 0.02452149987220764
v -0.27839699387550354 -0.023661499843001366 0.07739649713039398
v -0.26061999797821045 -5.058250280853827e-7 0.09772200137376785
v -0.2407815009355545 -0.09973499923944473 -0.10155300050973892
v -0.2572050094604492 -0.11292500048875809 -0.08122800290584564
v -0.27839699387550354 -0.023661499843001366 -0.08122800290584564
v -0.27839699387550354 -0.023661499843001366 -0.08122800290584564
v -0.26061999797821045 -4.939470272802282e-7 -0.10155300050973892
v -0.2407815009355545 -0.09973499923944473 -0.10155300050973892
v -0.1842859983444214 -0.18428650498390198 0.09772200137376785
v -0.2407815009355545 -0.09973499923944473 0.09772200137376785
v -0.2572050094604492 -0.11292500048875809 0.07739649713039398
v -0.2572050094604492 -0.11292500048875809 0.07739649713039398
v -0.19685649871826172 -0.20324349403381348 0.07739649713039398
v -0.1842859983444214 -0.18428650498390198 0.09772200137376785
v -0.1842859983444214 -0.18428650498390198 -0.10155300050973892
v -0.19685649871826172 -0.20324349403381348 -0.08122800290584564
v -0.2572050094604492 -0.11292500048875809 -0.08122800290584564
v -0.2572050094604492 -0.11292500048875809 -0.08122800290584564
v -0.2407815009355545 -0.09973499923944473 -0.10155300050973892
v -0.1842859983444214 -0.18428650498390198 -0.10155300050973892
v -0.09973499923944473 -0.2407815009355545 0.09772200137376785
v -0.1842859983444214 -0.18428650498390198 0.09772200137376785
v -0.19685649871826172 -0.20324349403381348 0.07739649713039398
v -0.19685649871826172 -0.20324349403381348 0.07739649713039398
v -0.10653799772262573 -0.26359251141548157 0.07739649713039398
v -0.09973499923944473 -0.2407815009355545 0.09772200137376785
v -0.09973499923944473 -0.2407815009355545 -0.10155300050973892
v -0.10653799772262573 -0.26359251141548157 -0.08122800290584564
v -0.19685649871826172 -0.20324349403381348 -0.08122800290584564
v -0.19685649871826172 -0.20324349403381348 -0.08122800290584564
v -0.1842859983444214 -0.18428650498390198 -0.10155300050973892
v -0.09973499923944473 -0.2407815009355545 -0.10155300050973892
v 0 -0.26061999797821045 0.09772200137376785
v -0.09973499923944473 -0.2407815009355545 0.09772200137376785
v -0.10653799772262573 -0.26359251141548157 0.07739649713039398
v -0.10653799772262573 -0.26359251141548157 0.07739649713039398
v 0 -0.2847839891910553 0.07739649713039398
v 0 -0.26061999797821045 0.09772200137376785
v 0 -0.26061999797821045 -0.10155300050973892
v 0 -0.2847839891910553 -0.08122800290584564
v -0.10653799772262573 -0.26359251141548157 -0.08122800290584564
v -0.10653799772262573 -0.26359251141548157 -0.08122800290584564
v -0.09973499923944473 -0.2407815009355545 -0.10155300050973892
v 0 -0.26061999797821045 -0.10155300050973892
v -0.2407815009355545 -0.09973499923944473 0.49627000093460083
v -0.26061999797821045 0 0.49627000093460083
v -0.27839699387550354 -0.023661049082875252 0.47594499588012695
v -0.27839699387550354 -0.023661049082875252 0.47594499588012695
v -0.2572050094604492 -0.11292500048875809 0.47594499588012695
v -0.2407815009355545 -0.09973499923944473 0.49627000093460083
v -0.26061999797821045 0 0.49627000093460083
v -0.2542639970779419 0.0330844484269619 0.42984500527381897
v -0.28240349888801575 -0.0033110249787569046 0.4230720102787018
v -0.28240349888801575 -0.0033110249787569046 0.4230720102787018
v -0.27839699387550354 -0.023661049082875252 0.47594499588012695
v -0.26061999797821045 0 0.49627000093460083
v -0.2407815009355545 -0.09973499923944473 0.2969970107078552
v -0.2572050094604492 -0.11292500048875809 0.3173224925994873
v -0.27839699387550354 -0.023661499843001366 0.3173224925994873
v -0.27839699387550354 -0.023661499843001366 0.3173224925994873
v -0.26061999797821045 0 0.2969970107078552
v -0.2407815009355545 -0.09973499923944473 0.2969970107078552
v -0.1842859983444214 -0.18428650498390198 0.49627000093460083
v -0.2407815009355545 -0.09973499923944473 0.49627000093460083
v -0.2572050094604492 -0.11292500048875809 0.47594499588012695
v -0.2572050094604492 -0.11292500048875809 0.47594499588012695
v -0.19685649871826172 -0.20324349403381348 0.47594499588012695
v -0.1842859983444214 -0.18428650498390198 0.49627000093460083
v -0.1842859983444214 -0.18428650498390198 0.2969970107078552
v -0.19685649871826172 -0.20324349403381348 0.3173224925994873
v -0.2572050094604492 -0.11292500048875809 0.3173224925994873
v -0.2572050094604492 -0.11292500048875809 0.3173224925994873
v -0.2407815009355545 -0.09973499923944473 0.2969970107078552
v -0.1842859983444214 -0.18428650498390198 0.2969970107078552
v -0.09973499923944473 -0.2407815009355545 0.49627000093460083
v -0.1842859983444214 -0.18428650498390198 0.49627000093460083
v -0.19685649871826172 -0.20324349403381348 0.47594499588012695
v -0.19685649871826172 -0.20324349403381348 0.47594499588012695
v -0.10653799772262573 -0.26359251141548157 0.47594499588012695
v -0.09973499923944473 -0.2407815009355545 0.49627000093460083
v -0.09973499923944473 -0.2407815009355545 0.2969970107078552
v -0.10653799772262573 -0.26359251141548157 0.3173224925994873
v -0.19685649871826172 -0.20324349403381348 0.3173224925994873
v -0.19685649871826172 -0.20324349403381348 0.3173224925994873
v -0.1842859983444214 -0.18428650498390198 0.2969970107078552
v -0.09973499923944473 -0.2407815009355545 0.2969970107078552
v 0 -0.26061999797821045 0.49627000093460083
v -0.09973499923944473 -0.2407815009355545 0.49627000093460083
v -0.10653799772262573 -0.26359251141548157 0.47594499588012695
v -0.10653799772262573 -0.26359251141548157 0.47594499588012695
v 0 -0.2847839891910553 0.47594499588012695
v 0 -0.26061999797821045 0.49627000093460083
v 0 -0.26061999797821045 0.2969970107078552
v 0 -0.2847839891910553 0.3173224925994873
v -0.10653799772262573 -0.26359251141548157 0.3173224925994873
v -0.10653799772262573 -0.26359251141548157 0.3173224925994873
v -0.09973499923944473 -0.2407815009355545 0.2969970107078552
v 0 -0.26061999797821045 0.2969970107078552
v -0.2407815009355545 -0.09973499923944473 0.8948249816894531
v -0.26061999797821045 0 0.8948249816894531
v -0.27839699387550354 -0.023661049082875252 0.8744950294494629
v -0.27839699387550354 -0.023661049082875252 0.8744950294494629
v -0.2572050094604492 -0.11292500048875809 0.8744950294494629
v -0.2407815009355545 -0.09973499923944473 0.8948249816894531
v -0.26061999797821045 0 0.8948249816894531
v -0.2542639970779419 0.03308495134115219 0.8283950090408325
v -0.28240349888801575 -0.0033105500042438507 0.821619987487793
v -0.28240349888801575 -0.0033105500042438507 0.821619987487793
v -0.27839699387550354 -0.023661049082875252 0.8744950294494629
v -0.26061999797821045 0 0.8948249816894531
v -0.2407815009355545 -0.09973499923944473 0.6955450177192688
v -0.2572050094604492 -0.11292500048875809 0.7158750295639038
v -0.27839699387550354 -0.023661049082875252 0.7158750295639038
v -0.27839699387550354 -0.023661049082875252 0.7158750295639038
v -0.26061999797821045 0 0.6955450177192688
v -0.2407815009355545 -0.09973499923944473 0.6955450177192688
v -0.1842859983444214 -0.18428650498390198 0.8948249816894531
v -0.2407815009355545 -0.09973499923944473 0.8948249816894531
v -0.2572050094604492 -0.11292500048875809 0.8744950294494629
v -0.2572050094604492 -0.11292500048875809 0.8744950294494629
v -0.19685649871826172 -0.20324349403381348 0.8744950294494629
v -0.1842859983444214 -0.18428650498390198 0.8948249816894531
v -0.1842859983444214 -0.18428650498390198 0.6955450177192688
v -0.19685649871826172 -0.20324349403381348 0.7158750295639038
v -0.2572050094604492 -0.11292500048875809 0.7158750295639038
v -0.2572050094604492 -0.11292500048875809 0.7158750295639038
v -0.2407815009355545 -0.09973499923944473 0.6955450177192688
v -0.1842859983444214 -0.18428650498390198 0.6955450177192688
v -0.09973499923944473 -0.2407815009355545 0.8948249816894531
v -0.1842859983444214 -0.18428650498390198 0.8948249816894531
v -0.19685649871826172 -0.20324349403381348 0.8744950294494629
v -0.19685649871826172 -0.20324349403381348 0.8744950294494629
v -0.10653799772262573 -0.26359251141548157 0.8744950294494629
v -0.09973499923944473 -0.2407815009355545 0.8948249816894531
v -0.09973499923944473 -0.2407815009355545 0.6955450177192688
v -0.10653799772262573 -0.26359251141548157 0.7158750295639038
v -0.19685649871826172 -0.20324349403381348 0.7158750295639038
v -0.19685649871826172 -0.20324349403381348 0.7158750295639038
v -0.1842859983444214 -0.18428650498390198 0.6955450177192688
v -0.09973499923944473 -0.2407815009355545 0.6955450177192688
v 0 -0.26061999797821045 0.8948249816894531
v -0.09973499923944473 -0.2407815009355545 0.8948249816894531
v -0.10653799772262573 -0.26359251141548157 0.8744950294494629
v -0.10653799772262573 -0.26359251141548157 0.8744950294494629
v 0 -0.2847839891910553 0.8744950294494629
v 0 -0.26061999797821045 0.8948249816894531
v 0 -0.26061999797821045 0.6955450177192688
v 0 -0.2847839891910553 0.7158750295639038
v -0.10653799772262573 -0.26359251141548157 0.7158750295639038
v -0.10653799772262573 -0.26359251141548157 0.7158750295639038
v -0.09973499923944473 -0.2407815009355545 0.6955450177192688
v 0 -0.26061999797821045 0.6955450177192688
v -0.2542639970779419 0.03308450058102608 -0.03512800112366676
v -0.2407815009355545 0.09973450005054474 -0.0019154800102114677
v -0.2407815009355545 0.09973450005054474 -0.10155300050973892
v -0.2407815009355545 0.09973450005054474 -0.10155300050973892
v -0.26061999797821045 -4.939470272802282e-7 -0.10155300050973892
v -0.2542639970779419 0.03308450058102608 -0.03512800112366676
v -0.28240349888801575 -0.0033110000658780336 -0.028353000059723854
v -0.2542639970779419 0.03308450058102608 -0.03512800112366676
v -0.26061999797821045 -4.939470272802282e-7 -0.10155300050973892
v -0.26061999797821045 -4.939470272802282e-7 -0.10155300050973892
v -0.27839699387550354 -0.023661499843001366 -0.08122800290584564
v -0.28240349888801575 -0.0033110000658780336 -0.028353000059723854
v -0.2572050094604492 -0.11292500048875809 -0.028353000059723854
v -0.28240349888801575 -0.0033110000658780336 -0.028353000059723854
v -0.27839699387550354 -0.023661499843001366 -0.08122800290584564
v -0.27839699387550354 -0.023661499843001366 -0.08122800290584564
v -0.2572050094604492 -0.11292500048875809 -0.08122800290584564
v -0.2572050094604492 -0.11292500048875809 -0.028353000059723854
v -0.2572050094604492 -0.11292500048875809 -0.028353000059723854
v -0.2572050094604492 -0.11292500048875809 -0.08122800290584564
v -0.19685649871826172 -0.20324349403381348 -0.08122800290584564
v -0.19685649871826172 -0.20324349403381348 -0.08122800290584564
v -0.19685649871826172 -0.20324349403381348 -0.028353000059723854
v -0.2572050094604492 -0.11292500048875809 -0.028353000059723854
v -0.19685649871826172 -0.20324349403381348 -0.028353000059723854
v -0.19685649871826172 -0.20324349403381348 -0.08122800290584564
v -0.10653799772262573 -0.26359251141548157 -0.08122800290584564
v -0.10653799772262573 -0.26359251141548157 -0.08122800290584564
v -0.10653799772262573 -0.26359251141548157 -0.028353050351142883
v -0.19685649871826172 -0.20324349403381348 -0.028353000059723854
v -0.10653799772262573 -0.26359251141548157 -0.028353050351142883
v -0.10653799772262573 -0.26359251141548157 -0.08122800290584564
v 0 -0.2847839891910553 -0.08122800290584564
v 0 -0.2847839891910553 -0.08122800290584564
v 0 -0.2847839891910553 -0.028353050351142883
v -0.10653799772262573 -0.26359251141548157 -0.028353050351142883
v 0 0.27399399876594543 0.01105355005711317
v 0 0.27399399876594543 -0.14080649614334106
v -0.04364199936389923 0.269399493932724 -0.12804250419139862
v -0.04364199936389923 0.269399493932724 -0.12804250419139862
v -0.04364199936389923 0.269399493932724 0.01105355005711317
v 0 0.27399399876594543 0.01105355005711317
v -0.09973499923944473 0.2407815009355545 -0.0019154699984937906
v -0.09973499923944473 0.2407815009355545 -0.10155300050973892
v -0.1842859983444214 0.1842859983444214 -0.10155300050973892
v -0.1842859983444214 0.1842859983444214 -0.10155300050973892
v -0.1842859983444214 0.1842859983444214 -0.0019154750043526292
v -0.09973499923944473 0.2407815009355545 -0.0019154699984937906
v -0.2407815009355545 0.09973450005054474 -0.0019154800102114677
v -0.1842859983444214 0.1842859983444214 -0.0019154750043526292
v -0.1842859983444214 0.1842859983444214 -0.10155300050973892
v -0.1842859983444214 0.1842859983444214 -0.10155300050973892
v -0.2407815009355545 0.09973450005054474 -0.10155300050973892
v -0.2407815009355545 0.09973450005054474 -0.0019154800102114677
v -0.2542639970779419 0.03308450058102608 0.031296998262405396
v -0.2407815009355545 0.09973450005054474 -0.0019154800102114677
v -0.2542639970779419 0.03308450058102608 -0.03512800112366676
v -0.2542639970779419 0.03308450058102608 0.031296998262405396
v -0.2542639970779419 0.03308450058102608 -0.03512800112366676
v -0.28240349888801575 -0.0033110000658780336 -0.028353000059723854
v -0.28240349888801575 -0.0033110000658780336 -0.028353000059723854
v -0.28240349888801575 -0.0033110000658780336 0.02452149987220764
v -0.2542639970779419 0.03308450058102608 0.031296998262405396
v -0.28240349888801575 -0.0033110000658780336 0.02452149987220764
v -0.28240349888801575 -0.0033110000658780336 -0.028353000059723854
v -0.2572050094604492 -0.11292500048875809 -0.028353000059723854
v -0.2572050094604492 -0.11292500048875809 -0.028353000059723854
v -0.2572050094604492 -0.11292500048875809 0.02452149987220764
v -0.28240349888801575 -0.0033110000658780336 0.02452149987220764
v -0.2572050094604492 -0.11292500048875809 0.02452149987220764
v -0.2572050094604492 -0.11292500048875809 -0.028353000059723854
v -0.19685649871826172 -0.20324349403381348 -0.028353000059723854
v -0.19685649871826172 -0.20324349403381348 -0.028353000059723854
v -0.19685649871826172 -0.20324349403381348 0.02452149987220764
v -0.2572050094604492 -0.11292500048875809 0.02452149987220764
v -0.19685649871826172 -0.20324349403381348 0.02452149987220764
v -0.19685649871826172 -0.20324349403381348 -0.028353000059723854
v -0.10653799772262573 -0.26359251141548157 -0.028353050351142883
v -0.10653799772262573 -0.26359251141548157 -0.028353050351142883
v -0.10653799772262573 -0.26359251141548157 0.024521449580788612
v -0.19685649871826172 -0.20324349403381348 0.02452149987220764
v -0.10653799772262573 -0.26359251141548157 0.024521449580788612
v -0.10653799772262573 -0.26359251141548157 -0.028353050351142883
v 0 -0.2847839891910553 -0.028353050351142883
v 0 -0.2847839891910553 -0.028353050351142883
v 0 -0.2847839891910553 0.024521449580788612
v -0.10653799772262573 -0.26359251141548157 0.024521449580788612
v -0.2542639970779419 0.03308450058102608 0.3634220063686371
v -0.2407815009355545 0.09973499923944473 0.3966344892978668
v -0.2407815009355545 0.09973499923944473 0.2969970107078552
v -0.2407815009355545 0.09973499923944473 0.2969970107078552
v -0.26061999797821045 0 0.2969970107078552
v -0.2542639970779419 0.03308450058102608 0.3634220063686371
v -0.28240349888801575 -0.003311020089313388 0.37019699811935425
v -0.2542639970779419 0.03308450058102608 0.3634220063686371
v -0.26061999797821045 0 0.2969970107078552
v -0.26061999797821045 0 0.2969970107078552
v -0.27839699387550354 -0.023661499843001366 0.3173224925994873
v -0.28240349888801575 -0.003311020089313388 0.37019699811935425
v -0.2572050094604492 -0.11292500048875809 0.37019699811935425
v -0.28240349888801575 -0.003311020089313388 0.37019699811935425
v -0.27839699387550354 -0.023661499843001366 0.3173224925994873
v -0.27839699387550354 -0.023661499843001366 0.3173224925994873
v -0.2572050094604492 -0.11292500048875809 0.3173224925994873
v -0.2572050094604492 -0.11292500048875809 0.37019699811935425
v -0.2572050094604492 -0.11292500048875809 0.37019699811935425
v -0.2572050094604492 -0.11292500048875809 0.3173224925994873
v -0.19685649871826172 -0.20324349403381348 0.3173224925994873
v -0.19685649871826172 -0.20324349403381348 0.3173224925994873
v -0.19685649871826172 -0.20324349403381348 0.37019699811935425
v -0.2572050094604492 -0.11292500048875809 0.37019699811935425
v -0.19685649871826172 -0.20324349403381348 0.37019699811935425
v -0.19685649871826172 -0.20324349403381348 0.3173224925994873
v -0.10653799772262573 -0.26359251141548157 0.3173224925994873
v -0.10653799772262573 -0.26359251141548157 0.3173224925994873
v -0.10653799772262573 -0.26359251141548157 0.37019699811935425
v -0.19685649871826172 -0.20324349403381348 0.37019699811935425
v -0.10653799772262573 -0.26359251141548157 0.37019699811935425
v -0.10653799772262573 -0.26359251141548157 0.3173224925994873
v 0 -0.2847839891910553 0.3173224925994873
v 0 -0.2847839891910553 0.3173224925994873
v 0 -0.2847839891910553 0.37019699811935425
v -0.10653799772262573 -0.26359251141548157 0.37019699811935425
v 0 0.27399399876594543 0.3966344892978668
v 0 0.27399399876594543 0.3002395033836365
v -0.04364199936389923 0.269399493932724 0.3002389967441559
v -0.04364199936389923 0.269399493932724 0.3002389967441559
v -0.04364199936389923 0.269399493932724 0.3966344892978668
v 0 0.27399399876594543 0.3966344892978668
v -0.09973499923944473 0.2407815009355545 0.3966344892978668
v -0.09973499923944473 0.2407815009355545 0.2969970107078552
v -0.1842859983444214 0.1842859983444214 0.2969970107078552
v -0.1842859983444214 0.1842859983444214 0.2969970107078552
v -0.1842859983444214 0.1842859983444214 0.3966344892978668
v -0.09973499923944473 0.2407815009355545 0.3966344892978668
v -0.2407815009355545 0.09973499923944473 0.3966344892978668
v -0.1842859983444214 0.1842859983444214 0.3966344892978668
v -0.1842859983444214 0.1842859983444214 0.2969970107078552
v -0.1842859983444214 0.1842859983444214 0.2969970107078552
v -0.2407815009355545 0.09973499923944473 0.2969970107078552
v -0.2407815009355545 0.09973499923944473 0.3966344892978668
v -0.2542639970779419 0.0330844484269619 0.42984500527381897
v -0.2407815009355545 0.09973499923944473 0.3966344892978668
v -0.2542639970779419 0.03308450058102608 0.3634220063686371
v -0.2542639970779419 0.0330844484269619 0.42984500527381897
v -0.2542639970779419 0.03308450058102608 0.3634220063686371
v -0.28240349888801575 -0.003311020089313388 0.37019699811935425
v -0.28240349888801575 -0.003311020089313388 0.37019699811935425
v -0.28240349888801575 -0.0033110249787569046 0.4230720102787018
v -0.2542639970779419 0.0330844484269619 0.42984500527381897
v -0.28240349888801575 -0.0033110249787569046 0.4230720102787018
v -0.28240349888801575 -0.003311020089313388 0.37019699811935425
v -0.2572050094604492 -0.11292500048875809 0.37019699811935425
v -0.2572050094604492 -0.11292500048875809 0.37019699811935425
v -0.2572050094604492 -0.11292500048875809 0.4230720102787018
v -0.28240349888801575 -0.0033110249787569046 0.4230720102787018
v -0.2572050094604492 -0.11292500048875809 0.4230720102787018
v -0.2572050094604492 -0.11292500048875809 0.37019699811935425
v -0.19685649871826172 -0.20324349403381348 0.37019699811935425
v -0.19685649871826172 -0.20324349403381348 0.37019699811935425
v -0.19685649871826172 -0.20324349403381348 0.4230720102787018
v -0.2572050094604492 -0.11292500048875809 0.4230720102787018
v -0.19685649871826172 -0.20324349403381348 0.4230720102787018
v -0.19685649871826172 -0.20324349403381348 0.37019699811935425
v -0.10653799772262573 -0.26359251141548157 0.37019699811935425
v -0.10653799772262573 -0.26359251141548157 0.37019699811935425
v -0.10653799772262573 -0.26359251141548157 0.4230720102787018
v -0.19685649871826172 -0.20324349403381348 0.4230720102787018
v -0.10653799772262573 -0.26359251141548157 0.4230720102787018
v -0.10653799772262573 -0.26359251141548157 0.37019699811935425
v 0 -0.2847839891910553 0.37019699811935425
v 0 -0.2847839891910553 0.37019699811935425
v 0 -0.2847839891910553 0.4230720102787018
v -0.10653799772262573 -0.26359251141548157 0.4230720102787018
v -0.2542639970779419 0.03308495134115219 0.7619699835777283
v -0.2407815009355545 0.09973499923944473 0.7951850295066833
v -0.2407815009355545 0.09973499923944473 0.6955450177192688
v -0.2407815009355545 0.09973499923944473 0.6955450177192688
v -0.26061999797821045 0 0.6955450177192688
v -0.2542639970779419 0.03308495134115219 0.7619699835777283
v -0.28240349888801575 -0.003311045002192259 0.768750011920929
v -0.2542639970779419 0.03308495134115219 0.7619699835777283
v -0.26061999797821045 0 0.6955450177192688
v -0.26061999797821045 0 0.6955450177192688
v -0.27839699387550354 -0.023661049082875252 0.7158750295639038
v -0.28240349888801575 -0.003311045002192259 0.768750011920929
v -0.2572050094604492 -0.11292500048875809 0.768750011920929
v -0.28240349888801575 -0.003311045002192259 0.768750011920929
v -0.27839699387550354 -0.023661049082875252 0.7158750295639038
v -0.27839699387550354 -0.023661049082875252 0.7158750295639038
v -0.2572050094604492 -0.11292500048875809 0.7158750295639038
v -0.2572050094604492 -0.11292500048875809 0.768750011920929
v -0.2572050094604492 -0.11292500048875809 0.768750011920929
v -0.2572050094604492 -0.11292500048875809 0.7158750295639038
v -0.19685649871826172 -0.20324349403381348 0.7158750295639038
v -0.19685649871826172 -0.20324349403381348 0.7158750295639038
v -0.19685649871826172 -0.20324349403381348 0.768750011920929
v -0.2572050094604492 -0.11292500048875809 0.768750011920929
v -0.19685649871826172 -0.20324349403381348 0.768750011920929
v -0.19685649871826172 -0.20324349403381348 0.7158750295639038
v -0.10653799772262573 -0.26359251141548157 0.7158750295639038
v -0.10653799772262573 -0.26359251141548157 0.7158750295639038
v -0.10653799772262573 -0.26359251141548157 0.768750011920929
v -0.19685649871826172 -0.20324349403381348 0.768750011920929
v -0.10653799772262573 -0.26359251141548157 0.768750011920929
v -0.10653799772262573 -0.26359251141548157 0.7158750295639038
v 0 -0.2847839891910553 0.7158750295639038
v 0 -0.2847839891910553 0.7158750295639038
v 0 -0.2847839891910553 0.768750011920929
v -0.10653799772262573 -0.26359251141548157 0.768750011920929
v 0 0.273994505405426 0.7822149991989136
v 0 0.273994505405426 0.6858199834823608
v -0.04364199936389923 0.269399493932724 0.6858199834823608
v -0.04364199936389923 0.269399493932724 0.6858199834823608
v -0.04364199936389923 0.269399493932724 0.7822149991989136
v 0 0.273994505405426 0.7822149991989136
v -0.09973499923944473 0.2407815009355545 0.7951850295066833
v -0.09973499923944473 0.2407815009355545 0.6955450177192688
v -0.1842859983444214 0.1842859983444214 0.6955450177192688
v -0.1842859983444214 0.1842859983444214 0.6955450177192688
v -0.1842859983444214 0.1842859983444214 0.7951850295066833
v -0.09973499923944473 0.2407815009355545 0.7951850295066833
v -0.2407815009355545 0.09973499923944473 0.7951850295066833
v -0.1842859983444214 0.1842859983444214 0.7951850295066833
v -0.1842859983444214 0.1842859983444214 0.6955450177192688
v -0.1842859983444214 0.1842859983444214 0.6955450177192688
v -0.2407815009355545 0.09973499923944473 0.6955450177192688
v -0.2407815009355545 0.09973499923944473 0.7951850295066833
v -0.2542639970779419 0.03308495134115219 0.8283950090408325
v -0.2407815009355545 0.09973499923944473 0.7951850295066833
v -0.2542639970779419 0.03308495134115219 0.7619699835777283
v -0.2542639970779419 0.03308495134115219 0.8283950090408325
v -0.2542639970779419 0.03308495134115219 0.7619699835777283
v -0.28240349888801575 -0.003311045002192259 0.768750011920929
v -0.28240349888801575 -0.003311045002192259 0.768750011920929
v -0.28240349888801575 -0.0033105500042438507 0.821619987487793
v -0.2542639970779419 0.03308495134115219 0.8283950090408325
v -0.28240349888801575 -0.0033105500042438507 0.821619987487793
v -0.28240349888801575 -0.003311045002192259 0.768750011920929
v -0.2572050094604492 -0.11292500048875809 0.768750011920929
v -0.2572050094604492 -0.11292500048875809 0.768750011920929
v -0.2572050094604492 -0.11292500048875809 0.821619987487793
v -0.28240349888801575 -0.0033105500042438507 0.821619987487793
v -0.2572050094604492 -0.11292500048875809 0.821619987487793
v -0.2572050094604492 -0.11292500048875809 0.768750011920929
v -0.19685649871826172 -0.20324349403381348 0.768750011920929
v -0.19685649871826172 -0.20324349403381348 0.768750011920929
v -0.19685649871826172 -0.20324349403381348 0.821619987487793
v -0.2572050094604492 -0.11292500048875809 0.821619987487793
v -0.19685649871826172 -0.20324349403381348 0.821619987487793
v -0.19685649871826172 -0.20324349403381348 0.768750011920929
v -0.10653799772262573 -0.26359251141548157 0.768750011920929
v -0.10653799772262573 -0.26359251141548157 0.768750011920929
v -0.10653799772262573 -0.26359251141548157 0.821619987487793
v -0.19685649871826172 -0.20324349403381348 0.821619987487793
v -0.10653799772262573 -0.26359251141548157 0.821619987487793
v -0.10653799772262573 -0.26359251141548157 0.768750011920929
v 0 -0.2847839891910553 0.768750011920929
v 0 -0.2847839891910553 0.768750011920929
v 0 -0.2847839891910553 0.821619987487793
v -0.10653799772262573 -0.26359251141548157 0.821619987487793
v -0.09973499923944473 0.2407815009355545 1.09409499168396
v -0.049867499619722366 0.256025493144989 0.9389600157737732
v -0.09973499923944473 0.2407815009355545 0.8948249816894531
v -0.049867499619722366 0.2560249865055084 -0.14569050073623657
v 0 0.26061999797821045 -0.15888400375843048
v 0 0.26061949133872986 -0.3008284866809845
v 0 0.26061949133872986 -0.3008284866809845
v -0.09973499923944473 0.2407815009355545 -0.3008284866809845
v -0.049867499619722366 0.2560249865055084 -0.14569050073623657
v -0.04364199936389923 0.269399493932724 0.01105355005711317
v -0.04364199936389923 0.269399493932724 -0.12804250419139862
v -0.08728399872779846 0.2541554868221283 -0.08534149825572968
v -0.08728399872779846 0.2541554868221283 -0.08534149825572968
v -0.08728399872779846 0.2541554868221283 0.01105355005711317
v -0.04364199936389923 0.269399493932724 0.01105355005711317
v -0.04364199936389923 0.269399493932724 0.1074490025639534
v -0.04364199936389923 0.269399493932724 0.01105355005711317
v -0.08728399872779846 0.2541554868221283 0.01105355005711317
v -0.08728399872779846 0.2541554868221283 0.01105355005711317
v -0.08728399872779846 0.2541554868221283 0.1074490025639534
v -0.04364199936389923 0.269399493932724 0.1074490025639534
v -0.04364199936389923 0.269399493932724 0.3002389967441559
v -0.04364199936389923 0.269399493932724 0.1074490025639534
v -0.08728399872779846 0.2541554868221283 0.1074490025639534
v -0.08728399872779846 0.2541554868221283 0.1074490025639534
v -0.08728399872779846 0.2541554868221283 0.3002395033836365
v -0.04364199936389923 0.269399493932724 0.3002389967441559
v -0.04364199936389923 0.269399493932724 0.3966344892978668
v -0.04364199936389923 0.269399493932724 0.3002389967441559
v -0.08728399872779846 0.2541554868221283 0.3002395033836365
v -0.08728399872779846 0.2541554868221283 0.3002395033836365
v -0.08728399872779846 0.2541554868221283 0.3966344892978668
v -0.04364199936389923 0.269399493932724 0.3966344892978668
v -0.04364199936389923 0.269399493932724 0.49303001165390015
v -0.04364199936389923 0.269399493932724 0.3966344892978668
v -0.08728399872779846 0.2541554868221283 0.3966344892978668
v -0.08728399872779846 0.2541554868221283 0.3966344892978668
v -0.08728399872779846 0.2541554868221283 0.49303001165390015
v -0.04364199936389923 0.269399493932724 0.49303001165390015
v -0.04364199936389923 0.269399493932724 0.6858199834823608
v -0.04364199936389923 0.269399493932724 0.49303001165390015
v -0.08728399872779846 0.2541554868221283 0.49303001165390015
v -0.08728399872779846 0.2541554868221283 0.49303001165390015
v -0.08728399872779846 0.2541559934616089 0.6858199834823608
v -0.04364199936389923 0.269399493932724 0.6858199834823608
v -0.04364199936389923 0.269399493932724 0.7822149991989136
v -0.04364199936389923 0.269399493932724 0.6858199834823608
v -0.08728399872779846 0.2541559934616089 0.6858199834823608
v -0.08728399872779846 0.2541559934616089 0.6858199834823608
v -0.08728399872779846 0.2541559934616089 0.7822149991989136
v -0.04364199936389923 0.269399493932724 0.7822149991989136
v -0.08728399872779846 0.2541559934616089 0.8786100149154663
v -0.04364199936389923 0.269399493932724 0.9213100075721741
v -0.04364199936389923 0.269399493932724 0.7822149991989136
v -0.04364199936389923 0.269399493932724 0.7822149991989136
v -0.08728399872779846 0.2541559934616089 0.7822149991989136
v -0.08728399872779846 0.2541559934616089 0.8786100149154663
v -0.049867499619722366 0.256025493144989 0.9389600157737732
v 0 0.26061999797821045 0.9521549940109253
v 0 0.273994505405426 0.9340749979019165
v 0 0.273994505405426 0.9340749979019165
v -0.04364199936389923 0.269399493932724 0.9213100075721741
v -0.049867499619722366 0.256025493144989 0.9389600157737732
v -0.049867499619722366 0.2560249865055084 -0.14569050073623657
v -0.04364199936389923 0.269399493932724 -0.12804250419139862
v 0 0.27399399876594543 -0.14080649614334106
v 0 0.27399399876594543 -0.14080649614334106
v 0 0.26061999797821045 -0.15888400375843048
v -0.049867499619722366 0.2560249865055084 -0.14569050073623657
v -0.09973499923944473 0.2407815009355545 -0.10155300050973892
v -0.08728399872779846 0.2541554868221283 -0.08534149825572968
v -0.04364199936389923 0.269399493932724 -0.12804250419139862
v -0.04364199936389923 0.269399493932724 -0.12804250419139862
v -0.049867499619722366 0.2560249865055084 -0.14569050073623657
v -0.09973499923944473 0.2407815009355545 -0.10155300050973892
v -0.09973499923944473 0.2407815009355545 -0.0019154699984937906
v -0.08728399872779846 0.2541554868221283 0.01105355005711317
v -0.08728399872779846 0.2541554868221283 -0.08534149825572968
v -0.08728399872779846 0.2541554868221283 -0.08534149825572968
v -0.09973499923944473 0.2407815009355545 -0.10155300050973892
v -0.09973499923944473 0.2407815009355545 -0.0019154699984937906
v -0.09973499923944473 0.2407815009355545 0.09772200137376785
v -0.08728399872779846 0.2541554868221283 0.1074490025639534
v -0.08728399872779846 0.2541554868221283 0.01105355005711317
v -0.08728399872779846 0.2541554868221283 0.01105355005711317
v -0.09973499923944473 0.2407815009355545 -0.0019154699984937906
v -0.09973499923944473 0.2407815009355545 0.09772200137376785
v -0.09973499923944473 0.2407815009355545 0.2969970107078552
v -0.08728399872779846 0.2541554868221283 0.3002395033836365
v -0.08728399872779846 0.2541554868221283 0.1074490025639534
v -0.08728399872779846 0.2541554868221283 0.1074490025639534
v -0.09973499923944473 0.2407815009355545 0.09772200137376785
v -0.09973499923944473 0.2407815009355545 0.2969970107078552
v -0.09973499923944473 0.2407815009355545 0.3966344892978668
v -0.08728399872779846 0.2541554868221283 0.3966344892978668
v -0.08728399872779846 0.2541554868221283 0.3002395033836365
v -0.08728399872779846 0.2541554868221283 0.3002395033836365
v -0.09973499923944473 0.2407815009355545 0.2969970107078552
v -0.09973499923944473 0.2407815009355545 0.3966344892978668
v -0.09973499923944473 0.2407815009355545 0.3966344892978668
v -0.09973499923944473 0.2407815009355545 0.49627000093460083
v -0.08728399872779846 0.2541554868221283 0.49303001165390015
v -0.08728399872779846 0.2541554868221283 0.49303001165390015
v -0.08728399872779846 0.2541554868221283 0.3966344892978668
v -0.09973499923944473 0.2407815009355545 0.3966344892978668
v -0.09973499923944473 0.2407815009355545 0.49627000093460083
v -0.09973499923944473 0.2407815009355545 0.6955450177192688
v -0.08728399872779846 0.2541559934616089 0.6858199834823608
v -0.08728399872779846 0.2541559934616089 0.6858199834823608
v -0.08728399872779846 0.2541554868221283 0.49303001165390015
v -0.09973499923944473 0.2407815009355545 0.49627000093460083
v -0.09973499923944473 0.2407815009355545 0.6955450177192688
v -0.09973499923944473 0.2407815009355545 0.7951850295066833
v -0.08728399872779846 0.2541559934616089 0.7822149991989136
v -0.08728399872779846 0.2541559934616089 0.7822149991989136
v -0.08728399872779846 0.2541559934616089 0.6858199834823608
v -0.09973499923944473 0.2407815009355545 0.6955450177192688
v -0.09973499923944473 0.2407815009355545 0.8948249816894531
v -0.049867499619722366 0.256025493144989 0.9389600157737732
v -0.04364199936389923 0.269399493932724 0.9213100075721741
v -0.04364199936389923 0.269399493932724 0.9213100075721741
v -0.08728399872779846 0.2541559934616089 0.8786100149154663
v -0.09973499923944473 0.2407815009355545 0.8948249816894531
v -0.09973499923944473 0.2407815009355545 0.7951850295066833
v -0.09973499923944473 0.2407815009355545 0.8948249816894531
v -0.08728399872779846 0.2541559934616089 0.8786100149154663
v -0.08728399872779846 0.2541559934616089 0.8786100149154663
v -0.08728399872779846 0.2541559934616089 0.7822149991989136
v -0.09973499923944473 0.2407815009355545 0.7951850295066833

vn 0.866025984287262 -0.1719219982624054 0.4695129990577698
vn 0.811959981918335 0.1653990000486374 0.5597890019416809
vn 0.46878498792648315 0.04740089923143387 0.8820390105247498
vn 0.46878498792648315 0.04740089923143387 0.8820390105247498
vn 0.5 -0.29777801036834717 0.8132209777832031
vn 0.866025984287262 -0.1719219982624054 0.4695129990577698
vn 1 0 0
vn 0.9375709891319275 0.3265880048274994 0.1195869967341423
vn 0.811959981918335 0.1653990000486374 0.5597890019416809
vn 0.811959981918335 0.1653990000486374 0.5597890019416809
vn 0.866025984287262 -0.1719219982624054 0.4695129990577698
vn 1 0 0
vn 0.866025984287262 0.1719219982624054 -0.4695129990577698
vn 0.811959981918335 0.4877769947052002 -0.3206149935722351
vn 0.9375709891319275 0.3265880048274994 0.1195869967341423
vn 0.9375709891319275 0.3265880048274994 0.1195869967341423
vn 1 0 0
vn 0.866025984287262 0.1719219982624054 -0.4695129990577698
vn 0.5 0.29777801036834717 -0.8132209777832031
vn 0.46878498792648315 0.6057760119438171 -0.642865002155304
vn 0.811959981918335 0.4877769947052002 -0.3206149935722351
vn 0.811959981918335 0.4877769947052002 -0.3206149935722351
vn 0.866025984287262 0.1719219982624054 -0.4695129990577698
vn 0.5 0.29777801036834717 -0.8132209777832031
vn 0 0.3438439965248108 -0.9390270113945007
vn 0 0.6489670276641846 -0.7608169913291931
vn 0.46878498792648315 0.6057760119438171 -0.642865002155304
vn 0.46878498792648315 0.6057760119438171 -0.642865002155304
vn 0.5 0.29777801036834717 -0.8132209777832031
vn 0 0.3438439965248108 -0.9390270113945007
vn -0.5 0.29777801036834717 -0.8132209777832031
vn -0.46878498792648315 0.6057760119438171 -0.642865002155304
vn 0 0.6489670276641846 -0.7608169913291931
vn 0 0.6489670276641846 -0.7608169913291931
vn 0 0.3438439965248108 -0.9390270113945007
vn -0.5 0.29777801036834717 -0.8132209777832031
vn -0.866025984287262 0.1719219982624054 -0.4695129990577698
vn -0.811959981918335 0.4877769947052002 -0.3206149935722351
vn -0.46878498792648315 0.6057760119438171 -0.642865002155304
vn -0.46878498792648315 0.6057760119438171 -0.642865002155304
vn -0.5 0.29777801036834717 -0.8132209777832031
vn -0.866025984287262 0.1719219982624054 -0.4695129990577698
vn -1 0 0
vn -0.9375709891319275 0.3265880048274994 0.1195869967341423
vn -0.811959981918335 0.4877769947052002 -0.3206149935722351
vn -0.811959981918335 0.4877769947052002 -0.3206149935722351
vn -0.866025984287262 0.1719219982624054 -0.4695129990577698
vn -1 0 0
vn -1 0 0
vn -0.866025984287262 -0.1719219982624054 0.4695129990577698
vn -0.811959981918335 0.1653990000486374 0.5597890019416809
vn -0.811959981918335 0.1653990000486374 0.5597890019416809
vn -0.9375709891319275 0.3265880048274994 0.1195869967341423
vn -1 0 0
vn -0.5 -0.29777801036834717 0.8132209777832031
vn -0.46878498792648315 0.04740099981427193 0.8820390105247498
vn -0.811959981918335 0.1653990000486374 0.5597890019416809
vn -0.811959981918335 0.1653990000486374 0.5597890019416809
vn -0.866025984287262 -0.1719219982624054 0.4695129990577698
vn -0.5 -0.29777801036834717 0.8132209777832031
vn 0 -0.3438439965248108 0.9390270113945007
vn 0 0.004209939856082201 0.9999909996986389
vn -0.46878498792648315 0.04740099981427193 0.8820390105247498
vn -0.46878498792648315 0.04740099981427193 0.8820390105247498
vn -0.5 -0.29777801036834717 0.8132209777832031
vn 0 -0.3438439965248108 0.9390270113945007
vn 0.5 -0.29777801036834717 0.8132209777832031
vn 0.46878498792648315 0.04740089923143387 0.8820390105247498
vn 0 0.004209939856082201 0.9999909996986389
vn 0 0.004209939856082201 0.9999909996986389
vn 0 -0.3438439965248108 0.9390270113945007
vn 0.5 -0.29777801036834717 0.8132209777832031
vn 0 0.9390270113945007 0.3438439965248108
vn 0 0.9390270113945007 0.3438439965248108
vn 0 0.9390270113945007 0.3438439965248108
vn 0 0.9390270113945007 0.3438439965248108
vn 0 0.9390270113945007 0.3438439965248108
vn 0 0.9390270113945007 0.3438439965248108
vn 0 0.9390270113945007 0.3438439965248108
vn 0 0.9390270113945007 0.3438439965248108
vn 0 0.9390270113945007 0.3438439965248108
vn 0 0.9390270113945007 0.3438439965248108
vn 0 0.9390270113945007 0.3438439965248108
vn 0 0.9390270113945007 0.3438439965248108
vn 0 0.9390270113945007 0.3438439965248108
vn 0 0.9390270113945007 0.3438439965248108
vn 0 0.9390270113945007 0.3438439965248108
vn 0 0.9390270113945007 0.3438439965248108
vn 0 0.9390270113945007 0.3438439965248108
vn 0 0.9390270113945007 0.3438439965248108
vn 0 0.9390270113945007 0.3438439965248108
vn 0 0.9390270113945007 0.3438439965248108
vn 0 0.9390270113945007 0.3438439965248108
vn 0 0.9390270113945007 0.3438439965248108
vn 0 0.9390270113945007 0.3438439965248108
vn 0 0.9390270113945007 0.3438439965248108
vn 0 0.9390270113945007 0.3438439965248108
vn 0 0.9390270113945007 0.3438439965248108
vn 0 0.9390270113945007 0.3438439965248108
vn 0 0.9390270113945007 0.3438439965248108
vn 0 0.9390270113945007 0.3438439965248108
vn 0 0.9390270113945007 0.3438439965248108
vn 0 0.9390270113945007 0.3438439965248108
vn 0 0.9390270113945007 0.3438439965248108
vn 0 0.9390270113945007 0.3438439965248108
vn 0 0.9390270113945007 0.3438439965248108
vn 0 0.9390270113945007 0.3438439965248108
vn 0 0.9390270113945007 0.3438439965248108
vn -0.9375709891319275 0.3265880048274994 0.1195869967341423
vn -0.8016049861907959 0.5614010095596313 0.20556899905204773
vn -0.6942099928855896 0.6992149949073792 -0.1707949936389923
vn -0.6942099928855896 0.6992149949073792 -0.1707949936389923
vn -0.811959981918335 0.4877769947052002 -0.3206149935722351
vn -0.9375709891319275 0.3265880048274994 0.1195869967341423
vn -0.811959981918335 0.4877769947052002 -0.3206149935722351
vn -0.6942099928855896 0.6992149949073792 -0.1707949936389923
vn -0.40080198645591736 0.8001009821891785 -0.4463129937648773
vn -0.40080198645591736 0.8001009821891785 -0.4463129937648773
vn -0.46878498792648315 0.6057760119438171 -0.642865002155304
vn -0.811959981918335 0.4877769947052002 -0.3206149935722351
vn -0.46878498792648315 0.6057760119438171 -0.642865002155304
vn -0.40080198645591736 0.8001009821891785 -0.4463129937648773
vn 0 0.837028980255127 -0.5471590161323547
vn 0 0.837028980255127 -0.5471590161323547
vn 0 0.6489670276641846 -0.7608169913291931
vn -0.46878498792648315 0.6057760119438171 -0.642865002155304
vn 0 0.6489670276641846 -0.7608169913291931
vn 0 0.837028980255127 -0.5471590161323547
vn 0.40080198645591736 0.8001009821891785 -0.4463129937648773
vn 0.40080198645591736 0.8001009821891785 -0.4463129937648773
vn 0.46878498792648315 0.6057760119438171 -0.642865002155304
vn 0 0.6489670276641846 -0.7608169913291931
vn 0.46878498792648315 0.6057760119438171 -0.642865002155304
vn 0.40080198645591736 0.8001009821891785 -0.4463129937648773
vn 0.6942099928855896 0.6992149949073792 -0.1707949936389923
vn 0.6942099928855896 0.6992149949073792 -0.1707949936389923
vn 0.811959981918335 0.4877769947052002 -0.3206149935722351
vn 0.46878498792648315 0.6057760119438171 -0.642865002155304
vn 0.811959981918335 0.4877769947052002 -0.3206149935722351
vn 0.6942099928855896 0.6992149949073792 -0.1707949936389923
vn 0.8016049861907959 0.5614010095596313 0.20556899905204773
vn 0.8016049861907959 0.5614010095596313 0.20556899905204773
vn 0.9375709891319275 0.3265880048274994 0.1195869967341423
vn 0.811959981918335 0.4877769947052002 -0.3206149935722351
vn 0.9375709891319275 0.3265880048274994 0.1195869967341423
vn 0.8016049861907959 0.5614010095596313 0.20556899905204773
vn 0.6942099928855896 0.42358800768852234 0.5819330215454102
vn 0.6942099928855896 0.42358800768852234 0.5819330215454102
vn 0.811959981918335 0.1653990000486374 0.5597890019416809
vn 0.9375709891319275 0.3265880048274994 0.1195869967341423
vn 0.811959981918335 0.1653990000486374 0.5597890019416809
vn 0.6942099928855896 0.42358800768852234 0.5819330215454102
vn 0.40080198645591736 0.32270100712776184 0.8574510216712952
vn 0.40080198645591736 0.32270100712776184 0.8574510216712952
vn 0.46878498792648315 0.04740089923143387 0.8820390105247498
vn 0.811959981918335 0.1653990000486374 0.5597890019416809
vn 0.46878498792648315 0.04740089923143387 0.8820390105247498
vn 0.40080198645591736 0.32270100712776184 0.8574510216712952
vn 0 0.28577399253845215 0.9582970142364502
vn 0 0.28577399253845215 0.9582970142364502
vn 0 0.004209939856082201 0.9999909996986389
vn 0.46878498792648315 0.04740089923143387 0.8820390105247498
vn 0 0.004209939856082201 0.9999909996986389
vn 0 0.28577399253845215 0.9582970142364502
vn -0.40080198645591736 0.32270100712776184 0.8574510216712952
vn -0.40080198645591736 0.32270100712776184 0.8574510216712952
vn -0.46878498792648315 0.04740099981427193 0.8820390105247498
vn 0 0.004209939856082201 0.9999909996986389
vn -0.46878498792648315 0.04740099981427193 0.8820390105247498
vn -0.40080198645591736 0.32270100712776184 0.8574510216712952
vn -0.6942099928855896 0.42358800768852234 0.5819330215454102
vn -0.6942099928855896 0.42358800768852234 0.5819330215454102
vn -0.811959981918335 0.1653990000486374 0.5597890019416809
vn -0.46878498792648315 0.04740099981427193 0.8820390105247498
vn -0.811959981918335 0.1653990000486374 0.5597890019416809
vn -0.6942099928855896 0.42358800768852234 0.5819330215454102
vn -0.8016049861907959 0.5614010095596313 0.20556899905204773
vn -0.8016049861907959 0.5614010095596313 0.20556899905204773
vn -0.9375709891319275 0.3265880048274994 0.1195869967341423
vn -0.811959981918335 0.1653990000486374 0.5597890019416809
vn 0.8261029720306396 0.1178240031003952 0.5510640144348145
vn 0.7308689951896667 0.3586449921131134 0.5806919932365417
vn 0.421968013048172 0.2524310052394867 0.8707590103149414
vn 0.421968013048172 0.2524310052394867 0.8707590103149414
vn 0.476951003074646 -0.0022300800774246454 0.8789269924163818
vn 0.8261029720306396 0.1178240031003952 0.5510640144348145
vn 0.9539009928703308 0.28182101249694824 0.10319499671459198
vn 0.8439350128173828 0.5037360191345215 0.18445399403572083
vn 0.7308689951896667 0.3586449921131134 0.5806919932365417
vn 0.7308689951896667 0.3586449921131134 0.5806919932365417
vn 0.8261029720306396 0.1178240031003952 0.5510640144348145
vn 0.9539009928703308 0.28182101249694824 0.10319499671459198
vn 0.8261029720306396 0.4458180069923401 -0.3446750044822693
vn 0.7308689951896667 0.6488270163536072 -0.21178500354290009
vn 0.8439350128173828 0.5037360191345215 0.18445399403572083
vn 0.8439350128173828 0.5037360191345215 0.18445399403572083
vn 0.9539009928703308 0.28182101249694824 0.10319499671459198
vn 0.8261029720306396 0.4458180069923401 -0.3446750044822693
vn 0.476951003074646 0.5658720135688782 -0.6725379824638367
vn 0.421968013048172 0.7550410032272339 -0.5018519759178162
vn 0.7308689951896667 0.6488270163536072 -0.21178500354290009
vn 0.7308689951896667 0.6488270163536072 -0.21178500354290009
vn 0.8261029720306396 0.4458180069923401 -0.3446750044822693
vn 0.476951003074646 0.5658720135688782 -0.6725379824638367
vn 0 0.6098139882087708 -0.7925440073013306
vn 0 0.793919026851654 -0.608024001121521
vn 0.421968013048172 0.7550410032272339 -0.5018519759178162
vn 0.421968013048172 0.7550410032272339 -0.5018519759178162
vn 0.476951003074646 0.5658720135688782 -0.6725379824638367
vn 0 0.6098139882087708 -0.7925440073013306
vn -0.476951003074646 0.5658720135688782 -0.6725379824638367
vn -0.421968013048172 0.7550410032272339 -0.5018519759178162
vn 0 0.793919026851654 -0.608024001121521
vn 0 0.793919026851654 -0.608024001121521
vn 0 0.6098139882087708 -0.7925440073013306
vn -0.476951003074646 0.5658720135688782 -0.6725379824638367
vn -0.8261029720306396 0.4458180069923401 -0.3446750044822693
vn -0.7308689951896667 0.6488270163536072 -0.21178500354290009
vn -0.421968013048172 0.7550410032272339 -0.5018519759178162
vn -0.421968013048172 0.7550410032272339 -0.5018519759178162
vn -0.476951003074646 0.5658720135688782 -0.6725379824638367
vn -0.8261029720306396 0.4458180069923401 -0.3446750044822693
vn -0.9539009928703308 0.28182101249694824 0.10319499671459198
vn -0.8439350128173828 0.5037360191345215 0.18445399403572083
vn -0.7308689951896667 0.6488270163536072 -0.21178500354290009
vn -0.7308689951896667 0.6488270163536072 -0.21178500354290009
vn -0.8261029720306396 0.4458180069923401 -0.3446750044822693
vn -0.9539009928703308 0.28182101249694824 0.10319499671459198
vn -0.9539009928703308 0.28182101249694824 0.10319499671459198
vn -0.8261029720306396 0.1178240031003952 0.5510640144348145
vn -0.7308689951896667 0.3586449921131134 0.5806919932365417
vn -0.7308689951896667 0.3586449921131134 0.5806919932365417
vn -0.8439350128173828 0.5037360191345215 0.18445399403572083
vn -0.9539009928703308 0.28182101249694824 0.10319499671459198
vn -0.476951003074646 -0.0022300200071185827 0.8789269924163818
vn -0.421968013048172 0.2524310052394867 0.8707590103149414
vn -0.7308689951896667 0.3586449921131134 0.5806919932365417
vn -0.7308689951896667 0.3586449921131134 0.5806919932365417
vn -0.8261029720306396 0.1178240031003952 0.5510640144348145
vn -0.476951003074646 -0.0022300200071185827 0.8789269924163818
vn 0 -0.04617210105061531 0.9989330172538757
vn 0 0.2135539948940277 0.9769309759140015
vn -0.421968013048172 0.2524310052394867 0.8707590103149414
vn -0.421968013048172 0.2524310052394867 0.8707590103149414
vn -0.476951003074646 -0.0022300200071185827 0.8789269924163818
vn 0 -0.04617210105061531 0.9989330172538757
vn 0.476951003074646 -0.0022300800774246454 0.8789269924163818
vn 0.421968013048172 0.2524310052394867 0.8707590103149414
vn 0 0.2135539948940277 0.9769309759140015
vn 0 0.2135539948940277 0.9769309759140015
vn 0 -0.04617210105061531 0.9989330172538757
vn 0.476951003074646 -0.0022300800774246454 0.8789269924163818
vn 0.1415500044822693 0.8163099884986877 0.560001015663147
vn 0.24517199397087097 0.8519399762153625 0.46269699931144714
vn 0 0.9390270113945007 0.3438439965248108
vn 0.24517199397087097 0.8519399762153625 0.46269699931144714
vn 0.28310099244117737 0.9006109833717346 0.3297779858112335
vn 0 0.9390270113945007 0.3438439965248108
vn 0.28310099244117737 0.9006109833717346 0.3297779858112335
vn 0.24517199397087097 0.9492830038070679 0.1968580037355423
vn 0 0.9390270113945007 0.3438439965248108
vn 0.24517199397087097 0.9492830038070679 0.1968580037355423
vn 0.1415500044822693 0.9849119782447815 0.09955409914255142
vn 0 0.9390270113945007 0.3438439965248108
vn 0.1415500044822693 0.9849119782447815 0.09955409914255142
vn 0 0.9979540109634399 0.06393810361623764
vn 0 0.9390270113945007 0.3438439965248108
vn 0 0.9979540109634399 0.06393810361623764
vn -0.1415500044822693 0.9849119782447815 0.09955409914255142
vn 0 0.9390270113945007 0.3438439965248108
vn -0.1415500044822693 0.9849119782447815 0.09955409914255142
vn -0.24517300724983215 0.9492830038070679 0.1968580037355423
vn 0 0.9390270113945007 0.3438439965248108
vn -0.24517300724983215 0.9492830038070679 0.1968580037355423
vn -0.28310099244117737 0.9006109833717346 0.3297779858112335
vn 0 0.9390270113945007 0.3438439965248108
vn -0.28310099244117737 0.9006109833717346 0.3297779858112335
vn -0.24517199397087097 0.8519399762153625 0.46269699931144714
vn 0 0.9390270113945007 0.3438439965248108
vn -0.24517199397087097 0.8519399762153625 0.46269699931144714
vn -0.1415500044822693 0.8163099884986877 0.560001015663147
vn 0 0.9390270113945007 0.3438439965248108
vn -0.1415500044822693 0.8163099884986877 0.560001015663147
vn 0 0.8032690286636353 0.5956169962882996
vn 0 0.9390270113945007 0.3438439965248108
vn 0 0.8032690286636353 0.5956169962882996
vn 0.1415500044822693 0.8163099884986877 0.560001015663147
vn 0 0.9390270113945007 0.3438439965248108
vn -0.8439350128173828 0.5037360191345215 0.18445399403572083
vn -0.28310099244117737 0.9006109833717346 0.3297779858112335
vn -0.24517300724983215 0.9492830038070679 0.1968580037355423
vn -0.24517300724983215 0.9492830038070679 0.1968580037355423
vn -0.7308689951896667 0.6488270163536072 -0.21178500354290009
vn -0.8439350128173828 0.5037360191345215 0.18445399403572083
vn -0.7308689951896667 0.6488270163536072 -0.21178500354290009
vn -0.24517300724983215 0.9492830038070679 0.1968580037355423
vn -0.1415500044822693 0.9849119782447815 0.09955409914255142
vn -0.1415500044822693 0.9849119782447815 0.09955409914255142
vn -0.421968013048172 0.7550410032272339 -0.5018519759178162
vn -0.7308689951896667 0.6488270163536072 -0.21178500354290009
vn -0.421968013048172 0.7550410032272339 -0.5018519759178162
vn -0.1415500044822693 0.9849119782447815 0.09955409914255142
vn 0 0.9979540109634399 0.06393810361623764
vn 0 0.9979540109634399 0.06393810361623764
vn 0 0.793919026851654 -0.608024001121521
vn -0.421968013048172 0.7550410032272339 -0.5018519759178162
vn 0 0.793919026851654 -0.608024001121521
vn 0 0.9979540109634399 0.06393810361623764
vn 0.1415500044822693 0.9849119782447815 0.09955409914255142
vn 0.1415500044822693 0.9849119782447815 0.09955409914255142
vn 0.421968013048172 0.7550410032272339 -0.5018519759178162
vn 0 0.793919026851654 -0.608024001121521
vn 0.421968013048172 0.7550410032272339 -0.5018519759178162
vn 0.1415500044822693 0.9849119782447815 0.09955409914255142
vn 0.24517199397087097 0.9492830038070679 0.1968580037355423
vn 0.24517199397087097 0.9492830038070679 0.1968580037355423
vn 0.7308689951896667 0.6488270163536072 -0.21178500354290009
vn 0.421968013048172 0.7550410032272339 -0.5018519759178162
vn 0.7308689951896667 0.6488270163536072 -0.21178500354290009
vn 0.24517199397087097 0.9492830038070679 0.1968580037355423
vn 0.28310099244117737 0.9006109833717346 0.3297779858112335
vn 0.28310099244117737 0.9006109833717346 0.3297779858112335
vn 0.8439350128173828 0.5037360191345215 0.18445399403572083
vn 0.7308689951896667 0.6488270163536072 -0.21178500354290009
vn 0.8439350128173828 0.5037360191345215 0.18445399403572083
vn 0.28310099244117737 0.9006109833717346 0.3297779858112335
vn 0.24517199397087097 0.8519399762153625 0.46269699931144714
vn 0.24517199397087097 0.8519399762153625 0.46269699931144714
vn 0.7308689951896667 0.3586449921131134 0.5806919932365417
vn 0.8439350128173828 0.5037360191345215 0.18445399403572083
vn 0.7308689951896667 0.3586449921131134 0.5806919932365417
vn 0.24517199397087097 0.8519399762153625 0.46269699931144714
vn 0.1415500044822693 0.8163099884986877 0.560001015663147
vn 0.1415500044822693 0.8163099884986877 0.560001015663147
vn 0.421968013048172 0.2524310052394867 0.8707590103149414
vn 0.7308689951896667 0.3586449921131134 0.5806919932365417
vn 0.421968013048172 0.2524310052394867 0.8707590103149414
vn 0.1415500044822693 0.8163099884986877 0.560001015663147
vn 0 0.8032690286636353 0.5956169962882996
vn 0 0.8032690286636353 0.5956169962882996
vn 0 0.2135539948940277 0.9769309759140015
vn 0.421968013048172 0.2524310052394867 0.8707590103149414
vn 0 0.2135539948940277 0.9769309759140015
vn 0 0.8032690286636353 0.5956169962882996
vn -0.1415500044822693 0.8163099884986877 0.560001015663147
vn -0.1415500044822693 0.8163099884986877 0.560001015663147
vn -0.421968013048172 0.2524310052394867 0.8707590103149414
vn 0 0.2135539948940277 0.9769309759140015
vn -0.421968013048172 0.2524310052394867 0.8707590103149414
vn -0.1415500044822693 0.8163099884986877 0.560001015663147
vn -0.24517199397087097 0.8519399762153625 0.46269699931144714
vn -0.24517199397087097 0.8519399762153625 0.46269699931144714
vn -0.7308689951896667 0.3586449921131134 0.5806919932365417
vn -0.421968013048172 0.2524310052394867 0.8707590103149414
vn -0.7308689951896667 0.3586449921131134 0.5806919932365417
vn -0.24517199397087097 0.8519399762153625 0.46269699931144714
vn -0.28310099244117737 0.9006109833717346 0.3297779858112335
vn -0.28310099244117737 0.9006109833717346 0.3297779858112335
vn -0.8439350128173828 0.5037360191345215 0.18445399403572083
vn -0.7308689951896667 0.3586449921131134 0.5806919932365417
vn 0.0000010595999810902867 0 -1
vn 0.0000010595999810902867 0 -1
vn 0 0 -1
vn 0.0000010595999810902867 0 -1
vn 0 0 -1
vn 0 0 -1
vn 0 0 -1
vn 0 0 -1
vn 0 0 -1
vn 0 0 -1
vn 0 0 -1
vn 0 0 -1
vn 0 0 -1
vn 0 0 -1
vn 0 0 -1
vn 0 0 -1
vn 0 0 -1
vn 0 0 -1
vn 0 0 -1
vn 0 0 -1
vn 0 0 -1
vn 0 0 -1
vn 0 0 -1
vn 0 0 -1
vn 0 0 -1
vn 0.0000010595999810902867 0 -1
vn 0 0 -1
vn 0.0000010595999810902867 0 -1
vn 0 0 -1
vn 0 0 -1
vn 0 0 -1
vn -9.403950116393389e-7 0 -1
vn 0 0 -1
vn -9.403950116393389e-7 0 -1
vn -9.403950116393389e-7 0 -1
vn 0 0 -1
vn -9.403950116393389e-7 0 -1
vn 0 0 -1
vn 0 0 -1
vn 0 0 -1
vn 0 0 -1
vn 0 0 -1
vn 0 0 -1
vn 0.0000010595999810902867 0 -1
vn 0 0 -1
vn 0.0000010595999810902867 0 -1
vn 0.0000010595999810902867 0 -1
vn 0 0 -1
vn 0.19508999586105347 -0.9807850122451782 0
vn 0.38268300890922546 -0.9238799810409546 0
vn 0.38268300890922546 -0.9238799810409546 0
vn 0.38268300890922546 -0.9238799810409546 0
vn 0.19508999586105347 -0.9807850122451782 0
vn 0.19508999586105347 -0.9807850122451782 0
vn 0.38268300890922546 -0.9238799810409546 0
vn 0.7071070075035095 -0.7071070075035095 0
vn 0.7071070075035095 -0.7071070075035095 0
vn 0.7071070075035095 -0.7071070075035095 0
vn 0.38268300890922546 -0.9238799810409546 0
vn 0.38268300890922546 -0.9238799810409546 0
vn 0.7071070075035095 -0.7071070075035095 0
vn 0.9238799810409546 -0.38268300890922546 0
vn 0.9238799810409546 -0.38268300890922546 0
vn 0.9238799810409546 -0.38268300890922546 0
vn 0.7071070075035095 -0.7071070075035095 0
vn 0.7071070075035095 -0.7071070075035095 0
vn 0.9238799810409546 -0.38268300890922546 0
vn 0.9977729916572571 0.06670290231704712 0.0005620080046355724
vn 1 0 0
vn 1 0 0
vn 0.9238799810409546 -0.38268300890922546 0
vn 0.9238799810409546 -0.38268300890922546 0
vn 0.9977729916572571 0.06670290231704712 0.0005620080046355724
vn 0.9237239956855774 0.38305899500846863 0.00042304600356146693
vn 0.9238799810409546 0.38268300890922546 0
vn 0.9238799810409546 0.38268300890922546 0
vn 1 0 0
vn 0.9977729916572571 0.06670290231704712 0.0005620080046355724
vn 0.7071070075035095 0.7071070075035095 0
vn 0.7071070075035095 0.7071070075035095 0
vn 0.9238799810409546 0.38268300890922546 0
vn 0.9238799810409546 0.38268300890922546 0
vn 0.9237239956855774 0.38305899500846863 0.00042304600356146693
vn 0.7071070075035095 0.7071070075035095 0
vn 0.7071070075035095 0.7071070075035095 0
vn 0.4722999930381775 0.8814380168914795 0
vn 0.3425549864768982 0.9394649863243103 0.007853110320866108
vn 0.3425549864768982 0.9394649863243103 0.007853110320866108
vn 0.7071070075035095 0.7071070075035095 0
vn 0.7071070075035095 0.7071070075035095 0
vn 0.22833099961280823 0.9735140204429626 0.011625099927186966
vn 0.16313600540161133 0.986329972743988 0.023226099088788033
vn 0.16313600540161133 0.986329972743988 0.023226099088788033
vn 0.16313600540161133 0.986329972743988 0.023226099088788033
vn 0.3425549864768982 0.9394649863243103 0.007853110320866108
vn 0.22833099961280823 0.9735140204429626 0.011625099927186966
vn 0.044067900627851486 -0.10638999938964844 0.9933469891548157
vn -0.0000010595999810902867 0 1
vn 0.02289789915084839 -0.11512500047683716 0.9930869936943054
vn 0.08142790198326111 -0.08142709732055664 0.9933469891548157
vn -0.0000010595999810902867 0 1
vn 0.044067900627851486 -0.10638999938964844 0.9933469891548157
vn 0.10638999938964844 -0.0440681017935276 0.9933469891548157
vn -0.0000010595999810902867 0 1
vn 0.08142790198326111 -0.08142709732055664 0.9933469891548157
vn 0.11515499651432037 0 0.9933480024337769
vn -0.0000010595999810902867 0 1
vn 0.10638999938964844 -0.0440681017935276 0.9933469891548157
vn 0.10638900101184845 0.044067900627851486 0.9933480024337769
vn -0.0000010595999810902867 0 1
vn 0.11515499651432037 0 0.9933480024337769
vn 0.08142589777708054 0.08142690360546112 0.9933480024337769
vn -0.0000010595999810902867 0 1
vn 0.10638900101184845 0.044067900627851486 0.9933480024337769
vn 0.044067900627851486 0.10638999938964844 0.9933469891548157
vn -0.0000010595999810902867 0 1
vn 0.08142589777708054 0.08142690360546112 0.9933480024337769
vn 0.022899899631738663 0.11512500047683716 0.9930869936943054
vn -0.0000010595999810902867 0 1
vn 0.044067900627851486 0.10638999938964844 0.9933469891548157
vn 0.21583899855613708 0.9686700105667114 0.12285300344228745
vn 0.21583899855613708 0.9686700105667114 0.12285300344228745
vn 0.20181499421596527 0.9126870036125183 0.35534900426864624
vn 0.20181499421596527 0.9126870036125183 0.35534900426864624
vn 0.2343509942293167 0.8425589799880981 0.48494699597358704
vn 0.21583899855613708 0.9686700105667114 0.12285300344228745
vn 0.6956850290298462 0.7182829976081848 0.009580089710652828
vn 0.6956850290298462 0.7182829976081848 0.009580089710652828
vn 0.5282989740371704 0.8488519787788391 0.01874309964478016
vn 0.5282989740371704 0.8488519787788391 0.01874309964478016
vn 0.5282989740371704 0.8488519787788391 0.01874309964478016
vn 0.6956850290298462 0.7182829976081848 0.009580089710652828
vn 0.8314700126647949 0.5555700063705444 0
vn 0.6956850290298462 0.7182829976081848 0.009580089710652828
vn 0.6956850290298462 0.7182829976081848 0.009580089710652828
vn 0.6956850290298462 0.7182829976081848 0.009580089710652828
vn 0.8314700126647949 0.5555700063705444 0
vn 0.8314700126647949 0.5555700063705444 0
vn 0.9330400228500366 0 0.35977399349212646
vn 0.9930610060691833 0 0.11759699881076813
vn 0.9719499945640564 0.20510099828243256 0.1150979995727539
vn 0.9719499945640564 0.20510099828243256 0.1150979995727539
vn 0.8388850092887878 0.21991300582885742 0.49790599942207336
vn 0.9330400228500366 0 0.35977399349212646
vn 0.9719499945640564 -0.20510099828243256 0.11509700119495392
vn 0.9930610060691833 0 0.11759699881076813
vn 0.9330400228500366 0 0.35977399349212646
vn 0.9330400228500366 0 0.35977399349212646
vn 0.8388850092887878 -0.21991300582885742 0.49790599942207336
vn 0.9719499945640564 -0.20510099828243256 0.11509700119495392
vn 0.6956850290298462 -0.7182829976081848 0.009577910415828228
vn 0.8314689993858337 -0.5555710196495056 -0.000001066229970092536
vn 0.8314689993858337 -0.5555710196495056 -0.000001066229970092536
vn 0.8314689993858337 -0.5555710196495056 -0.000001066229970092536
vn 0.6956850290298462 -0.7182829976081848 0.009577910415828228
vn 0.6956850290298462 -0.7182829976081848 0.009577910415828228
vn 0.5282989740371704 -0.8488519787788391 0.018740899860858917
vn 0.6956850290298462 -0.7182829976081848 0.009577910415828228
vn 0.6956850290298462 -0.7182829976081848 0.009577910415828228
vn 0.6956850290298462 -0.7182829976081848 0.009577910415828228
vn 0.5282989740371704 -0.8488519787788391 0.018740899860858917
vn 0.5282989740371704 -0.8488519787788391 0.018740899860858917
vn 0.20181599259376526 -0.9126880168914795 0.35534700751304626
vn 0.21583899855613708 -0.9686700105667114 0.12285099923610687
vn 0.21583899855613708 -0.9686700105667114 0.12285099923610687
vn 0.21583899855613708 -0.9686700105667114 0.12285099923610687
vn 0.23434999585151672 -0.8425599932670593 0.48494499921798706
vn 0.20181599259376526 -0.9126880168914795 0.35534700751304626
vn 0.38268300890922546 0.9238799810409546 0
vn 0.19508999586105347 0.9807850122451782 0
vn 0.19490499794483185 0.9798539876937866 0.04356810078024864
vn 0.19490499794483185 0.9798539876937866 0.04356810078024864
vn 0.3823060095310211 0.9229679703712463 0.04442010074853897
vn 0.38268300890922546 0.9238799810409546 0
vn 0.7071070075035095 0.7071070075035095 0
vn 0.38268300890922546 0.9238799810409546 0
vn 0.3823060095310211 0.9229679703712463 0.04442010074853897
vn 0.3823060095310211 0.9229679703712463 0.04442010074853897
vn 0.7064089775085449 0.7064089775085449 0.04442010074853897
vn 0.7071070075035095 0.7071070075035095 0
vn 0.9238799810409546 0.38268300890922546 0
vn 0.7071070075035095 0.7071070075035095 0
vn 0.7064089775085449 0.7064089775085449 0.04442010074853897
vn 0.7064089775085449 0.7064089775085449 0.04442010074853897
vn 0.9229679703712463 0.3823060095310211 0.04442000016570091
vn 0.9238799810409546 0.38268300890922546 0
vn 1 0 0
vn 0.9238799810409546 0.38268300890922546 0
vn 0.9229679703712463 0.3823060095310211 0.04442000016570091
vn 0.9229679703712463 0.3823060095310211 0.04442000016570091
vn 0.9990130066871643 0 0.04442000016570091
vn 1 0 0
vn 0.9238790273666382 -0.38268399238586426 0
vn 1 0 0
vn 0.9990130066871643 0 0.04442000016570091
vn 0.9990130066871643 0 0.04442000016570091
vn 0.9229679703712463 -0.3823060095310211 0.04442000016570091
vn 0.9238790273666382 -0.38268399238586426 0
vn 0.7071070075035095 -0.7071070075035095 0
vn 0.9238790273666382 -0.38268399238586426 0
vn 0.9229679703712463 -0.3823060095310211 0.04442000016570091
vn 0.9229679703712463 -0.3823060095310211 0.04442000016570091
vn 0.7064089775085449 -0.7064089775085449 0.044419899582862854
vn 0.7071070075035095 -0.7071070075035095 0
vn 0.38268300890922546 -0.9238799810409546 0
vn 0.7071070075035095 -0.7071070075035095 0
vn 0.7064089775085449 -0.7064089775085449 0.044419899582862854
vn 0.7064089775085449 -0.7064089775085449 0.044419899582862854
vn 0.38230499625205994 -0.9229679703712463 0.044419899582862854
vn 0.38268300890922546 -0.9238799810409546 0
vn 0.19508999586105347 -0.9807850122451782 0
vn 0.38268300890922546 -0.9238799810409546 0
vn 0.38230499625205994 -0.9229679703712463 0.044419899582862854
vn 0.38230499625205994 -0.9229679703712463 0.044419899582862854
vn 0.19490499794483185 -0.9798539876937866 0.043567899614572525
vn 0.19508999586105347 -0.9807850122451782 0
vn 0.35503700375556946 0.8571339845657349 0.3731890022754669
vn 0.18147699534893036 0.9123499989509583 0.3669919967651367
vn 0.17553099989891052 0.882453978061676 0.4364210069179535
vn 0.17553099989891052 0.882453978061676 0.4364210069179535
vn 0.3430269956588745 0.8281390070915222 0.44330400228500366
vn 0.35503700375556946 0.8571339845657349 0.3731890022754669
vn 0.6560220122337341 0.6560220122337341 0.3731890022754669
vn 0.35503700375556946 0.8571339845657349 0.3731890022754669
vn 0.3430269956588745 0.8281390070915222 0.44330400228500366
vn 0.3430269956588745 0.8281390070915222 0.44330400228500366
vn 0.6338310241699219 0.6338300108909607 0.44330400228500366
vn 0.6560220122337341 0.6560220122337341 0.3731890022754669
vn 0.8571339845657349 0.3550359904766083 0.3731890022754669
vn 0.6560220122337341 0.6560220122337341 0.3731890022754669
vn 0.6338310241699219 0.6338300108909607 0.44330400228500366
vn 0.6338310241699219 0.6338300108909607 0.44330400228500366
vn 0.8281390070915222 0.3430260121822357 0.44330400228500366
vn 0.8571339845657349 0.3550359904766083 0.3731890022754669
vn 0.9277549982070923 0 0.3731890022754669
vn 0.8571339845657349 0.3550359904766083 0.3731890022754669
vn 0.8281390070915222 0.3430260121822357 0.44330400228500366
vn 0.8281390070915222 0.3430260121822357 0.44330400228500366
vn 0.8963710069656372 0 0.44330400228500366
vn 0.9277549982070923 0 0.3731890022754669
vn 0.8571339845657349 -0.3550359904766083 0.3731890022754669
vn 0.9277549982070923 0 0.3731890022754669
vn 0.8963710069656372 0 0.44330400228500366
vn 0.8963710069656372 0 0.44330400228500366
vn 0.8281390070915222 -0.3430260121822357 0.44330400228500366
vn 0.8571339845657349 -0.3550359904766083 0.3731890022754669
vn 0.6560220122337341 -0.6560220122337341 0.3731890022754669
vn 0.8571339845657349 -0.3550359904766083 0.3731890022754669
vn 0.8281390070915222 -0.3430260121822357 0.44330400228500366
vn 0.8281390070915222 -0.3430260121822357 0.44330400228500366
vn 0.6338300108909607 -0.6338300108909607 0.44330400228500366
vn 0.6560220122337341 -0.6560220122337341 0.3731890022754669
vn 0.3550359904766083 -0.8571339845657349 0.3731890022754669
vn 0.6560220122337341 -0.6560220122337341 0.3731890022754669
vn 0.6338300108909607 -0.6338300108909607 0.44330400228500366
vn 0.6338300108909607 -0.6338300108909607 0.44330400228500366
vn 0.3430260121822357 -0.8281400203704834 0.44330400228500366
vn 0.3550359904766083 -0.8571339845657349 0.3731890022754669
vn 0.18147699534893036 -0.9123499989509583 0.3669919967651367
vn 0.3550359904766083 -0.8571339845657349 0.3731890022754669
vn 0.3430260121822357 -0.8281400203704834 0.44330400228500366
vn 0.3430260121822357 -0.8281400203704834 0.44330400228500366
vn 0.17553000152111053 -0.8824549913406372 0.4364210069179535
vn 0.18147699534893036 -0.9123499989509583 0.3669919967651367
vn 0.3791080117225647 0.9152479767799377 0.13637599349021912
vn 0.19333599507808685 0.971966028213501 0.13380299508571625
vn 0.18935400247573853 0.9519469738006592 0.2407130002975464
vn 0.18935400247573853 0.9519469738006592 0.2407130002975464
vn 0.3710060119628906 0.895687997341156 0.24514800310134888
vn 0.3791080117225647 0.9152479767799377 0.13637599349021912
vn 0.700501024723053 0.7005000114440918 0.13637599349021912
vn 0.3791080117225647 0.9152479767799377 0.13637599349021912
vn 0.3710060119628906 0.895687997341156 0.24514800310134888
vn 0.3710060119628906 0.895687997341156 0.24514800310134888
vn 0.6855300068855286 0.6855300068855286 0.24514800310134888
vn 0.700501024723053 0.7005000114440918 0.13637599349021912
vn 0.9152479767799377 0.3791080117225647 0.13637599349021912
vn 0.700501024723053 0.7005000114440918 0.13637599349021912
vn 0.6855300068855286 0.6855300068855286 0.24514800310134888
vn 0.6855300068855286 0.6855300068855286 0.24514800310134888
vn 0.895687997341156 0.3710060119628906 0.24514800310134888
vn 0.9152479767799377 0.3791080117225647 0.13637599349021912
vn 0.9906569719314575 0 0.13637599349021912
vn 0.9152479767799377 0.3791080117225647 0.13637599349021912
vn 0.895687997341156 0.3710060119628906 0.24514800310134888
vn 0.895687997341156 0.3710060119628906 0.24514800310134888
vn 0.9694859981536865 0 0.24514800310134888
vn 0.9906569719314575 0 0.13637599349021912
vn 0.9152479767799377 -0.3791080117225647 0.13637599349021912
vn 0.9906569719314575 0 0.13637599349021912
vn 0.9694859981536865 0 0.24514800310134888
vn 0.9694859981536865 0 0.24514800310134888
vn 0.895687997341156 -0.3710060119628906 0.24514800310134888
vn 0.9152479767799377 -0.3791080117225647 0.13637599349021912
vn 0.7005000114440918 -0.700501024723053 0.13637599349021912
vn 0.9152479767799377 -0.3791080117225647 0.13637599349021912
vn 0.895687997341156 -0.3710060119628906 0.24514800310134888
vn 0.895687997341156 -0.3710060119628906 0.24514800310134888
vn 0.6855300068855286 -0.6855300068855286 0.24514800310134888
vn 0.7005000114440918 -0.700501024723053 0.13637599349021912
vn 0.3791080117225647 -0.9152479767799377 0.13637599349021912
vn 0.7005000114440918 -0.700501024723053 0.13637599349021912
vn 0.6855300068855286 -0.6855300068855286 0.24514800310134888
vn 0.6855300068855286 -0.6855300068855286 0.24514800310134888
vn 0.3710060119628906 -0.895687997341156 0.24514800310134888
vn 0.3791080117225647 -0.9152479767799377 0.13637599349021912
vn 0.19333599507808685 -0.971966028213501 0.13380299508571625
vn 0.3791080117225647 -0.9152479767799377 0.13637599349021912
vn 0.3710060119628906 -0.895687997341156 0.24514800310134888
vn 0.3710060119628906 -0.895687997341156 0.24514800310134888
vn 0.18935400247573853 -0.9519469738006592 0.2407130002975464
vn 0.19333599507808685 -0.971966028213501 0.13380299508571625
vn 0.3823060095310211 0.9229679703712463 0.04442010074853897
vn 0.19490499794483185 0.9798539876937866 0.04356810078024864
vn 0.19333599507808685 0.971966028213501 0.13380299508571625
vn 0.19333599507808685 0.971966028213501 0.13380299508571625
vn 0.3791080117225647 0.9152479767799377 0.13637599349021912
vn 0.3823060095310211 0.9229679703712463 0.04442010074853897
vn 0.7064089775085449 0.7064089775085449 0.04442010074853897
vn 0.3823060095310211 0.9229679703712463 0.04442010074853897
vn 0.3791080117225647 0.9152479767799377 0.13637599349021912
vn 0.3791080117225647 0.9152479767799377 0.13637599349021912
vn 0.700501024723053 0.7005000114440918 0.13637599349021912
vn 0.7064089775085449 0.7064089775085449 0.04442010074853897
vn 0.9229679703712463 0.3823060095310211 0.04442000016570091
vn 0.7064089775085449 0.7064089775085449 0.04442010074853897
vn 0.700501024723053 0.7005000114440918 0.13637599349021912
vn 0.700501024723053 0.7005000114440918 0.13637599349021912
vn 0.9152479767799377 0.3791080117225647 0.13637599349021912
vn 0.9229679703712463 0.3823060095310211 0.04442000016570091
vn 0.9990130066871643 0 0.04442000016570091
vn 0.9229679703712463 0.3823060095310211 0.04442000016570091
vn 0.9152479767799377 0.3791080117225647 0.13637599349021912
vn 0.9152479767799377 0.3791080117225647 0.13637599349021912
vn 0.9906569719314575 0 0.13637599349021912
vn 0.9990130066871643 0 0.04442000016570091
vn 0.9229679703712463 -0.3823060095310211 0.04442000016570091
vn 0.9990130066871643 0 0.04442000016570091
vn 0.9906569719314575 0 0.13637599349021912
vn 0.9906569719314575 0 0.13637599349021912
vn 0.9152479767799377 -0.3791080117225647 0.13637599349021912
vn 0.9229679703712463 -0.3823060095310211 0.04442000016570091
vn 0.7064089775085449 -0.7064089775085449 0.044419899582862854
vn 0.9229679703712463 -0.3823060095310211 0.04442000016570091
vn 0.9152479767799377 -0.3791080117225647 0.13637599349021912
vn 0.9152479767799377 -0.3791080117225647 0.13637599349021912
vn 0.7005000114440918 -0.700501024723053 0.13637599349021912
vn 0.7064089775085449 -0.7064089775085449 0.044419899582862854
vn 0.38230499625205994 -0.9229679703712463 0.044419899582862854
vn 0.7064089775085449 -0.7064089775085449 0.044419899582862854
vn 0.7005000114440918 -0.700501024723053 0.13637599349021912
vn 0.7005000114440918 -0.700501024723053 0.13637599349021912
vn 0.3791080117225647 -0.9152479767799377 0.13637599349021912
vn 0.38230499625205994 -0.9229679703712463 0.044419899582862854
vn 0.19490499794483185 -0.9798539876937866 0.043567899614572525
vn 0.38230499625205994 -0.9229679703712463 0.044419899582862854
vn 0.3791080117225647 -0.9152479767799377 0.13637599349021912
vn 0.3791080117225647 -0.9152479767799377 0.13637599349021912
vn 0.19333599507808685 -0.971966028213501 0.13380299508571625
vn 0.19490499794483185 -0.9798539876937866 0.043567899614572525
vn 0.3710060119628906 0.895687997341156 0.24514800310134888
vn 0.18935400247573853 0.9519469738006592 0.2407130002975464
vn 0.18147699534893036 0.9123499989509583 0.3669919967651367
vn 0.18147699534893036 0.9123499989509583 0.3669919967651367
vn 0.35503700375556946 0.8571339845657349 0.3731890022754669
vn 0.3710060119628906 0.895687997341156 0.24514800310134888
vn 0.6855300068855286 0.6855300068855286 0.24514800310134888
vn 0.3710060119628906 0.895687997341156 0.24514800310134888
vn 0.35503700375556946 0.8571339845657349 0.3731890022754669
vn 0.35503700375556946 0.8571339845657349 0.3731890022754669
vn 0.6560220122337341 0.6560220122337341 0.3731890022754669
vn 0.6855300068855286 0.6855300068855286 0.24514800310134888
vn 0.895687997341156 0.3710060119628906 0.24514800310134888
vn 0.6855300068855286 0.6855300068855286 0.24514800310134888
vn 0.6560220122337341 0.6560220122337341 0.3731890022754669
vn 0.6560220122337341 0.6560220122337341 0.3731890022754669
vn 0.8571339845657349 0.3550359904766083 0.3731890022754669
vn 0.895687997341156 0.3710060119628906 0.24514800310134888
vn 0.9694859981536865 0 0.24514800310134888
vn 0.895687997341156 0.3710060119628906 0.24514800310134888
vn 0.8571339845657349 0.3550359904766083 0.3731890022754669
vn 0.8571339845657349 0.3550359904766083 0.3731890022754669
vn 0.9277549982070923 0 0.3731890022754669
vn 0.9694859981536865 0 0.24514800310134888
vn 0.895687997341156 -0.3710060119628906 0.24514800310134888
vn 0.9694859981536865 0 0.24514800310134888
vn 0.9277549982070923 0 0.3731890022754669
vn 0.9277549982070923 0 0.3731890022754669
vn 0.8571339845657349 -0.3550359904766083 0.3731890022754669
vn 0.895687997341156 -0.3710060119628906 0.24514800310134888
vn 0.6855300068855286 -0.6855300068855286 0.24514800310134888
vn 0.895687997341156 -0.3710060119628906 0.24514800310134888
vn 0.8571339845657349 -0.3550359904766083 0.3731890022754669
vn 0.8571339845657349 -0.3550359904766083 0.3731890022754669
vn 0.6560220122337341 -0.6560220122337341 0.3731890022754669
vn 0.6855300068855286 -0.6855300068855286 0.24514800310134888
vn 0.3710060119628906 -0.895687997341156 0.24514800310134888
vn 0.6855300068855286 -0.6855300068855286 0.24514800310134888
vn 0.6560220122337341 -0.6560220122337341 0.3731890022754669
vn 0.6560220122337341 -0.6560220122337341 0.3731890022754669
vn 0.3550359904766083 -0.8571339845657349 0.3731890022754669
vn 0.3710060119628906 -0.895687997341156 0.24514800310134888
vn 0.18935400247573853 -0.9519469738006592 0.2407130002975464
vn 0.3710060119628906 -0.895687997341156 0.24514800310134888
vn 0.3550359904766083 -0.8571339845657349 0.3731890022754669
vn 0.3550359904766083 -0.8571339845657349 0.3731890022754669
vn 0.18147699534893036 -0.9123499989509583 0.3669919967651367
vn 0.18935400247573853 -0.9519469738006592 0.2407130002975464
vn 0.38268300890922546 0.9238799810409546 0
vn 0.19508999586105347 0.9807850122451782 0
vn 0.19508999586105347 0.9807850122451782 0
vn 0.19508999586105347 0.9807850122451782 0
vn 0.38268300890922546 0.9238799810409546 0
vn 0.38268300890922546 0.9238799810409546 0
vn 0.7071059942245483 0.7071070075035095 0
vn 0.38268300890922546 0.9238799810409546 0
vn 0.38268300890922546 0.9238799810409546 0
vn 0.38268300890922546 0.9238799810409546 0
vn 0.7071059942245483 0.7071070075035095 0
vn 0.7071059942245483 0.7071070075035095 0
vn 0.9238790273666382 0.38268399238586426 0
vn 0.7071059942245483 0.7071070075035095 0
vn 0.7071059942245483 0.7071070075035095 0
vn 0.7071059942245483 0.7071070075035095 0
vn 0.9238790273666382 0.38268399238586426 0
vn 0.9238790273666382 0.38268399238586426 0
vn 1 0 0
vn 0.9238790273666382 0.38268399238586426 0
vn 0.9238790273666382 0.38268399238586426 0
vn 0.9238790273666382 0.38268399238586426 0
vn 1 0 0
vn 1 0 0
vn 0.9238790273666382 -0.38268399238586426 0
vn 1 0 0
vn 1 0 0
vn 1 0 0
vn 0.9238790273666382 -0.38268399238586426 0
vn 0.9238790273666382 -0.38268399238586426 0
vn 0.7071059942245483 -0.7071080207824707 0
vn 0.9238790273666382 -0.38268399238586426 0
vn 0.9238790273666382 -0.38268399238586426 0
vn 0.9238790273666382 -0.38268399238586426 0
vn 0.7071059942245483 -0.7071080207824707 0
vn 0.7071059942245483 -0.7071080207824707 0
vn 0.38268300890922546 -0.9238799810409546 0
vn 0.7071059942245483 -0.7071080207824707 0
vn 0.7071059942245483 -0.7071080207824707 0
vn 0.7071059942245483 -0.7071080207824707 0
vn 0.38268300890922546 -0.9238799810409546 0
vn 0.38268300890922546 -0.9238799810409546 0
vn 0.19508999586105347 -0.9807850122451782 0
vn 0.38268300890922546 -0.9238799810409546 0
vn 0.38268300890922546 -0.9238799810409546 0
vn 0.38268300890922546 -0.9238799810409546 0
vn 0.19508999586105347 -0.9807850122451782 0
vn 0.19508999586105347 -0.9807850122451782 0
vn 0.18167899549007416 0.43861299753189087 -0.8801199793815613
vn 0.09401600062847137 0.4726490080356598 -0.8762210011482239
vn 0.09401600062847137 0.4726490080356598 -0.8762210011482239
vn 0.09401600062847137 0.4726490080356598 -0.8762210011482239
vn 0.18167899549007416 0.43861299753189087 -0.8801199793815613
vn 0.18167899549007416 0.43861299753189087 -0.8801199793815613
vn 0.10685999691486359 0.5026249885559082 0.8578749895095825
vn 0.206713005900383 0.49583700299263 0.8434540033340454
vn 0.2343509942293167 0.8425589799880981 0.48494699597358704
vn 0.2343509942293167 0.8425589799880981 0.48494699597358704
vn 0.20181499421596527 0.9126870036125183 0.35534900426864624
vn 0.10685999691486359 0.5026249885559082 0.8578749895095825
vn 0.33570000529289246 0.33570000529289246 -0.8801199793815613
vn 0.18167899549007416 0.43861299753189087 -0.8801199793815613
vn 0.18167899549007416 0.43861299753189087 -0.8801199793815613
vn 0.18167899549007416 0.43861299753189087 -0.8801199793815613
vn 0.33570000529289246 0.33570000529289246 -0.8801199793815613
vn 0.33570000529289246 0.33570000529289246 -0.8801199793815613
vn 0.206713005900383 0.49583700299263 0.8434540033340454
vn 0.35203900933265686 0.3820289969444275 0.8544719815254211
vn 0.35203900933265686 0.3820289969444275 0.8544719815254211
vn 0.35203900933265686 0.3820289969444275 0.8544719815254211
vn 0.2343509942293167 0.8425589799880981 0.48494699597358704
vn 0.206713005900383 0.49583700299263 0.8434540033340454
vn 0.43861299753189087 0.18167899549007416 -0.8801199793815613
vn 0.33570000529289246 0.33570000529289246 -0.8801199793815613
vn 0.33570000529289246 0.33570000529289246 -0.8801199793815613
vn 0.33570000529289246 0.33570000529289246 -0.8801199793815613
vn 0.43861299753189087 0.18167899549007416 -0.8801199793815613
vn 0.43861299753189087 0.18167899549007416 -0.8801199793815613
vn 0.35203900933265686 0.3820289969444275 0.8544719815254211
vn 0.438618004322052 0.18167999386787415 0.8801180124282837
vn 0.8388850092887878 0.21991300582885742 0.49790599942207336
vn 0.8388850092887878 0.21991300582885742 0.49790599942207336
vn 0.35203900933265686 0.3820289969444275 0.8544719815254211
vn 0.35203900933265686 0.3820289969444275 0.8544719815254211
vn 0.47475099563598633 0 -0.8801199793815613
vn 0.43861299753189087 0.18167899549007416 -0.8801199793815613
vn 0.43861299753189087 0.18167899549007416 -0.8801199793815613
vn 0.43861299753189087 0.18167899549007416 -0.8801199793815613
vn 0.47475099563598633 0 -0.8801199793815613
vn 0.47475099563598633 0 -0.8801199793815613
vn 0.438618004322052 0.18167999386787415 0.8801180124282837
vn 0.4747540056705475 0 0.8801190257072449
vn 0.9330400228500366 0 0.35977399349212646
vn 0.9330400228500366 0 0.35977399349212646
vn 0.8388850092887878 0.21991300582885742 0.49790599942207336
vn 0.438618004322052 0.18167999386787415 0.8801180124282837
vn 0.43861299753189087 -0.18167899549007416 -0.8801199793815613
vn 0.47475099563598633 0 -0.8801199793815613
vn 0.47475099563598633 0 -0.8801199793815613
vn 0.47475099563598633 0 -0.8801199793815613
vn 0.43861299753189087 -0.18167899549007416 -0.8801199793815613
vn 0.43861299753189087 -0.18167899549007416 -0.8801199793815613
vn 0.4747540056705475 0 0.8801190257072449
vn 0.43861499428749084 -0.18167999386787415 0.8801190257072449
vn 0.8388850092887878 -0.21991300582885742 0.49790599942207336
vn 0.8388850092887878 -0.21991300582885742 0.49790599942207336
vn 0.9330400228500366 0 0.35977399349212646
vn 0.4747540056705475 0 0.8801190257072449
vn 0.33570000529289246 -0.33570000529289246 -0.8801199793815613
vn 0.43861299753189087 -0.18167899549007416 -0.8801199793815613
vn 0.43861299753189087 -0.18167899549007416 -0.8801199793815613
vn 0.43861299753189087 -0.18167899549007416 -0.8801199793815613
vn 0.33570000529289246 -0.33570000529289246 -0.8801199793815613
vn 0.33570000529289246 -0.33570000529289246 -0.8801199793815613
vn 0.43861499428749084 -0.18167999386787415 0.8801190257072449
vn 0.3520370125770569 -0.38203001022338867 0.8544719815254211
vn 0.3520370125770569 -0.38203001022338867 0.8544719815254211
vn 0.3520370125770569 -0.38203001022338867 0.8544719815254211
vn 0.8388850092887878 -0.21991300582885742 0.49790599942207336
vn 0.43861499428749084 -0.18167999386787415 0.8801190257072449
vn 0.18167899549007416 -0.43861401081085205 -0.8801199793815613
vn 0.33570000529289246 -0.33570000529289246 -0.8801199793815613
vn 0.33570000529289246 -0.33570000529289246 -0.8801199793815613
vn 0.33570000529289246 -0.33570000529289246 -0.8801199793815613
vn 0.18167899549007416 -0.43861401081085205 -0.8801199793815613
vn 0.18167899549007416 -0.43861401081085205 -0.8801199793815613
vn 0.3520370125770569 -0.38203001022338867 0.8544719815254211
vn 0.3520370125770569 -0.38203001022338867 0.8544719815254211
vn 0.20671199262142181 -0.4958379864692688 0.8434540033340454
vn 0.20671199262142181 -0.4958379864692688 0.8434540033340454
vn 0.23434999585151672 -0.8425599932670593 0.48494499921798706
vn 0.3520370125770569 -0.38203001022338867 0.8544719815254211
vn 0.09401500225067139 -0.4726490080356598 -0.8762210011482239
vn 0.18167899549007416 -0.43861401081085205 -0.8801199793815613
vn 0.18167899549007416 -0.43861401081085205 -0.8801199793815613
vn 0.18167899549007416 -0.43861401081085205 -0.8801199793815613
vn 0.09401500225067139 -0.4726490080356598 -0.8762210011482239
vn 0.09401500225067139 -0.4726490080356598 -0.8762210011482239
vn 0.23434999585151672 -0.8425599932670593 0.48494499921798706
vn 0.20671199262142181 -0.4958379864692688 0.8434540033340454
vn 0.10685999691486359 -0.5026260018348694 0.8578739762306213
vn 0.10685999691486359 -0.5026260018348694 0.8578739762306213
vn 0.20181599259376526 -0.9126880168914795 0.35534700751304626
vn 0.23434999585151672 -0.8425599932670593 0.48494499921798706
vn 0.006281060166656971 -0.03157990053296089 -0.9994810223579407
vn 0.012085099704563618 -0.029176900163292885 -0.9995009899139404
vn 0.15525099635124207 -0.47627800703048706 -0.8654810190200806
vn 0.15525099635124207 -0.47627800703048706 -0.8654810190200806
vn 0.10584799945354462 -0.5179979801177979 -0.8488069772720337
vn 0.006281060166656971 -0.03157990053296089 -0.9994810223579407
vn 0.012085099704563618 -0.029176900163292885 -0.9995009899139404
vn 0.022331099957227707 -0.02233090065419674 -0.9995009899139404
vn 0.32052600383758545 -0.3205280005931854 -0.8913609981536865
vn 0.32052600383758545 -0.3205280005931854 -0.8913609981536865
vn 0.15525099635124207 -0.47627800703048706 -0.8654810190200806
vn 0.012085099704563618 -0.029176900163292885 -0.9995009899139404
vn 0.022331099957227707 -0.02233090065419674 -0.9995009899139404
vn 0.02917809970676899 -0.012085899710655212 -0.9995009899139404
vn 0.476502001285553 -0.15584999322891235 -0.86524897813797
vn 0.476502001285553 -0.15584999322891235 -0.86524897813797
vn 0.32052600383758545 -0.3205280005931854 -0.8913609981536865
vn 0.022331099957227707 -0.02233090065419674 -0.9995009899139404
vn 0.02917809970676899 -0.012085899710655212 -0.9995009899139404
vn 0.031582098454236984 0 -0.9995009899139404
vn 0.5213080048561096 0 -0.8533689975738525
vn 0.5213080048561096 0 -0.8533689975738525
vn 0.476502001285553 -0.15584999322891235 -0.86524897813797
vn 0.02917809970676899 -0.012085899710655212 -0.9995009899139404
vn 0.031582098454236984 0 -0.9995009899139404
vn 0.029177099466323853 0.012086099945008755 -0.9995009899139404
vn 0.47650301456451416 0.15584999322891235 -0.86524897813797
vn 0.47650301456451416 0.15584999322891235 -0.86524897813797
vn 0.5213080048561096 0 -0.8533689975738525
vn 0.031582098454236984 0 -0.9995009899139404
vn 0.029177099466323853 0.012086099945008755 -0.9995009899139404
vn 0.022331099957227707 0.022331099957227707 -0.9995009899139404
vn 0.32052698731422424 0.3205280005931854 -0.8913609981536865
vn 0.32052698731422424 0.3205280005931854 -0.8913609981536865
vn 0.47650301456451416 0.15584999322891235 -0.86524897813797
vn 0.029177099466323853 0.012086099945008755 -0.9995009899139404
vn 0.022331099957227707 0.022331099957227707 -0.9995009899139404
vn 0.012085099704563618 0.029177099466323853 -0.9995009899139404
vn 0.15525199472904205 0.47627800703048706 -0.8654800057411194
vn 0.15525199472904205 0.47627800703048706 -0.8654800057411194
vn 0.32052698731422424 0.3205280005931854 -0.8913609981536865
vn 0.022331099957227707 0.022331099957227707 -0.9995009899139404
vn 0.006281060166656971 0.031581100076436996 -0.9994810223579407
vn 0.1058489978313446 0.517998993396759 -0.8488069772720337
vn 0.15525199472904205 0.47627800703048706 -0.8654800057411194
vn 0.15525199472904205 0.47627800703048706 -0.8654800057411194
vn 0.012085099704563618 0.029177099466323853 -0.9995009899139404
vn 0.006281060166656971 0.031581100076436996 -0.9994810223579407
vn -0.18657700717449188 0.9379839897155762 -0.29218900203704834
vn -0.36536699533462524 0.8820729851722717 -0.2974109947681427
vn -0.36536699533462524 0.8820729851722717 -0.2974109947681427
vn -0.36536699533462524 0.8820729851722717 -0.2974109947681427
vn -0.18657700717449188 0.9379839897155762 -0.29218900203704834
vn -0.18657700717449188 0.9379839897155762 -0.29218900203704834
vn -0.36536699533462524 0.8820729851722717 -0.2974109947681427
vn -0.6751090288162231 0.6751099824905396 -0.2974120080471039
vn -0.6751090288162231 0.6751099824905396 -0.2974120080471039
vn -0.6751090288162231 0.6751099824905396 -0.2974120080471039
vn -0.36536699533462524 0.8820729851722717 -0.2974109947681427
vn -0.36536699533462524 0.8820729851722717 -0.2974109947681427
vn -0.6751090288162231 0.6751099824905396 -0.2974120080471039
vn -0.8820729851722717 0.36536699533462524 -0.2974120080471039
vn -0.8820729851722717 0.36536699533462524 -0.2974120080471039
vn -0.8820729851722717 0.36536699533462524 -0.2974120080471039
vn -0.6751090288162231 0.6751099824905396 -0.2974120080471039
vn -0.6751090288162231 0.6751099824905396 -0.2974120080471039
vn -0.8820729851722717 0.36536699533462524 -0.2974120080471039
vn -0.9547489881515503 0 -0.2974120080471039
vn -0.9547489881515503 0 -0.2974120080471039
vn -0.9547489881515503 0 -0.2974120080471039
vn -0.8820729851722717 0.36536699533462524 -0.2974120080471039
vn -0.8820729851722717 0.36536699533462524 -0.2974120080471039
vn -0.9547489881515503 0 -0.2974120080471039
vn -0.8820729851722717 -0.36536699533462524 -0.2974120080471039
vn -0.8820729851722717 -0.36536699533462524 -0.2974120080471039
vn -0.8820729851722717 -0.36536699533462524 -0.2974120080471039
vn -0.9547489881515503 0 -0.2974120080471039
vn -0.9547489881515503 0 -0.2974120080471039
vn -0.8820729851722717 -0.36536699533462524 -0.2974120080471039
vn -0.6751099824905396 -0.6751099824905396 -0.2974120080471039
vn -0.6751099824905396 -0.6751099824905396 -0.2974120080471039
vn -0.6751099824905396 -0.6751099824905396 -0.2974120080471039
vn -0.8820729851722717 -0.36536699533462524 -0.2974120080471039
vn -0.8820729851722717 -0.36536699533462524 -0.2974120080471039
vn -0.6751099824905396 -0.6751099824905396 -0.2974120080471039
vn -0.36536699533462524 -0.8820729851722717 -0.2974109947681427
vn -0.36536699533462524 -0.8820729851722717 -0.2974109947681427
vn -0.36536699533462524 -0.8820729851722717 -0.2974109947681427
vn -0.6751099824905396 -0.6751099824905396 -0.2974120080471039
vn -0.6751099824905396 -0.6751099824905396 -0.2974120080471039
vn -0.36536699533462524 -0.8820729851722717 -0.2974109947681427
vn -0.18657700717449188 -0.9379839897155762 -0.29218900203704834
vn -0.18657700717449188 -0.9379839897155762 -0.29218900203704834
vn -0.18657700717449188 -0.9379839897155762 -0.29218900203704834
vn -0.36536699533462524 -0.8820729851722717 -0.2974109947681427
vn -0.36536699533462524 -0.8820729851722717 -0.2974109947681427
vn 0.1058489978313446 0.517998993396759 -0.8488069772720337
vn 0.1200610026717186 0.5764870047569275 -0.8082370162010193
vn 0.1200610026717186 0.5764870047569275 -0.8082370162010193
vn 0.1200610026717186 0.5764870047569275 -0.8082370162010193
vn 0.15525199472904205 0.47627800703048706 -0.8654800057411194
vn 0.1058489978313446 0.517998993396759 -0.8488069772720337
vn 0.931833028793335 0.3568139970302582 0.06611800193786621
vn 0.931833028793335 0.3568139970302582 0.06611800193786621
vn 0.931833028793335 0.3568139970302582 0.06611800193786621
vn 0.4900290071964264 0.8717060089111328 0.0000011039199989681947
vn 0.4900290071964264 0.8717060089111328 0.0000011039199989681947
vn 0.4900290071964264 0.8717060089111328 0.0000011039199989681947
vn 0.57703697681427 0.12176699936389923 -0.8075889945030212
vn 0.5813630223274231 0 -0.8136439919471741
vn 0.5213080048561096 0 -0.8533689975738525
vn 0.5213080048561096 0 -0.8533689975738525
vn 0.47650301456451416 0.15584999322891235 -0.86524897813797
vn 0.57703697681427 0.12176699936389923 -0.8075889945030212
vn 0.5213080048561096 0 -0.8533689975738525
vn 0.5813630223274231 0 -0.8136439919471741
vn 0.5770360231399536 -0.12176699936389923 -0.8075900077819824
vn 0.5770360231399536 -0.12176699936389923 -0.8075900077819824
vn 0.476502001285553 -0.15584999322891235 -0.86524897813797
vn 0.5213080048561096 0 -0.8533689975738525
vn 0.4900290071964264 -0.8717060089111328 -0.0000011039199989681947
vn 0.4900290071964264 -0.8717060089111328 -0.0000011039199989681947
vn 0.4900290071964264 -0.8717060089111328 -0.0000011039199989681947
vn 0.9318320155143738 -0.35681599378585815 0.06611700356006622
vn 0.9318320155143738 -0.35681599378585815 0.06611700356006622
vn 0.9318320155143738 -0.35681599378585815 0.06611700356006622
vn 0.12005999684333801 -0.5764880180358887 -0.8082370162010193
vn 0.12005999684333801 -0.5764880180358887 -0.8082370162010193
vn 0.10584799945354462 -0.5179979801177979 -0.8488069772720337
vn 0.10584799945354462 -0.5179979801177979 -0.8488069772720337
vn 0.15525099635124207 -0.47627800703048706 -0.8654810190200806
vn 0.12005999684333801 -0.5764880180358887 -0.8082370162010193
vn -0.08043789863586426 -0.40439099073410034 -0.9110419750213623
vn 0.006281060166656971 0.031581100076436996 -0.9994810223579407
vn 0.012085099704563618 0.029177099466323853 -0.9995009899139404
vn 0.012085099704563618 0.029177099466323853 -0.9995009899139404
vn -0.15525700151920319 -0.3748230040073395 -0.9140040278434753
vn -0.08043789863586426 -0.40439099073410034 -0.9110419750213623
vn -0.28687599301338196 -0.28687700629234314 -0.9140040278434753
vn -0.15525700151920319 -0.3748230040073395 -0.9140040278434753
vn 0.012085099704563618 0.029177099466323853 -0.9995009899139404
vn 0.012085099704563618 0.029177099466323853 -0.9995009899139404
vn 0.022331099957227707 0.022331099957227707 -0.9995009899139404
vn -0.28687599301338196 -0.28687700629234314 -0.9140040278434753
vn -0.3748230040073395 -0.15525700151920319 -0.9140040278434753
vn -0.28687599301338196 -0.28687700629234314 -0.9140040278434753
vn 0.022331099957227707 0.022331099957227707 -0.9995009899139404
vn 0.022331099957227707 0.022331099957227707 -0.9995009899139404
vn 0.029177099466323853 0.012086099945008755 -0.9995009899139404
vn -0.3748230040073395 -0.15525700151920319 -0.9140040278434753
vn -0.4057050049304962 0 -0.9140040278434753
vn -0.3748230040073395 -0.15525700151920319 -0.9140040278434753
vn 0.029177099466323853 0.012086099945008755 -0.9995009899139404
vn 0.029177099466323853 0.012086099945008755 -0.9995009899139404
vn 0.031582098454236984 0 -0.9995009899139404
vn -0.4057050049304962 0 -0.9140040278434753
vn -0.3748199939727783 0.15525700151920319 -0.9140049815177917
vn -0.4057050049304962 0 -0.9140040278434753
vn 0.031582098454236984 0 -0.9995009899139404
vn 0.031582098454236984 0 -0.9995009899139404
vn 0.02917809970676899 -0.012085899710655212 -0.9995009899139404
vn -0.3748199939727783 0.15525700151920319 -0.9140049815177917
vn -0.28687500953674316 0.28687700629234314 -0.9140040278434753
vn -0.3748199939727783 0.15525700151920319 -0.9140049815177917
vn 0.02917809970676899 -0.012085899710655212 -0.9995009899139404
vn 0.02917809970676899 -0.012085899710655212 -0.9995009899139404
vn 0.022331099957227707 -0.02233090065419674 -0.9995009899139404
vn -0.28687500953674316 0.28687700629234314 -0.9140040278434753
vn -0.1552560031414032 0.3748230040073395 -0.9140040278434753
vn -0.28687500953674316 0.28687700629234314 -0.9140040278434753
vn 0.022331099957227707 -0.02233090065419674 -0.9995009899139404
vn 0.022331099957227707 -0.02233090065419674 -0.9995009899139404
vn 0.012085099704563618 -0.029176900163292885 -0.9995009899139404
vn -0.1552560031414032 0.3748230040073395 -0.9140040278434753
vn -0.08043789863586426 0.40439099073410034 -0.9110419750213623
vn -0.1552560031414032 0.3748230040073395 -0.9140040278434753
vn 0.012085099704563618 -0.029176900163292885 -0.9995009899139404
vn 0.012085099704563618 -0.029176900163292885 -0.9995009899139404
vn 0.006281060166656971 -0.03157990053296089 -0.9994810223579407
vn -0.08043789863586426 0.40439099073410034 -0.9110419750213623
vn 0.38268300890922546 -0.9238799810409546 0
vn 0.19508999586105347 -0.9807850122451782 0
vn 0.19508999586105347 -0.9807850122451782 0
vn 0.19508999586105347 -0.9807850122451782 0
vn 0.38268300890922546 -0.9238799810409546 0
vn 0.38268300890922546 -0.9238799810409546 0
vn 0.7071070075035095 -0.7071070075035095 0
vn 0.38268300890922546 -0.9238799810409546 0
vn 0.38268300890922546 -0.9238799810409546 0
vn 0.38268300890922546 -0.9238799810409546 0
vn 0.7071070075035095 -0.7071070075035095 0
vn 0.7071070075035095 -0.7071070075035095 0
vn 0.9238799810409546 -0.38268300890922546 0
vn 0.7071070075035095 -0.7071070075035095 0
vn 0.7071070075035095 -0.7071070075035095 0
vn 0.7071070075035095 -0.7071070075035095 0
vn 0.9238799810409546 -0.38268300890922546 0
vn 0.9238799810409546 -0.38268300890922546 0
vn 1 0 0
vn 0.9238799810409546 -0.38268300890922546 0
vn 0.9238799810409546 -0.38268300890922546 0
vn 0.9238799810409546 -0.38268300890922546 0
vn 1 0 0
vn 1 0 0
vn 0.9238799810409546 0.38268300890922546 0
vn 1 0 0
vn 1 0 0
vn 1 0 0
vn 0.9238799810409546 0.38268300890922546 0
vn 0.9238799810409546 0.38268300890922546 0
vn 0.7071070075035095 0.7071070075035095 0
vn 0.9238799810409546 0.38268300890922546 0
vn 0.9238799810409546 0.38268300890922546 0
vn 0.9238799810409546 0.38268300890922546 0
vn 0.7071070075035095 0.7071070075035095 0
vn 0.7071070075035095 0.7071070075035095 0
vn 0.38268300890922546 0.9238799810409546 0
vn 0.7071070075035095 0.7071070075035095 0
vn 0.7071070075035095 0.7071070075035095 0
vn 0.7071070075035095 0.7071070075035095 0
vn 0.38268300890922546 0.9238799810409546 0
vn 0.38268300890922546 0.9238799810409546 0
vn 0.19508999586105347 0.9807850122451782 0
vn 0.38268300890922546 0.9238799810409546 0
vn 0.38268300890922546 0.9238799810409546 0
vn 0.38268300890922546 0.9238799810409546 0
vn 0.19508999586105347 0.9807850122451782 0
vn 0.19508999586105347 0.9807850122451782 0
vn 0.23356199264526367 -0.5638710260391235 -0.7921479940414429
vn 0.12051700055599213 -0.6058809757232666 -0.7863739728927612
vn 0.12051700055599213 -0.6058809757232666 -0.7863739728927612
vn 0.12051700055599213 -0.6058809757232666 -0.7863739728927612
vn 0.23356199264526367 -0.5638710260391235 -0.7921479940414429
vn 0.23356199264526367 -0.5638710260391235 -0.7921479940414429
vn 0.04493990167975426 -0.22593000531196594 0.9731060266494751
vn 0.08654790371656418 -0.20894299447536469 0.9740899801254272
vn 0.044067900627851486 -0.10638999938964844 0.9933469891548157
vn 0.044067900627851486 -0.10638999938964844 0.9933469891548157
vn 0.02289789915084839 -0.11512500047683716 0.9930869936943054
vn 0.04493990167975426 -0.22593000531196594 0.9731060266494751
vn 0.4315670132637024 -0.4315679967403412 -0.7921479940414429
vn 0.23356199264526367 -0.5638710260391235 -0.7921479940414429
vn 0.23356199264526367 -0.5638710260391235 -0.7921479940414429
vn 0.23356199264526367 -0.5638710260391235 -0.7921479940414429
vn 0.4315670132637024 -0.4315679967403412 -0.7921479940414429
vn 0.4315670132637024 -0.4315679967403412 -0.7921479940414429
vn 0.08654790371656418 -0.20894299447536469 0.9740899801254272
vn 0.15991899371147156 -0.15991799533367157 0.9740899801254272
vn 0.08142790198326111 -0.08142709732055664 0.9933469891548157
vn 0.08142790198326111 -0.08142709732055664 0.9933469891548157
vn 0.044067900627851486 -0.10638999938964844 0.9933469891548157
vn 0.08654790371656418 -0.20894299447536469 0.9740899801254272
vn 0.5638710260391235 -0.23356300592422485 -0.7921479940414429
vn 0.4315670132637024 -0.4315679967403412 -0.7921479940414429
vn 0.4315670132637024 -0.4315679967403412 -0.7921479940414429
vn 0.4315670132637024 -0.4315679967403412 -0.7921479940414429
vn 0.5638710260391235 -0.23356300592422485 -0.7921479940414429
vn 0.5638710260391235 -0.23356300592422485 -0.7921479940414429
vn 0.15991899371147156 -0.15991799533367157 0.9740899801254272
vn 0.2089419960975647 -0.08654709905385971 0.9740909934043884
vn 0.10638999938964844 -0.0440681017935276 0.9933469891548157
vn 0.10638999938964844 -0.0440681017935276 0.9933469891548157
vn 0.08142790198326111 -0.08142709732055664 0.9933469891548157
vn 0.15991899371147156 -0.15991799533367157 0.9740899801254272
vn 0.6103280186653137 0 -0.7921479940414429
vn 0.5638710260391235 -0.23356300592422485 -0.7921479940414429
vn 0.5638710260391235 -0.23356300592422485 -0.7921479940414429
vn 0.5638710260391235 -0.23356300592422485 -0.7921479940414429
vn 0.6103280186653137 0 -0.7921479940414429
vn 0.6103280186653137 0 -0.7921479940414429
vn 0.2089419960975647 -0.08654709905385971 0.9740909934043884
vn 0.22615699470043182 0 0.9740909934043884
vn 0.11515499651432037 0 0.9933480024337769
vn 0.11515499651432037 0 0.9933480024337769
vn 0.10638999938964844 -0.0440681017935276 0.9933469891548157
vn 0.2089419960975647 -0.08654709905385971 0.9740909934043884
vn 0.5638689994812012 0.23356300592422485 -0.792149007320404
vn 0.6103280186653137 0 -0.7921479940414429
vn 0.6103280186653137 0 -0.7921479940414429
vn 0.6103280186653137 0 -0.7921479940414429
vn 0.5638689994812012 0.23356300592422485 -0.792149007320404
vn 0.5638689994812012 0.23356300592422485 -0.792149007320404
vn 0.22615699470043182 0 0.9740909934043884
vn 0.20894299447536469 0.0865468978881836 0.9740909934043884
vn 0.10638900101184845 0.044067900627851486 0.9933480024337769
vn 0.10638900101184845 0.044067900627851486 0.9933480024337769
vn 0.11515499651432037 0 0.9933480024337769
vn 0.22615699470043182 0 0.9740909934043884
vn 0.4315679967403412 0.4315679967403412 -0.7921479940414429
vn 0.5638689994812012 0.23356300592422485 -0.792149007320404
vn 0.5638689994812012 0.23356300592422485 -0.792149007320404
vn 0.5638689994812012 0.23356300592422485 -0.792149007320404
vn 0.4315679967403412 0.4315679967403412 -0.7921479940414429
vn 0.4315679967403412 0.4315679967403412 -0.7921479940414429
vn 0.20894299447536469 0.0865468978881836 0.9740909934043884
vn 0.15991799533367157 0.15991799533367157 0.9740909934043884
vn 0.08142589777708054 0.08142690360546112 0.9933480024337769
vn 0.08142589777708054 0.08142690360546112 0.9933480024337769
vn 0.10638900101184845 0.044067900627851486 0.9933480024337769
vn 0.20894299447536469 0.0865468978881836 0.9740909934043884
vn 0.23356400430202484 0.5638710260391235 -0.7921469807624817
vn 0.4315679967403412 0.4315679967403412 -0.7921479940414429
vn 0.4315679967403412 0.4315679967403412 -0.7921479940414429
vn 0.4315679967403412 0.4315679967403412 -0.7921479940414429
vn 0.23356400430202484 0.5638710260391235 -0.7921469807624817
vn 0.23356400430202484 0.5638710260391235 -0.7921469807624817
vn 0.15991799533367157 0.15991799533367157 0.9740909934043884
vn 0.0865468978881836 0.20894299447536469 0.9740909934043884
vn 0.044067900627851486 0.10638999938964844 0.9933469891548157
vn 0.044067900627851486 0.10638999938964844 0.9933469891548157
vn 0.08142589777708054 0.08142690360546112 0.9933480024337769
vn 0.15991799533367157 0.15991799533367157 0.9740909934043884
vn 0.12051799893379211 0.6058809757232666 -0.7863730192184448
vn 0.23356400430202484 0.5638710260391235 -0.7921469807624817
vn 0.23356400430202484 0.5638710260391235 -0.7921469807624817
vn 0.23356400430202484 0.5638710260391235 -0.7921469807624817
vn 0.12051799893379211 0.6058809757232666 -0.7863730192184448
vn 0.12051799893379211 0.6058809757232666 -0.7863730192184448
vn 0.0865468978881836 0.20894299447536469 0.9740909934043884
vn 0.04493990167975426 0.22593000531196594 0.9731060266494751
vn 0.022899899631738663 0.11512500047683716 0.9930869936943054
vn 0.022899899631738663 0.11512500047683716 0.9930869936943054
vn 0.044067900627851486 0.10638999938964844 0.9933469891548157
vn 0.0865468978881836 0.20894299447536469 0.9740909934043884
vn 0.9238799810409546 -0.38268300890922546 0
vn 1 0 0
vn 0.9977729916572571 0.06670290231704712 -0.0005629920051433146
vn 0.9977729916572571 0.06670290231704712 -0.0005629920051433146
vn 0.9238799810409546 -0.38268300890922546 0
vn 0.9238799810409546 -0.38268300890922546 0
vn 0.7071070075035095 -0.7071070075035095 0
vn 0.9238799810409546 -0.38268300890922546 0
vn 0.9238799810409546 -0.38268300890922546 0
vn 0.9238799810409546 -0.38268300890922546 0
vn 0.7071070075035095 -0.7071070075035095 0
vn 0.7071070075035095 -0.7071070075035095 0
vn 0.38268300890922546 -0.9238799810409546 0
vn 0.7071070075035095 -0.7071070075035095 0
vn 0.7071070075035095 -0.7071070075035095 0
vn 0.7071070075035095 -0.7071070075035095 0
vn 0.38268300890922546 -0.9238799810409546 0
vn 0.38268300890922546 -0.9238799810409546 0
vn 0.19508999586105347 -0.9807850122451782 0
vn 0.38268300890922546 -0.9238799810409546 0
vn 0.38268300890922546 -0.9238799810409546 0
vn 0.38268300890922546 -0.9238799810409546 0
vn 0.19508999586105347 -0.9807850122451782 0
vn 0.19508999586105347 -0.9807850122451782 0
vn 0.47230100631713867 0.8814370036125183 0
vn 0.3425559997558594 0.9394649863243103 -0.007852889597415924
vn 0.22833199799060822 0.9735140204429626 -0.01162589993327856
vn 0.7071070075035095 0.7071059942245483 0
vn 0.3425559997558594 0.9394649863243103 -0.007852889597415924
vn 0.47230100631713867 0.8814370036125183 0
vn 0.47230100631713867 0.8814370036125183 0
vn 0.7071070075035095 0.7071059942245483 0
vn 0.7071070075035095 0.7071059942245483 0
vn 0.7071070075035095 0.7071059942245483 0
vn 0.7071070075035095 0.7071059942245483 0
vn 0.9237229824066162 0.3830600082874298 -0.0004229540063533932
vn 0.9237229824066162 0.3830600082874298 -0.0004229540063533932
vn 0.9238799810409546 0.38268300890922546 0
vn 0.7071070075035095 0.7071059942245483 0
vn 1 0 0
vn 0.9238799810409546 0.38268300890922546 0
vn 0.9237229824066162 0.3830600082874298 -0.0004229540063533932
vn 0.9237229824066162 0.3830600082874298 -0.0004229540063533932
vn 0.9977729916572571 0.06670290231704712 -0.0005629920051433146
vn 1 0 0
vn 0.9177899956703186 -0.3970620036125183 -0.0017320499755442142
vn 0.9742140173912048 -0.22559800744056702 -0.0034080299083143473
vn 0.9738349914550781 -0.22715599834918976 -0.0068170297890901566
vn 0.9738349914550781 -0.22715599834918976 -0.0068170297890901566
vn 0.9174630045890808 -0.39780500531196594 -0.003464049892500043
vn 0.9177899956703186 -0.3970620036125183 -0.0017320499755442142
vn 0.7071070075035095 -0.7071070075035095 0
vn 0.9177899956703186 -0.3970620036125183 -0.0017320499755442142
vn 0.9174630045890808 -0.39780500531196594 -0.003464049892500043
vn 0.9174630045890808 -0.39780500531196594 -0.003464049892500043
vn 0.7071070075035095 -0.7071070075035095 0
vn 0.7071070075035095 -0.7071070075035095 0
vn 0.38268300890922546 -0.9238799810409546 0
vn 0.7071070075035095 -0.7071070075035095 0
vn 0.7071070075035095 -0.7071070075035095 0
vn 0.7071070075035095 -0.7071070075035095 0
vn 0.38268300890922546 -0.9238799810409546 8.898650207811443e-7
vn 0.38268300890922546 -0.9238799810409546 0
vn 0.19508999586105347 -0.9807850122451782 0
vn 0.38268300890922546 -0.9238799810409546 0
vn 0.38268300890922546 -0.9238799810409546 8.898650207811443e-7
vn 0.38268300890922546 -0.9238799810409546 8.898650207811443e-7
vn 0.19508999586105347 -0.9807850122451782 8.830809861137823e-7
vn 0.19508999586105347 -0.9807850122451782 0
vn 0.2186879962682724 0.9757949709892273 0
vn 0.10470400005578995 0.9945030212402344 0
vn 0.10470400005578995 0.9945030212402344 0
vn 0.10470400005578995 0.9945030212402344 0
vn 0.2186879962682724 0.9757949709892273 0
vn 0.2186879962682724 0.9757949709892273 0
vn 0.7071070075035095 0.7071059942245483 0
vn 0.5555710196495056 0.8314689993858337 0
vn 0.5555710196495056 0.8314689993858337 0
vn 0.5555710196495056 0.8314689993858337 0
vn 0.7071070075035095 0.7071070075035095 0
vn 0.7071070075035095 0.7071059942245483 0
vn 0.7071070075035095 0.7071070075035095 0
vn 0.9237239956855774 0.38305899500846863 0.00042304600356146693
vn 0.9379079937934875 0.34688299894332886 0
vn 0.9379079937934875 0.34688299894332886 0
vn 0.7071070075035095 0.7071059942245483 0
vn 0.7071070075035095 0.7071070075035095 0
vn 0.9803069829940796 0.19747699797153473 0.0008290230180136859
vn 0.9379079937934875 0.34688299894332886 0
vn 0.9237239956855774 0.38305899500846863 0.00042304600356146693
vn 0.9237239956855774 0.38305899500846863 0.00042304600356146693
vn 0.9977729916572571 0.06670290231704712 0.0005620080046355724
vn 0.9803069829940796 0.19747699797153473 0.0008290230180136859
vn 0.9238799810409546 -0.38268300890922546 0
vn 0.9977729916572571 0.06670290231704712 0.0005620080046355724
vn 0.9977729916572571 0.06670290231704712 -0.0005629920051433146
vn 0.9977729916572571 0.06670290231704712 -0.0005629920051433146
vn 0.9238799810409546 -0.38268300890922546 0
vn 0.9238799810409546 -0.38268300890922546 0
vn 0.7071070075035095 -0.7071070075035095 0
vn 0.9238799810409546 -0.38268300890922546 0
vn 0.9238799810409546 -0.38268300890922546 0
vn 0.9238799810409546 -0.38268300890922546 0
vn 0.7071070075035095 -0.7071070075035095 0
vn 0.7071070075035095 -0.7071070075035095 0
vn 0.38268300890922546 -0.9238799810409546 0
vn 0.7071070075035095 -0.7071070075035095 0
vn 0.7071070075035095 -0.7071070075035095 0
vn 0.7071070075035095 -0.7071070075035095 0
vn 0.38268300890922546 -0.9238799810409546 0
vn 0.38268300890922546 -0.9238799810409546 0
vn 0.19508999586105347 -0.9807850122451782 0
vn 0.38268300890922546 -0.9238799810409546 0
vn 0.38268300890922546 -0.9238799810409546 0
vn 0.38268300890922546 -0.9238799810409546 0
vn 0.19508999586105347 -0.9807850122451782 0
vn 0.19508999586105347 -0.9807850122451782 0
vn 0.2186879962682724 0.9757949709892273 0
vn 0.10470400005578995 0.9945030212402344 0
vn 0.10470400005578995 0.9945030212402344 0
vn 0.10470400005578995 0.9945030212402344 0
vn 0.2186879962682724 0.9757949709892273 0
vn 0.2186879962682724 0.9757949709892273 0
vn 0.7071070075035095 0.7071070075035095 0
vn 0.5555710196495056 0.8314689993858337 0
vn 0.5555710196495056 0.8314689993858337 0
vn 0.5555710196495056 0.8314689993858337 0
vn 0.7071070075035095 0.7071070075035095 0
vn 0.7071070075035095 0.7071070075035095 0
vn 0.7071070075035095 0.7071070075035095 0
vn 0.7071070075035095 0.7071070075035095 0
vn 0.9237239956855774 0.38305899500846863 -0.0004229540063533932
vn 0.9237239956855774 0.38305899500846863 -0.0004229540063533932
vn 0.9237239956855774 0.38305899500846863 0.00042304600356146693
vn 0.7071070075035095 0.7071070075035095 0
vn 0.9977729916572571 0.06670290231704712 0.0005620080046355724
vn 0.9237239956855774 0.38305899500846863 0.00042304600356146693
vn 0.9237239956855774 0.38305899500846863 -0.0004229540063533932
vn 0.9237239956855774 0.38305899500846863 -0.0004229540063533932
vn 0.9977729916572571 0.06670290231704712 -0.0005629920051433146
vn 0.9977729916572571 0.06670290231704712 0.0005620080046355724
vn 0.9177899956703186 -0.3970620036125183 -0.0017320499755442142
vn 0.9742140173912048 -0.225599005818367 -0.0034080299083143473
vn 0.9738349914550781 -0.22715599834918976 -0.0068170297890901566
vn 0.9738349914550781 -0.22715599834918976 -0.0068170297890901566
vn 0.9174630045890808 -0.39780598878860474 -0.003464049892500043
vn 0.9177899956703186 -0.3970620036125183 -0.0017320499755442142
vn 0.7071070075035095 -0.7071070075035095 0
vn 0.9177899956703186 -0.3970620036125183 -0.0017320499755442142
vn 0.9174630045890808 -0.39780598878860474 -0.003464049892500043
vn 0.9174630045890808 -0.39780598878860474 -0.003464049892500043
vn 0.7071070075035095 -0.7071070075035095 9.157059821518487e-7
vn 0.7071070075035095 -0.7071070075035095 0
vn 0.38268300890922546 -0.9238799810409546 8.898650207811443e-7
vn 0.7071070075035095 -0.7071070075035095 0
vn 0.7071070075035095 -0.7071070075035095 9.157059821518487e-7
vn 0.7071070075035095 -0.7071070075035095 9.157059821518487e-7
vn 0.38268300890922546 -0.9238799810409546 8.898650207811443e-7
vn 0.38268300890922546 -0.9238799810409546 8.898650207811443e-7
vn 0.19508999586105347 -0.9807850122451782 8.830809861137823e-7
vn 0.38268300890922546 -0.9238799810409546 8.898650207811443e-7
vn 0.38268300890922546 -0.9238799810409546 8.898650207811443e-7
vn 0.38268300890922546 -0.9238799810409546 8.898650207811443e-7
vn 0.19508999586105347 -0.9807850122451782 8.830809861137823e-7
vn 0.19508999586105347 -0.9807850122451782 8.830809861137823e-7
vn 0.2186879962682724 0.9757949709892273 0
vn 0.10470400005578995 0.9945030212402344 0
vn 0.10470400005578995 0.9945030212402344 0
vn 0.10470400005578995 0.9945030212402344 0
vn 0.2186879962682724 0.9757949709892273 0
vn 0.2186879962682724 0.9757949709892273 0
vn 0.7071070075035095 0.7071070075035095 0
vn 0.5555710196495056 0.8314689993858337 0
vn 0.5555710196495056 0.8314689993858337 0
vn 0.5555710196495056 0.8314689993858337 0
vn 0.7071070075035095 0.7071070075035095 0
vn 0.7071070075035095 0.7071070075035095 0
vn 0.7071070075035095 0.7071070075035095 0
vn 0.9237239956855774 0.38305899500846863 0.00042304600356146693
vn 0.9379079937934875 0.34688299894332886 0
vn 0.9379079937934875 0.34688299894332886 0
vn 0.7071070075035095 0.7071070075035095 0
vn 0.7071070075035095 0.7071070075035095 0
vn 0.9803069829940796 0.19747799634933472 0.0008290230180136859
vn 0.9379079937934875 0.34688299894332886 0
vn 0.9237239956855774 0.38305899500846863 0.00042304600356146693
vn 0.9237239956855774 0.38305899500846863 0.00042304600356146693
vn 0.9977729916572571 0.06670290231704712 0.0005620080046355724
vn 0.9803069829940796 0.19747799634933472 0.0008290230180136859
vn 0.9238799810409546 -0.38268300890922546 0
vn 0.9977729916572571 0.06670290231704712 0.0005620080046355724
vn 0.9977729916572571 0.06670290231704712 -0.0005629920051433146
vn 0.9977729916572571 0.06670290231704712 -0.0005629920051433146
vn 0.9238799810409546 -0.38268300890922546 0
vn 0.9238799810409546 -0.38268300890922546 0
vn 0.7071070075035095 -0.7071070075035095 0
vn 0.9238799810409546 -0.38268300890922546 0
vn 0.9238799810409546 -0.38268300890922546 0
vn 0.9238799810409546 -0.38268300890922546 0
vn 0.7071070075035095 -0.7071070075035095 0
vn 0.7071070075035095 -0.7071070075035095 0
vn 0.38268300890922546 -0.9238799810409546 0
vn 0.7071070075035095 -0.7071070075035095 0
vn 0.7071070075035095 -0.7071070075035095 0
vn 0.7071070075035095 -0.7071070075035095 0
vn 0.38268300890922546 -0.9238799810409546 0
vn 0.38268300890922546 -0.9238799810409546 0
vn 0.19508899748325348 -0.9807860255241394 0
vn 0.38268300890922546 -0.9238799810409546 0
vn 0.38268300890922546 -0.9238799810409546 0
vn 0.38268300890922546 -0.9238799810409546 0
vn 0.19508899748325348 -0.9807860255241394 0
vn 0.19508899748325348 -0.9807860255241394 0
vn 0.2186879962682724 0.9757949709892273 0
vn 0.10470400005578995 0.9945030212402344 0
vn 0.10470400005578995 0.9945030212402344 0
vn 0.10470400005578995 0.9945030212402344 0
vn 0.2186879962682724 0.9757949709892273 0
vn 0.2186879962682724 0.9757949709892273 0
vn 0.7071070075035095 0.7071070075035095 0
vn 0.5555710196495056 0.8314689993858337 0
vn 0.5555710196495056 0.8314689993858337 0
vn 0.5555710196495056 0.8314689993858337 0
vn 0.7071070075035095 0.7071070075035095 0
vn 0.7071070075035095 0.7071070075035095 0
vn 0.7071070075035095 0.7071070075035095 0
vn 0.7071070075035095 0.7071070075035095 0
vn 0.9237229824066162 0.3830600082874298 -0.0004229540063533932
vn 0.9237229824066162 0.3830600082874298 -0.0004229540063533932
vn 0.9237239956855774 0.38305899500846863 0.00042304600356146693
vn 0.7071070075035095 0.7071070075035095 0
vn 0.9977729916572571 0.06670290231704712 0.0005620080046355724
vn 0.9237239956855774 0.38305899500846863 0.00042304600356146693
vn 0.9237229824066162 0.3830600082874298 -0.0004229540063533932
vn 0.9237229824066162 0.3830600082874298 -0.0004229540063533932
vn 0.9977729916572571 0.06670290231704712 -0.0005629920051433146
vn 0.9977729916572571 0.06670290231704712 0.0005620080046355724
vn 0.9177899956703186 -0.3970620036125183 -0.0017320499755442142
vn 0.9742140173912048 -0.22559800744056702 -0.0034080299083143473
vn 0.9738349914550781 -0.22715599834918976 -0.0068170297890901566
vn 0.9738349914550781 -0.22715599834918976 -0.0068170297890901566
vn 0.9174630045890808 -0.39780500531196594 -0.003464049892500043
vn 0.9177899956703186 -0.3970620036125183 -0.0017320499755442142
vn 0.7071070075035095 -0.7071070075035095 0
vn 0.9177899956703186 -0.3970620036125183 -0.0017320499755442142
vn 0.9174630045890808 -0.39780500531196594 -0.003464049892500043
vn 0.9174630045890808 -0.39780500531196594 -0.003464049892500043
vn 0.7071070075035095 -0.7071070075035095 9.157059821518487e-7
vn 0.7071070075035095 -0.7071070075035095 0
vn 0.38268300890922546 -0.9238799810409546 0
vn 0.7071070075035095 -0.7071070075035095 0
vn 0.7071070075035095 -0.7071070075035095 9.157059821518487e-7
vn 0.7071070075035095 -0.7071070075035095 9.157059821518487e-7
vn 0.38268300890922546 -0.9238799810409546 8.898650207811443e-7
vn 0.38268300890922546 -0.9238799810409546 0
vn 0.19508999586105347 -0.9807850122451782 0
vn 0.38268300890922546 -0.9238799810409546 0
vn 0.38268300890922546 -0.9238799810409546 8.898650207811443e-7
vn 0.38268300890922546 -0.9238799810409546 8.898650207811443e-7
vn 0.19508999586105347 -0.9807850122451782 8.830809861137823e-7
vn 0.19508999586105347 -0.9807850122451782 0
vn 0.10470400005578995 0.9945030212402344 0
vn 0.10470400005578995 0.9945030212402344 0
vn 0.2186879962682724 0.9757949709892273 0
vn 0.2186879962682724 0.9757949709892273 0
vn 0.2186879962682724 0.9757949709892273 0
vn 0.10470400005578995 0.9945030212402344 0
vn 0.7071070075035095 0.7071070075035095 0
vn 0.5555710196495056 0.8314689993858337 0
vn 0.4722999930381775 0.8814380168914795 0
vn 0.4722999930381775 0.8814380168914795 0
vn 0.7071070075035095 0.7071070075035095 0
vn 0.7071070075035095 0.7071070075035095 0
vn 0.7071070075035095 0.7071070075035095 0
vn 0.9237239956855774 0.38305899500846863 0.00042304600356146693
vn 0.9379079937934875 0.34688299894332886 0
vn 0.9379079937934875 0.34688299894332886 0
vn 0.7071070075035095 0.7071070075035095 0
vn 0.7071070075035095 0.7071070075035095 0
vn 0.9803069829940796 0.19747799634933472 0.0008290230180136859
vn 0.9379079937934875 0.34688299894332886 0
vn 0.9237239956855774 0.38305899500846863 0.00042304600356146693
vn 0.9237239956855774 0.38305899500846863 0.00042304600356146693
vn 0.9977729916572571 0.06670290231704712 0.0005620080046355724
vn 0.9803069829940796 0.19747799634933472 0.0008290230180136859
vn 0.6378970146179199 -0.2696189880371094 0.7213829755783081
vn 0.6378970146179199 -0.2696189880371094 0.7213829755783081
vn 0.6860209703445435 -0.14892999827861786 0.7121769785881042
vn 0.6860209703445435 -0.14892999827861786 0.7121769785881042
vn 0.6860209703445435 -0.14892999827861786 0.7121769785881042
vn 0.6378970146179199 -0.2696189880371094 0.7213829755783081
vn 0.8203219771385193 0.5277910232543945 0.22024700045585632
vn 0.8203219771385193 0.5277910232543945 0.22024700045585632
vn 0.8100699782371521 0.5776090025901794 0.1007699966430664
vn 0.8100699782371521 0.5776090025901794 0.1007699966430664
vn 0.8100699782371521 0.5776090025901794 0.1007699966430664
vn 0.8203219771385193 0.5277910232543945 0.22024700045585632
vn 0.6860209703445435 -0.14892999827861786 -0.7121760249137878
vn 0.6378970146179199 -0.26962000131607056 -0.7213829755783081
vn 0.6378970146179199 -0.26962000131607056 -0.7213829755783081
vn 0.6378970146179199 -0.26962000131607056 -0.7213829755783081
vn 0.6860209703445435 -0.14892999827861786 -0.7121760249137878
vn 0.6860209703445435 -0.14892999827861786 -0.7121760249137878
vn 0.48031100630760193 -0.473268985748291 0.7384560108184814
vn 0.48031100630760193 -0.473268985748291 0.7384560108184814
vn 0.6378970146179199 -0.2696189880371094 0.7213829755783081
vn 0.6378970146179199 -0.2696189880371094 0.7213829755783081
vn 0.6378970146179199 -0.2696189880371094 0.7213829755783081
vn 0.48031100630760193 -0.473268985748291 0.7384560108184814
vn 0.6378970146179199 -0.26962000131607056 -0.7213829755783081
vn 0.48031100630760193 -0.4732699990272522 -0.7384560108184814
vn 0.48031100630760193 -0.4732699990272522 -0.7384560108184814
vn 0.48031100630760193 -0.4732699990272522 -0.7384560108184814
vn 0.6378970146179199 -0.26962000131607056 -0.7213829755783081
vn 0.6378970146179199 -0.26962000131607056 -0.7213829755783081
vn 0.2516010105609894 -0.6009560227394104 0.7586489915847778
vn 0.2516010105609894 -0.6009560227394104 0.7586489915847778
vn 0.48031100630760193 -0.473268985748291 0.7384560108184814
vn 0.48031100630760193 -0.473268985748291 0.7384560108184814
vn 0.48031100630760193 -0.473268985748291 0.7384560108184814
vn 0.2516010105609894 -0.6009560227394104 0.7586489915847778
vn 0.48031100630760193 -0.4732699990272522 -0.7384560108184814
vn 0.2516010105609894 -0.6009560227394104 -0.7586489915847778
vn 0.2516010105609894 -0.6009560227394104 -0.7586489915847778
vn 0.2516010105609894 -0.6009560227394104 -0.7586489915847778
vn 0.48031100630760193 -0.4732699990272522 -0.7384560108184814
vn 0.48031100630760193 -0.4732699990272522 -0.7384560108184814
vn 0.1270039975643158 -0.6384940147399902 0.7590749859809875
vn 0.1270039975643158 -0.6384940147399902 0.7590749859809875
vn 0.2516010105609894 -0.6009560227394104 0.7586489915847778
vn 0.2516010105609894 -0.6009560227394104 0.7586489915847778
vn 0.2516010105609894 -0.6009560227394104 0.7586489915847778
vn 0.1270039975643158 -0.6384940147399902 0.7590749859809875
vn 0.2516010105609894 -0.6009560227394104 -0.7586489915847778
vn 0.1270039975643158 -0.6384950280189514 -0.7590749859809875
vn 0.1270039975643158 -0.6384950280189514 -0.7590749859809875
vn 0.1270039975643158 -0.6384950280189514 -0.7590749859809875
vn 0.2516010105609894 -0.6009560227394104 -0.7586489915847778
vn 0.2516010105609894 -0.6009560227394104 -0.7586489915847778
vn 0.6378970146179199 -0.26962000131607056 0.7213820219039917
vn 0.6378970146179199 -0.26962000131607056 0.7213820219039917
vn 0.6860219836235046 -0.14892999827861786 0.7121760249137878
vn 0.6860219836235046 -0.14892999827861786 0.7121760249137878
vn 0.6860219836235046 -0.14892999827861786 0.7121760249137878
vn 0.6378970146179199 -0.26962000131607056 0.7213820219039917
vn 0.8203219771385193 0.5277910232543945 0.22024700045585632
vn 0.8203219771385193 0.5277910232543945 0.22024700045585632
vn 0.8100699782371521 0.5776090025901794 0.1007699966430664
vn 0.8100699782371521 0.5776090025901794 0.1007699966430664
vn 0.8100699782371521 0.5776090025901794 0.1007699966430664
vn 0.8203219771385193 0.5277910232543945 0.22024700045585632
vn 0.6860209703445435 -0.14892999827861786 -0.7121760249137878
vn 0.6378980278968811 -0.26962000131607056 -0.7213820219039917
vn 0.6378980278968811 -0.26962000131607056 -0.7213820219039917
vn 0.6378980278968811 -0.26962000131607056 -0.7213820219039917
vn 0.6860209703445435 -0.14892999827861786 -0.7121760249137878
vn 0.6860209703445435 -0.14892999827861786 -0.7121760249137878
vn 0.48031100630760193 -0.4732699990272522 0.7384560108184814
vn 0.48031100630760193 -0.4732699990272522 0.7384560108184814
vn 0.6378970146179199 -0.26962000131607056 0.7213820219039917
vn 0.6378970146179199 -0.26962000131607056 0.7213820219039917
vn 0.6378970146179199 -0.26962000131607056 0.7213820219039917
vn 0.48031100630760193 -0.4732699990272522 0.7384560108184814
vn 0.6378980278968811 -0.26962000131607056 -0.7213820219039917
vn 0.4803119897842407 -0.4732699990272522 -0.7384549975395203
vn 0.4803119897842407 -0.4732699990272522 -0.7384549975395203
vn 0.4803119897842407 -0.4732699990272522 -0.7384549975395203
vn 0.6378980278968811 -0.26962000131607056 -0.7213820219039917
vn 0.6378980278968811 -0.26962000131607056 -0.7213820219039917
vn 0.2516010105609894 -0.6009569764137268 0.7586489915847778
vn 0.2516010105609894 -0.6009569764137268 0.7586489915847778
vn 0.48031100630760193 -0.4732699990272522 0.7384560108184814
vn 0.48031100630760193 -0.4732699990272522 0.7384560108184814
vn 0.48031100630760193 -0.4732699990272522 0.7384560108184814
vn 0.2516010105609894 -0.6009569764137268 0.7586489915847778
vn 0.4803119897842407 -0.4732699990272522 -0.7384549975395203
vn 0.2516019940376282 -0.6009560227394104 -0.7586489915847778
vn 0.2516019940376282 -0.6009560227394104 -0.7586489915847778
vn 0.2516019940376282 -0.6009560227394104 -0.7586489915847778
vn 0.4803119897842407 -0.4732699990272522 -0.7384549975395203
vn 0.4803119897842407 -0.4732699990272522 -0.7384549975395203
vn 0.1270039975643158 -0.6384950280189514 0.7590749859809875
vn 0.1270039975643158 -0.6384950280189514 0.7590749859809875
vn 0.2516010105609894 -0.6009569764137268 0.7586489915847778
vn 0.2516010105609894 -0.6009569764137268 0.7586489915847778
vn 0.2516010105609894 -0.6009569764137268 0.7586489915847778
vn 0.1270039975643158 -0.6384950280189514 0.7590749859809875
vn 0.2516019940376282 -0.6009560227394104 -0.7586489915847778
vn 0.1270039975643158 -0.6384950280189514 -0.7590749859809875
vn 0.1270039975643158 -0.6384950280189514 -0.7590749859809875
vn 0.1270039975643158 -0.6384950280189514 -0.7590749859809875
vn 0.2516019940376282 -0.6009560227394104 -0.7586489915847778
vn 0.2516019940376282 -0.6009560227394104 -0.7586489915847778
vn 0.6378970146179199 -0.26962000131607056 0.7213829755783081
vn 0.6378970146179199 -0.26962000131607056 0.7213829755783081
vn 0.6860209703445435 -0.14892999827861786 0.7121760249137878
vn 0.6860209703445435 -0.14892999827861786 0.7121760249137878
vn 0.6860209703445435 -0.14892999827861786 0.7121760249137878
vn 0.6378970146179199 -0.26962000131607056 0.7213829755783081
vn 0.8203210234642029 0.5277919769287109 0.2202479988336563
vn 0.8203210234642029 0.5277919769287109 0.2202479988336563
vn 0.8100699782371521 0.5776090025901794 0.1007699966430664
vn 0.8100699782371521 0.5776090025901794 0.1007699966430664
vn 0.8100699782371521 0.5776090025901794 0.1007699966430664
vn 0.8203210234642029 0.5277919769287109 0.2202479988336563
vn 0.6860219836235046 -0.14892999827861786 -0.7121750116348267
vn 0.6378970146179199 -0.26962000131607056 -0.7213820219039917
vn 0.6378970146179199 -0.26962000131607056 -0.7213820219039917
vn 0.6378970146179199 -0.26962000131607056 -0.7213820219039917
vn 0.6860219836235046 -0.14892999827861786 -0.7121750116348267
vn 0.6860219836235046 -0.14892999827861786 -0.7121750116348267
vn 0.48031100630760193 -0.4732699990272522 0.7384560108184814
vn 0.48031100630760193 -0.4732699990272522 0.7384560108184814
vn 0.6378970146179199 -0.26962000131607056 0.7213829755783081
vn 0.6378970146179199 -0.26962000131607056 0.7213829755783081
vn 0.6378970146179199 -0.26962000131607056 0.7213829755783081
vn 0.48031100630760193 -0.4732699990272522 0.7384560108184814
vn 0.6378970146179199 -0.26962000131607056 -0.7213820219039917
vn 0.48031100630760193 -0.4732699990272522 -0.7384560108184814
vn 0.48031100630760193 -0.4732699990272522 -0.7384560108184814
vn 0.48031100630760193 -0.4732699990272522 -0.7384560108184814
vn 0.6378970146179199 -0.26962000131607056 -0.7213820219039917
vn 0.6378970146179199 -0.26962000131607056 -0.7213820219039917
vn 0.2516019940376282 -0.6009569764137268 0.7586489915847778
vn 0.2516019940376282 -0.6009569764137268 0.7586489915847778
vn 0.48031100630760193 -0.4732699990272522 0.7384560108184814
vn 0.48031100630760193 -0.4732699990272522 0.7384560108184814
vn 0.48031100630760193 -0.4732699990272522 0.7384560108184814
vn 0.2516019940376282 -0.6009569764137268 0.7586489915847778
vn 0.48031100630760193 -0.4732699990272522 -0.7384560108184814
vn 0.2516019940376282 -0.6009560227394104 -0.7586489915847778
vn 0.2516019940376282 -0.6009560227394104 -0.7586489915847778
vn 0.2516019940376282 -0.6009560227394104 -0.7586489915847778
vn 0.48031100630760193 -0.4732699990272522 -0.7384560108184814
vn 0.48031100630760193 -0.4732699990272522 -0.7384560108184814
vn 0.1270039975643158 -0.6384950280189514 0.7590749859809875
vn 0.1270039975643158 -0.6384950280189514 0.7590749859809875
vn 0.2516019940376282 -0.6009569764137268 0.7586489915847778
vn 0.2516019940376282 -0.6009569764137268 0.7586489915847778
vn 0.2516019940376282 -0.6009569764137268 0.7586489915847778
vn 0.1270039975643158 -0.6384950280189514 0.7590749859809875
vn 0.2516019940376282 -0.6009560227394104 -0.7586489915847778
vn 0.1270039975643158 -0.6384950280189514 -0.7590749859809875
vn 0.1270039975643158 -0.6384950280189514 -0.7590749859809875
vn 0.1270039975643158 -0.6384950280189514 -0.7590749859809875
vn 0.2516019940376282 -0.6009560227394104 -0.7586489915847778
vn 0.2516019940376282 -0.6009560227394104 -0.7586489915847778
vn 0.9803069829940796 0.19747799634933472 -0.0008289759862236679
vn 0.9977729916572571 0.06670290231704712 -0.0005629920051433146
vn 0.9237229824066162 0.3830600082874298 -0.0004229540063533932
vn 0.9237229824066162 0.3830600082874298 -0.0004229540063533932
vn 0.9379079937934875 0.34688299894332886 0
vn 0.9803069829940796 0.19747799634933472 -0.0008289759862236679
vn 0.8100699782371521 0.5776090025901794 -0.10077100247144699
vn 0.8203219771385193 0.5277910232543945 -0.2202479988336563
vn 0.8203219771385193 0.5277910232543945 -0.2202479988336563
vn 0.8203219771385193 0.5277910232543945 -0.2202479988336563
vn 0.8100699782371521 0.5776090025901794 -0.10077100247144699
vn 0.8100699782371521 0.5776090025901794 -0.10077100247144699
vn 0.9177899956703186 -0.3970620036125183 0.001731949974782765
vn 0.9174630045890808 -0.39780500531196594 0.0034639500081539154
vn 0.9738349914550781 -0.22715599834918976 0.006816970184445381
vn 0.9738349914550781 -0.22715599834918976 0.006816970184445381
vn 0.9742140173912048 -0.225599005818367 0.0034079700708389282
vn 0.9177899956703186 -0.3970620036125183 0.001731949974782765
vn 0.7071070075035095 -0.7071070075035095 0
vn 0.9174630045890808 -0.39780500531196594 0.0034639500081539154
vn 0.9177899956703186 -0.3970620036125183 0.001731949974782765
vn 0.9177899956703186 -0.3970620036125183 0.001731949974782765
vn 0.7071070075035095 -0.7071070075035095 0
vn 0.7071070075035095 -0.7071070075035095 0
vn 0.38268300890922546 -0.9238799810409546 0
vn 0.7071070075035095 -0.7071070075035095 0
vn 0.7071070075035095 -0.7071070075035095 0
vn 0.7071070075035095 -0.7071070075035095 0
vn 0.38268300890922546 -0.9238799810409546 0
vn 0.38268300890922546 -0.9238799810409546 0
vn 0.19508999586105347 -0.9807850122451782 0
vn 0.38268300890922546 -0.9238799810409546 0
vn 0.38268300890922546 -0.9238799810409546 0
vn 0.38268300890922546 -0.9238799810409546 0
vn 0.19508999586105347 -0.9807850122451782 0
vn 0.19508999586105347 -0.9807850122451782 0
vn 0.2186879962682724 0.9757949709892273 0
vn 0.10470300167798996 0.9945030212402344 0
vn 0.10470400005578995 0.9945030212402344 0
vn 0.10470400005578995 0.9945030212402344 0
vn 0.2186879962682724 0.9757949709892273 0
vn 0.2186879962682724 0.9757949709892273 0
vn 0.7071070075035095 0.7071059942245483 0
vn 0.47230100631713867 0.8814370036125183 0
vn 0.5555710196495056 0.8314689993858337 0
vn 0.5555710196495056 0.8314689993858337 0
vn 0.7071070075035095 0.7071059942245483 0
vn 0.7071070075035095 0.7071059942245483 0
vn 0.7071070075035095 0.7071059942245483 0
vn 0.7071070075035095 0.7071059942245483 0
vn 0.9379079937934875 0.34688299894332886 0
vn 0.9379079937934875 0.34688299894332886 0
vn 0.9237229824066162 0.3830600082874298 -0.0004229540063533932
vn 0.7071070075035095 0.7071059942245483 0
vn 0.9803069829940796 0.19747699797153473 0.0008290230180136859
vn 0.9803069829940796 0.19747799634933472 -0.0008289759862236679
vn 0.9379079937934875 0.34688299894332886 0
vn 0.8100699782371521 0.5776090025901794 -0.10077100247144699
vn 0.8100699782371521 0.5776090025901794 -0.10077100247144699
vn 0.8100699782371521 0.5776090025901794 0.1007699966430664
vn 0.8100699782371521 0.5776090025901794 0.1007699966430664
vn 0.8100699782371521 0.5776090025901794 0.1007699966430664
vn 0.8100699782371521 0.5776090025901794 -0.10077100247144699
vn 0.9177899956703186 -0.3970620036125183 0.001731949974782765
vn 0.9742140173912048 -0.225599005818367 0.0034079700708389282
vn 0.9742140173912048 -0.22559800744056702 -0.0034080299083143473
vn 0.9742140173912048 -0.22559800744056702 -0.0034080299083143473
vn 0.9177899956703186 -0.3970620036125183 -0.0017320499755442142
vn 0.9177899956703186 -0.3970620036125183 0.001731949974782765
vn 0.7071070075035095 -0.7071070075035095 0
vn 0.9177899956703186 -0.3970620036125183 0.001731949974782765
vn 0.9177899956703186 -0.3970620036125183 -0.0017320499755442142
vn 0.9177899956703186 -0.3970620036125183 -0.0017320499755442142
vn 0.7071070075035095 -0.7071070075035095 0
vn 0.7071070075035095 -0.7071070075035095 0
vn 0.38268300890922546 -0.9238799810409546 0
vn 0.7071070075035095 -0.7071070075035095 0
vn 0.7071070075035095 -0.7071070075035095 0
vn 0.7071070075035095 -0.7071070075035095 0
vn 0.38268300890922546 -0.9238799810409546 0
vn 0.38268300890922546 -0.9238799810409546 0
vn 0.19508999586105347 -0.9807850122451782 0
vn 0.38268300890922546 -0.9238799810409546 0
vn 0.38268300890922546 -0.9238799810409546 0
vn 0.38268300890922546 -0.9238799810409546 0
vn 0.19508999586105347 -0.9807850122451782 0
vn 0.19508999586105347 -0.9807850122451782 0
vn 0.9803069829940796 0.19747799634933472 -0.0008289759862236679
vn 0.9977729916572571 0.06670290231704712 -0.0005629920051433146
vn 0.9237239956855774 0.38305899500846863 -0.0004229540063533932
vn 0.9237239956855774 0.38305899500846863 -0.0004229540063533932
vn 0.9379079937934875 0.34688299894332886 0
vn 0.9803069829940796 0.19747799634933472 -0.0008289759862236679
vn 0.8100699782371521 0.5776090025901794 -0.10077100247144699
vn 0.8203210234642029 0.5277919769287109 -0.2202479988336563
vn 0.8203210234642029 0.5277919769287109 -0.2202479988336563
vn 0.8203210234642029 0.5277919769287109 -0.2202479988336563
vn 0.8100699782371521 0.5776090025901794 -0.10077100247144699
vn 0.8100699782371521 0.5776090025901794 -0.10077100247144699
vn 0.9177899956703186 -0.3970620036125183 0.001731949974782765
vn 0.9174630045890808 -0.39780500531196594 0.0034639500081539154
vn 0.9738349914550781 -0.22715599834918976 0.006816970184445381
vn 0.9738349914550781 -0.22715599834918976 0.006816970184445381
vn 0.9742140173912048 -0.225599005818367 0.0034079700708389282
vn 0.9177899956703186 -0.3970620036125183 0.001731949974782765
vn 0.7071070075035095 -0.7071070075035095 0
vn 0.9174630045890808 -0.39780500531196594 0.0034639500081539154
vn 0.9177899956703186 -0.3970620036125183 0.001731949974782765
vn 0.9177899956703186 -0.3970620036125183 0.001731949974782765
vn 0.7071070075035095 -0.7071070075035095 0
vn 0.7071070075035095 -0.7071070075035095 0
vn 0.38268300890922546 -0.9238799810409546 0
vn 0.7071070075035095 -0.7071070075035095 0
vn 0.7071070075035095 -0.7071070075035095 0
vn 0.7071070075035095 -0.7071070075035095 0
vn 0.38268300890922546 -0.9238799810409546 0
vn 0.38268300890922546 -0.9238799810409546 0
vn 0.19508999586105347 -0.9807850122451782 0
vn 0.38268300890922546 -0.9238799810409546 0
vn 0.38268300890922546 -0.9238799810409546 0
vn 0.38268300890922546 -0.9238799810409546 0
vn 0.19508999586105347 -0.9807850122451782 0
vn 0.19508999586105347 -0.9807850122451782 0
vn 0.2186879962682724 0.9757949709892273 0
vn 0.10470400005578995 0.9945030212402344 0
vn 0.10470400005578995 0.9945030212402344 0
vn 0.10470400005578995 0.9945030212402344 0
vn 0.2186879962682724 0.9757949709892273 0
vn 0.2186879962682724 0.9757949709892273 0
vn 0.7071070075035095 0.7071070075035095 0
vn 0.5555710196495056 0.8314689993858337 0
vn 0.5555710196495056 0.8314689993858337 0
vn 0.5555710196495056 0.8314689993858337 0
vn 0.7071070075035095 0.7071070075035095 0
vn 0.7071070075035095 0.7071070075035095 0
vn 0.7071070075035095 0.7071070075035095 0
vn 0.7071070075035095 0.7071070075035095 0
vn 0.9379079937934875 0.34688299894332886 0
vn 0.9379079937934875 0.34688299894332886 0
vn 0.9237239956855774 0.38305899500846863 -0.0004229540063533932
vn 0.7071070075035095 0.7071070075035095 0
vn 0.9803069829940796 0.19747799634933472 0.0008290230180136859
vn 0.9803069829940796 0.19747799634933472 -0.0008289759862236679
vn 0.9379079937934875 0.34688299894332886 0
vn 0.8100699782371521 0.5776090025901794 -0.10077100247144699
vn 0.8100699782371521 0.5776090025901794 -0.10077100247144699
vn 0.8100699782371521 0.5776090025901794 0.1007699966430664
vn 0.8100699782371521 0.5776090025901794 0.1007699966430664
vn 0.8100699782371521 0.5776090025901794 0.1007699966430664
vn 0.8100699782371521 0.5776090025901794 -0.10077100247144699
vn 0.9177899956703186 -0.3970620036125183 0.001731949974782765
vn 0.9742140173912048 -0.225599005818367 0.0034079700708389282
vn 0.9742140173912048 -0.225599005818367 -0.0034080299083143473
vn 0.9742140173912048 -0.225599005818367 -0.0034080299083143473
vn 0.9177899956703186 -0.3970620036125183 -0.0017320499755442142
vn 0.9177899956703186 -0.3970620036125183 0.001731949974782765
vn 0.7071070075035095 -0.7071070075035095 0
vn 0.9177899956703186 -0.3970620036125183 0.001731949974782765
vn 0.9177899956703186 -0.3970620036125183 -0.0017320499755442142
vn 0.9177899956703186 -0.3970620036125183 -0.0017320499755442142
vn 0.7071070075035095 -0.7071070075035095 0
vn 0.7071070075035095 -0.7071070075035095 0
vn 0.38268300890922546 -0.9238799810409546 0
vn 0.7071070075035095 -0.7071070075035095 0
vn 0.7071070075035095 -0.7071070075035095 0
vn 0.7071070075035095 -0.7071070075035095 0
vn 0.38268300890922546 -0.9238799810409546 8.898650207811443e-7
vn 0.38268300890922546 -0.9238799810409546 0
vn 0.19508999586105347 -0.9807850122451782 0
vn 0.38268300890922546 -0.9238799810409546 0
vn 0.38268300890922546 -0.9238799810409546 8.898650207811443e-7
vn 0.38268300890922546 -0.9238799810409546 8.898650207811443e-7
vn 0.19508999586105347 -0.9807850122451782 8.830809861137823e-7
vn 0.19508999586105347 -0.9807850122451782 0
vn 0.9803069829940796 0.19747799634933472 -0.0008289759862236679
vn 0.9977729916572571 0.06670290231704712 -0.0005629920051433146
vn 0.9237229824066162 0.3830600082874298 -0.0004229540063533932
vn 0.9237229824066162 0.3830600082874298 -0.0004229540063533932
vn 0.9379079937934875 0.34688299894332886 0
vn 0.9803069829940796 0.19747799634933472 -0.0008289759862236679
vn 0.8100699782371521 0.5776090025901794 -0.10077100247144699
vn 0.8203210234642029 0.5277919769287109 -0.2202479988336563
vn 0.8203210234642029 0.5277919769287109 -0.2202479988336563
vn 0.8203210234642029 0.5277919769287109 -0.2202479988336563
vn 0.8100699782371521 0.5776090025901794 -0.10077100247144699
vn 0.8100699782371521 0.5776090025901794 -0.10077100247144699
vn 0.9177899956703186 -0.3970620036125183 0.001731949974782765
vn 0.9174630045890808 -0.39780500531196594 0.0034639500081539154
vn 0.9738349914550781 -0.22715599834918976 0.006816970184445381
vn 0.9738349914550781 -0.22715599834918976 0.006816970184445381
vn 0.9742140173912048 -0.225599005818367 0.0034079700708389282
vn 0.9177899956703186 -0.3970620036125183 0.001731949974782765
vn 0.7071070075035095 -0.7071070075035095 0
vn 0.9174630045890808 -0.39780500531196594 0.0034639500081539154
vn 0.9177899956703186 -0.3970620036125183 0.001731949974782765
vn 0.9177899956703186 -0.3970620036125183 0.001731949974782765
vn 0.7071070075035095 -0.7071070075035095 0
vn 0.7071070075035095 -0.7071070075035095 0
vn 0.38268300890922546 -0.9238799810409546 0
vn 0.7071070075035095 -0.7071070075035095 0
vn 0.7071070075035095 -0.7071070075035095 0
vn 0.7071070075035095 -0.7071070075035095 0
vn 0.38268300890922546 -0.9238799810409546 0
vn 0.38268300890922546 -0.9238799810409546 0
vn 0.19508999586105347 -0.9807850122451782 0
vn 0.38268300890922546 -0.9238799810409546 0
vn 0.38268300890922546 -0.9238799810409546 0
vn 0.38268300890922546 -0.9238799810409546 0
vn 0.19508999586105347 -0.9807850122451782 0
vn 0.19508999586105347 -0.9807850122451782 0
vn 0.2186879962682724 0.9757949709892273 0
vn 0.10470400005578995 0.9945030212402344 0
vn 0.10470400005578995 0.9945030212402344 0
vn 0.10470400005578995 0.9945030212402344 0
vn 0.2186879962682724 0.9757949709892273 0
vn 0.2186879962682724 0.9757949709892273 0
vn 0.7071070075035095 0.7071070075035095 0
vn 0.5555710196495056 0.8314689993858337 0
vn 0.5555710196495056 0.8314689993858337 0
vn 0.5555710196495056 0.8314689993858337 0
vn 0.7071070075035095 0.7071070075035095 0
vn 0.7071070075035095 0.7071070075035095 0
vn 0.7071070075035095 0.7071070075035095 0
vn 0.7071070075035095 0.7071070075035095 0
vn 0.9379079937934875 0.34688299894332886 0
vn 0.9379079937934875 0.34688299894332886 0
vn 0.9237229824066162 0.3830600082874298 -0.0004229540063533932
vn 0.7071070075035095 0.7071070075035095 0
vn 0.9803069829940796 0.19747799634933472 0.0008290230180136859
vn 0.9803069829940796 0.19747799634933472 -0.0008289759862236679
vn 0.9379079937934875 0.34688299894332886 0
vn 0.8100699782371521 0.5776090025901794 -0.10077100247144699
vn 0.8100699782371521 0.5776090025901794 -0.10077100247144699
vn 0.8100699782371521 0.5776090025901794 0.1007699966430664
vn 0.8100699782371521 0.5776090025901794 0.1007699966430664
vn 0.8100699782371521 0.5776090025901794 0.1007699966430664
vn 0.8100699782371521 0.5776090025901794 -0.10077100247144699
vn 0.9177899956703186 -0.3970620036125183 0.001731949974782765
vn 0.9742140173912048 -0.225599005818367 0.0034079700708389282
vn 0.9742140173912048 -0.22559800744056702 -0.0034080299083143473
vn 0.9742140173912048 -0.22559800744056702 -0.0034080299083143473
vn 0.9177899956703186 -0.3970620036125183 -0.0017320499755442142
vn 0.9177899956703186 -0.3970620036125183 0.001731949974782765
vn 0.7071070075035095 -0.7071070075035095 0
vn 0.9177899956703186 -0.3970620036125183 0.001731949974782765
vn 0.9177899956703186 -0.3970620036125183 -0.0017320499755442142
vn 0.9177899956703186 -0.3970620036125183 -0.0017320499755442142
vn 0.7071070075035095 -0.7071070075035095 0
vn 0.7071070075035095 -0.7071070075035095 0
vn 0.38268300890922546 -0.9238799810409546 0
vn 0.7071070075035095 -0.7071070075035095 0
vn 0.7071070075035095 -0.7071070075035095 0
vn 0.7071070075035095 -0.7071070075035095 0
vn 0.38268300890922546 -0.9238799810409546 0
vn 0.38268300890922546 -0.9238799810409546 0
vn 0.19508999586105347 -0.9807850122451782 0
vn 0.38268300890922546 -0.9238799810409546 0
vn 0.38268300890922546 -0.9238799810409546 0
vn 0.38268300890922546 -0.9238799810409546 0
vn 0.19508999586105347 -0.9807850122451782 0
vn 0.19508999586105347 -0.9807850122451782 0
vn 0.3425549864768982 0.9394649863243103 0.007853110320866108
vn 0.4722999930381775 0.8814380168914795 0
vn 0.22833099961280823 0.9735140204429626 0.011625099927186966
vn 0.22833199799060822 0.9735140204429626 -0.01162589993327856
vn 0.3425559997558594 0.9394649863243103 -0.007852889597415924
vn 0.16313600540161133 0.986329972743988 -0.023226900026202202
vn 0.16313600540161133 0.986329972743988 -0.023226900026202202
vn 0.16313600540161133 0.986329972743988 -0.023226900026202202
vn 0.22833199799060822 0.9735140204429626 -0.01162589993327856
vn 0.3297550082206726 0.9440670013427734 0
vn 0.2186879962682724 0.9757949709892273 0
vn 0.2186879962682724 0.9757949709892273 0
vn 0.2186879962682724 0.9757949709892273 0
vn 0.3297550082206726 0.9440670013427734 0
vn 0.3297550082206726 0.9440670013427734 0
vn 0.3297550082206726 0.9440670013427734 0
vn 0.2186879962682724 0.9757949709892273 0
vn 0.2186879962682724 0.9757949709892273 0
vn 0.2186879962682724 0.9757949709892273 0
vn 0.3297539949417114 0.9440670013427734 0
vn 0.3297550082206726 0.9440670013427734 0
vn 0.3297539949417114 0.9440670013427734 0
vn 0.2186879962682724 0.9757949709892273 0
vn 0.2186879962682724 0.9757949709892273 0
vn 0.2186879962682724 0.9757949709892273 0
vn 0.3297539949417114 0.9440670013427734 0
vn 0.3297539949417114 0.9440670013427734 0
vn 0.3297539949417114 0.9440670013427734 0
vn 0.2186879962682724 0.9757949709892273 0
vn 0.2186879962682724 0.9757949709892273 0
vn 0.2186879962682724 0.9757949709892273 0
vn 0.3297539949417114 0.9440670013427734 0
vn 0.3297539949417114 0.9440670013427734 0
vn 0.3297539949417114 0.9440670013427734 0
vn 0.2186879962682724 0.9757949709892273 0
vn 0.2186879962682724 0.9757949709892273 0
vn 0.2186879962682724 0.9757949709892273 0
vn 0.3297539949417114 0.9440670013427734 0
vn 0.3297539949417114 0.9440670013427734 0
vn 0.3297539949417114 0.9440670013427734 0
vn 0.2186879962682724 0.9757949709892273 0
vn 0.2186879962682724 0.9757949709892273 0
vn 0.2186879962682724 0.9757949709892273 0
vn 0.3297539949417114 0.9440670013427734 0
vn 0.3297539949417114 0.9440670013427734 0
vn 0.3297539949417114 0.9440670013427734 0
vn 0.2186879962682724 0.9757949709892273 0
vn 0.2186879962682724 0.9757949709892273 0
vn 0.2186879962682724 0.9757949709892273 0
vn 0.3297539949417114 0.9440670013427734 0
vn 0.3297539949417114 0.9440670013427734 0
vn 0.3297539949417114 0.9440670013427734 0
vn 0.3297539949417114 0.9440670013427734 0
vn 0.2186879962682724 0.9757949709892273 0
vn 0.2186879962682724 0.9757949709892273 0
vn 0.2186879962682724 0.9757949709892273 0
vn 0.3297539949417114 0.9440670013427734 0
vn 0.42407500743865967 0.8011990189552307 0.4221850037574768
vn 0.42407500743865967 0.8011990189552307 0.4221850037574768
vn 0.2328680008649826 0.7975130081176758 0.556547999382019
vn 0.2328680008649826 0.7975130081176758 0.556547999382019
vn 0.2328680008649826 0.7975130081176758 0.556547999382019
vn 0.42407500743865967 0.8011990189552307 0.4221850037574768
vn 0.2328680008649826 0.7975119948387146 -0.5565490126609802
vn 0.42407599091529846 0.8011990189552307 -0.4221850037574768
vn 0.42407599091529846 0.8011990189552307 -0.4221850037574768
vn 0.42407599091529846 0.8011990189552307 -0.4221850037574768
vn 0.2328680008649826 0.7975119948387146 -0.5565490126609802
vn 0.2328680008649826 0.7975119948387146 -0.5565490126609802
vn 0.42407599091529846 0.8011990189552307 -0.4221850037574768
vn 0.6649190187454224 0.7347409725189209 -0.13430699706077576
vn 0.6649190187454224 0.7347409725189209 -0.13430699706077576
vn 0.6649190187454224 0.7347409725189209 -0.13430699706077576
vn 0.42407599091529846 0.8011990189552307 -0.4221850037574768
vn 0.42407599091529846 0.8011990189552307 -0.4221850037574768
vn 0.6649190187454224 0.7347409725189209 -0.13430699706077576
vn 0.7319179773330688 0.681393027305603 0
vn 0.7319179773330688 0.681393027305603 0
vn 0.7319179773330688 0.681393027305603 0
vn 0.6649190187454224 0.7347409725189209 -0.13430699706077576
vn 0.6649190187454224 0.7347409725189209 -0.13430699706077576
vn 0.7319179773330688 0.681393027305603 0
vn 0.7319179773330688 0.681393027305603 0
vn 0.7319179773330688 0.681393027305603 0
vn 0.7319179773330688 0.681393027305603 0
vn 0.7319179773330688 0.681393027305603 0
vn 0.7319179773330688 0.681393027305603 0
vn 0.7319179773330688 0.681393027305603 0
vn 0.7319179773330688 0.6813920140266418 0
vn 0.7319179773330688 0.6813920140266418 0
vn 0.7319179773330688 0.6813920140266418 0
vn 0.7319179773330688 0.681393027305603 0
vn 0.7319179773330688 0.681393027305603 0
vn 0.7319179773330688 0.6813920140266418 0
vn 0.73191899061203 0.6813920140266418 0
vn 0.73191899061203 0.6813920140266418 0
vn 0.73191899061203 0.6813920140266418 0
vn 0.7319179773330688 0.6813920140266418 0
vn 0.7319179773330688 0.6813920140266418 0
vn 0.73191899061203 0.6813920140266418 0
vn 0.73191899061203 0.6813920140266418 0
vn 0.7319179773330688 0.6813920140266418 0
vn 0.7319179773330688 0.6813920140266418 0
vn 0.7319179773330688 0.6813920140266418 0
vn 0.73191899061203 0.6813920140266418 0
vn 0.7319179773330688 0.6813920140266418 0
vn 0.7319179773330688 0.6813920140266418 0
vn 0.7319179773330688 0.6813920140266418 0
vn 0.7319179773330688 0.6813920140266418 0
vn 0.7319179773330688 0.6813920140266418 0
vn 0.7319179773330688 0.6813920140266418 0
vn 0.7319179773330688 0.6813920140266418 0
vn 0.7319179773330688 0.6813920140266418 0
vn 0.7319179773330688 0.6813920140266418 0
vn 0.7319179773330688 0.6813920140266418 0
vn 0.7319179773330688 0.6813920140266418 0
vn 0.7319179773330688 0.6813920140266418 0
vn 0.6649190187454224 0.7347409725189209 0.13430699706077576
vn 0.6649190187454224 0.7347409725189209 0.13430699706077576
vn 0.42407500743865967 0.8011990189552307 0.4221850037574768
vn 0.42407500743865967 0.8011990189552307 0.4221850037574768
vn 0.42407500743865967 0.8011990189552307 0.4221850037574768
vn 0.6649190187454224 0.7347409725189209 0.13430699706077576
vn 0.7319179773330688 0.6813920140266418 0
vn 0.7319179773330688 0.6813920140266418 0
vn 0.6649190187454224 0.7347409725189209 0.13430699706077576
vn 0.6649190187454224 0.7347409725189209 0.13430699706077576
vn 0.6649190187454224 0.7347409725189209 0.13430699706077576
vn 0.7319179773330688 0.6813920140266418 0
vn -0.38268300890922546 -0.9238799810409546 0
vn -0.38268300890922546 -0.9238799810409546 0
vn 0.19508999586105347 -0.9807850122451782 0
vn 0.19508999586105347 -0.9807850122451782 0
vn 0.19508999586105347 -0.9807850122451782 0
vn -0.38268300890922546 -0.9238799810409546 0
vn -0.7071070075035095 -0.7071070075035095 0
vn -0.7071070075035095 -0.7071070075035095 0
vn -0.38268300890922546 -0.9238799810409546 0
vn -0.38268300890922546 -0.9238799810409546 0
vn -0.38268300890922546 -0.9238799810409546 0
vn -0.7071070075035095 -0.7071070075035095 0
vn -0.9238799810409546 -0.38268300890922546 0
vn -0.9238799810409546 -0.38268300890922546 0
vn -0.7071070075035095 -0.7071070075035095 0
vn -0.7071070075035095 -0.7071070075035095 0
vn -0.7071070075035095 -0.7071070075035095 0
vn -0.9238799810409546 -0.38268300890922546 0
vn -1 0 0
vn -0.9977729916572571 0.06670310348272324 0.0005620080046355724
vn -0.9238799810409546 -0.38268300890922546 0
vn -0.9238799810409546 -0.38268300890922546 0
vn -0.9238799810409546 -0.38268300890922546 0
vn -1 0 0
vn -0.9238799810409546 0.38268300890922546 0
vn -0.9237239956855774 0.38305899500846863 0.00042304600356146693
vn -0.9977729916572571 0.06670310348272324 0.0005620080046355724
vn -0.9977729916572571 0.06670310348272324 0.0005620080046355724
vn -1 0 0
vn -0.9238799810409546 0.38268300890922546 0
vn -0.9238799810409546 0.38268300890922546 0
vn -0.7071070075035095 0.7071070075035095 0
vn -0.7071070075035095 0.7071070075035095 0
vn -0.7071070075035095 0.7071070075035095 0
vn -0.9237239956855774 0.38305899500846863 0.00042304600356146693
vn -0.9238799810409546 0.38268300890922546 0
vn -0.3425549864768982 0.9394649863243103 0.007853110320866108
vn -0.4722999930381775 0.8814380168914795 0
vn -0.7071070075035095 0.7071070075035095 0
vn -0.7071070075035095 0.7071070075035095 0
vn -0.7071070075035095 0.7071070075035095 0
vn -0.3425549864768982 0.9394649863243103 0.007853110320866108
vn 0.16313600540161133 0.986329972743988 0.023226099088788033
vn 0.16313600540161133 0.986329972743988 0.023226099088788033
vn -0.22833099961280823 0.9735140204429626 0.011625099927186966
vn -0.22833099961280823 0.9735140204429626 0.011625099927186966
vn -0.3425549864768982 0.9394649863243103 0.007853110320866108
vn 0.16313600540161133 0.986329972743988 0.023226099088788033
vn -0.0440681017935276 -0.10638999938964844 0.9933469891548157
vn 0.02289789915084839 -0.11512500047683716 0.9930869936943054
vn -0.0000010595999810902867 0 1
vn -0.08142810314893723 -0.08142700046300888 0.9933469891548157
vn -0.0440681017935276 -0.10638999938964844 0.9933469891548157
vn 9.403950116393389e-7 0 1
vn -0.10638999938964844 -0.044068001210689545 0.9933469891548157
vn -0.08142810314893723 -0.08142700046300888 0.9933469891548157
vn 9.403950116393389e-7 0 1
vn -0.11515499651432037 0 0.9933480024337769
vn -0.10638999938964844 -0.044068001210689545 0.9933469891548157
vn 9.403950116393389e-7 0 1
vn -0.10638900101184845 0.044067900627851486 0.9933480024337769
vn -0.11515499651432037 0 0.9933480024337769
vn 9.403950116393389e-7 0 1
vn -0.08142609894275665 0.08142690360546112 0.9933480024337769
vn -0.10638900101184845 0.044067900627851486 0.9933480024337769
vn 9.403950116393389e-7 0 1
vn -0.0440681017935276 0.10638999938964844 0.9933469891548157
vn -0.08142609894275665 0.08142690360546112 0.9933480024337769
vn 9.403950116393389e-7 0 1
vn 0.022899899631738663 0.11512500047683716 0.9930869936943054
vn -0.0440681017935276 0.10638999938964844 0.9933469891548157
vn -0.0000010595999810902867 0 1
vn 0.20181499421596527 0.9126870036125183 0.35534900426864624
vn 0.21583899855613708 0.9686700105667114 0.12285300344228745
vn -0.21583899855613708 0.9686700105667114 0.12285300344228745
vn -0.21583899855613708 0.9686700105667114 0.12285300344228745
vn -0.2343509942293167 0.8425589799880981 0.48494699597358704
vn 0.20181499421596527 0.9126870036125183 0.35534900426864624
vn -0.6956850290298462 0.7182829976081848 0.009580089710652828
vn -0.5282989740371704 0.8488519787788391 0.01874309964478016
vn -0.5282989740371704 0.8488519787788391 0.01874309964478016
vn -0.5282989740371704 0.8488519787788391 0.01874309964478016
vn -0.6956850290298462 0.7182829976081848 0.009580089710652828
vn -0.6956850290298462 0.7182829976081848 0.009580089710652828
vn -0.6956850290298462 0.7182829976081848 0.009580089710652828
vn -0.6956850290298462 0.7182829976081848 0.009580089710652828
vn -0.8314700126647949 0.5555700063705444 0
vn -0.8314700126647949 0.5555700063705444 0
vn -0.8314700126647949 0.5555700063705444 0
vn -0.6956850290298462 0.7182829976081848 0.009580089710652828
vn -0.9330400228500366 0 0.35977399349212646
vn -0.8388850092887878 0.21991300582885742 0.49790599942207336
vn -0.9719499945640564 0.20510099828243256 0.1150979995727539
vn -0.9719499945640564 0.20510099828243256 0.1150979995727539
vn -0.9930610060691833 0 0.11759699881076813
vn -0.9330400228500366 0 0.35977399349212646
vn -0.9330400228500366 0 0.35977399349212646
vn -0.9930610060691833 0 0.11759699881076813
vn -0.9719499945640564 -0.20510099828243256 0.11509700119495392
vn -0.9719499945640564 -0.20510099828243256 0.11509700119495392
vn -0.8388850092887878 -0.21991300582885742 0.49790599942207336
vn -0.9330400228500366 0 0.35977399349212646
vn -0.8314689993858337 -0.5555710196495056 -0.000001066229970092536
vn -0.8314689993858337 -0.5555710196495056 -0.000001066229970092536
vn -0.6956850290298462 -0.7182829976081848 0.009577910415828228
vn -0.6956850290298462 -0.7182829976081848 0.009577910415828228
vn -0.6956850290298462 -0.7182829976081848 0.009577910415828228
vn -0.8314689993858337 -0.5555710196495056 -0.000001066229970092536
vn -0.6956850290298462 -0.7182829976081848 0.009577910415828228
vn -0.6956850290298462 -0.7182829976081848 0.009577910415828228
vn -0.5282989740371704 -0.8488519787788391 0.018740899860858917
vn -0.5282989740371704 -0.8488519787788391 0.018740899860858917
vn -0.5282989740371704 -0.8488519787788391 0.018740899860858917
vn -0.6956850290298462 -0.7182829976081848 0.009577910415828228
vn 0.20181599259376526 -0.9126880168914795 0.35534700751304626
vn -0.23434999585151672 -0.8425599932670593 0.48494499921798706
vn -0.21583899855613708 -0.9686700105667114 0.12285099923610687
vn -0.21583899855613708 -0.9686700105667114 0.12285099923610687
vn 0.21583899855613708 -0.9686700105667114 0.12285099923610687
vn 0.20181599259376526 -0.9126880168914795 0.35534700751304626
vn 0.19490499794483185 0.9798539876937866 0.04356810078024864
vn 0.19508999586105347 0.9807850122451782 0
vn -0.38268300890922546 0.9238799810409546 0
vn -0.38268300890922546 0.9238799810409546 0
vn -0.3823060095310211 0.9229679703712463 0.04442010074853897
vn 0.19490499794483185 0.9798539876937866 0.04356810078024864
vn -0.3823060095310211 0.9229679703712463 0.04442010074853897
vn -0.38268300890922546 0.9238799810409546 0
vn -0.7071070075035095 0.7071070075035095 0
vn -0.7071070075035095 0.7071070075035095 0
vn -0.7064089775085449 0.7064089775085449 0.04442010074853897
vn -0.3823060095310211 0.9229679703712463 0.04442010074853897
vn -0.7064089775085449 0.7064089775085449 0.04442010074853897
vn -0.7071070075035095 0.7071070075035095 0
vn -0.9238799810409546 0.38268300890922546 0
vn -0.9238799810409546 0.38268300890922546 0
vn -0.9229679703712463 0.3823060095310211 0.04442000016570091
vn -0.7064089775085449 0.7064089775085449 0.04442010074853897
vn -0.9229679703712463 0.3823060095310211 0.04442000016570091
vn -0.9238799810409546 0.38268300890922546 0
vn -1 0 0
vn -1 0 0
vn -0.9990130066871643 0 0.04442000016570091
vn -0.9229679703712463 0.3823060095310211 0.04442000016570091
vn -0.9990130066871643 0 0.04442000016570091
vn -1 0 0
vn -0.9238790273666382 -0.38268399238586426 0
vn -0.9238790273666382 -0.38268399238586426 0
vn -0.9229679703712463 -0.3823060095310211 0.04442000016570091
vn -0.9990130066871643 0 0.04442000016570091
vn -0.9229679703712463 -0.3823060095310211 0.04442000016570091
vn -0.9238790273666382 -0.38268399238586426 0
vn -0.7071070075035095 -0.7071070075035095 0
vn -0.7071070075035095 -0.7071070075035095 0
vn -0.7064089775085449 -0.7064089775085449 0.044419899582862854
vn -0.9229679703712463 -0.3823060095310211 0.04442000016570091
vn -0.7064089775085449 -0.7064089775085449 0.044419899582862854
vn -0.7071070075035095 -0.7071070075035095 0
vn -0.38268300890922546 -0.9238799810409546 0
vn -0.38268300890922546 -0.9238799810409546 0
vn -0.38230499625205994 -0.9229679703712463 0.044419899582862854
vn -0.7064089775085449 -0.7064089775085449 0.044419899582862854
vn -0.38230499625205994 -0.9229679703712463 0.044419899582862854
vn -0.38268300890922546 -0.9238799810409546 0
vn 0.19508999586105347 -0.9807850122451782 0
vn 0.19508999586105347 -0.9807850122451782 0
vn 0.19490499794483185 -0.9798539876937866 0.043567899614572525
vn -0.38230499625205994 -0.9229679703712463 0.044419899582862854
vn 0.17553099989891052 0.882453978061676 0.4364210069179535
vn 0.18147699534893036 0.9123499989509583 0.3669919967651367
vn -0.35503700375556946 0.8571339845657349 0.3731890022754669
vn -0.35503700375556946 0.8571339845657349 0.3731890022754669
vn -0.3430269956588745 0.8281390070915222 0.44330400228500366
vn 0.17553099989891052 0.882453978061676 0.4364210069179535
vn -0.3430269956588745 0.8281390070915222 0.44330400228500366
vn -0.35503700375556946 0.8571339845657349 0.3731890022754669
vn -0.6560220122337341 0.6560220122337341 0.3731890022754669
vn -0.6560220122337341 0.6560220122337341 0.3731890022754669
vn -0.6338310241699219 0.6338300108909607 0.44330400228500366
vn -0.3430269956588745 0.8281390070915222 0.44330400228500366
vn -0.6338310241699219 0.6338300108909607 0.44330400228500366
vn -0.6560220122337341 0.6560220122337341 0.3731890022754669
vn -0.8571339845657349 0.3550359904766083 0.3731890022754669
vn -0.8571339845657349 0.3550359904766083 0.3731890022754669
vn -0.8281390070915222 0.3430260121822357 0.44330400228500366
vn -0.6338310241699219 0.6338300108909607 0.44330400228500366
vn -0.8281390070915222 0.3430260121822357 0.44330400228500366
vn -0.8571339845657349 0.3550359904766083 0.3731890022754669
vn -0.9277549982070923 0 0.3731890022754669
vn -0.9277549982070923 0 0.3731890022754669
vn -0.8963710069656372 0 0.44330400228500366
vn -0.8281390070915222 0.3430260121822357 0.44330400228500366
vn -0.8963710069656372 0 0.44330400228500366
vn -0.9277549982070923 0 0.3731890022754669
vn -0.8571339845657349 -0.3550359904766083 0.3731890022754669
vn -0.8571339845657349 -0.3550359904766083 0.3731890022754669
vn -0.8281390070915222 -0.3430260121822357 0.44330400228500366
vn -0.8963710069656372 0 0.44330400228500366
vn -0.8281390070915222 -0.3430260121822357 0.44330400228500366
vn -0.8571339845657349 -0.3550359904766083 0.3731890022754669
vn -0.6560220122337341 -0.6560220122337341 0.3731890022754669
vn -0.6560220122337341 -0.6560220122337341 0.3731890022754669
vn -0.6338300108909607 -0.6338300108909607 0.44330400228500366
vn -0.8281390070915222 -0.3430260121822357 0.44330400228500366
vn -0.6338300108909607 -0.6338300108909607 0.44330400228500366
vn -0.6560220122337341 -0.6560220122337341 0.3731890022754669
vn -0.3550359904766083 -0.8571339845657349 0.3731890022754669
vn -0.3550359904766083 -0.8571339845657349 0.3731890022754669
vn -0.3430260121822357 -0.8281400203704834 0.44330400228500366
vn -0.6338300108909607 -0.6338300108909607 0.44330400228500366
vn -0.3430260121822357 -0.8281400203704834 0.44330400228500366
vn -0.3550359904766083 -0.8571339845657349 0.3731890022754669
vn 0.18147699534893036 -0.9123499989509583 0.3669919967651367
vn 0.18147699534893036 -0.9123499989509583 0.3669919967651367
vn 0.17553000152111053 -0.8824549913406372 0.4364210069179535
vn -0.3430260121822357 -0.8281400203704834 0.44330400228500366
vn 0.18935400247573853 0.9519469738006592 0.2407130002975464
vn 0.19333599507808685 0.971966028213501 0.13380299508571625
vn -0.3791080117225647 0.9152479767799377 0.13637599349021912
vn -0.3791080117225647 0.9152479767799377 0.13637599349021912
vn -0.3710060119628906 0.895687997341156 0.24514800310134888
vn 0.18935400247573853 0.9519469738006592 0.2407130002975464
vn -0.3710060119628906 0.895687997341156 0.24514800310134888
vn -0.3791080117225647 0.9152479767799377 0.13637599349021912
vn -0.700501024723053 0.7005000114440918 0.13637599349021912
vn -0.700501024723053 0.7005000114440918 0.13637599349021912
vn -0.6855300068855286 0.6855300068855286 0.24514800310134888
vn -0.3710060119628906 0.895687997341156 0.24514800310134888
vn -0.6855300068855286 0.6855300068855286 0.24514800310134888
vn -0.700501024723053 0.7005000114440918 0.13637599349021912
vn -0.9152479767799377 0.3791080117225647 0.13637599349021912
vn -0.9152479767799377 0.3791080117225647 0.13637599349021912
vn -0.895687997341156 0.3710060119628906 0.24514800310134888
vn -0.6855300068855286 0.6855300068855286 0.24514800310134888
vn -0.895687997341156 0.3710060119628906 0.24514800310134888
vn -0.9152479767799377 0.3791080117225647 0.13637599349021912
vn -0.9906569719314575 0 0.13637599349021912
vn -0.9906569719314575 0 0.13637599349021912
vn -0.9694859981536865 0 0.24514800310134888
vn -0.895687997341156 0.3710060119628906 0.24514800310134888
vn -0.9694859981536865 0 0.24514800310134888
vn -0.9906569719314575 0 0.13637599349021912
vn -0.9152479767799377 -0.3791080117225647 0.13637599349021912
vn -0.9152479767799377 -0.3791080117225647 0.13637599349021912
vn -0.895687997341156 -0.3710060119628906 0.24514800310134888
vn -0.9694859981536865 0 0.24514800310134888
vn -0.895687997341156 -0.3710060119628906 0.24514800310134888
vn -0.9152479767799377 -0.3791080117225647 0.13637599349021912
vn -0.7005000114440918 -0.700501024723053 0.13637599349021912
vn -0.7005000114440918 -0.700501024723053 0.13637599349021912
vn -0.6855300068855286 -0.6855300068855286 0.24514800310134888
vn -0.895687997341156 -0.3710060119628906 0.24514800310134888
vn -0.6855300068855286 -0.6855300068855286 0.24514800310134888
vn -0.7005000114440918 -0.700501024723053 0.13637599349021912
vn -0.3791080117225647 -0.9152479767799377 0.13637599349021912
vn -0.3791080117225647 -0.9152479767799377 0.13637599349021912
vn -0.3710060119628906 -0.895687997341156 0.24514800310134888
vn -0.6855300068855286 -0.6855300068855286 0.24514800310134888
vn -0.3710060119628906 -0.895687997341156 0.24514800310134888
vn -0.3791080117225647 -0.9152479767799377 0.13637599349021912
vn 0.19333599507808685 -0.971966028213501 0.13380299508571625
vn 0.19333599507808685 -0.971966028213501 0.13380299508571625
vn 0.18935400247573853 -0.9519469738006592 0.2407130002975464
vn -0.3710060119628906 -0.895687997341156 0.24514800310134888
vn 0.19333599507808685 0.971966028213501 0.13380299508571625
vn 0.19490499794483185 0.9798539876937866 0.04356810078024864
vn -0.3823060095310211 0.9229679703712463 0.04442010074853897
vn -0.3823060095310211 0.9229679703712463 0.04442010074853897
vn -0.3791080117225647 0.9152479767799377 0.13637599349021912
vn 0.19333599507808685 0.971966028213501 0.13380299508571625
vn -0.3791080117225647 0.9152479767799377 0.13637599349021912
vn -0.3823060095310211 0.9229679703712463 0.04442010074853897
vn -0.7064089775085449 0.7064089775085449 0.04442010074853897
vn -0.7064089775085449 0.7064089775085449 0.04442010074853897
vn -0.700501024723053 0.7005000114440918 0.13637599349021912
vn -0.3791080117225647 0.9152479767799377 0.13637599349021912
vn -0.700501024723053 0.7005000114440918 0.13637599349021912
vn -0.7064089775085449 0.7064089775085449 0.04442010074853897
vn -0.9229679703712463 0.3823060095310211 0.04442000016570091
vn -0.9229679703712463 0.3823060095310211 0.04442000016570091
vn -0.9152479767799377 0.3791080117225647 0.13637599349021912
vn -0.700501024723053 0.7005000114440918 0.13637599349021912
vn -0.9152479767799377 0.3791080117225647 0.13637599349021912
vn -0.9229679703712463 0.3823060095310211 0.04442000016570091
vn -0.9990130066871643 0 0.04442000016570091
vn -0.9990130066871643 0 0.04442000016570091
vn -0.9906569719314575 0 0.13637599349021912
vn -0.9152479767799377 0.3791080117225647 0.13637599349021912
vn -0.9906569719314575 0 0.13637599349021912
vn -0.9990130066871643 0 0.04442000016570091
vn -0.9229679703712463 -0.3823060095310211 0.04442000016570091
vn -0.9229679703712463 -0.3823060095310211 0.04442000016570091
vn -0.9152479767799377 -0.3791080117225647 0.13637599349021912
vn -0.9906569719314575 0 0.13637599349021912
vn -0.9152479767799377 -0.3791080117225647 0.13637599349021912
vn -0.9229679703712463 -0.3823060095310211 0.04442000016570091
vn -0.7064089775085449 -0.7064089775085449 0.044419899582862854
vn -0.7064089775085449 -0.7064089775085449 0.044419899582862854
vn -0.7005000114440918 -0.700501024723053 0.13637599349021912
vn -0.9152479767799377 -0.3791080117225647 0.13637599349021912
vn -0.7005000114440918 -0.700501024723053 0.13637599349021912
vn -0.7064089775085449 -0.7064089775085449 0.044419899582862854
vn -0.38230499625205994 -0.9229679703712463 0.044419899582862854
vn -0.38230499625205994 -0.9229679703712463 0.044419899582862854
vn -0.3791080117225647 -0.9152479767799377 0.13637599349021912
vn -0.7005000114440918 -0.700501024723053 0.13637599349021912
vn -0.3791080117225647 -0.9152479767799377 0.13637599349021912
vn -0.38230499625205994 -0.9229679703712463 0.044419899582862854
vn 0.19490499794483185 -0.9798539876937866 0.043567899614572525
vn 0.19490499794483185 -0.9798539876937866 0.043567899614572525
vn 0.19333599507808685 -0.971966028213501 0.13380299508571625
vn -0.3791080117225647 -0.9152479767799377 0.13637599349021912
vn 0.18147699534893036 0.9123499989509583 0.3669919967651367
vn 0.18935400247573853 0.9519469738006592 0.2407130002975464
vn -0.3710060119628906 0.895687997341156 0.24514800310134888
vn -0.3710060119628906 0.895687997341156 0.24514800310134888
vn -0.35503700375556946 0.8571339845657349 0.3731890022754669
vn 0.18147699534893036 0.9123499989509583 0.3669919967651367
vn -0.35503700375556946 0.8571339845657349 0.3731890022754669
vn -0.3710060119628906 0.895687997341156 0.24514800310134888
vn -0.6855300068855286 0.6855300068855286 0.24514800310134888
vn -0.6855300068855286 0.6855300068855286 0.24514800310134888
vn -0.6560220122337341 0.6560220122337341 0.3731890022754669
vn -0.35503700375556946 0.8571339845657349 0.3731890022754669
vn -0.6560220122337341 0.6560220122337341 0.3731890022754669
vn -0.6855300068855286 0.6855300068855286 0.24514800310134888
vn -0.895687997341156 0.3710060119628906 0.24514800310134888
vn -0.895687997341156 0.3710060119628906 0.24514800310134888
vn -0.8571339845657349 0.3550359904766083 0.3731890022754669
vn -0.6560220122337341 0.6560220122337341 0.3731890022754669
vn -0.8571339845657349 0.3550359904766083 0.3731890022754669
vn -0.895687997341156 0.3710060119628906 0.24514800310134888
vn -0.9694859981536865 0 0.24514800310134888
vn -0.9694859981536865 0 0.24514800310134888
vn -0.9277549982070923 0 0.3731890022754669
vn -0.8571339845657349 0.3550359904766083 0.3731890022754669
vn -0.9277549982070923 0 0.3731890022754669
vn -0.9694859981536865 0 0.24514800310134888
vn -0.895687997341156 -0.3710060119628906 0.24514800310134888
vn -0.895687997341156 -0.3710060119628906 0.24514800310134888
vn -0.8571339845657349 -0.3550359904766083 0.3731890022754669
vn -0.9277549982070923 0 0.3731890022754669
vn -0.8571339845657349 -0.3550359904766083 0.3731890022754669
vn -0.895687997341156 -0.3710060119628906 0.24514800310134888
vn -0.6855300068855286 -0.6855300068855286 0.24514800310134888
vn -0.6855300068855286 -0.6855300068855286 0.24514800310134888
vn -0.6560220122337341 -0.6560220122337341 0.3731890022754669
vn -0.8571339845657349 -0.3550359904766083 0.3731890022754669
vn -0.6560220122337341 -0.6560220122337341 0.3731890022754669
vn -0.6855300068855286 -0.6855300068855286 0.24514800310134888
vn -0.3710060119628906 -0.895687997341156 0.24514800310134888
vn -0.3710060119628906 -0.895687997341156 0.24514800310134888
vn -0.3550359904766083 -0.8571339845657349 0.3731890022754669
vn -0.6560220122337341 -0.6560220122337341 0.3731890022754669
vn -0.3550359904766083 -0.8571339845657349 0.3731890022754669
vn -0.3710060119628906 -0.895687997341156 0.24514800310134888
vn 0.18935400247573853 -0.9519469738006592 0.2407130002975464
vn 0.18935400247573853 -0.9519469738006592 0.2407130002975464
vn 0.18147699534893036 -0.9123499989509583 0.3669919967651367
vn -0.3550359904766083 -0.8571339845657349 0.3731890022754669
vn 0.19508999586105347 0.9807850122451782 0
vn 0.19508999586105347 0.9807850122451782 0
vn -0.38268300890922546 0.9238799810409546 0
vn -0.38268300890922546 0.9238799810409546 0
vn -0.38268300890922546 0.9238799810409546 0
vn 0.19508999586105347 0.9807850122451782 0
vn -0.38268300890922546 0.9238799810409546 0
vn -0.38268300890922546 0.9238799810409546 0
vn -0.7071059942245483 0.7071070075035095 0
vn -0.7071059942245483 0.7071070075035095 0
vn -0.7071059942245483 0.7071070075035095 0
vn -0.38268300890922546 0.9238799810409546 0
vn -0.7071059942245483 0.7071070075035095 0
vn -0.7071059942245483 0.7071070075035095 0
vn -0.9238790273666382 0.38268399238586426 0
vn -0.9238790273666382 0.38268399238586426 0
vn -0.9238790273666382 0.38268399238586426 0
vn -0.7071059942245483 0.7071070075035095 0
vn -0.9238790273666382 0.38268399238586426 0
vn -0.9238790273666382 0.38268399238586426 0
vn -1 0 0
vn -1 0 0
vn -1 0 0
vn -0.9238790273666382 0.38268399238586426 0
vn -1 0 0
vn -1 0 0
vn -0.9238790273666382 -0.38268399238586426 0
vn -0.9238790273666382 -0.38268399238586426 0
vn -0.9238790273666382 -0.38268399238586426 0
vn -1 0 0
vn -0.9238790273666382 -0.38268399238586426 0
vn -0.9238790273666382 -0.38268399238586426 0
vn -0.7071059942245483 -0.7071080207824707 0
vn -0.7071059942245483 -0.7071080207824707 0
vn -0.7071059942245483 -0.7071080207824707 0
vn -0.9238790273666382 -0.38268399238586426 0
vn -0.7071059942245483 -0.7071080207824707 0
vn -0.7071059942245483 -0.7071080207824707 0
vn -0.38268300890922546 -0.9238799810409546 0
vn -0.38268300890922546 -0.9238799810409546 0
vn -0.38268300890922546 -0.9238799810409546 0
vn -0.7071059942245483 -0.7071080207824707 0
vn -0.38268300890922546 -0.9238799810409546 0
vn -0.38268300890922546 -0.9238799810409546 0
vn 0.19508999586105347 -0.9807850122451782 0
vn 0.19508999586105347 -0.9807850122451782 0
vn 0.19508999586105347 -0.9807850122451782 0
vn -0.38268300890922546 -0.9238799810409546 0
vn 0.09401600062847137 0.4726490080356598 -0.8762210011482239
vn 0.09401600062847137 0.4726490080356598 -0.8762210011482239
vn -0.18167899549007416 0.43861299753189087 -0.8801199793815613
vn -0.18167899549007416 0.43861299753189087 -0.8801199793815613
vn -0.18167899549007416 0.43861299753189087 -0.8801199793815613
vn 0.09401600062847137 0.4726490080356598 -0.8762210011482239
vn -0.2343509942293167 0.8425589799880981 0.48494699597358704
vn -0.206713005900383 0.49583700299263 0.8434540033340454
vn 0.10685999691486359 0.5026249885559082 0.8578749895095825
vn 0.10685999691486359 0.5026249885559082 0.8578749895095825
vn 0.20181499421596527 0.9126870036125183 0.35534900426864624
vn -0.2343509942293167 0.8425589799880981 0.48494699597358704
vn -0.18167899549007416 0.43861299753189087 -0.8801199793815613
vn -0.18167899549007416 0.43861299753189087 -0.8801199793815613
vn -0.33570000529289246 0.33570000529289246 -0.8801199793815613
vn -0.33570000529289246 0.33570000529289246 -0.8801199793815613
vn -0.33570000529289246 0.33570000529289246 -0.8801199793815613
vn -0.18167899549007416 0.43861299753189087 -0.8801199793815613
vn -0.35203900933265686 0.3820289969444275 0.8544719815254211
vn -0.35203900933265686 0.3820289969444275 0.8544719815254211
vn -0.206713005900383 0.49583700299263 0.8434540033340454
vn -0.206713005900383 0.49583700299263 0.8434540033340454
vn -0.2343509942293167 0.8425589799880981 0.48494699597358704
vn -0.35203900933265686 0.3820289969444275 0.8544719815254211
vn -0.33570000529289246 0.33570000529289246 -0.8801199793815613
vn -0.33570000529289246 0.33570000529289246 -0.8801199793815613
vn -0.43861299753189087 0.18167899549007416 -0.8801199793815613
vn -0.43861299753189087 0.18167899549007416 -0.8801199793815613
vn -0.43861299753189087 0.18167899549007416 -0.8801199793815613
vn -0.33570000529289246 0.33570000529289246 -0.8801199793815613
vn -0.8388850092887878 0.21991300582885742 0.49790599942207336
vn -0.438618004322052 0.18167999386787415 0.8801180124282837
vn -0.35203900933265686 0.3820289969444275 0.8544719815254211
vn -0.35203900933265686 0.3820289969444275 0.8544719815254211
vn -0.35203900933265686 0.3820289969444275 0.8544719815254211
vn -0.8388850092887878 0.21991300582885742 0.49790599942207336
vn -0.43861299753189087 0.18167899549007416 -0.8801199793815613
vn -0.43861299753189087 0.18167899549007416 -0.8801199793815613
vn -0.47475099563598633 0 -0.8801199793815613
vn -0.47475099563598633 0 -0.8801199793815613
vn -0.47475099563598633 0 -0.8801199793815613
vn -0.43861299753189087 0.18167899549007416 -0.8801199793815613
vn -0.9330400228500366 0 0.35977399349212646
vn -0.4747540056705475 0 0.8801190257072449
vn -0.438618004322052 0.18167999386787415 0.8801180124282837
vn -0.438618004322052 0.18167999386787415 0.8801180124282837
vn -0.8388850092887878 0.21991300582885742 0.49790599942207336
vn -0.9330400228500366 0 0.35977399349212646
vn -0.47475099563598633 0 -0.8801199793815613
vn -0.47475099563598633 0 -0.8801199793815613
vn -0.43861299753189087 -0.18167899549007416 -0.8801199793815613
vn -0.43861299753189087 -0.18167899549007416 -0.8801199793815613
vn -0.43861299753189087 -0.18167899549007416 -0.8801199793815613
vn -0.47475099563598633 0 -0.8801199793815613
vn -0.8388850092887878 -0.21991300582885742 0.49790599942207336
vn -0.43861499428749084 -0.18167999386787415 0.8801190257072449
vn -0.4747540056705475 0 0.8801190257072449
vn -0.4747540056705475 0 0.8801190257072449
vn -0.9330400228500366 0 0.35977399349212646
vn -0.8388850092887878 -0.21991300582885742 0.49790599942207336
vn -0.43861299753189087 -0.18167899549007416 -0.8801199793815613
vn -0.43861299753189087 -0.18167899549007416 -0.8801199793815613
vn -0.33570000529289246 -0.33570000529289246 -0.8801199793815613
vn -0.33570000529289246 -0.33570000529289246 -0.8801199793815613
vn -0.33570000529289246 -0.33570000529289246 -0.8801199793815613
vn -0.43861299753189087 -0.18167899549007416 -0.8801199793815613
vn -0.3520370125770569 -0.38203001022338867 0.8544719815254211
vn -0.3520370125770569 -0.38203001022338867 0.8544719815254211
vn -0.43861499428749084 -0.18167999386787415 0.8801190257072449
vn -0.43861499428749084 -0.18167999386787415 0.8801190257072449
vn -0.8388850092887878 -0.21991300582885742 0.49790599942207336
vn -0.3520370125770569 -0.38203001022338867 0.8544719815254211
vn -0.33570000529289246 -0.33570000529289246 -0.8801199793815613
vn -0.33570000529289246 -0.33570000529289246 -0.8801199793815613
vn -0.18167899549007416 -0.43861401081085205 -0.8801199793815613
vn -0.18167899549007416 -0.43861401081085205 -0.8801199793815613
vn -0.18167899549007416 -0.43861401081085205 -0.8801199793815613
vn -0.33570000529289246 -0.33570000529289246 -0.8801199793815613
vn -0.3520370125770569 -0.38203001022338867 0.8544719815254211
vn -0.23434999585151672 -0.8425599932670593 0.48494499921798706
vn -0.20671199262142181 -0.4958379864692688 0.8434540033340454
vn -0.20671199262142181 -0.4958379864692688 0.8434540033340454
vn -0.3520370125770569 -0.38203001022338867 0.8544719815254211
vn -0.3520370125770569 -0.38203001022338867 0.8544719815254211
vn -0.18167899549007416 -0.43861401081085205 -0.8801199793815613
vn -0.18167899549007416 -0.43861401081085205 -0.8801199793815613
vn 0.09401500225067139 -0.4726490080356598 -0.8762210011482239
vn 0.09401500225067139 -0.4726490080356598 -0.8762210011482239
vn 0.09401500225067139 -0.4726490080356598 -0.8762210011482239
vn -0.18167899549007416 -0.43861401081085205 -0.8801199793815613
vn -0.23434999585151672 -0.8425599932670593 0.48494499921798706
vn 0.20181599259376526 -0.9126880168914795 0.35534700751304626
vn 0.10685999691486359 -0.5026260018348694 0.8578739762306213
vn 0.10685999691486359 -0.5026260018348694 0.8578739762306213
vn -0.20671199262142181 -0.4958379864692688 0.8434540033340454
vn -0.23434999585151672 -0.8425599932670593 0.48494499921798706
vn -0.15525099635124207 -0.47627800703048706 -0.8654810190200806
vn -0.01208490040153265 -0.029176900163292885 -0.9995009899139404
vn 0.006281060166656971 -0.03157990053296089 -0.9994810223579407
vn 0.006281060166656971 -0.03157990053296089 -0.9994810223579407
vn 0.10584799945354462 -0.5179979801177979 -0.8488069772720337
vn -0.15525099635124207 -0.47627800703048706 -0.8654810190200806
vn -0.32052600383758545 -0.3205280005931854 -0.8913609981536865
vn -0.02233090065419674 -0.02233090065419674 -0.9995009899139404
vn -0.01208490040153265 -0.029176900163292885 -0.9995009899139404
vn -0.01208490040153265 -0.029176900163292885 -0.9995009899139404
vn -0.15525099635124207 -0.47627800703048706 -0.8654810190200806
vn -0.32052600383758545 -0.3205280005931854 -0.8913609981536865
vn -0.476502001285553 -0.15584999322891235 -0.86524897813797
vn -0.029177900403738022 -0.012085899710655212 -0.9995009899139404
vn -0.02233090065419674 -0.02233090065419674 -0.9995009899139404
vn -0.02233090065419674 -0.02233090065419674 -0.9995009899139404
vn -0.32052600383758545 -0.3205280005931854 -0.8913609981536865
vn -0.476502001285553 -0.15584999322891235 -0.86524897813797
vn -0.5213080048561096 0 -0.8533689975738525
vn -0.031581901013851166 0 -0.9995009899139404
vn -0.029177900403738022 -0.012085899710655212 -0.9995009899139404
vn -0.029177900403738022 -0.012085899710655212 -0.9995009899139404
vn -0.476502001285553 -0.15584999322891235 -0.86524897813797
vn -0.5213080048561096 0 -0.8533689975738525
vn -0.47650301456451416 0.15584999322891235 -0.86524897813797
vn -0.029176900163292885 0.012086099945008755 -0.9995009899139404
vn -0.031581901013851166 0 -0.9995009899139404
vn -0.031581901013851166 0 -0.9995009899139404
vn -0.5213080048561096 0 -0.8533689975738525
vn -0.47650301456451416 0.15584999322891235 -0.86524897813797
vn -0.32052698731422424 0.3205280005931854 -0.8913609981536865
vn -0.02233090065419674 0.022331099957227707 -0.9995009899139404
vn -0.029176900163292885 0.012086099945008755 -0.9995009899139404
vn -0.029176900163292885 0.012086099945008755 -0.9995009899139404
vn -0.47650301456451416 0.15584999322891235 -0.86524897813797
vn -0.32052698731422424 0.3205280005931854 -0.8913609981536865
vn -0.15525199472904205 0.47627800703048706 -0.8654800057411194
vn -0.01208490040153265 0.029177099466323853 -0.9995009899139404
vn -0.02233090065419674 0.022331099957227707 -0.9995009899139404
vn -0.02233090065419674 0.022331099957227707 -0.9995009899139404
vn -0.32052698731422424 0.3205280005931854 -0.8913609981536865
vn -0.15525199472904205 0.47627800703048706 -0.8654800057411194
vn -0.15525199472904205 0.47627800703048706 -0.8654800057411194
vn 0.1058489978313446 0.517998993396759 -0.8488069772720337
vn 0.006281060166656971 0.031581100076436996 -0.9994810223579407
vn 0.006281060166656971 0.031581100076436996 -0.9994810223579407
vn -0.01208490040153265 0.029177099466323853 -0.9995009899139404
vn -0.15525199472904205 0.47627800703048706 -0.8654800057411194
vn 0.36536699533462524 0.8820729851722717 -0.2974109947681427
vn 0.36536699533462524 0.8820729851722717 -0.2974109947681427
vn -0.18657700717449188 0.9379839897155762 -0.29218900203704834
vn -0.18657700717449188 0.9379839897155762 -0.29218900203704834
vn -0.18657700717449188 0.9379839897155762 -0.29218900203704834
vn 0.36536699533462524 0.8820729851722717 -0.2974109947681427
vn 0.6751090288162231 0.6751099824905396 -0.2974120080471039
vn 0.6751090288162231 0.6751099824905396 -0.2974120080471039
vn 0.36536699533462524 0.8820729851722717 -0.2974109947681427
vn 0.36536699533462524 0.8820729851722717 -0.2974109947681427
vn 0.36536699533462524 0.8820729851722717 -0.2974109947681427
vn 0.6751090288162231 0.6751099824905396 -0.2974120080471039
vn 0.8820729851722717 0.36536699533462524 -0.2974120080471039
vn 0.8820729851722717 0.36536699533462524 -0.2974120080471039
vn 0.6751090288162231 0.6751099824905396 -0.2974120080471039
vn 0.6751090288162231 0.6751099824905396 -0.2974120080471039
vn 0.6751090288162231 0.6751099824905396 -0.2974120080471039
vn 0.8820729851722717 0.36536699533462524 -0.2974120080471039
vn 0.9547489881515503 0 -0.2974120080471039
vn 0.9547489881515503 0 -0.2974120080471039
vn 0.8820729851722717 0.36536699533462524 -0.2974120080471039
vn 0.8820729851722717 0.36536699533462524 -0.2974120080471039
vn 0.8820729851722717 0.36536699533462524 -0.2974120080471039
vn 0.9547489881515503 0 -0.2974120080471039
vn 0.8820729851722717 -0.36536699533462524 -0.2974120080471039
vn 0.8820729851722717 -0.36536699533462524 -0.2974120080471039
vn 0.9547489881515503 0 -0.2974120080471039
vn 0.9547489881515503 0 -0.2974120080471039
vn 0.9547489881515503 0 -0.2974120080471039
vn 0.8820729851722717 -0.36536699533462524 -0.2974120080471039
vn 0.6751099824905396 -0.6751099824905396 -0.2974120080471039
vn 0.6751099824905396 -0.6751099824905396 -0.2974120080471039
vn 0.8820729851722717 -0.36536699533462524 -0.2974120080471039
vn 0.8820729851722717 -0.36536699533462524 -0.2974120080471039
vn 0.8820729851722717 -0.36536699533462524 -0.2974120080471039
vn 0.6751099824905396 -0.6751099824905396 -0.2974120080471039
vn 0.36536699533462524 -0.8820729851722717 -0.2974109947681427
vn 0.36536699533462524 -0.8820729851722717 -0.2974109947681427
vn 0.6751099824905396 -0.6751099824905396 -0.2974120080471039
vn 0.6751099824905396 -0.6751099824905396 -0.2974120080471039
vn 0.6751099824905396 -0.6751099824905396 -0.2974120080471039
vn 0.36536699533462524 -0.8820729851722717 -0.2974109947681427
vn -0.18657700717449188 -0.9379839897155762 -0.29218900203704834
vn -0.18657700717449188 -0.9379839897155762 -0.29218900203704834
vn 0.36536699533462524 -0.8820729851722717 -0.2974109947681427
vn 0.36536699533462524 -0.8820729851722717 -0.2974109947681427
vn 0.36536699533462524 -0.8820729851722717 -0.2974109947681427
vn -0.18657700717449188 -0.9379839897155762 -0.29218900203704834
vn 0.1058489978313446 0.517998993396759 -0.8488069772720337
vn -0.15525199472904205 0.47627800703048706 -0.8654800057411194
vn -0.1200610026717186 0.5764870047569275 -0.8082370162010193
vn -0.1200610026717186 0.5764870047569275 -0.8082370162010193
vn 0.1200610026717186 0.5764870047569275 -0.8082370162010193
vn 0.1058489978313446 0.517998993396759 -0.8488069772720337
vn -0.931833028793335 0.3568139970302582 0.06611800193786621
vn -0.931833028793335 0.3568139970302582 0.06611800193786621
vn -0.931833028793335 0.3568139970302582 0.06611800193786621
vn -0.4900290071964264 0.8717060089111328 0.0000011039199989681947
vn -0.4900290071964264 0.8717060089111328 0.0000011039199989681947
vn -0.4900290071964264 0.8717060089111328 0.0000011039199989681947
vn -0.5213080048561096 0 -0.8533689975738525
vn -0.5813630223274231 0 -0.8136439919471741
vn -0.57703697681427 0.12176699936389923 -0.8075889945030212
vn -0.57703697681427 0.12176699936389923 -0.8075889945030212
vn -0.47650301456451416 0.15584999322891235 -0.86524897813797
vn -0.5213080048561096 0 -0.8533689975738525
vn -0.5213080048561096 0 -0.8533689975738525
vn -0.476502001285553 -0.15584999322891235 -0.86524897813797
vn -0.5770360231399536 -0.12176699936389923 -0.8075900077819824
vn -0.5770360231399536 -0.12176699936389923 -0.8075900077819824
vn -0.5813630223274231 0 -0.8136439919471741
vn -0.5213080048561096 0 -0.8533689975738525
vn -0.4900290071964264 -0.8717060089111328 -0.0000011039199989681947
vn -0.4900290071964264 -0.8717060089111328 -0.0000011039199989681947
vn -0.4900290071964264 -0.8717060089111328 -0.0000011039199989681947
vn -0.9318320155143738 -0.35681599378585815 0.06611700356006622
vn -0.9318320155143738 -0.35681599378585815 0.06611700356006622
vn -0.9318320155143738 -0.35681599378585815 0.06611700356006622
vn 0.10584799945354462 -0.5179979801177979 -0.8488069772720337
vn 0.12005999684333801 -0.5764880180358887 -0.8082370162010193
vn -0.12005999684333801 -0.5764880180358887 -0.8082370162010193
vn -0.12005999684333801 -0.5764880180358887 -0.8082370162010193
vn -0.15525099635124207 -0.47627800703048706 -0.8654810190200806
vn 0.10584799945354462 -0.5179979801177979 -0.8488069772720337
vn -0.01208490040153265 0.029177099466323853 -0.9995009899139404
vn 0.006281060166656971 0.031581100076436996 -0.9994810223579407
vn -0.08043789863586426 -0.40439099073410034 -0.9110419750213623
vn -0.08043789863586426 -0.40439099073410034 -0.9110419750213623
vn 0.15525700151920319 -0.3748230040073395 -0.9140040278434753
vn -0.01208490040153265 0.029177099466323853 -0.9995009899139404
vn -0.01208490040153265 0.029177099466323853 -0.9995009899139404
vn 0.15525700151920319 -0.3748230040073395 -0.9140040278434753
vn 0.28687599301338196 -0.28687700629234314 -0.9140040278434753
vn 0.28687599301338196 -0.28687700629234314 -0.9140040278434753
vn -0.02233090065419674 0.022331099957227707 -0.9995009899139404
vn -0.01208490040153265 0.029177099466323853 -0.9995009899139404
vn -0.02233090065419674 0.022331099957227707 -0.9995009899139404
vn 0.28687599301338196 -0.28687700629234314 -0.9140040278434753
vn 0.3748230040073395 -0.15525700151920319 -0.9140040278434753
vn 0.3748230040073395 -0.15525700151920319 -0.9140040278434753
vn -0.029176900163292885 0.012086099945008755 -0.9995009899139404
vn -0.02233090065419674 0.022331099957227707 -0.9995009899139404
vn -0.029176900163292885 0.012086099945008755 -0.9995009899139404
vn 0.3748230040073395 -0.15525700151920319 -0.9140040278434753
vn 0.4057050049304962 0 -0.9140040278434753
vn 0.4057050049304962 0 -0.9140040278434753
vn -0.031581901013851166 0 -0.9995009899139404
vn -0.029176900163292885 0.012086099945008755 -0.9995009899139404
vn -0.031581901013851166 0 -0.9995009899139404
vn 0.4057050049304962 0 -0.9140040278434753
vn 0.3748199939727783 0.15525700151920319 -0.9140049815177917
vn 0.3748199939727783 0.15525700151920319 -0.9140049815177917
vn -0.029177900403738022 -0.012085899710655212 -0.9995009899139404
vn -0.031581901013851166 0 -0.9995009899139404
vn -0.029177900403738022 -0.012085899710655212 -0.9995009899139404
vn 0.3748199939727783 0.15525700151920319 -0.9140049815177917
vn 0.28687500953674316 0.28687700629234314 -0.9140040278434753
vn 0.28687500953674316 0.28687700629234314 -0.9140040278434753
vn -0.02233090065419674 -0.02233090065419674 -0.9995009899139404
vn -0.029177900403738022 -0.012085899710655212 -0.9995009899139404
vn -0.02233090065419674 -0.02233090065419674 -0.9995009899139404
vn 0.28687500953674316 0.28687700629234314 -0.9140040278434753
vn 0.1552560031414032 0.3748230040073395 -0.9140040278434753
vn 0.1552560031414032 0.3748230040073395 -0.9140040278434753
vn -0.01208490040153265 -0.029176900163292885 -0.9995009899139404
vn -0.02233090065419674 -0.02233090065419674 -0.9995009899139404
vn -0.01208490040153265 -0.029176900163292885 -0.9995009899139404
vn 0.1552560031414032 0.3748230040073395 -0.9140040278434753
vn -0.08043789863586426 0.40439099073410034 -0.9110419750213623
vn -0.08043789863586426 0.40439099073410034 -0.9110419750213623
vn 0.006281060166656971 -0.03157990053296089 -0.9994810223579407
vn -0.01208490040153265 -0.029176900163292885 -0.9995009899139404
vn 0.19508999586105347 -0.9807850122451782 0
vn 0.19508999586105347 -0.9807850122451782 0
vn -0.38268300890922546 -0.9238799810409546 0
vn -0.38268300890922546 -0.9238799810409546 0
vn -0.38268300890922546 -0.9238799810409546 0
vn 0.19508999586105347 -0.9807850122451782 0
vn -0.38268300890922546 -0.9238799810409546 0
vn -0.38268300890922546 -0.9238799810409546 0
vn -0.7071070075035095 -0.7071070075035095 0
vn -0.7071070075035095 -0.7071070075035095 0
vn -0.7071070075035095 -0.7071070075035095 0
vn -0.38268300890922546 -0.9238799810409546 0
vn -0.7071070075035095 -0.7071070075035095 0
vn -0.7071070075035095 -0.7071070075035095 0
vn -0.9238799810409546 -0.38268300890922546 0
vn -0.9238799810409546 -0.38268300890922546 0
vn -0.9238799810409546 -0.38268300890922546 0
vn -0.7071070075035095 -0.7071070075035095 0
vn -0.9238799810409546 -0.38268300890922546 0
vn -0.9238799810409546 -0.38268300890922546 0
vn -1 0 0
vn -1 0 0
vn -1 0 0
vn -0.9238799810409546 -0.38268300890922546 0
vn -1 0 0
vn -1 0 0
vn -0.9238799810409546 0.38268300890922546 0
vn -0.9238799810409546 0.38268300890922546 0
vn -0.9238799810409546 0.38268300890922546 0
vn -1 0 0
vn -0.9238799810409546 0.38268300890922546 0
vn -0.9238799810409546 0.38268300890922546 0
vn -0.7071070075035095 0.7071070075035095 0
vn -0.7071070075035095 0.7071070075035095 0
vn -0.7071070075035095 0.7071070075035095 0
vn -0.9238799810409546 0.38268300890922546 0
vn -0.7071070075035095 0.7071070075035095 0
vn -0.7071070075035095 0.7071070075035095 0
vn -0.38268300890922546 0.9238799810409546 0
vn -0.38268300890922546 0.9238799810409546 0
vn -0.38268300890922546 0.9238799810409546 0
vn -0.7071070075035095 0.7071070075035095 0
vn -0.38268300890922546 0.9238799810409546 0
vn -0.38268300890922546 0.9238799810409546 0
vn 0.19508999586105347 0.9807850122451782 0
vn 0.19508999586105347 0.9807850122451782 0
vn 0.19508999586105347 0.9807850122451782 0
vn -0.38268300890922546 0.9238799810409546 0
vn 0.12051700055599213 -0.6058809757232666 -0.7863739728927612
vn 0.12051700055599213 -0.6058809757232666 -0.7863739728927612
vn -0.23356199264526367 -0.5638710260391235 -0.7921479940414429
vn -0.23356199264526367 -0.5638710260391235 -0.7921479940414429
vn -0.23356199264526367 -0.5638710260391235 -0.7921479940414429
vn 0.12051700055599213 -0.6058809757232666 -0.7863739728927612
vn -0.0440681017935276 -0.10638999938964844 0.9933469891548157
vn -0.0865480974316597 -0.20894299447536469 0.9740899801254272
vn 0.04493990167975426 -0.22593000531196594 0.9731060266494751
vn 0.04493990167975426 -0.22593000531196594 0.9731060266494751
vn 0.02289789915084839 -0.11512500047683716 0.9930869936943054
vn -0.0440681017935276 -0.10638999938964844 0.9933469891548157
vn -0.23356199264526367 -0.5638710260391235 -0.7921479940414429
vn -0.23356199264526367 -0.5638710260391235 -0.7921479940414429
vn -0.4315670132637024 -0.4315679967403412 -0.7921479940414429
vn -0.4315670132637024 -0.4315679967403412 -0.7921479940414429
vn -0.4315670132637024 -0.4315679967403412 -0.7921479940414429
vn -0.23356199264526367 -0.5638710260391235 -0.7921479940414429
vn -0.08142810314893723 -0.08142700046300888 0.9933469891548157
vn -0.15991899371147156 -0.15991799533367157 0.9740899801254272
vn -0.0865480974316597 -0.20894299447536469 0.9740899801254272
vn -0.0865480974316597 -0.20894299447536469 0.9740899801254272
vn -0.0440681017935276 -0.10638999938964844 0.9933469891548157
vn -0.08142810314893723 -0.08142700046300888 0.9933469891548157
vn -0.4315670132637024 -0.4315679967403412 -0.7921479940414429
vn -0.4315670132637024 -0.4315679967403412 -0.7921479940414429
vn -0.5638710260391235 -0.23356300592422485 -0.7921479940414429
vn -0.5638710260391235 -0.23356300592422485 -0.7921479940414429
vn -0.5638710260391235 -0.23356300592422485 -0.7921479940414429
vn -0.4315670132637024 -0.4315679967403412 -0.7921479940414429
vn -0.10638999938964844 -0.044068001210689545 0.9933469891548157
vn -0.2089419960975647 -0.08654700219631195 0.9740909934043884
vn -0.15991899371147156 -0.15991799533367157 0.9740899801254272
vn -0.15991899371147156 -0.15991799533367157 0.9740899801254272
vn -0.08142810314893723 -0.08142700046300888 0.9933469891548157
vn -0.10638999938964844 -0.044068001210689545 0.9933469891548157
vn -0.5638710260391235 -0.23356300592422485 -0.7921479940414429
vn -0.5638710260391235 -0.23356300592422485 -0.7921479940414429
vn -0.6103280186653137 0 -0.7921479940414429
vn -0.6103280186653137 0 -0.7921479940414429
vn -0.6103280186653137 0 -0.7921479940414429
vn -0.5638710260391235 -0.23356300592422485 -0.7921479940414429
vn -0.11515499651432037 0 0.9933480024337769
vn -0.22615699470043182 0 0.9740909934043884
vn -0.2089419960975647 -0.08654700219631195 0.9740909934043884
vn -0.2089419960975647 -0.08654700219631195 0.9740909934043884
vn -0.10638999938964844 -0.044068001210689545 0.9933469891548157
vn -0.11515499651432037 0 0.9933480024337769
vn -0.6103280186653137 0 -0.7921479940414429
vn -0.6103280186653137 0 -0.7921479940414429
vn -0.5638689994812012 0.23356300592422485 -0.792149007320404
vn -0.5638689994812012 0.23356300592422485 -0.792149007320404
vn -0.5638689994812012 0.23356300592422485 -0.792149007320404
vn -0.6103280186653137 0 -0.7921479940414429
vn -0.10638900101184845 0.044067900627851486 0.9933480024337769
vn -0.20894299447536469 0.08654700219631195 0.9740909934043884
vn -0.22615699470043182 0 0.9740909934043884
vn -0.22615699470043182 0 0.9740909934043884
vn -0.11515499651432037 0 0.9933480024337769
vn -0.10638900101184845 0.044067900627851486 0.9933480024337769
vn -0.5638689994812012 0.23356300592422485 -0.792149007320404
vn -0.5638689994812012 0.23356300592422485 -0.792149007320404
vn -0.4315679967403412 0.4315679967403412 -0.7921479940414429
vn -0.4315679967403412 0.4315679967403412 -0.7921479940414429
vn -0.4315679967403412 0.4315679967403412 -0.7921479940414429
vn -0.5638689994812012 0.23356300592422485 -0.792149007320404
vn -0.08142609894275665 0.08142690360546112 0.9933480024337769
vn -0.15991799533367157 0.15991799533367157 0.9740909934043884
vn -0.20894299447536469 0.08654700219631195 0.9740909934043884
vn -0.20894299447536469 0.08654700219631195 0.9740909934043884
vn -0.10638900101184845 0.044067900627851486 0.9933480024337769
vn -0.08142609894275665 0.08142690360546112 0.9933480024337769
vn -0.4315679967403412 0.4315679967403412 -0.7921479940414429
vn -0.4315679967403412 0.4315679967403412 -0.7921479940414429
vn -0.23356400430202484 0.5638710260391235 -0.7921469807624817
vn -0.23356400430202484 0.5638710260391235 -0.7921469807624817
vn -0.23356400430202484 0.5638710260391235 -0.7921469807624817
vn -0.4315679967403412 0.4315679967403412 -0.7921479940414429
vn -0.0440681017935276 0.10638999938964844 0.9933469891548157
vn -0.08654709905385971 0.20894299447536469 0.9740909934043884
vn -0.15991799533367157 0.15991799533367157 0.9740909934043884
vn -0.15991799533367157 0.15991799533367157 0.9740909934043884
vn -0.08142609894275665 0.08142690360546112 0.9933480024337769
vn -0.0440681017935276 0.10638999938964844 0.9933469891548157
vn -0.23356400430202484 0.5638710260391235 -0.7921469807624817
vn -0.23356400430202484 0.5638710260391235 -0.7921469807624817
vn 0.12051799893379211 0.6058809757232666 -0.7863730192184448
vn 0.12051799893379211 0.6058809757232666 -0.7863730192184448
vn 0.12051799893379211 0.6058809757232666 -0.7863730192184448
vn -0.23356400430202484 0.5638710260391235 -0.7921469807624817
vn 0.022899899631738663 0.11512500047683716 0.9930869936943054
vn 0.04493990167975426 0.22593000531196594 0.9731060266494751
vn -0.08654709905385971 0.20894299447536469 0.9740909934043884
vn -0.08654709905385971 0.20894299447536469 0.9740909934043884
vn -0.0440681017935276 0.10638999938964844 0.9933469891548157
vn 0.022899899631738663 0.11512500047683716 0.9930869936943054
vn -0.9977729916572571 0.06670310348272324 -0.0005629920051433146
vn -1 0 0
vn -0.9238799810409546 -0.38268300890922546 0
vn -0.9238799810409546 -0.38268300890922546 0
vn -0.9238799810409546 -0.38268300890922546 0
vn -0.9977729916572571 0.06670310348272324 -0.0005629920051433146
vn -0.9238799810409546 -0.38268300890922546 0
vn -0.9238799810409546 -0.38268300890922546 0
vn -0.7071070075035095 -0.7071070075035095 0
vn -0.7071070075035095 -0.7071070075035095 0
vn -0.7071070075035095 -0.7071070075035095 0
vn -0.9238799810409546 -0.38268300890922546 0
vn -0.7071070075035095 -0.7071070075035095 0
vn -0.7071070075035095 -0.7071070075035095 0
vn -0.38268300890922546 -0.9238799810409546 0
vn -0.38268300890922546 -0.9238799810409546 0
vn -0.38268300890922546 -0.9238799810409546 0
vn -0.7071070075035095 -0.7071070075035095 0
vn -0.38268300890922546 -0.9238799810409546 0
vn -0.38268300890922546 -0.9238799810409546 0
vn 0.19508999586105347 -0.9807850122451782 0
vn 0.19508999586105347 -0.9807850122451782 0
vn 0.19508999586105347 -0.9807850122451782 0
vn -0.38268300890922546 -0.9238799810409546 0
vn -0.47230100631713867 0.8814370036125183 0
vn -0.22833199799060822 0.9735140204429626 -0.01162589993327856
vn -0.3425559997558594 0.9394649863243103 -0.007852889597415924
vn -0.47230100631713867 0.8814370036125183 0
vn -0.3425559997558594 0.9394649863243103 -0.007852889597415924
vn -0.7071070075035095 0.7071059942245483 0
vn -0.7071070075035095 0.7071059942245483 0
vn -0.7071070075035095 0.7071059942245483 0
vn -0.47230100631713867 0.8814370036125183 0
vn -0.9237229824066162 0.3830600082874298 -0.0004229540063533932
vn -0.7071070075035095 0.7071059942245483 0
vn -0.7071070075035095 0.7071059942245483 0
vn -0.7071070075035095 0.7071059942245483 0
vn -0.9238799810409546 0.38268300890922546 0
vn -0.9237229824066162 0.3830600082874298 -0.0004229540063533932
vn -0.9237229824066162 0.3830600082874298 -0.0004229540063533932
vn -0.9238799810409546 0.38268300890922546 0
vn -1 0 0
vn -1 0 0
vn -0.9977729916572571 0.06670310348272324 -0.0005629920051433146
vn -0.9237229824066162 0.3830600082874298 -0.0004229540063533932
vn -0.9738349914550781 -0.22715599834918976 -0.0068170297890901566
vn -0.9742140173912048 -0.22559800744056702 -0.0034080299083143473
vn -0.9177899956703186 -0.3970620036125183 -0.0017320499755442142
vn -0.9177899956703186 -0.3970620036125183 -0.0017320499755442142
vn -0.9174630045890808 -0.39780500531196594 -0.003464049892500043
vn -0.9738349914550781 -0.22715599834918976 -0.0068170297890901566
vn -0.9174630045890808 -0.39780500531196594 -0.003464049892500043
vn -0.9177899956703186 -0.3970620036125183 -0.0017320499755442142
vn -0.7071070075035095 -0.7071070075035095 0
vn -0.7071070075035095 -0.7071070075035095 0
vn -0.7071070075035095 -0.7071070075035095 0
vn -0.9174630045890808 -0.39780500531196594 -0.003464049892500043
vn -0.7071070075035095 -0.7071070075035095 0
vn -0.7071070075035095 -0.7071070075035095 0
vn -0.38268300890922546 -0.9238799810409546 0
vn -0.38268300890922546 -0.9238799810409546 0
vn -0.38268300890922546 -0.9238799810409546 8.898650207811443e-7
vn -0.7071070075035095 -0.7071070075035095 0
vn -0.38268300890922546 -0.9238799810409546 8.898650207811443e-7
vn -0.38268300890922546 -0.9238799810409546 0
vn 0.19508999586105347 -0.9807850122451782 0
vn 0.19508999586105347 -0.9807850122451782 0
vn 0.19508999586105347 -0.9807850122451782 8.830809861137823e-7
vn -0.38268300890922546 -0.9238799810409546 8.898650207811443e-7
vn 0.10470400005578995 0.9945030212402344 0
vn 0.10470400005578995 0.9945030212402344 0
vn -0.2186879962682724 0.9757949709892273 0
vn -0.2186879962682724 0.9757949709892273 0
vn -0.2186879962682724 0.9757949709892273 0
vn 0.10470400005578995 0.9945030212402344 0
vn -0.5555710196495056 0.8314689993858337 0
vn -0.5555710196495056 0.8314689993858337 0
vn -0.7071070075035095 0.7071059942245483 0
vn -0.7071070075035095 0.7071059942245483 0
vn -0.7071070075035095 0.7071070075035095 0
vn -0.5555710196495056 0.8314689993858337 0
vn -0.9379079937934875 0.34688299894332886 0
vn -0.9237239956855774 0.38305899500846863 0.00042304600356146693
vn -0.7071070075035095 0.7071070075035095 0
vn -0.7071070075035095 0.7071070075035095 0
vn -0.7071070075035095 0.7071059942245483 0
vn -0.9379079937934875 0.34688299894332886 0
vn -0.9237239956855774 0.38305899500846863 0.00042304600356146693
vn -0.9379079937934875 0.34688299894332886 0
vn -0.9803069829940796 0.19747699797153473 0.0008290230180136859
vn -0.9803069829940796 0.19747699797153473 0.0008290230180136859
vn -0.9977729916572571 0.06670310348272324 0.0005620080046355724
vn -0.9237239956855774 0.38305899500846863 0.00042304600356146693
vn -0.9977729916572571 0.06670310348272324 -0.0005629920051433146
vn -0.9977729916572571 0.06670310348272324 0.0005620080046355724
vn -0.9238799810409546 -0.38268300890922546 0
vn -0.9238799810409546 -0.38268300890922546 0
vn -0.9238799810409546 -0.38268300890922546 0
vn -0.9977729916572571 0.06670310348272324 -0.0005629920051433146
vn -0.9238799810409546 -0.38268300890922546 0
vn -0.9238799810409546 -0.38268300890922546 0
vn -0.7071070075035095 -0.7071070075035095 0
vn -0.7071070075035095 -0.7071070075035095 0
vn -0.7071070075035095 -0.7071070075035095 0
vn -0.9238799810409546 -0.38268300890922546 0
vn -0.7071070075035095 -0.7071070075035095 0
vn -0.7071070075035095 -0.7071070075035095 0
vn -0.38268300890922546 -0.9238799810409546 0
vn -0.38268300890922546 -0.9238799810409546 0
vn -0.38268300890922546 -0.9238799810409546 0
vn -0.7071070075035095 -0.7071070075035095 0
vn -0.38268300890922546 -0.9238799810409546 0
vn -0.38268300890922546 -0.9238799810409546 0
vn 0.19508999586105347 -0.9807850122451782 0
vn 0.19508999586105347 -0.9807850122451782 0
vn 0.19508999586105347 -0.9807850122451782 0
vn -0.38268300890922546 -0.9238799810409546 0
vn 0.10470400005578995 0.9945030212402344 0
vn 0.10470400005578995 0.9945030212402344 0
vn -0.2186879962682724 0.9757949709892273 0
vn -0.2186879962682724 0.9757949709892273 0
vn -0.2186879962682724 0.9757949709892273 0
vn 0.10470400005578995 0.9945030212402344 0
vn -0.5555710196495056 0.8314689993858337 0
vn -0.5555710196495056 0.8314689993858337 0
vn -0.7071070075035095 0.7071070075035095 0
vn -0.7071070075035095 0.7071070075035095 0
vn -0.7071070075035095 0.7071070075035095 0
vn -0.5555710196495056 0.8314689993858337 0
vn -0.9237239956855774 0.38305899500846863 -0.0004229540063533932
vn -0.7071070075035095 0.7071070075035095 0
vn -0.7071070075035095 0.7071070075035095 0
vn -0.7071070075035095 0.7071070075035095 0
vn -0.9237239956855774 0.38305899500846863 0.00042304600356146693
vn -0.9237239956855774 0.38305899500846863 -0.0004229540063533932
vn -0.9237239956855774 0.38305899500846863 -0.0004229540063533932
vn -0.9237239956855774 0.38305899500846863 0.00042304600356146693
vn -0.9977729916572571 0.06670310348272324 0.0005620080046355724
vn -0.9977729916572571 0.06670310348272324 0.0005620080046355724
vn -0.9977729916572571 0.06670310348272324 -0.0005629920051433146
vn -0.9237239956855774 0.38305899500846863 -0.0004229540063533932
vn -0.9738349914550781 -0.22715599834918976 -0.0068170297890901566
vn -0.9742140173912048 -0.225599005818367 -0.0034080299083143473
vn -0.9177899956703186 -0.3970620036125183 -0.0017320499755442142
vn -0.9177899956703186 -0.3970620036125183 -0.0017320499755442142
vn -0.9174630045890808 -0.39780598878860474 -0.003464049892500043
vn -0.9738349914550781 -0.22715599834918976 -0.0068170297890901566
vn -0.9174630045890808 -0.39780598878860474 -0.003464049892500043
vn -0.9177899956703186 -0.3970620036125183 -0.0017320499755442142
vn -0.7071070075035095 -0.7071070075035095 0
vn -0.7071070075035095 -0.7071070075035095 0
vn -0.7071070075035095 -0.7071070075035095 9.157059821518487e-7
vn -0.9174630045890808 -0.39780598878860474 -0.003464049892500043
vn -0.7071070075035095 -0.7071070075035095 9.157059821518487e-7
vn -0.7071070075035095 -0.7071070075035095 0
vn -0.38268300890922546 -0.9238799810409546 8.898650207811443e-7
vn -0.38268300890922546 -0.9238799810409546 8.898650207811443e-7
vn -0.38268300890922546 -0.9238799810409546 8.898650207811443e-7
vn -0.7071070075035095 -0.7071070075035095 9.157059821518487e-7
vn -0.38268300890922546 -0.9238799810409546 8.898650207811443e-7
vn -0.38268300890922546 -0.9238799810409546 8.898650207811443e-7
vn 0.19508999586105347 -0.9807850122451782 8.830809861137823e-7
vn 0.19508999586105347 -0.9807850122451782 8.830809861137823e-7
vn 0.19508999586105347 -0.9807850122451782 8.830809861137823e-7
vn -0.38268300890922546 -0.9238799810409546 8.898650207811443e-7
vn 0.10470400005578995 0.9945030212402344 0
vn 0.10470400005578995 0.9945030212402344 0
vn -0.2186879962682724 0.9757949709892273 0
vn -0.2186879962682724 0.9757949709892273 0
vn -0.2186879962682724 0.9757949709892273 0
vn 0.10470400005578995 0.9945030212402344 0
vn -0.5555710196495056 0.8314689993858337 0
vn -0.5555710196495056 0.8314689993858337 0
vn -0.7071070075035095 0.7071070075035095 0
vn -0.7071070075035095 0.7071070075035095 0
vn -0.7071070075035095 0.7071070075035095 0
vn -0.5555710196495056 0.8314689993858337 0
vn -0.9379079937934875 0.34688299894332886 0
vn -0.9237239956855774 0.38305899500846863 0.00042304600356146693
vn -0.7071070075035095 0.7071070075035095 0
vn -0.7071070075035095 0.7071070075035095 0
vn -0.7071070075035095 0.7071070075035095 0
vn -0.9379079937934875 0.34688299894332886 0
vn -0.9237239956855774 0.38305899500846863 0.00042304600356146693
vn -0.9379079937934875 0.34688299894332886 0
vn -0.9803069829940796 0.19747799634933472 0.0008290230180136859
vn -0.9803069829940796 0.19747799634933472 0.0008290230180136859
vn -0.9977729916572571 0.06670310348272324 0.0005620080046355724
vn -0.9237239956855774 0.38305899500846863 0.00042304600356146693
vn -0.9977729916572571 0.06670310348272324 -0.0005629920051433146
vn -0.9977729916572571 0.06670310348272324 0.0005620080046355724
vn -0.9238799810409546 -0.38268300890922546 0
vn -0.9238799810409546 -0.38268300890922546 0
vn -0.9238799810409546 -0.38268300890922546 0
vn -0.9977729916572571 0.06670310348272324 -0.0005629920051433146
vn -0.9238799810409546 -0.38268300890922546 0
vn -0.9238799810409546 -0.38268300890922546 0
vn -0.7071070075035095 -0.7071070075035095 0
vn -0.7071070075035095 -0.7071070075035095 0
vn -0.7071070075035095 -0.7071070075035095 0
vn -0.9238799810409546 -0.38268300890922546 0
vn -0.7071070075035095 -0.7071070075035095 0
vn -0.7071070075035095 -0.7071070075035095 0
vn -0.38268300890922546 -0.9238799810409546 0
vn -0.38268300890922546 -0.9238799810409546 0
vn -0.38268300890922546 -0.9238799810409546 0
vn -0.7071070075035095 -0.7071070075035095 0
vn -0.38268300890922546 -0.9238799810409546 0
vn -0.38268300890922546 -0.9238799810409546 0
vn 0.19508899748325348 -0.9807860255241394 0
vn 0.19508899748325348 -0.9807860255241394 0
vn 0.19508899748325348 -0.9807860255241394 0
vn -0.38268300890922546 -0.9238799810409546 0
vn 0.10470400005578995 0.9945030212402344 0
vn 0.10470400005578995 0.9945030212402344 0
vn -0.2186879962682724 0.9757949709892273 0
vn -0.2186879962682724 0.9757949709892273 0
vn -0.2186879962682724 0.9757949709892273 0
vn 0.10470400005578995 0.9945030212402344 0
vn -0.5555710196495056 0.8314689993858337 0
vn -0.5555710196495056 0.8314689993858337 0
vn -0.7071070075035095 0.7071070075035095 0
vn -0.7071070075035095 0.7071070075035095 0
vn -0.7071070075035095 0.7071070075035095 0
vn -0.5555710196495056 0.8314689993858337 0
vn -0.9237229824066162 0.3830600082874298 -0.0004229540063533932
vn -0.7071070075035095 0.7071070075035095 0
vn -0.7071070075035095 0.7071070075035095 0
vn -0.7071070075035095 0.7071070075035095 0
vn -0.9237239956855774 0.38305899500846863 0.00042304600356146693
vn -0.9237229824066162 0.3830600082874298 -0.0004229540063533932
vn -0.9237229824066162 0.3830600082874298 -0.0004229540063533932
vn -0.9237239956855774 0.38305899500846863 0.00042304600356146693
vn -0.9977729916572571 0.06670310348272324 0.0005620080046355724
vn -0.9977729916572571 0.06670310348272324 0.0005620080046355724
vn -0.9977729916572571 0.06670310348272324 -0.0005629920051433146
vn -0.9237229824066162 0.3830600082874298 -0.0004229540063533932
vn -0.9738349914550781 -0.22715599834918976 -0.0068170297890901566
vn -0.9742140173912048 -0.22559800744056702 -0.0034080299083143473
vn -0.9177899956703186 -0.3970620036125183 -0.0017320499755442142
vn -0.9177899956703186 -0.3970620036125183 -0.0017320499755442142
vn -0.9174630045890808 -0.39780500531196594 -0.003464049892500043
vn -0.9738349914550781 -0.22715599834918976 -0.0068170297890901566
vn -0.9174630045890808 -0.39780500531196594 -0.003464049892500043
vn -0.9177899956703186 -0.3970620036125183 -0.0017320499755442142
vn -0.7071070075035095 -0.7071070075035095 0
vn -0.7071070075035095 -0.7071070075035095 0
vn -0.7071070075035095 -0.7071070075035095 9.157059821518487e-7
vn -0.9174630045890808 -0.39780500531196594 -0.003464049892500043
vn -0.7071070075035095 -0.7071070075035095 9.157059821518487e-7
vn -0.7071070075035095 -0.7071070075035095 0
vn -0.38268300890922546 -0.9238799810409546 0
vn -0.38268300890922546 -0.9238799810409546 0
vn -0.38268300890922546 -0.9238799810409546 8.898650207811443e-7
vn -0.7071070075035095 -0.7071070075035095 9.157059821518487e-7
vn -0.38268300890922546 -0.9238799810409546 8.898650207811443e-7
vn -0.38268300890922546 -0.9238799810409546 0
vn 0.19508999586105347 -0.9807850122451782 0
vn 0.19508999586105347 -0.9807850122451782 0
vn 0.19508999586105347 -0.9807850122451782 8.830809861137823e-7
vn -0.38268300890922546 -0.9238799810409546 8.898650207811443e-7
vn -0.2186879962682724 0.9757949709892273 0
vn 0.10470400005578995 0.9945030212402344 0
vn 0.10470400005578995 0.9945030212402344 0
vn 0.10470400005578995 0.9945030212402344 0
vn -0.2186879962682724 0.9757949709892273 0
vn -0.2186879962682724 0.9757949709892273 0
vn -0.4722999930381775 0.8814380168914795 0
vn -0.5555710196495056 0.8314689993858337 0
vn -0.7071070075035095 0.7071070075035095 0
vn -0.7071070075035095 0.7071070075035095 0
vn -0.7071070075035095 0.7071070075035095 0
vn -0.4722999930381775 0.8814380168914795 0
vn -0.9379079937934875 0.34688299894332886 0
vn -0.9237239956855774 0.38305899500846863 0.00042304600356146693
vn -0.7071070075035095 0.7071070075035095 0
vn -0.7071070075035095 0.7071070075035095 0
vn -0.7071070075035095 0.7071070075035095 0
vn -0.9379079937934875 0.34688299894332886 0
vn -0.9237239956855774 0.38305899500846863 0.00042304600356146693
vn -0.9379079937934875 0.34688299894332886 0
vn -0.9803069829940796 0.19747799634933472 0.0008290230180136859
vn -0.9803069829940796 0.19747799634933472 0.0008290230180136859
vn -0.9977729916572571 0.06670310348272324 0.0005620080046355724
vn -0.9237239956855774 0.38305899500846863 0.00042304600356146693
vn -0.6378970146179199 -0.2696189880371094 0.7213829755783081
vn -0.6860209703445435 -0.14892999827861786 0.7121769785881042
vn -0.6860209703445435 -0.14892999827861786 0.7121769785881042
vn -0.6860209703445435 -0.14892999827861786 0.7121769785881042
vn -0.6378970146179199 -0.2696189880371094 0.7213829755783081
vn -0.6378970146179199 -0.2696189880371094 0.7213829755783081
vn -0.8203219771385193 0.5277910232543945 0.22024700045585632
vn -0.8100699782371521 0.5776090025901794 0.1007699966430664
vn -0.8100699782371521 0.5776090025901794 0.1007699966430664
vn -0.8100699782371521 0.5776090025901794 0.1007699966430664
vn -0.8203219771385193 0.5277910232543945 0.22024700045585632
vn -0.8203219771385193 0.5277910232543945 0.22024700045585632
vn -0.6378970146179199 -0.26962000131607056 -0.7213829755783081
vn -0.6378970146179199 -0.26962000131607056 -0.7213829755783081
vn -0.6860209703445435 -0.14892999827861786 -0.7121760249137878
vn -0.6860209703445435 -0.14892999827861786 -0.7121760249137878
vn -0.6860209703445435 -0.14892999827861786 -0.7121760249137878
vn -0.6378970146179199 -0.26962000131607056 -0.7213829755783081
vn -0.48031100630760193 -0.473268985748291 0.7384560108184814
vn -0.6378970146179199 -0.2696189880371094 0.7213829755783081
vn -0.6378970146179199 -0.2696189880371094 0.7213829755783081
vn -0.6378970146179199 -0.2696189880371094 0.7213829755783081
vn -0.48031100630760193 -0.473268985748291 0.7384560108184814
vn -0.48031100630760193 -0.473268985748291 0.7384560108184814
vn -0.48031100630760193 -0.4732699990272522 -0.7384560108184814
vn -0.48031100630760193 -0.4732699990272522 -0.7384560108184814
vn -0.6378970146179199 -0.26962000131607056 -0.7213829755783081
vn -0.6378970146179199 -0.26962000131607056 -0.7213829755783081
vn -0.6378970146179199 -0.26962000131607056 -0.7213829755783081
vn -0.48031100630760193 -0.4732699990272522 -0.7384560108184814
vn -0.2516010105609894 -0.6009560227394104 0.7586489915847778
vn -0.48031100630760193 -0.473268985748291 0.7384560108184814
vn -0.48031100630760193 -0.473268985748291 0.7384560108184814
vn -0.48031100630760193 -0.473268985748291 0.7384560108184814
vn -0.2516010105609894 -0.6009560227394104 0.7586489915847778
vn -0.2516010105609894 -0.6009560227394104 0.7586489915847778
vn -0.2516010105609894 -0.6009560227394104 -0.7586489915847778
vn -0.2516010105609894 -0.6009560227394104 -0.7586489915847778
vn -0.48031100630760193 -0.4732699990272522 -0.7384560108184814
vn -0.48031100630760193 -0.4732699990272522 -0.7384560108184814
vn -0.48031100630760193 -0.4732699990272522 -0.7384560108184814
vn -0.2516010105609894 -0.6009560227394104 -0.7586489915847778
vn 0.1270039975643158 -0.6384940147399902 0.7590749859809875
vn -0.2516010105609894 -0.6009560227394104 0.7586489915847778
vn -0.2516010105609894 -0.6009560227394104 0.7586489915847778
vn -0.2516010105609894 -0.6009560227394104 0.7586489915847778
vn 0.1270039975643158 -0.6384940147399902 0.7590749859809875
vn 0.1270039975643158 -0.6384940147399902 0.7590749859809875
vn 0.1270039975643158 -0.6384950280189514 -0.7590749859809875
vn 0.1270039975643158 -0.6384950280189514 -0.7590749859809875
vn -0.2516010105609894 -0.6009560227394104 -0.7586489915847778
vn -0.2516010105609894 -0.6009560227394104 -0.7586489915847778
vn -0.2516010105609894 -0.6009560227394104 -0.7586489915847778
vn 0.1270039975643158 -0.6384950280189514 -0.7590749859809875
vn -0.6378970146179199 -0.26962000131607056 0.7213820219039917
vn -0.6860219836235046 -0.14892999827861786 0.7121760249137878
vn -0.6860219836235046 -0.14892999827861786 0.7121760249137878
vn -0.6860219836235046 -0.14892999827861786 0.7121760249137878
vn -0.6378970146179199 -0.26962000131607056 0.7213820219039917
vn -0.6378970146179199 -0.26962000131607056 0.7213820219039917
vn -0.8203219771385193 0.5277910232543945 0.22024700045585632
vn -0.8100699782371521 0.5776090025901794 0.1007699966430664
vn -0.8100699782371521 0.5776090025901794 0.1007699966430664
vn -0.8100699782371521 0.5776090025901794 0.1007699966430664
vn -0.8203219771385193 0.5277910232543945 0.22024700045585632
vn -0.8203219771385193 0.5277910232543945 0.22024700045585632
vn -0.6378980278968811 -0.26962000131607056 -0.7213820219039917
vn -0.6378980278968811 -0.26962000131607056 -0.7213820219039917
vn -0.6860209703445435 -0.14892999827861786 -0.7121760249137878
vn -0.6860209703445435 -0.14892999827861786 -0.7121760249137878
vn -0.6860209703445435 -0.14892999827861786 -0.7121760249137878
vn -0.6378980278968811 -0.26962000131607056 -0.7213820219039917
vn -0.48031100630760193 -0.4732699990272522 0.7384560108184814
vn -0.6378970146179199 -0.26962000131607056 0.7213820219039917
vn -0.6378970146179199 -0.26962000131607056 0.7213820219039917
vn -0.6378970146179199 -0.26962000131607056 0.7213820219039917
vn -0.48031100630760193 -0.4732699990272522 0.7384560108184814
vn -0.48031100630760193 -0.4732699990272522 0.7384560108184814
vn -0.4803119897842407 -0.4732699990272522 -0.7384549975395203
vn -0.4803119897842407 -0.4732699990272522 -0.7384549975395203
vn -0.6378980278968811 -0.26962000131607056 -0.7213820219039917
vn -0.6378980278968811 -0.26962000131607056 -0.7213820219039917
vn -0.6378980278968811 -0.26962000131607056 -0.7213820219039917
vn -0.4803119897842407 -0.4732699990272522 -0.7384549975395203
vn -0.2516010105609894 -0.6009569764137268 0.7586489915847778
vn -0.48031100630760193 -0.4732699990272522 0.7384560108184814
vn -0.48031100630760193 -0.4732699990272522 0.7384560108184814
vn -0.48031100630760193 -0.4732699990272522 0.7384560108184814
vn -0.2516010105609894 -0.6009569764137268 0.7586489915847778
vn -0.2516010105609894 -0.6009569764137268 0.7586489915847778
vn -0.2516019940376282 -0.6009560227394104 -0.7586489915847778
vn -0.2516019940376282 -0.6009560227394104 -0.7586489915847778
vn -0.4803119897842407 -0.4732699990272522 -0.7384549975395203
vn -0.4803119897842407 -0.4732699990272522 -0.7384549975395203
vn -0.4803119897842407 -0.4732699990272522 -0.7384549975395203
vn -0.2516019940376282 -0.6009560227394104 -0.7586489915847778
vn 0.1270039975643158 -0.6384950280189514 0.7590749859809875
vn -0.2516010105609894 -0.6009569764137268 0.7586489915847778
vn -0.2516010105609894 -0.6009569764137268 0.7586489915847778
vn -0.2516010105609894 -0.6009569764137268 0.7586489915847778
vn 0.1270039975643158 -0.6384950280189514 0.7590749859809875
vn 0.1270039975643158 -0.6384950280189514 0.7590749859809875
vn 0.1270039975643158 -0.6384950280189514 -0.7590749859809875
vn 0.1270039975643158 -0.6384950280189514 -0.7590749859809875
vn -0.2516019940376282 -0.6009560227394104 -0.7586489915847778
vn -0.2516019940376282 -0.6009560227394104 -0.7586489915847778
vn -0.2516019940376282 -0.6009560227394104 -0.7586489915847778
vn 0.1270039975643158 -0.6384950280189514 -0.7590749859809875
vn -0.6378970146179199 -0.26962000131607056 0.7213829755783081
vn -0.6860209703445435 -0.14892999827861786 0.7121760249137878
vn -0.6860209703445435 -0.14892999827861786 0.7121760249137878
vn -0.6860209703445435 -0.14892999827861786 0.7121760249137878
vn -0.6378970146179199 -0.26962000131607056 0.7213829755783081
vn -0.6378970146179199 -0.26962000131607056 0.7213829755783081
vn -0.8203210234642029 0.5277919769287109 0.2202479988336563
vn -0.8100699782371521 0.5776090025901794 0.1007699966430664
vn -0.8100699782371521 0.5776090025901794 0.1007699966430664
vn -0.8100699782371521 0.5776090025901794 0.1007699966430664
vn -0.8203210234642029 0.5277919769287109 0.2202479988336563
vn -0.8203210234642029 0.5277919769287109 0.2202479988336563
vn -0.6378970146179199 -0.26962000131607056 -0.7213820219039917
vn -0.6378970146179199 -0.26962000131607056 -0.7213820219039917
vn -0.6860219836235046 -0.14892999827861786 -0.7121750116348267
vn -0.6860219836235046 -0.14892999827861786 -0.7121750116348267
vn -0.6860219836235046 -0.14892999827861786 -0.7121750116348267
vn -0.6378970146179199 -0.26962000131607056 -0.7213820219039917
vn -0.48031100630760193 -0.4732699990272522 0.7384560108184814
vn -0.6378970146179199 -0.26962000131607056 0.7213829755783081
vn -0.6378970146179199 -0.26962000131607056 0.7213829755783081
vn -0.6378970146179199 -0.26962000131607056 0.7213829755783081
vn -0.48031100630760193 -0.4732699990272522 0.7384560108184814
vn -0.48031100630760193 -0.4732699990272522 0.7384560108184814
vn -0.48031100630760193 -0.4732699990272522 -0.7384560108184814
vn -0.48031100630760193 -0.4732699990272522 -0.7384560108184814
vn -0.6378970146179199 -0.26962000131607056 -0.7213820219039917
vn -0.6378970146179199 -0.26962000131607056 -0.7213820219039917
vn -0.6378970146179199 -0.26962000131607056 -0.7213820219039917
vn -0.48031100630760193 -0.4732699990272522 -0.7384560108184814
vn -0.2516019940376282 -0.6009569764137268 0.7586489915847778
vn -0.48031100630760193 -0.4732699990272522 0.7384560108184814
vn -0.48031100630760193 -0.4732699990272522 0.7384560108184814
vn -0.48031100630760193 -0.4732699990272522 0.7384560108184814
vn -0.2516019940376282 -0.6009569764137268 0.7586489915847778
vn -0.2516019940376282 -0.6009569764137268 0.7586489915847778
vn -0.2516019940376282 -0.6009560227394104 -0.7586489915847778
vn -0.2516019940376282 -0.6009560227394104 -0.7586489915847778
vn -0.48031100630760193 -0.4732699990272522 -0.7384560108184814
vn -0.48031100630760193 -0.4732699990272522 -0.7384560108184814
vn -0.48031100630760193 -0.4732699990272522 -0.7384560108184814
vn -0.2516019940376282 -0.6009560227394104 -0.7586489915847778
vn 0.1270039975643158 -0.6384950280189514 0.7590749859809875
vn -0.2516019940376282 -0.6009569764137268 0.7586489915847778
vn -0.2516019940376282 -0.6009569764137268 0.7586489915847778
vn -0.2516019940376282 -0.6009569764137268 0.7586489915847778
vn 0.1270039975643158 -0.6384950280189514 0.7590749859809875
vn 0.1270039975643158 -0.6384950280189514 0.7590749859809875
vn 0.1270039975643158 -0.6384950280189514 -0.7590749859809875
vn 0.1270039975643158 -0.6384950280189514 -0.7590749859809875
vn -0.2516019940376282 -0.6009560227394104 -0.7586489915847778
vn -0.2516019940376282 -0.6009560227394104 -0.7586489915847778
vn -0.2516019940376282 -0.6009560227394104 -0.7586489915847778
vn 0.1270039975643158 -0.6384950280189514 -0.7590749859809875
vn -0.9803069829940796 0.19747799634933472 -0.0008289759862236679
vn -0.9379079937934875 0.34688299894332886 0
vn -0.9237229824066162 0.3830600082874298 -0.0004229540063533932
vn -0.9237229824066162 0.3830600082874298 -0.0004229540063533932
vn -0.9977729916572571 0.06670310348272324 -0.0005629920051433146
vn -0.9803069829940796 0.19747799634933472 -0.0008289759862236679
vn -0.8100699782371521 0.5776090025901794 -0.10077100247144699
vn -0.8100699782371521 0.5776090025901794 -0.10077100247144699
vn -0.8203219771385193 0.5277910232543945 -0.2202479988336563
vn -0.8203219771385193 0.5277910232543945 -0.2202479988336563
vn -0.8203219771385193 0.5277910232543945 -0.2202479988336563
vn -0.8100699782371521 0.5776090025901794 -0.10077100247144699
vn -0.9177899956703186 -0.3970620036125183 0.001731949974782765
vn -0.9742140173912048 -0.225599005818367 0.0034079700708389282
vn -0.9738349914550781 -0.22715599834918976 0.006816970184445381
vn -0.9738349914550781 -0.22715599834918976 0.006816970184445381
vn -0.9174630045890808 -0.39780500531196594 0.0034639500081539154
vn -0.9177899956703186 -0.3970620036125183 0.001731949974782765
vn -0.9177899956703186 -0.3970620036125183 0.001731949974782765
vn -0.9174630045890808 -0.39780500531196594 0.0034639500081539154
vn -0.7071070075035095 -0.7071070075035095 0
vn -0.7071070075035095 -0.7071070075035095 0
vn -0.7071070075035095 -0.7071070075035095 0
vn -0.9177899956703186 -0.3970620036125183 0.001731949974782765
vn -0.7071070075035095 -0.7071070075035095 0
vn -0.7071070075035095 -0.7071070075035095 0
vn -0.38268300890922546 -0.9238799810409546 0
vn -0.38268300890922546 -0.9238799810409546 0
vn -0.38268300890922546 -0.9238799810409546 0
vn -0.7071070075035095 -0.7071070075035095 0
vn -0.38268300890922546 -0.9238799810409546 0
vn -0.38268300890922546 -0.9238799810409546 0
vn 0.19508999586105347 -0.9807850122451782 0
vn 0.19508999586105347 -0.9807850122451782 0
vn 0.19508999586105347 -0.9807850122451782 0
vn -0.38268300890922546 -0.9238799810409546 0
vn 0.10470400005578995 0.9945030212402344 0
vn 0.10470300167798996 0.9945030212402344 0
vn -0.2186879962682724 0.9757949709892273 0
vn -0.2186879962682724 0.9757949709892273 0
vn -0.2186879962682724 0.9757949709892273 0
vn 0.10470400005578995 0.9945030212402344 0
vn -0.5555710196495056 0.8314689993858337 0
vn -0.47230100631713867 0.8814370036125183 0
vn -0.7071070075035095 0.7071059942245483 0
vn -0.7071070075035095 0.7071059942245483 0
vn -0.7071070075035095 0.7071059942245483 0
vn -0.5555710196495056 0.8314689993858337 0
vn -0.9379079937934875 0.34688299894332886 0
vn -0.7071070075035095 0.7071059942245483 0
vn -0.7071070075035095 0.7071059942245483 0
vn -0.7071070075035095 0.7071059942245483 0
vn -0.9237229824066162 0.3830600082874298 -0.0004229540063533932
vn -0.9379079937934875 0.34688299894332886 0
vn -0.9803069829940796 0.19747699797153473 0.0008290230180136859
vn -0.9379079937934875 0.34688299894332886 0
vn -0.9803069829940796 0.19747799634933472 -0.0008289759862236679
vn -0.8100699782371521 0.5776090025901794 0.1007699966430664
vn -0.8100699782371521 0.5776090025901794 -0.10077100247144699
vn -0.8100699782371521 0.5776090025901794 -0.10077100247144699
vn -0.8100699782371521 0.5776090025901794 -0.10077100247144699
vn -0.8100699782371521 0.5776090025901794 0.1007699966430664
vn -0.8100699782371521 0.5776090025901794 0.1007699966430664
vn -0.9742140173912048 -0.22559800744056702 -0.0034080299083143473
vn -0.9742140173912048 -0.225599005818367 0.0034079700708389282
vn -0.9177899956703186 -0.3970620036125183 0.001731949974782765
vn -0.9177899956703186 -0.3970620036125183 0.001731949974782765
vn -0.9177899956703186 -0.3970620036125183 -0.0017320499755442142
vn -0.9742140173912048 -0.22559800744056702 -0.0034080299083143473
vn -0.9177899956703186 -0.3970620036125183 -0.0017320499755442142
vn -0.9177899956703186 -0.3970620036125183 0.001731949974782765
vn -0.7071070075035095 -0.7071070075035095 0
vn -0.7071070075035095 -0.7071070075035095 0
vn -0.7071070075035095 -0.7071070075035095 0
vn -0.9177899956703186 -0.3970620036125183 -0.0017320499755442142
vn -0.7071070075035095 -0.7071070075035095 0
vn -0.7071070075035095 -0.7071070075035095 0
vn -0.38268300890922546 -0.9238799810409546 0
vn -0.38268300890922546 -0.9238799810409546 0
vn -0.38268300890922546 -0.9238799810409546 0
vn -0.7071070075035095 -0.7071070075035095 0
vn -0.38268300890922546 -0.9238799810409546 0
vn -0.38268300890922546 -0.9238799810409546 0
vn 0.19508999586105347 -0.9807850122451782 0
vn 0.19508999586105347 -0.9807850122451782 0
vn 0.19508999586105347 -0.9807850122451782 0
vn -0.38268300890922546 -0.9238799810409546 0
vn -0.9803069829940796 0.19747799634933472 -0.0008289759862236679
vn -0.9379079937934875 0.34688299894332886 0
vn -0.9237239956855774 0.38305899500846863 -0.0004229540063533932
vn -0.9237239956855774 0.38305899500846863 -0.0004229540063533932
vn -0.9977729916572571 0.06670310348272324 -0.0005629920051433146
vn -0.9803069829940796 0.19747799634933472 -0.0008289759862236679
vn -0.8100699782371521 0.5776090025901794 -0.10077100247144699
vn -0.8100699782371521 0.5776090025901794 -0.10077100247144699
vn -0.8203210234642029 0.5277919769287109 -0.2202479988336563
vn -0.8203210234642029 0.5277919769287109 -0.2202479988336563
vn -0.8203210234642029 0.5277919769287109 -0.2202479988336563
vn -0.8100699782371521 0.5776090025901794 -0.10077100247144699
vn -0.9177899956703186 -0.3970620036125183 0.001731949974782765
vn -0.9742140173912048 -0.225599005818367 0.0034079700708389282
vn -0.9738349914550781 -0.22715599834918976 0.006816970184445381
vn -0.9738349914550781 -0.22715599834918976 0.006816970184445381
vn -0.9174630045890808 -0.39780500531196594 0.0034639500081539154
vn -0.9177899956703186 -0.3970620036125183 0.001731949974782765
vn -0.9177899956703186 -0.3970620036125183 0.001731949974782765
vn -0.9174630045890808 -0.39780500531196594 0.0034639500081539154
vn -0.7071070075035095 -0.7071070075035095 0
vn -0.7071070075035095 -0.7071070075035095 0
vn -0.7071070075035095 -0.7071070075035095 0
vn -0.9177899956703186 -0.3970620036125183 0.001731949974782765
vn -0.7071070075035095 -0.7071070075035095 0
vn -0.7071070075035095 -0.7071070075035095 0
vn -0.38268300890922546 -0.9238799810409546 0
vn -0.38268300890922546 -0.9238799810409546 0
vn -0.38268300890922546 -0.9238799810409546 0
vn -0.7071070075035095 -0.7071070075035095 0
vn -0.38268300890922546 -0.9238799810409546 0
vn -0.38268300890922546 -0.9238799810409546 0
vn 0.19508999586105347 -0.9807850122451782 0
vn 0.19508999586105347 -0.9807850122451782 0
vn 0.19508999586105347 -0.9807850122451782 0
vn -0.38268300890922546 -0.9238799810409546 0
vn 0.10470400005578995 0.9945030212402344 0
vn 0.10470400005578995 0.9945030212402344 0
vn -0.2186879962682724 0.9757949709892273 0
vn -0.2186879962682724 0.9757949709892273 0
vn -0.2186879962682724 0.9757949709892273 0
vn 0.10470400005578995 0.9945030212402344 0
vn -0.5555710196495056 0.8314689993858337 0
vn -0.5555710196495056 0.8314689993858337 0
vn -0.7071070075035095 0.7071070075035095 0
vn -0.7071070075035095 0.7071070075035095 0
vn -0.7071070075035095 0.7071070075035095 0
vn -0.5555710196495056 0.8314689993858337 0
vn -0.9379079937934875 0.34688299894332886 0
vn -0.7071070075035095 0.7071070075035095 0
vn -0.7071070075035095 0.7071070075035095 0
vn -0.7071070075035095 0.7071070075035095 0
vn -0.9237239956855774 0.38305899500846863 -0.0004229540063533932
vn -0.9379079937934875 0.34688299894332886 0
vn -0.9803069829940796 0.19747799634933472 0.0008290230180136859
vn -0.9379079937934875 0.34688299894332886 0
vn -0.9803069829940796 0.19747799634933472 -0.0008289759862236679
vn -0.8100699782371521 0.5776090025901794 0.1007699966430664
vn -0.8100699782371521 0.5776090025901794 -0.10077100247144699
vn -0.8100699782371521 0.5776090025901794 -0.10077100247144699
vn -0.8100699782371521 0.5776090025901794 -0.10077100247144699
vn -0.8100699782371521 0.5776090025901794 0.1007699966430664
vn -0.8100699782371521 0.5776090025901794 0.1007699966430664
vn -0.9742140173912048 -0.225599005818367 -0.0034080299083143473
vn -0.9742140173912048 -0.225599005818367 0.0034079700708389282
vn -0.9177899956703186 -0.3970620036125183 0.001731949974782765
vn -0.9177899956703186 -0.3970620036125183 0.001731949974782765
vn -0.9177899956703186 -0.3970620036125183 -0.0017320499755442142
vn -0.9742140173912048 -0.225599005818367 -0.0034080299083143473
vn -0.9177899956703186 -0.3970620036125183 -0.0017320499755442142
vn -0.9177899956703186 -0.3970620036125183 0.001731949974782765
vn -0.7071070075035095 -0.7071070075035095 0
vn -0.7071070075035095 -0.7071070075035095 0
vn -0.7071070075035095 -0.7071070075035095 0
vn -0.9177899956703186 -0.3970620036125183 -0.0017320499755442142
vn -0.7071070075035095 -0.7071070075035095 0
vn -0.7071070075035095 -0.7071070075035095 0
vn -0.38268300890922546 -0.9238799810409546 0
vn -0.38268300890922546 -0.9238799810409546 0
vn -0.38268300890922546 -0.9238799810409546 8.898650207811443e-7
vn -0.7071070075035095 -0.7071070075035095 0
vn -0.38268300890922546 -0.9238799810409546 8.898650207811443e-7
vn -0.38268300890922546 -0.9238799810409546 0
vn 0.19508999586105347 -0.9807850122451782 0
vn 0.19508999586105347 -0.9807850122451782 0
vn 0.19508999586105347 -0.9807850122451782 8.830809861137823e-7
vn -0.38268300890922546 -0.9238799810409546 8.898650207811443e-7
vn -0.9803069829940796 0.19747799634933472 -0.0008289759862236679
vn -0.9379079937934875 0.34688299894332886 0
vn -0.9237229824066162 0.3830600082874298 -0.0004229540063533932
vn -0.9237229824066162 0.3830600082874298 -0.0004229540063533932
vn -0.9977729916572571 0.06670310348272324 -0.0005629920051433146
vn -0.9803069829940796 0.19747799634933472 -0.0008289759862236679
vn -0.8100699782371521 0.5776090025901794 -0.10077100247144699
vn -0.8100699782371521 0.5776090025901794 -0.10077100247144699
vn -0.8203210234642029 0.5277919769287109 -0.2202479988336563
vn -0.8203210234642029 0.5277919769287109 -0.2202479988336563
vn -0.8203210234642029 0.5277919769287109 -0.2202479988336563
vn -0.8100699782371521 0.5776090025901794 -0.10077100247144699
vn -0.9177899956703186 -0.3970620036125183 0.001731949974782765
vn -0.9742140173912048 -0.225599005818367 0.0034079700708389282
vn -0.9738349914550781 -0.22715599834918976 0.006816970184445381
vn -0.9738349914550781 -0.22715599834918976 0.006816970184445381
vn -0.9174630045890808 -0.39780500531196594 0.0034639500081539154
vn -0.9177899956703186 -0.3970620036125183 0.001731949974782765
vn -0.9177899956703186 -0.3970620036125183 0.001731949974782765
vn -0.9174630045890808 -0.39780500531196594 0.0034639500081539154
vn -0.7071070075035095 -0.7071070075035095 0
vn -0.7071070075035095 -0.7071070075035095 0
vn -0.7071070075035095 -0.7071070075035095 0
vn -0.9177899956703186 -0.3970620036125183 0.001731949974782765
vn -0.7071070075035095 -0.7071070075035095 0
vn -0.7071070075035095 -0.7071070075035095 0
vn -0.38268300890922546 -0.9238799810409546 0
vn -0.38268300890922546 -0.9238799810409546 0
vn -0.38268300890922546 -0.9238799810409546 0
vn -0.7071070075035095 -0.7071070075035095 0
vn -0.38268300890922546 -0.9238799810409546 0
vn -0.38268300890922546 -0.9238799810409546 0
vn 0.19508999586105347 -0.9807850122451782 0
vn 0.19508999586105347 -0.9807850122451782 0
vn 0.19508999586105347 -0.9807850122451782 0
vn -0.38268300890922546 -0.9238799810409546 0
vn 0.10470400005578995 0.9945030212402344 0
vn 0.10470400005578995 0.9945030212402344 0
vn -0.2186879962682724 0.9757949709892273 0
vn -0.2186879962682724 0.9757949709892273 0
vn -0.2186879962682724 0.9757949709892273 0
vn 0.10470400005578995 0.9945030212402344 0
vn -0.5555710196495056 0.8314689993858337 0
vn -0.5555710196495056 0.8314689993858337 0
vn -0.7071070075035095 0.7071070075035095 0
vn -0.7071070075035095 0.7071070075035095 0
vn -0.7071070075035095 0.7071070075035095 0
vn -0.5555710196495056 0.8314689993858337 0
vn -0.9379079937934875 0.34688299894332886 0
vn -0.7071070075035095 0.7071070075035095 0
vn -0.7071070075035095 0.7071070075035095 0
vn -0.7071070075035095 0.7071070075035095 0
vn -0.9237229824066162 0.3830600082874298 -0.0004229540063533932
vn -0.9379079937934875 0.34688299894332886 0
vn -0.9803069829940796 0.19747799634933472 0.0008290230180136859
vn -0.9379079937934875 0.34688299894332886 0
vn -0.9803069829940796 0.19747799634933472 -0.0008289759862236679
vn -0.8100699782371521 0.5776090025901794 0.1007699966430664
vn -0.8100699782371521 0.5776090025901794 -0.10077100247144699
vn -0.8100699782371521 0.5776090025901794 -0.10077100247144699
vn -0.8100699782371521 0.5776090025901794 -0.10077100247144699
vn -0.8100699782371521 0.5776090025901794 0.1007699966430664
vn -0.8100699782371521 0.5776090025901794 0.1007699966430664
vn -0.9742140173912048 -0.22559800744056702 -0.0034080299083143473
vn -0.9742140173912048 -0.225599005818367 0.0034079700708389282
vn -0.9177899956703186 -0.3970620036125183 0.001731949974782765
vn -0.9177899956703186 -0.3970620036125183 0.001731949974782765
vn -0.9177899956703186 -0.3970620036125183 -0.0017320499755442142
vn -0.9742140173912048 -0.22559800744056702 -0.0034080299083143473
vn -0.9177899956703186 -0.3970620036125183 -0.0017320499755442142
vn -0.9177899956703186 -0.3970620036125183 0.001731949974782765
vn -0.7071070075035095 -0.7071070075035095 0
vn -0.7071070075035095 -0.7071070075035095 0
vn -0.7071070075035095 -0.7071070075035095 0
vn -0.9177899956703186 -0.3970620036125183 -0.0017320499755442142
vn -0.7071070075035095 -0.7071070075035095 0
vn -0.7071070075035095 -0.7071070075035095 0
vn -0.38268300890922546 -0.9238799810409546 0
vn -0.38268300890922546 -0.9238799810409546 0
vn -0.38268300890922546 -0.9238799810409546 0
vn -0.7071070075035095 -0.7071070075035095 0
vn -0.38268300890922546 -0.9238799810409546 0
vn -0.38268300890922546 -0.9238799810409546 0
vn 0.19508999586105347 -0.9807850122451782 0
vn 0.19508999586105347 -0.9807850122451782 0
vn 0.19508999586105347 -0.9807850122451782 0
vn -0.38268300890922546 -0.9238799810409546 0
vn -0.3425549864768982 0.9394649863243103 0.007853110320866108
vn -0.22833099961280823 0.9735140204429626 0.011625099927186966
vn -0.4722999930381775 0.8814380168914795 0
vn -0.22833199799060822 0.9735140204429626 -0.01162589993327856
vn 0.16313600540161133 0.986329972743988 -0.023226900026202202
vn 0.16313600540161133 0.986329972743988 -0.023226900026202202
vn 0.16313600540161133 0.986329972743988 -0.023226900026202202
vn -0.3425559997558594 0.9394649863243103 -0.007852889597415924
vn -0.22833199799060822 0.9735140204429626 -0.01162589993327856
vn -0.2186879962682724 0.9757949709892273 0
vn -0.2186879962682724 0.9757949709892273 0
vn -0.3297550082206726 0.9440670013427734 0
vn -0.3297550082206726 0.9440670013427734 0
vn -0.3297550082206726 0.9440670013427734 0
vn -0.2186879962682724 0.9757949709892273 0
vn -0.2186879962682724 0.9757949709892273 0
vn -0.2186879962682724 0.9757949709892273 0
vn -0.3297550082206726 0.9440670013427734 0
vn -0.3297550082206726 0.9440670013427734 0
vn -0.3297539949417114 0.9440670013427734 0
vn -0.2186879962682724 0.9757949709892273 0
vn -0.2186879962682724 0.9757949709892273 0
vn -0.2186879962682724 0.9757949709892273 0
vn -0.3297539949417114 0.9440670013427734 0
vn -0.3297539949417114 0.9440670013427734 0
vn -0.3297539949417114 0.9440670013427734 0
vn -0.2186879962682724 0.9757949709892273 0
vn -0.2186879962682724 0.9757949709892273 0
vn -0.2186879962682724 0.9757949709892273 0
vn -0.3297539949417114 0.9440670013427734 0
vn -0.3297539949417114 0.9440670013427734 0
vn -0.3297539949417114 0.9440670013427734 0
vn -0.2186879962682724 0.9757949709892273 0
vn -0.2186879962682724 0.9757949709892273 0
vn -0.2186879962682724 0.9757949709892273 0
vn -0.3297539949417114 0.9440670013427734 0
vn -0.3297539949417114 0.9440670013427734 0
vn -0.3297539949417114 0.9440670013427734 0
vn -0.2186879962682724 0.9757949709892273 0
vn -0.2186879962682724 0.9757949709892273 0
vn -0.2186879962682724 0.9757949709892273 0
vn -0.3297539949417114 0.9440670013427734 0
vn -0.3297539949417114 0.9440670013427734 0
vn -0.3297539949417114 0.9440670013427734 0
vn -0.2186879962682724 0.9757949709892273 0
vn -0.2186879962682724 0.9757949709892273 0
vn -0.2186879962682724 0.9757949709892273 0
vn -0.3297539949417114 0.9440670013427734 0
vn -0.3297539949417114 0.9440670013427734 0
vn -0.3297539949417114 0.9440670013427734 0
vn -0.2186879962682724 0.9757949709892273 0
vn -0.3297539949417114 0.9440670013427734 0
vn -0.2186879962682724 0.9757949709892273 0
vn -0.2186879962682724 0.9757949709892273 0
vn -0.2186879962682724 0.9757949709892273 0
vn -0.3297539949417114 0.9440670013427734 0
vn -0.3297539949417114 0.9440670013427734 0
vn -0.42407500743865967 0.8011990189552307 0.4221850037574768
vn 0.2328680008649826 0.7975130081176758 0.556547999382019
vn 0.2328680008649826 0.7975130081176758 0.556547999382019
vn 0.2328680008649826 0.7975130081176758 0.556547999382019
vn -0.42407500743865967 0.8011990189552307 0.4221850037574768
vn -0.42407500743865967 0.8011990189552307 0.4221850037574768
vn -0.42407599091529846 0.8011990189552307 -0.4221850037574768
vn -0.42407599091529846 0.8011990189552307 -0.4221850037574768
vn 0.2328680008649826 0.7975119948387146 -0.5565490126609802
vn 0.2328680008649826 0.7975119948387146 -0.5565490126609802
vn 0.2328680008649826 0.7975119948387146 -0.5565490126609802
vn -0.42407599091529846 0.8011990189552307 -0.4221850037574768
vn -0.6649190187454224 0.7347409725189209 -0.13430699706077576
vn -0.6649190187454224 0.7347409725189209 -0.13430699706077576
vn -0.42407599091529846 0.8011990189552307 -0.4221850037574768
vn -0.42407599091529846 0.8011990189552307 -0.4221850037574768
vn -0.42407599091529846 0.8011990189552307 -0.4221850037574768
vn -0.6649190187454224 0.7347409725189209 -0.13430699706077576
vn -0.7319179773330688 0.681393027305603 0
vn -0.7319179773330688 0.681393027305603 0
vn -0.6649190187454224 0.7347409725189209 -0.13430699706077576
vn -0.6649190187454224 0.7347409725189209 -0.13430699706077576
vn -0.6649190187454224 0.7347409725189209 -0.13430699706077576
vn -0.7319179773330688 0.681393027305603 0
vn -0.7319179773330688 0.681393027305603 0
vn -0.7319179773330688 0.681393027305603 0
vn -0.7319179773330688 0.681393027305603 0
vn -0.7319179773330688 0.681393027305603 0
vn -0.7319179773330688 0.681393027305603 0
vn -0.7319179773330688 0.681393027305603 0
vn -0.7319179773330688 0.6813920140266418 0
vn -0.7319179773330688 0.6813920140266418 0
vn -0.7319179773330688 0.681393027305603 0
vn -0.7319179773330688 0.681393027305603 0
vn -0.7319179773330688 0.681393027305603 0
vn -0.7319179773330688 0.6813920140266418 0
vn -0.73191899061203 0.6813920140266418 0
vn -0.73191899061203 0.6813920140266418 0
vn -0.7319179773330688 0.6813920140266418 0
vn -0.7319179773330688 0.6813920140266418 0
vn -0.7319179773330688 0.6813920140266418 0
vn -0.73191899061203 0.6813920140266418 0
vn -0.73191899061203 0.6813920140266418 0
vn -0.7319179773330688 0.6813920140266418 0
vn -0.7319179773330688 0.6813920140266418 0
vn -0.7319179773330688 0.6813920140266418 0
vn -0.73191899061203 0.6813920140266418 0
vn -0.73191899061203 0.6813920140266418 0
vn -0.7319179773330688 0.6813920140266418 0
vn -0.7319179773330688 0.6813920140266418 0
vn -0.7319179773330688 0.6813920140266418 0
vn -0.7319179773330688 0.6813920140266418 0
vn -0.7319179773330688 0.6813920140266418 0
vn -0.7319179773330688 0.6813920140266418 0
vn -0.7319179773330688 0.6813920140266418 0
vn -0.7319179773330688 0.6813920140266418 0
vn -0.7319179773330688 0.6813920140266418 0
vn -0.7319179773330688 0.6813920140266418 0
vn -0.7319179773330688 0.6813920140266418 0
vn -0.7319179773330688 0.6813920140266418 0
vn -0.6649190187454224 0.7347409725189209 0.13430699706077576
vn -0.42407500743865967 0.8011990189552307 0.4221850037574768
vn -0.42407500743865967 0.8011990189552307 0.4221850037574768
vn -0.42407500743865967 0.8011990189552307 0.4221850037574768
vn -0.6649190187454224 0.7347409725189209 0.13430699706077576
vn -0.6649190187454224 0.7347409725189209 0.13430699706077576
vn -0.7319179773330688 0.6813920140266418 0
vn -0.6649190187454224 0.7347409725189209 0.13430699706077576
vn -0.6649190187454224 0.7347409725189209 0.13430699706077576
vn -0.6649190187454224 0.7347409725189209 0.13430699706077576
vn -0.7319179773330688 0.6813920140266418 0
vn -0.7319179773330688 0.6813920140266418 0

vt 0.45715901255607605 0.9308080077171326
vt 0.46362799406051636 0.9395890235900879
vt 0.44876399636268616 0.9523569941520691
vt 0.44876399636268616 0.9523569941520691
vt 0.4411900043487549 0.9448980093002319
vt 0.45715901255607605 0.9308080077171326
vt 0.47520801424980164 0.9199249744415283
vt 0.4795829951763153 0.9293509721755981
vt 0.46362799406051636 0.9395890235900879
vt 0.46362799406051636 0.9395890235900879
vt 0.45715901255607605 0.9308080077171326
vt 0.47520801424980164 0.9199249744415283
vt 0.49442899227142334 0.9118520021438599
vt 0.4973849952220917 0.9221500158309937
vt 0.4795829951763153 0.9293509721755981
vt 0.4795829951763153 0.9293509721755981
vt 0.47520801424980164 0.9199249744415283
vt 0.49442899227142334 0.9118520021438599
vt 0.5145729780197144 0.9073479771614075
vt 0.5159779787063599 0.9177650213241577
vt 0.4973849952220917 0.9221500158309937
vt 0.4973849952220917 0.9221500158309937
vt 0.49442899227142334 0.9118520021438599
vt 0.5145729780197144 0.9073479771614075
vt 0.5354470014572144 0.9056919813156128
vt 0.5352010130882263 0.9165560007095337
vt 0.5159779787063599 0.9177650213241577
vt 0.5159779787063599 0.9177650213241577
vt 0.5145729780197144 0.9073479771614075
vt 0.5354470014572144 0.9056919813156128
vt 0.5561140179634094 0.907630980014801
vt 0.5541179776191711 0.9181100130081177
vt 0.5352010130882263 0.9165560007095337
vt 0.5352010130882263 0.9165560007095337
vt 0.5354470014572144 0.9056919813156128
vt 0.5561140179634094 0.907630980014801
vt 0.5761970281600952 0.9123960137367249
vt 0.5724200010299683 0.9227449893951416
vt 0.5541179776191711 0.9181100130081177
vt 0.5541179776191711 0.9181100130081177
vt 0.5561140179634094 0.907630980014801
vt 0.5761970281600952 0.9123960137367249
vt 0.5949140191078186 0.9206669926643372
vt 0.5897089838981628 0.930010974407196
vt 0.5724200010299683 0.9227449893951416
vt 0.5724200010299683 0.9227449893951416
vt 0.5761970281600952 0.9123960137367249
vt 0.5949140191078186 0.9206669926643372
vt 0.5949140191078186 0.9206669926643372
vt 0.6125839948654175 0.9314720034599304
vt 0.6053079962730408 0.9403030276298523
vt 0.6053079962730408 0.9403030276298523
vt 0.5897089838981628 0.930010974407196
vt 0.5949140191078186 0.9206669926643372
vt 0.627606987953186 0.9453539848327637
vt 0.6196849942207336 0.952688992023468
vt 0.6053079962730408 0.9403030276298523
vt 0.6053079962730408 0.9403030276298523
vt 0.6125839948654175 0.9314720034599304
vt 0.627606987953186 0.9453539848327637
vt 0.6405630111694336 0.9610199928283691
vt 0.6323300004005432 0.9680330157279968
vt 0.6196849942207336 0.952688992023468
vt 0.6196849942207336 0.952688992023468
vt 0.627606987953186 0.9453539848327637
vt 0.6405630111694336 0.9610199928283691
vt 0.4411900043487549 0.9448980093002319
vt 0.44876399636268616 0.9523569941520691
vt 0.435712993144989 0.967972993850708
vt 0.435712993144989 0.967972993850708
vt 0.42747101187705994 0.9607110023498535
vt 0.4411900043487549 0.9448980093002319
vt 0.5729979872703552 0.965628981590271
vt 0.5729960203170776 0.9567880034446716
vt 0.5894920229911804 0.9612069725990295
vt 0.5729960203170776 0.9567880034446716
vt 0.5774170160293579 0.9491320252418518
vt 0.5894920229911804 0.9612069725990295
vt 0.5774170160293579 0.9491320252418518
vt 0.5850719809532166 0.9447129964828491
vt 0.5894920229911804 0.9612069725990295
vt 0.5850719809532166 0.9447129964828491
vt 0.5939130187034607 0.9447129964828491
vt 0.5894920229911804 0.9612069725990295
vt 0.5939130187034607 0.9447129964828491
vt 0.6015679836273193 0.9491320252418518
vt 0.5894920229911804 0.9612069725990295
vt 0.6015679836273193 0.9491320252418518
vt 0.6059880256652832 0.9567880034446716
vt 0.5894920229911804 0.9612069725990295
vt 0.6059880256652832 0.9567880034446716
vt 0.605987012386322 0.9656270146369934
vt 0.5894920229911804 0.9612069725990295
vt 0.605987012386322 0.9656270146369934
vt 0.6015689969062805 0.9732850193977356
vt 0.5894920229911804 0.9612069725990295
vt 0.6015689969062805 0.9732850193977356
vt 0.5939130187034607 0.9777029752731323
vt 0.5894920229911804 0.9612069725990295
vt 0.5939130187034607 0.9777029752731323
vt 0.5850729942321777 0.9777029752731323
vt 0.5894920229911804 0.9612069725990295
vt 0.5850729942321777 0.9777029752731323
vt 0.5774170160293579 0.9732840061187744
vt 0.5894920229911804 0.9612069725990295
vt 0.5774170160293579 0.9732840061187744
vt 0.5729979872703552 0.965628981590271
vt 0.5894920229911804 0.9612069725990295
vt 0.5897089838981628 0.930010974407196
vt 0.5858309864997864 0.9360150098800659
vt 0.5695779919624329 0.9291880130767822
vt 0.5695779919624329 0.9291880130767822
vt 0.5724200010299683 0.9227449893951416
vt 0.5897089838981628 0.930010974407196
vt 0.5724200010299683 0.9227449893951416
vt 0.5695779919624329 0.9291880130767822
vt 0.5526990294456482 0.9248650074005127
vt 0.5526990294456482 0.9248650074005127
vt 0.5541179776191711 0.9181100130081177
vt 0.5724200010299683 0.9227449893951416
vt 0.5541179776191711 0.9181100130081177
vt 0.5526990294456482 0.9248650074005127
vt 0.5351359844207764 0.9235100150108337
vt 0.5351359844207764 0.9235100150108337
vt 0.5352010130882263 0.9165560007095337
vt 0.5541179776191711 0.9181100130081177
vt 0.5352010130882263 0.9165560007095337
vt 0.5351359844207764 0.9235100150108337
vt 0.5173889994621277 0.9244949817657471
vt 0.5173889994621277 0.9244949817657471
vt 0.5159779787063599 0.9177650213241577
vt 0.5352010130882263 0.9165560007095337
vt 0.5159779787063599 0.9177650213241577
vt 0.5173889994621277 0.9244949817657471
vt 0.5002120137214661 0.9285789728164673
vt 0.5002120137214661 0.9285789728164673
vt 0.4973849952220917 0.9221500158309937
vt 0.5159779787063599 0.9177650213241577
vt 0.4973849952220917 0.9221500158309937
vt 0.5002120137214661 0.9285789728164673
vt 0.4833880066871643 0.9354379773139954
vt 0.4833880066871643 0.9354379773139954
vt 0.4795829951763153 0.9293509721755981
vt 0.4973849952220917 0.9221500158309937
vt 0.4795829951763153 0.9293509721755981
vt 0.4833880066871643 0.9354379773139954
vt 0.46771401166915894 0.9450759887695312
vt 0.46771401166915894 0.9450759887695312
vt 0.46362799406051636 0.9395890235900879
vt 0.4795829951763153 0.9293509721755981
vt 0.46362799406051636 0.9395890235900879
vt 0.46771401166915894 0.9450759887695312
vt 0.45350998640060425 0.9570800065994263
vt 0.45350998640060425 0.9570800065994263
vt 0.44876399636268616 0.9523569941520691
vt 0.46362799406051636 0.9395890235900879
vt 0.44876399636268616 0.9523569941520691
vt 0.45350998640060425 0.9570800065994263
vt 0.44156599044799805 0.9714630246162415
vt 0.44156599044799805 0.9714630246162415
vt 0.435712993144989 0.967972993850708
vt 0.44876399636268616 0.9523569941520691
vt 0.6323300004005432 0.9680330157279968
vt 0.6264579892158508 0.9714630246162415
vt 0.6145820021629333 0.957368016242981
vt 0.6145820021629333 0.957368016242981
vt 0.6196849942207336 0.952688992023468
vt 0.6323300004005432 0.9680330157279968
vt 0.6196849942207336 0.952688992023468
vt 0.6145820021629333 0.957368016242981
vt 0.6010379791259766 0.9454780220985413
vt 0.6010379791259766 0.9454780220985413
vt 0.6053079962730408 0.9403030276298523
vt 0.6196849942207336 0.952688992023468
vt 0.6053079962730408 0.9403030276298523
vt 0.6010379791259766 0.9454780220985413
vt 0.5858309864997864 0.9360150098800659
vt 0.5858309864997864 0.9360150098800659
vt 0.5897089838981628 0.930010974407196
vt 0.6053079962730408 0.9403030276298523
vt 0.5713019967079163 0.955265998840332
vt 0.5668560266494751 0.9568660259246826
vt 0.5585209727287292 0.9429839849472046
vt 0.5585209727287292 0.9429839849472046
vt 0.5615720152854919 0.9395390152931213
vt 0.5713019967079163 0.955265998840332
vt 0.571478009223938 0.9738050103187561
vt 0.5669519901275635 0.9728890061378479
vt 0.5668560266494751 0.9568660259246826
vt 0.5668560266494751 0.9568660259246826
vt 0.5713019967079163 0.955265998840332
vt 0.571478009223938 0.9738050103187561
vt 0.5622590184211731 0.9900149703025818
vt 0.559162974357605 0.9867569804191589
vt 0.5669519901275635 0.9728890061378479
vt 0.5669519901275635 0.9728890061378479
vt 0.571478009223938 0.9738050103187561
vt 0.5622590184211731 0.9900149703025818
vt 0.5463420152664185 0.999235987663269
vt 0.5456299781799316 0.9947230219841003
vt 0.559162974357605 0.9867569804191589
vt 0.559162974357605 0.9867569804191589
vt 0.5622590184211731 0.9900149703025818
vt 0.5463420152664185 0.999235987663269
vt 0.5284950137138367 0.9992499947547913
vt 0.5298720002174377 0.9951930046081543
vt 0.5456299781799316 0.9947230219841003
vt 0.5456299781799316 0.9947230219841003
vt 0.5463420152664185 0.999235987663269
vt 0.5284950137138367 0.9992499947547913
vt 0.5127919912338257 0.9907979965209961
vt 0.5158420205116272 0.9874690175056458
vt 0.5298720002174377 0.9951930046081543
vt 0.5298720002174377 0.9951930046081543
vt 0.5284950137138367 0.9992499947547913
vt 0.5127919912338257 0.9907979965209961
vt 0.5032250285148621 0.9756159782409668
vt 0.5074589848518372 0.9739459753036499
vt 0.5158420205116272 0.9874690175056458
vt 0.5158420205116272 0.9874690175056458
vt 0.5127919912338257 0.9907979965209961
vt 0.5032250285148621 0.9756159782409668
vt 0.5024939775466919 0.9572100043296814
vt 0.5071579813957214 0.9579179883003235
vt 0.5074589848518372 0.9739459753036499
vt 0.5074589848518372 0.9739459753036499
vt 0.5032250285148621 0.9756159782409668
vt 0.5024939775466919 0.9572100043296814
vt 0.5024939775466919 0.9572100043296814
vt 0.5113530158996582 0.9404609799385071
vt 0.5148630142211914 0.9438350200653076
vt 0.5148630142211914 0.9438350200653076
vt 0.5071579813957214 0.9579179883003235
vt 0.5024939775466919 0.9572100043296814
vt 0.5276529788970947 0.9309390187263489
vt 0.5285360217094421 0.9356110095977783
vt 0.5148630142211914 0.9438350200653076
vt 0.5148630142211914 0.9438350200653076
vt 0.5113530158996582 0.9404609799385071
vt 0.5276529788970947 0.9309390187263489
vt 0.5458379983901978 0.9309390187263489
vt 0.5444999933242798 0.935155987739563
vt 0.5285360217094421 0.9356110095977783
vt 0.5285360217094421 0.9356110095977783
vt 0.5276529788970947 0.9309390187263489
vt 0.5458379983901978 0.9309390187263489
vt 0.5615720152854919 0.9395390152931213
vt 0.5585209727287292 0.9429839849472046
vt 0.5444999933242798 0.935155987739563
vt 0.5444999933242798 0.935155987739563
vt 0.5458379983901978 0.9309390187263489
vt 0.5615720152854919 0.9395390152931213
vt 0.5553010106086731 0.9464409947395325
vt 0.5623980164527893 0.9583269953727722
vt 0.5372570157051086 0.9652770161628723
vt 0.5623980164527893 0.9583269953727722
vt 0.5622869729995728 0.9717779755592346
vt 0.5372570157051086 0.9652770161628723
vt 0.5622869729995728 0.9717779755592346
vt 0.5558850169181824 0.9834290146827698
vt 0.5372570157051086 0.9652770161628723
vt 0.5558850169181824 0.9834290146827698
vt 0.5444610118865967 0.9901440143585205
vt 0.5372570157051086 0.9652770161628723
vt 0.5444610118865967 0.9901440143585205
vt 0.5310850143432617 0.9907010197639465
vt 0.5372570157051086 0.9652770161628723
vt 0.5310850143432617 0.9907010197639465
vt 0.5191479921340942 0.9841110110282898
vt 0.5372570157051086 0.9652770161628723
vt 0.5191479921340942 0.9841110110282898
vt 0.5119689702987671 0.9725520014762878
vt 0.5372570157051086 0.9652770161628723
vt 0.5119689702987671 0.9725520014762878
vt 0.5119540095329285 0.9590659737586975
vt 0.5372570157051086 0.9652770161628723
vt 0.5119540095329285 0.9590659737586975
vt 0.5183249711990356 0.9472870230674744
vt 0.5372570157051086 0.9652770161628723
vt 0.5183249711990356 0.9472870230674744
vt 0.5298240184783936 0.940322995185852
vt 0.5372570157051086 0.9652770161628723
vt 0.5298240184783936 0.940322995185852
vt 0.5433359742164612 0.9398390054702759
vt 0.5372570157051086 0.9652770161628723
vt 0.5433359742164612 0.9398390054702759
vt 0.5553010106086731 0.9464409947395325
vt 0.5372570157051086 0.9652770161628723
vt 0.5071579813957214 0.9579179883003235
vt 0.5119540095329285 0.9590659737586975
vt 0.5119689702987671 0.9725520014762878
vt 0.5119689702987671 0.9725520014762878
vt 0.5074589848518372 0.9739459753036499
vt 0.5071579813957214 0.9579179883003235
vt 0.5074589848518372 0.9739459753036499
vt 0.5119689702987671 0.9725520014762878
vt 0.5191479921340942 0.9841110110282898
vt 0.5191479921340942 0.9841110110282898
vt 0.5158420205116272 0.9874690175056458
vt 0.5074589848518372 0.9739459753036499
vt 0.5158420205116272 0.9874690175056458
vt 0.5191479921340942 0.9841110110282898
vt 0.5310850143432617 0.9907010197639465
vt 0.5310850143432617 0.9907010197639465
vt 0.5298720002174377 0.9951930046081543
vt 0.5158420205116272 0.9874690175056458
vt 0.5298720002174377 0.9951930046081543
vt 0.5310850143432617 0.9907010197639465
vt 0.5444610118865967 0.9901440143585205
vt 0.5444610118865967 0.9901440143585205
vt 0.5456299781799316 0.9947230219841003
vt 0.5298720002174377 0.9951930046081543
vt 0.5456299781799316 0.9947230219841003
vt 0.5444610118865967 0.9901440143585205
vt 0.5558850169181824 0.9834290146827698
vt 0.5558850169181824 0.9834290146827698
vt 0.559162974357605 0.9867569804191589
vt 0.5456299781799316 0.9947230219841003
vt 0.559162974357605 0.9867569804191589
vt 0.5558850169181824 0.9834290146827698
vt 0.5622869729995728 0.9717779755592346
vt 0.5622869729995728 0.9717779755592346
vt 0.5669519901275635 0.9728890061378479
vt 0.559162974357605 0.9867569804191589
vt 0.5669519901275635 0.9728890061378479
vt 0.5622869729995728 0.9717779755592346
vt 0.5623980164527893 0.9583269953727722
vt 0.5623980164527893 0.9583269953727722
vt 0.5668560266494751 0.9568660259246826
vt 0.5669519901275635 0.9728890061378479
vt 0.5668560266494751 0.9568660259246826
vt 0.5623980164527893 0.9583269953727722
vt 0.5553010106086731 0.9464409947395325
vt 0.5553010106086731 0.9464409947395325
vt 0.5585209727287292 0.9429839849472046
vt 0.5668560266494751 0.9568660259246826
vt 0.5585209727287292 0.9429839849472046
vt 0.5553010106086731 0.9464409947395325
vt 0.5433359742164612 0.9398390054702759
vt 0.5433359742164612 0.9398390054702759
vt 0.5444999933242798 0.935155987739563
vt 0.5585209727287292 0.9429839849472046
vt 0.5444999933242798 0.935155987739563
vt 0.5433359742164612 0.9398390054702759
vt 0.5298240184783936 0.940322995185852
vt 0.5298240184783936 0.940322995185852
vt 0.5285360217094421 0.9356110095977783
vt 0.5444999933242798 0.935155987739563
vt 0.5285360217094421 0.9356110095977783
vt 0.5298240184783936 0.940322995185852
vt 0.5183249711990356 0.9472870230674744
vt 0.5183249711990356 0.9472870230674744
vt 0.5148630142211914 0.9438350200653076
vt 0.5285360217094421 0.9356110095977783
vt 0.5148630142211914 0.9438350200653076
vt 0.5183249711990356 0.9472870230674744
vt 0.5119540095329285 0.9590659737586975
vt 0.5119540095329285 0.9590659737586975
vt 0.5071579813957214 0.9579179883003235
vt 0.5148630142211914 0.9438350200653076
vt 0.7597410082817078 0.9821829795837402
vt 0.7039240002632141 0.9449639916419983
vt 0.8253909945487976 0.8232619762420654
vt 0.7039240002632141 0.9449639916419983
vt 0.6666020154953003 0.8892220258712769
vt 0.8253909945487976 0.8232619762420654
vt 0.6666020154953003 0.8892220258712769
vt 0.6534410119056702 0.8234239816665649
vt 0.8253909945487976 0.8232619762420654
vt 0.6534410119056702 0.8234239816665649
vt 0.6664689779281616 0.757614016532898
vt 0.8253909945487976 0.8232619762420654
vt 0.6664689779281616 0.757614016532898
vt 0.7036939859390259 0.7017949819564819
vt 0.8253909945487976 0.8232619762420654
vt 0.7036939859390259 0.7017949819564819
vt 0.759440004825592 0.6644660234451294
vt 0.8253909945487976 0.8232619762420654
vt 0.759440004825592 0.6644660234451294
vt 0.8252270221710205 0.6513140201568604
vt 0.8253909945487976 0.8232619762420654
vt 0.8252270221710205 0.6513140201568604
vt 0.8910419940948486 0.6643419861793518
vt 0.8253909945487976 0.8232619762420654
vt 0.8910419940948486 0.6643419861793518
vt 0.9468669891357422 0.7015699744224548
vt 0.8253909945487976 0.8232619762420654
vt 0.9468669891357422 0.7015699744224548
vt 0.9841899871826172 0.7573140263557434
vt 0.8253909945487976 0.8232619762420654
vt 0.9841899871826172 0.7573140263557434
vt 0.9973400235176086 0.8231030106544495
vt 0.8253909945487976 0.8232619762420654
vt 0.9973400235176086 0.8231030106544495
vt 0.9843149781227112 0.8889150023460388
vt 0.8253909945487976 0.8232619762420654
vt 0.9843149781227112 0.8889150023460388
vt 0.9470949769020081 0.9447360038757324
vt 0.8253909945487976 0.8232619762420654
vt 0.9470949769020081 0.9447360038757324
vt 0.8913459777832031 0.9820569753646851
vt 0.8253909945487976 0.8232619762420654
vt 0.8913459777832031 0.9820569753646851
vt 0.8255550265312195 0.9952080249786377
vt 0.8253909945487976 0.8232619762420654
vt 0.8255550265312195 0.9952080249786377
vt 0.7597410082817078 0.9821829795837402
vt 0.8253909945487976 0.8232619762420654
vt 0.5846549868583679 0.006415999960154295
vt 0.5846549868583679 0.05527700111269951
vt 0.6804050207138062 0.05527700111269951
vt 0.6804050207138062 0.05527700111269951
vt 0.6804080009460449 0.006415999960154295
vt 0.5846549868583679 0.006415999960154295
vt 0.5846549868583679 0.05527700111269951
vt 0.5846549868583679 0.10413800179958344
vt 0.6804050207138062 0.10413800179958344
vt 0.6804050207138062 0.10413800179958344
vt 0.6804050207138062 0.05527700111269951
vt 0.5846549868583679 0.05527700111269951
vt 0.5846549868583679 0.10413800179958344
vt 0.5846549868583679 0.15299999713897705
vt 0.680404007434845 0.15299999713897705
vt 0.680404007434845 0.15299999713897705
vt 0.6804050207138062 0.10413800179958344
vt 0.5846549868583679 0.10413800179958344
vt 0.5846549868583679 0.15299999713897705
vt 0.5846549868583679 0.20186099410057068
vt 0.680404007434845 0.20186099410057068
vt 0.680404007434845 0.20186099410057068
vt 0.680404007434845 0.15299999713897705
vt 0.5846549868583679 0.15299999713897705
vt 0.5846549868583679 0.20186099410057068
vt 0.5846570134162903 0.2507230043411255
vt 0.6804080009460449 0.2507230043411255
vt 0.6804080009460449 0.2507230043411255
vt 0.680404007434845 0.20186099410057068
vt 0.5846549868583679 0.20186099410057068
vt 0.5846549868583679 0.29958298802375793
vt 0.6804080009460449 0.29958298802375793
vt 0.6804080009460449 0.2507230043411255
vt 0.6804080009460449 0.2507230043411255
vt 0.5846570134162903 0.2507230043411255
vt 0.5846549868583679 0.29958298802375793
vt 0.5846549868583679 0.29958298802375793
vt 0.5846570134162903 0.3484460115432739
vt 0.6804080009460449 0.34844499826431274
vt 0.6804080009460449 0.34844499826431274
vt 0.6804080009460449 0.29958298802375793
vt 0.5846549868583679 0.29958298802375793
vt 0.6058629751205444 0.3734999895095825
vt 0.6122879981994629 0.3975430130958557
vt 0.6804869771003723 0.3973050117492676
vt 0.6804869771003723 0.3973050117492676
vt 0.6804080009460449 0.34844499826431274
vt 0.6058629751205444 0.3734999895095825
vt 0.8338789939880371 0.2626889944076538
vt 0.8055040240287781 0.19603699445724487
vt 0.8063279986381531 0.26853498816490173
vt 0.857134997844696 0.24689200520515442
vt 0.8055040240287781 0.19603699445724487
vt 0.8338789939880371 0.2626889944076538
vt 0.8725460171699524 0.22330999374389648
vt 0.8055040240287781 0.19603699445724487
vt 0.857134997844696 0.24689200520515442
vt 0.8778359889984131 0.19566300511360168
vt 0.8055040240287781 0.19603699445724487
vt 0.8725460171699524 0.22330999374389648
vt 0.8722659945487976 0.16803400218486786
vt 0.8055040240287781 0.19603699445724487
vt 0.8778359889984131 0.19566300511360168
vt 0.8565279841423035 0.1446949988603592
vt 0.8055040240287781 0.19603699445724487
vt 0.8722659945487976 0.16803400218486786
vt 0.8331030011177063 0.12916800379753113
vt 0.8055040240287781 0.19603699445724487
vt 0.8565279841423035 0.1446949988603592
vt 0.8055040240287781 0.12363699823617935
vt 0.8055040240287781 0.19603699445724487
vt 0.8331030011177063 0.12916800379753113
vt 0.21734300255775452 0.8763909935951233
vt 0.22510500252246857 0.9302110075950623
vt 0.3191379904747009 0.9142919778823853
vt 0.3191379904747009 0.9142919778823853
vt 0.31171101331710815 0.862438976764679
vt 0.21734300255775452 0.8763909935951233
vt 0.3067289888858795 0.79694002866745
vt 0.20436300337314606 0.8046140074729919
vt 0.2088100016117096 0.863955020904541
vt 0.2088100016117096 0.863955020904541
vt 0.31171101331710815 0.862438976764679
vt 0.3067289888858795 0.79694002866745
vt 0.19991399347782135 0.745274007320404
vt 0.20436300337314606 0.8046140074729919
vt 0.3067289888858795 0.79694002866745
vt 0.3067289888858795 0.79694002866745
vt 0.302280992269516 0.7376000285148621
vt 0.19991399347782135 0.745274007320404
vt 0.30081701278686523 0.6781129837036133
vt 0.20542700588703156 0.6781119704246521
vt 0.2068769931793213 0.7310460209846497
vt 0.2068769931793213 0.7310460209846497
vt 0.302280992269516 0.7376000285148621
vt 0.30081701278686523 0.6781129837036133
vt 0.2068769931793213 0.6251789927482605
vt 0.20542700588703156 0.6781119704246521
vt 0.30081701278686523 0.6781129837036133
vt 0.30081701278686523 0.6781129837036133
vt 0.302280992269516 0.6186220049858093
vt 0.2068769931793213 0.6251789927482605
vt 0.20436300337314606 0.5516080260276794
vt 0.19991399347782135 0.6109489798545837
vt 0.302280992269516 0.6186220049858093
vt 0.302280992269516 0.6186220049858093
vt 0.3067280054092407 0.5592820048332214
vt 0.20436300337314606 0.5516080260276794
vt 0.20881099998950958 0.49226701259613037
vt 0.20436300337314606 0.5516080260276794
vt 0.3067280054092407 0.5592820048332214
vt 0.3067280054092407 0.5592820048332214
vt 0.31171101331710815 0.49378401041030884
vt 0.20881099998950958 0.49226701259613037
vt 0.3191379904747009 0.4419279992580414
vt 0.22510500252246857 0.42601099610328674
vt 0.21734200417995453 0.4798299968242645
vt 0.21734200417995453 0.4798299968242645
vt 0.31171101331710815 0.49378401041030884
vt 0.3191379904747009 0.4419279992580414
vt 0.3216249942779541 0.8617479801177979
vt 0.3316969871520996 0.9214029908180237
vt 0.43629199266433716 0.9102410078048706
vt 0.43629199266433716 0.9102410078048706
vt 0.42349499464035034 0.8528609871864319
vt 0.3216249942779541 0.8617479801177979
vt 0.3126299977302551 0.8011040091514587
vt 0.3216249942779541 0.8617479801177979
vt 0.42349499464035034 0.8528609871864319
vt 0.42349499464035034 0.8528609871864319
vt 0.4137580096721649 0.7948470115661621
vt 0.3126299977302551 0.8011040091514587
vt 0.3066140115261078 0.7399320006370544
vt 0.3126299977302551 0.8011040091514587
vt 0.4137580096721649 0.7948470115661621
vt 0.4137580096721649 0.7948470115661621
vt 0.4075219929218292 0.7361329793930054
vt 0.3066140115261078 0.7399320006370544
vt 0.3041450083255768 0.6784279942512512
vt 0.3066140115261078 0.7399320006370544
vt 0.4075219929218292 0.7361329793930054
vt 0.4075219929218292 0.7361329793930054
vt 0.405021995306015 0.6774119734764099
vt 0.3041450083255768 0.6784279942512512
vt 0.30556198954582214 0.6166290044784546
vt 0.3041450083255768 0.6784279942512512
vt 0.405021995306015 0.6774119734764099
vt 0.405021995306015 0.6774119734764099
vt 0.40656599402427673 0.6188210248947144
vt 0.30556198954582214 0.6166290044784546
vt 0.31049901247024536 0.5544229745864868
vt 0.30556198954582214 0.6166290044784546
vt 0.40656599402427673 0.6188210248947144
vt 0.40656599402427673 0.6188210248947144
vt 0.41228801012039185 0.5597580075263977
vt 0.31049901247024536 0.5544229745864868
vt 0.3188219964504242 0.49272599816322327
vt 0.31049901247024536 0.5544229745864868
vt 0.41228801012039185 0.5597580075263977
vt 0.41228801012039185 0.5597580075263977
vt 0.4220989942550659 0.5015519857406616
vt 0.3188219964504242 0.49272599816322327
vt 0.3290709853172302 0.43192601203918457
vt 0.3188219964504242 0.49272599816322327
vt 0.4220989942550659 0.5015519857406616
vt 0.4220989942550659 0.5015519857406616
vt 0.435261994600296 0.4438619911670685
vt 0.3290709853172302 0.43192601203918457
vt 0.5483919978141785 0.823731005191803
vt 0.5622659921646118 0.8694289922714233
vt 0.6021419763565063 0.849577009677887
vt 0.6021419763565063 0.849577009677887
vt 0.5895329713821411 0.8088849782943726
vt 0.5483919978141785 0.823731005191803
vt 0.5392910242080688 0.7751340270042419
vt 0.5483919978141785 0.823731005191803
vt 0.5895329713821411 0.8088849782943726
vt 0.5895329713821411 0.8088849782943726
vt 0.5810530185699463 0.7654709815979004
vt 0.5392910242080688 0.7751340270042419
vt 0.5341929793357849 0.7264350056648254
vt 0.5392910242080688 0.7751340270042419
vt 0.5810530185699463 0.7654709815979004
vt 0.5810530185699463 0.7654709815979004
vt 0.5771430134773254 0.7214980125427246
vt 0.5341929793357849 0.7264350056648254
vt 0.5329099893569946 0.6776430010795593
vt 0.5341929793357849 0.7264350056648254
vt 0.5771430134773254 0.7214980125427246
vt 0.5771430134773254 0.7214980125427246
vt 0.5754290223121643 0.6774629950523376
vt 0.5329099893569946 0.6776430010795593
vt 0.5339509844779968 0.6287490129470825
vt 0.5329099893569946 0.6776430010795593
vt 0.5754290223121643 0.6774629950523376
vt 0.5754290223121643 0.6774629950523376
vt 0.5762370228767395 0.6332209706306458
vt 0.5339509844779968 0.6287490129470825
vt 0.5389130115509033 0.5800139904022217
vt 0.5339509844779968 0.6287490129470825
vt 0.5762370228767395 0.6332209706306458
vt 0.5762370228767395 0.6332209706306458
vt 0.5804920196533203 0.5894989967346191
vt 0.5389130115509033 0.5800139904022217
vt 0.5481320023536682 0.5312640070915222
vt 0.5389130115509033 0.5800139904022217
vt 0.5804920196533203 0.5894989967346191
vt 0.5804920196533203 0.5894989967346191
vt 0.5891789793968201 0.5461230278015137
vt 0.5481320023536682 0.5312640070915222
vt 0.5624889731407166 0.48535799980163574
vt 0.5481320023536682 0.5312640070915222
vt 0.5891789793968201 0.5461230278015137
vt 0.5891789793968201 0.5461230278015137
vt 0.6021419763565063 0.5055670142173767
vt 0.5624889731407166 0.48535799980163574
vt 0.46532198786735535 0.8462679982185364
vt 0.47938400506973267 0.9011080265045166
vt 0.5198789834976196 0.8881660103797913
vt 0.5198789834976196 0.8881660103797913
vt 0.5060030221939087 0.8378379940986633
vt 0.46532198786735535 0.8462679982185364
vt 0.4554480016231537 0.7905600070953369
vt 0.46532198786735535 0.8462679982185364
vt 0.5060030221939087 0.8378379940986633
vt 0.5060030221939087 0.8378379940986633
vt 0.4965369999408722 0.7844740152359009
vt 0.4554480016231537 0.7905600070953369
vt 0.44961100816726685 0.7338340282440186
vt 0.4554480016231537 0.7905600070953369
vt 0.4965369999408722 0.7844740152359009
vt 0.4965369999408722 0.7844740152359009
vt 0.4908899962902069 0.7307980060577393
vt 0.44961100816726685 0.7338340282440186
vt 0.44736701250076294 0.677482008934021
vt 0.44961100816726685 0.7338340282440186
vt 0.4908899962902069 0.7307980060577393
vt 0.4908899962902069 0.7307980060577393
vt 0.488986998796463 0.6776019930839539
vt 0.44736701250076294 0.677482008934021
vt 0.4489609897136688 0.6212120056152344
vt 0.44736701250076294 0.677482008934021
vt 0.488986998796463 0.6776019930839539
vt 0.488986998796463 0.6776019930839539
vt 0.49028798937797546 0.6246320009231567
vt 0.4489609897136688 0.6212120056152344
vt 0.4545139968395233 0.5643180012702942
vt 0.4489609897136688 0.6212120056152344
vt 0.49028798937797546 0.6246320009231567
vt 0.49028798937797546 0.6246320009231567
vt 0.49566200375556946 0.570743978023529
vt 0.4545139968395233 0.5643180012702942
vt 0.4643000066280365 0.5079100131988525
vt 0.4545139968395233 0.5643180012702942
vt 0.49566200375556946 0.570743978023529
vt 0.49566200375556946 0.570743978023529
vt 0.5053690075874329 0.5170159935951233
vt 0.4643000066280365 0.5079100131988525
vt 0.4785340130329132 0.4530999958515167
vt 0.4643000066280365 0.5079100131988525
vt 0.5053690075874329 0.5170159935951233
vt 0.5053690075874329 0.5170159935951233
vt 0.5196030139923096 0.4663119912147522
vt 0.4785340130329132 0.4530999958515167
vt 0.42349499464035034 0.8528609871864319
vt 0.43629199266433716 0.9102410078048706
vt 0.47938400506973267 0.9011080265045166
vt 0.47938400506973267 0.9011080265045166
vt 0.46532198786735535 0.8462679982185364
vt 0.42349499464035034 0.8528609871864319
vt 0.4137580096721649 0.7948470115661621
vt 0.42349499464035034 0.8528609871864319
vt 0.46532198786735535 0.8462679982185364
vt 0.46532198786735535 0.8462679982185364
vt 0.4554480016231537 0.7905600070953369
vt 0.4137580096721649 0.7948470115661621
vt 0.4075219929218292 0.7361329793930054
vt 0.4137580096721649 0.7948470115661621
vt 0.4554480016231537 0.7905600070953369
vt 0.4554480016231537 0.7905600070953369
vt 0.44961100816726685 0.7338340282440186
vt 0.4075219929218292 0.7361329793930054
vt 0.405021995306015 0.6774119734764099
vt 0.4075219929218292 0.7361329793930054
vt 0.44961100816726685 0.7338340282440186
vt 0.44961100816726685 0.7338340282440186
vt 0.44736701250076294 0.677482008934021
vt 0.405021995306015 0.6774119734764099
vt 0.40656599402427673 0.6188210248947144
vt 0.405021995306015 0.6774119734764099
vt 0.44736701250076294 0.677482008934021
vt 0.44736701250076294 0.677482008934021
vt 0.4489609897136688 0.6212120056152344
vt 0.40656599402427673 0.6188210248947144
vt 0.41228801012039185 0.5597580075263977
vt 0.40656599402427673 0.6188210248947144
vt 0.4489609897136688 0.6212120056152344
vt 0.4489609897136688 0.6212120056152344
vt 0.4545139968395233 0.5643180012702942
vt 0.41228801012039185 0.5597580075263977
vt 0.4220989942550659 0.5015519857406616
vt 0.41228801012039185 0.5597580075263977
vt 0.4545139968395233 0.5643180012702942
vt 0.4545139968395233 0.5643180012702942
vt 0.4643000066280365 0.5079100131988525
vt 0.4220989942550659 0.5015519857406616
vt 0.435261994600296 0.4438619911670685
vt 0.4220989942550659 0.5015519857406616
vt 0.4643000066280365 0.5079100131988525
vt 0.4643000066280365 0.5079100131988525
vt 0.4785340130329132 0.4530999958515167
vt 0.435261994600296 0.4438619911670685
vt 0.5060030221939087 0.8378379940986633
vt 0.5198789834976196 0.8881660103797913
vt 0.5622659921646118 0.8694289922714233
vt 0.5622659921646118 0.8694289922714233
vt 0.5483919978141785 0.823731005191803
vt 0.5060030221939087 0.8378379940986633
vt 0.4965369999408722 0.7844740152359009
vt 0.5060030221939087 0.8378379940986633
vt 0.5483919978141785 0.823731005191803
vt 0.5483919978141785 0.823731005191803
vt 0.5392910242080688 0.7751340270042419
vt 0.4965369999408722 0.7844740152359009
vt 0.4908899962902069 0.7307980060577393
vt 0.4965369999408722 0.7844740152359009
vt 0.5392910242080688 0.7751340270042419
vt 0.5392910242080688 0.7751340270042419
vt 0.5341929793357849 0.7264350056648254
vt 0.4908899962902069 0.7307980060577393
vt 0.488986998796463 0.6776019930839539
vt 0.4908899962902069 0.7307980060577393
vt 0.5341929793357849 0.7264350056648254
vt 0.5341929793357849 0.7264350056648254
vt 0.5329099893569946 0.6776430010795593
vt 0.488986998796463 0.6776019930839539
vt 0.49028798937797546 0.6246320009231567
vt 0.488986998796463 0.6776019930839539
vt 0.5329099893569946 0.6776430010795593
vt 0.5329099893569946 0.6776430010795593
vt 0.5339509844779968 0.6287490129470825
vt 0.49028798937797546 0.6246320009231567
vt 0.49566200375556946 0.570743978023529
vt 0.49028798937797546 0.6246320009231567
vt 0.5339509844779968 0.6287490129470825
vt 0.5339509844779968 0.6287490129470825
vt 0.5389130115509033 0.5800139904022217
vt 0.49566200375556946 0.570743978023529
vt 0.5053690075874329 0.5170159935951233
vt 0.49566200375556946 0.570743978023529
vt 0.5389130115509033 0.5800139904022217
vt 0.5389130115509033 0.5800139904022217
vt 0.5481320023536682 0.5312640070915222
vt 0.5053690075874329 0.5170159935951233
vt 0.5196030139923096 0.4663119912147522
vt 0.5053690075874329 0.5170159935951233
vt 0.5481320023536682 0.5312640070915222
vt 0.5481320023536682 0.5312640070915222
vt 0.5624889731407166 0.48535799980163574
vt 0.5196030139923096 0.4663119912147522
vt 0.6211940050125122 0.865477979183197
vt 0.6211940050125122 0.9163709878921509
vt 0.632902979850769 0.9163709878921509
vt 0.632902979850769 0.9163709878921509
vt 0.632902979850769 0.865477979183197
vt 0.6211940050125122 0.865477979183197
vt 0.6211940050125122 0.7970489859580994
vt 0.6211940050125122 0.865477979183197
vt 0.632902979850769 0.865477979183197
vt 0.632902979850769 0.865477979183197
vt 0.632902979850769 0.7970489859580994
vt 0.6211940050125122 0.7970489859580994
vt 0.6211940050125122 0.7365000247955322
vt 0.6211940050125122 0.7970489859580994
vt 0.632902979850769 0.7970489859580994
vt 0.632902979850769 0.7970489859580994
vt 0.632902979850769 0.7365000247955322
vt 0.6211940050125122 0.7365000247955322
vt 0.6211940050125122 0.6763709783554077
vt 0.6211940050125122 0.7365000247955322
vt 0.632902979850769 0.7365000247955322
vt 0.632902979850769 0.7365000247955322
vt 0.632902979850769 0.6763709783554077
vt 0.6211940050125122 0.6763709783554077
vt 0.6211940050125122 0.6173809766769409
vt 0.6211940050125122 0.6763709783554077
vt 0.632902979850769 0.6763709783554077
vt 0.632902979850769 0.6763709783554077
vt 0.632902979850769 0.6173809766769409
vt 0.6211940050125122 0.6173809766769409
vt 0.6211940050125122 0.5599600076675415
vt 0.6211940050125122 0.6173809766769409
vt 0.632902979850769 0.6173809766769409
vt 0.632902979850769 0.6173809766769409
vt 0.632902979850769 0.5599600076675415
vt 0.6211940050125122 0.5599600076675415
vt 0.6211940050125122 0.5043259859085083
vt 0.6211940050125122 0.5599600076675415
vt 0.632902979850769 0.5599600076675415
vt 0.632902979850769 0.5599600076675415
vt 0.632902979850769 0.5043259859085083
vt 0.6211940050125122 0.5043259859085083
vt 0.6211940050125122 0.4473240077495575
vt 0.6211940050125122 0.5043259859085083
vt 0.632902979850769 0.5043259859085083
vt 0.632902979850769 0.5043259859085083
vt 0.632902979850769 0.4473240077495575
vt 0.6211940050125122 0.4473240077495575
vt 0.632902979850769 0.865477979183197
vt 0.632902979850769 0.9163709878921509
vt 0.6435760259628296 0.9163709878921509
vt 0.6435760259628296 0.9163709878921509
vt 0.6435760259628296 0.865477979183197
vt 0.632902979850769 0.865477979183197
vt 0.6211940050125122 0.9163709878921509
vt 0.6211940050125122 0.865477979183197
vt 0.6109200119972229 0.865477979183197
vt 0.6109200119972229 0.865477979183197
vt 0.6109200119972229 0.9163709878921509
vt 0.6211940050125122 0.9163709878921509
vt 0.632902979850769 0.7970489859580994
vt 0.632902979850769 0.865477979183197
vt 0.6435760259628296 0.865477979183197
vt 0.6435760259628296 0.865477979183197
vt 0.6435760259628296 0.7970489859580994
vt 0.632902979850769 0.7970489859580994
vt 0.6211940050125122 0.865477979183197
vt 0.6211940050125122 0.7970489859580994
vt 0.6109200119972229 0.7970489859580994
vt 0.6109200119972229 0.7970489859580994
vt 0.6109200119972229 0.865477979183197
vt 0.6211940050125122 0.865477979183197
vt 0.632902979850769 0.7365000247955322
vt 0.632902979850769 0.7970489859580994
vt 0.6435760259628296 0.7970489859580994
vt 0.6435760259628296 0.7970489859580994
vt 0.6435760259628296 0.7365000247955322
vt 0.632902979850769 0.7365000247955322
vt 0.6211940050125122 0.7970489859580994
vt 0.6211940050125122 0.7365000247955322
vt 0.6109200119972229 0.7365000247955322
vt 0.6109200119972229 0.7365000247955322
vt 0.6109200119972229 0.7970489859580994
vt 0.6211940050125122 0.7970489859580994
vt 0.632902979850769 0.6763709783554077
vt 0.632902979850769 0.7365000247955322
vt 0.6435760259628296 0.7365000247955322
vt 0.6435760259628296 0.7365000247955322
vt 0.6435760259628296 0.6763709783554077
vt 0.632902979850769 0.6763709783554077
vt 0.6211940050125122 0.7365000247955322
vt 0.6211940050125122 0.6763709783554077
vt 0.6109200119972229 0.6763709783554077
vt 0.6109200119972229 0.6763709783554077
vt 0.6109200119972229 0.7365000247955322
vt 0.6211940050125122 0.7365000247955322
vt 0.632902979850769 0.6173809766769409
vt 0.632902979850769 0.6763709783554077
vt 0.6435760259628296 0.6763709783554077
vt 0.6435760259628296 0.6763709783554077
vt 0.6435760259628296 0.6173809766769409
vt 0.632902979850769 0.6173809766769409
vt 0.6211940050125122 0.6763709783554077
vt 0.6211940050125122 0.6173809766769409
vt 0.6109200119972229 0.6173809766769409
vt 0.6109200119972229 0.6173809766769409
vt 0.6109200119972229 0.6763709783554077
vt 0.6211940050125122 0.6763709783554077
vt 0.632902979850769 0.5599600076675415
vt 0.632902979850769 0.6173809766769409
vt 0.6435760259628296 0.6173809766769409
vt 0.6435760259628296 0.6173809766769409
vt 0.6435760259628296 0.5599600076675415
vt 0.632902979850769 0.5599600076675415
vt 0.6211940050125122 0.6173809766769409
vt 0.6211940050125122 0.5599600076675415
vt 0.6109200119972229 0.5599600076675415
vt 0.6109200119972229 0.5599600076675415
vt 0.6109200119972229 0.6173809766769409
vt 0.6211940050125122 0.6173809766769409
vt 0.632902979850769 0.5043259859085083
vt 0.632902979850769 0.5599600076675415
vt 0.6435760259628296 0.5599600076675415
vt 0.6435760259628296 0.5599600076675415
vt 0.6435760259628296 0.5043259859085083
vt 0.632902979850769 0.5043259859085083
vt 0.6109200119972229 0.5599600076675415
vt 0.6211940050125122 0.5599600076675415
vt 0.6211940050125122 0.5043259859085083
vt 0.6211940050125122 0.5043259859085083
vt 0.6109200119972229 0.5043259859085083
vt 0.6109200119972229 0.5599600076675415
vt 0.632902979850769 0.4473240077495575
vt 0.632902979850769 0.5043259859085083
vt 0.6435760259628296 0.5043259859085083
vt 0.6435760259628296 0.5043259859085083
vt 0.6435760259628296 0.4473240077495575
vt 0.632902979850769 0.4473240077495575
vt 0.6109200119972229 0.5043259859085083
vt 0.6211940050125122 0.5043259859085083
vt 0.6211940050125122 0.4473240077495575
vt 0.6211940050125122 0.4473240077495575
vt 0.6109200119972229 0.4473240077495575
vt 0.6109200119972229 0.5043259859085083
vt 0.12900899350643158 0.7985560297966003
vt 0.08693200349807739 0.7838969826698303
vt 0.08270300179719925 0.7914180159568787
vt 0.08270300179719925 0.7914180159568787
vt 0.12762799859046936 0.8070679903030396
vt 0.12900899350643158 0.7985560297966003
vt 0.08693200349807739 0.7838969826698303
vt 0.05255800113081932 0.7555639743804932
vt 0.04598399996757507 0.7611510157585144
vt 0.04598399996757507 0.7611510157585144
vt 0.08270300179719925 0.7914180159568787
vt 0.08693200349807739 0.7838969826698303
vt 0.05255800113081932 0.7555639743804932
vt 0.030160000547766685 0.7170889973640442
vt 0.02204499952495098 0.7200689911842346
vt 0.02204499952495098 0.7200689911842346
vt 0.04598399996757507 0.7611510157585144
vt 0.05255800113081932 0.7555639743804932
vt 0.030160000547766685 0.7170889973640442
vt 0.02251400053501129 0.6732239723205566
vt 0.013906000182032585 0.6732270121574402
vt 0.013906000182032585 0.6732270121574402
vt 0.02204499952495098 0.7200689911842346
vt 0.030160000547766685 0.7170889973640442
vt 0.02251400053501129 0.6732239723205566
vt 0.03013700060546398 0.6293780207633972
vt 0.022029999643564224 0.6264039874076843
vt 0.022029999643564224 0.6264039874076843
vt 0.013906000182032585 0.6732270121574402
vt 0.02251400053501129 0.6732239723205566
vt 0.03013700060546398 0.6293780207633972
vt 0.05252299830317497 0.5909050107002258
vt 0.045944999903440475 0.585319995880127
vt 0.045944999903440475 0.585319995880127
vt 0.022029999643564224 0.6264039874076843
vt 0.03013700060546398 0.6293780207633972
vt 0.05252299830317497 0.5909050107002258
vt 0.08690699934959412 0.5625349879264832
vt 0.08267299830913544 0.5550199747085571
vt 0.08267299830913544 0.5550199747085571
vt 0.045944999903440475 0.585319995880127
vt 0.05252299830317497 0.5909050107002258
vt 0.1289920061826706 0.5478659868240356
vt 0.12761099636554718 0.539342999458313
vt 0.08267299830913544 0.5550199747085571
vt 0.08267299830913544 0.5550199747085571
vt 0.08690699934959412 0.5625349879264832
vt 0.1289920061826706 0.5478659868240356
vt 0.20513899624347687 0.8582249879837036
vt 0.18654699623584747 0.8150150179862976
vt 0.15074799954891205 0.8280180096626282
vt 0.15074799954891205 0.8280180096626282
vt 0.17108799517154694 0.8752869963645935
vt 0.20513899624347687 0.8582249879837036
vt 0.18654699623584747 0.8150150179862976
vt 0.17307700216770172 0.7699400186538696
vt 0.13601699471473694 0.7787070274353027
vt 0.13601699471473694 0.7787070274353027
vt 0.15074799954891205 0.8280180096626282
vt 0.18654699623584747 0.8150150179862976
vt 0.17307700216770172 0.7699400186538696
vt 0.1649239957332611 0.7236080169677734
vt 0.12709400057792664 0.7280210256576538
vt 0.12709400057792664 0.7280210256576538
vt 0.13601699471473694 0.7787070274353027
vt 0.17307700216770172 0.7699400186538696
vt 0.1649239957332611 0.7236080169677734
vt 0.16219499707221985 0.6766459941864014
vt 0.12409999966621399 0.6766470074653625
vt 0.12409999966621399 0.6766470074653625
vt 0.12709400057792664 0.7280210256576538
vt 0.1649239957332611 0.7236080169677734
vt 0.16219499707221985 0.6766459941864014
vt 0.1649249941110611 0.6296859979629517
vt 0.12708799540996552 0.6252719759941101
vt 0.12708799540996552 0.6252719759941101
vt 0.12409999966621399 0.6766470074653625
vt 0.16219499707221985 0.6766459941864014
vt 0.1649249941110611 0.6296859979629517
vt 0.17307600378990173 0.5833569765090942
vt 0.13601499795913696 0.5745900273323059
vt 0.13601499795913696 0.5745900273323059
vt 0.12708799540996552 0.6252719759941101
vt 0.1649249941110611 0.6296859979629517
vt 0.17307600378990173 0.5833569765090942
vt 0.1865449994802475 0.5382819771766663
vt 0.15074299275875092 0.5252799987792969
vt 0.15074299275875092 0.5252799987792969
vt 0.13601499795913696 0.5745900273323059
vt 0.17307600378990173 0.5833569765090942
vt 0.1865449994802475 0.5382819771766663
vt 0.20513899624347687 0.49507299065589905
vt 0.17108799517154694 0.4780139923095703
vt 0.17108799517154694 0.4780139923095703
vt 0.15074299275875092 0.5252799987792969
vt 0.1865449994802475 0.5382819771766663
vt 0.12761099636554718 0.539342999458313
vt 0.12551400065422058 0.5281699895858765
vt 0.08466900140047073 0.5431230068206787
vt 0.08466900140047073 0.5431230068206787
vt 0.08267299830913544 0.5550199747085571
vt 0.12761099636554718 0.539342999458313
vt 0.2088100016117096 0.863955020904541
vt 0.21734300255775452 0.8763909935951233
vt 0.31171101331710815 0.862438976764679
vt 0.302280992269516 0.7376000285148621
vt 0.2068769931793213 0.7310460209846497
vt 0.19991399347782135 0.745274007320404
vt 0.010475000366568565 0.631650984287262
vt 0.0024250000715255737 0.6732379794120789
vt 0.013906000182032585 0.6732270121574402
vt 0.013906000182032585 0.6732270121574402
vt 0.022029999643564224 0.6264039874076843
vt 0.010475000366568565 0.631650984287262
vt 0.013906000182032585 0.6732270121574402
vt 0.0024250000715255737 0.6732379794120789
vt 0.010490000247955322 0.7148249745368958
vt 0.010490000247955322 0.7148249745368958
vt 0.02204499952495098 0.7200689911842346
vt 0.013906000182032585 0.6732270121574402
vt 0.19991399347782135 0.6109489798545837
vt 0.2068769931793213 0.6251789927482605
vt 0.302280992269516 0.6186220049858093
vt 0.31171101331710815 0.49378401041030884
vt 0.21734200417995453 0.4798299968242645
vt 0.20881099998950958 0.49226701259613037
vt 0.0846949964761734 0.8033170104026794
vt 0.12553000450134277 0.8182359933853149
vt 0.12762799859046936 0.8070679903030396
vt 0.12762799859046936 0.8070679903030396
vt 0.08270300179719925 0.7914180159568787
vt 0.0846949964761734 0.8033170104026794
vt 0.130499005317688 0.5573930144309998
vt 0.1289920061826706 0.5478659868240356
vt 0.08690699934959412 0.5625349879264832
vt 0.08690699934959412 0.5625349879264832
vt 0.0916299968957901 0.570921003818512
vt 0.130499005317688 0.5573930144309998
vt 0.05987200140953064 0.5971419811248779
vt 0.0916299968957901 0.570921003818512
vt 0.08690699934959412 0.5625349879264832
vt 0.08690699934959412 0.5625349879264832
vt 0.05252299830317497 0.5909050107002258
vt 0.05987200140953064 0.5971419811248779
vt 0.03918800130486488 0.6327069997787476
vt 0.05987200140953064 0.5971419811248779
vt 0.05252299830317497 0.5909050107002258
vt 0.05252299830317497 0.5909050107002258
vt 0.03013700060546398 0.6293780207633972
vt 0.03918800130486488 0.6327069997787476
vt 0.03215299919247627 0.6732289791107178
vt 0.03918800130486488 0.6327069997787476
vt 0.03013700060546398 0.6293780207633972
vt 0.03013700060546398 0.6293780207633972
vt 0.02251400053501129 0.6732239723205566
vt 0.03215299919247627 0.6732289791107178
vt 0.03921300172805786 0.7137569785118103
vt 0.03215299919247627 0.6732289791107178
vt 0.02251400053501129 0.6732239723205566
vt 0.02251400053501129 0.6732239723205566
vt 0.030160000547766685 0.7170889973640442
vt 0.03921300172805786 0.7137569785118103
vt 0.05990099906921387 0.7493259906768799
vt 0.03921300172805786 0.7137569785118103
vt 0.030160000547766685 0.7170889973640442
vt 0.030160000547766685 0.7170889973640442
vt 0.05255800113081932 0.7555639743804932
vt 0.05990099906921387 0.7493259906768799
vt 0.09165800362825394 0.7755029797554016
vt 0.05990099906921387 0.7493259906768799
vt 0.05255800113081932 0.7555639743804932
vt 0.05255800113081932 0.7555639743804932
vt 0.08693200349807739 0.7838969826698303
vt 0.09165800362825394 0.7755029797554016
vt 0.130499005317688 0.7890419960021973
vt 0.09165800362825394 0.7755029797554016
vt 0.08693200349807739 0.7838969826698303
vt 0.08693200349807739 0.7838969826698303
vt 0.12900899350643158 0.7985560297966003
vt 0.130499005317688 0.7890419960021973
vt 0.7712849974632263 0.0441959984600544
vt 0.7516059875488281 -0.0051380000077188015
vt 0.6976709961891174 0.016651999205350876
vt 0.6976709961891174 0.016651999205350876
vt 0.7182419896125793 0.06051800027489662
vt 0.7712849974632263 0.0441959984600544
vt 0.785548985004425 0.0953340008854866
vt 0.7712849974632263 0.0441959984600544
vt 0.7182419896125793 0.06051800027489662
vt 0.7182419896125793 0.06051800027489662
vt 0.7321119904518127 0.10798099637031555
vt 0.785548985004425 0.0953340008854866
vt 0.7943410277366638 0.14742200076580048
vt 0.785548985004425 0.0953340008854866
vt 0.7321119904518127 0.10798099637031555
vt 0.7321119904518127 0.10798099637031555
vt 0.7392489910125732 0.15412700176239014
vt 0.7943410277366638 0.14742200076580048
vt 0.7975800037384033 0.2002909928560257
vt 0.7943410277366638 0.14742200076580048
vt 0.7392489910125732 0.15412700176239014
vt 0.7392489910125732 0.15412700176239014
vt 0.7420380115509033 0.2025270015001297
vt 0.7975800037384033 0.2002909928560257
vt 0.7951650023460388 0.254146009683609
vt 0.7975800037384033 0.2002909928560257
vt 0.7420380115509033 0.2025270015001297
vt 0.7420380115509033 0.2025270015001297
vt 0.7397109866142273 0.2509549856185913
vt 0.7951650023460388 0.254146009683609
vt 0.7869740128517151 0.30814799666404724
vt 0.7951650023460388 0.254146009683609
vt 0.7397109866142273 0.2509549856185913
vt 0.7397109866142273 0.2509549856185913
vt 0.7322409749031067 0.2988870143890381
vt 0.7869740128517151 0.30814799666404724
vt 0.7728869915008545 0.3618209958076477
vt 0.7869740128517151 0.30814799666404724
vt 0.7322409749031067 0.2988870143890381
vt 0.7322409749031067 0.2988870143890381
vt 0.7191460132598877 0.34796398878097534
vt 0.7728869915008545 0.3618209958076477
vt 0.7547209858894348 0.4131929874420166
vt 0.7728869915008545 0.3618209958076477
vt 0.7191460132598877 0.34796398878097534
vt 0.7191460132598877 0.34796398878097534
vt 0.6981120109558105 0.3935459852218628
vt 0.7547209858894348 0.4131929874420166
vt 0.7182419896125793 0.06051800027489662
vt 0.6976709961891174 0.016651999205350876
vt 0.6903340220451355 0.021966999396681786
vt 0.6903340220451355 0.021966999396681786
vt 0.7100139856338501 0.06527800112962723
vt 0.7182419896125793 0.06051800027489662
vt 0.8081120252609253 0.3300899863243103
vt 0.8585330247879028 0.3190230131149292
vt 0.8338789939880371 0.2626889944076538
vt 0.8338789939880371 0.2626889944076538
vt 0.8063279986381531 0.26853498816490173
vt 0.8081120252609253 0.3300899863243103
vt 0.7321119904518127 0.10798099637031555
vt 0.7182419896125793 0.06051800027489662
vt 0.7100139856338501 0.06527800112962723
vt 0.7100139856338501 0.06527800112962723
vt 0.723576009273529 0.11116199940443039
vt 0.7321119904518127 0.10798099637031555
vt 0.8585330247879028 0.3190230131149292
vt 0.9011660218238831 0.28956499695777893
vt 0.857134997844696 0.24689200520515442
vt 0.857134997844696 0.24689200520515442
vt 0.8338789939880371 0.2626889944076538
vt 0.8585330247879028 0.3190230131149292
vt 0.7392489910125732 0.15412700176239014
vt 0.7321119904518127 0.10798099637031555
vt 0.723576009273529 0.11116199940443039
vt 0.723576009273529 0.11116199940443039
vt 0.7304189801216125 0.1554960012435913
vt 0.7392489910125732 0.15412700176239014
vt 0.9011660218238831 0.28956499695777893
vt 0.9294670224189758 0.24615900218486786
vt 0.8725460171699524 0.22330999374389648
vt 0.8725460171699524 0.22330999374389648
vt 0.857134997844696 0.24689200520515442
vt 0.9011660218238831 0.28956499695777893
vt 0.7420380115509033 0.2025270015001297
vt 0.7392489910125732 0.15412700176239014
vt 0.7304189801216125 0.1554960012435913
vt 0.7304189801216125 0.1554960012435913
vt 0.7329170107841492 0.2019439935684204
vt 0.7420380115509033 0.2025270015001297
vt 0.9294670224189758 0.24615900218486786
vt 0.9391980171203613 0.1952590048313141
vt 0.8778359889984131 0.19566300511360168
vt 0.8778359889984131 0.19566300511360168
vt 0.8725460171699524 0.22330999374389648
vt 0.9294670224189758 0.24615900218486786
vt 0.7397109866142273 0.2509549856185913
vt 0.7420380115509033 0.2025270015001297
vt 0.7329170107841492 0.2019439935684204
vt 0.7329170107841492 0.2019439935684204
vt 0.7307209968566895 0.2492939978837967
vt 0.7397109866142273 0.2509549856185913
vt 0.9391980171203613 0.1952590048313141
vt 0.9288740158081055 0.14453299343585968
vt 0.8722659945487976 0.16803400218486786
vt 0.8722659945487976 0.16803400218486786
vt 0.8778359889984131 0.19566300511360168
vt 0.9391980171203613 0.1952590048313141
vt 0.7322409749031067 0.2988870143890381
vt 0.7397109866142273 0.2509549856185913
vt 0.7307209968566895 0.2492939978837967
vt 0.7307209968566895 0.2492939978837967
vt 0.7235860228538513 0.29602500796318054
vt 0.7322409749031067 0.2988870143890381
vt 0.9288740158081055 0.14453299343585968
vt 0.9000639915466309 0.10146699845790863
vt 0.8565279841423035 0.1446949988603592
vt 0.8565279841423035 0.1446949988603592
vt 0.8722659945487976 0.16803400218486786
vt 0.9288740158081055 0.14453299343585968
vt 0.7191460132598877 0.34796398878097534
vt 0.7322409749031067 0.2988870143890381
vt 0.7235860228538513 0.29602500796318054
vt 0.7235860228538513 0.29602500796318054
vt 0.7106019854545593 0.34431201219558716
vt 0.7191460132598877 0.34796398878097534
vt 0.9000639915466309 0.10146699845790863
vt 0.8571079969406128 0.07255399972200394
vt 0.8331030011177063 0.12916800379753113
vt 0.8331030011177063 0.12916800379753113
vt 0.8565279841423035 0.1446949988603592
vt 0.9000639915466309 0.10146699845790863
vt 0.6981120109558105 0.3935459852218628
vt 0.7191460132598877 0.34796398878097534
vt 0.7106019854545593 0.34431201219558716
vt 0.7106019854545593 0.34431201219558716
vt 0.6903349757194519 0.38888099789619446
vt 0.6981120109558105 0.3935459852218628
vt 0.8571079969406128 0.07255399972200394
vt 0.8065699934959412 0.06210999935865402
vt 0.8055040240287781 0.12363699823617935
vt 0.8055040240287781 0.12363699823617935
vt 0.8331030011177063 0.12916800379753113
vt 0.8571079969406128 0.07255399972200394
vt 0.010146000422537327 0.1530030071735382
vt 0.01014699973165989 0.20186400413513184
vt 0.10589800029993057 0.20186300575733185
vt 0.10589800029993057 0.20186300575733185
vt 0.10589700192213058 0.15300199389457703
vt 0.010146000422537327 0.1530030071735382
vt 0.010146000422537327 0.10414200276136398
vt 0.010146000422537327 0.1530030071735382
vt 0.10589700192213058 0.15300199389457703
vt 0.10589700192213058 0.15300199389457703
vt 0.10589700192213058 0.1041409969329834
vt 0.010146000422537327 0.10414200276136398
vt 0.01014500018209219 0.05528099834918976
vt 0.010146000422537327 0.10414200276136398
vt 0.10589700192213058 0.1041409969329834
vt 0.10589700192213058 0.1041409969329834
vt 0.1058960035443306 0.05527999997138977
vt 0.01014500018209219 0.05528099834918976
vt 0.01014500018209219 0.006419000215828419
vt 0.01014500018209219 0.05528099834918976
vt 0.1058960035443306 0.05527999997138977
vt 0.1058960035443306 0.05527999997138977
vt 0.1058960035443306 0.006419000215828419
vt 0.01014500018209219 0.006419000215828419
vt 0.10589899867773056 0.3484469950199127
vt 0.010147999972105026 0.3484480082988739
vt 0.08469200134277344 0.3735029995441437
vt 0.010147999972105026 0.2995870113372803
vt 0.010147999972105026 0.3484480082988739
vt 0.10589899867773056 0.3484469950199127
vt 0.10589899867773056 0.3484469950199127
vt 0.10589899867773056 0.2995859980583191
vt 0.010147999972105026 0.2995870113372803
vt 0.010147999972105026 0.2995870113372803
vt 0.10589899867773056 0.2995859980583191
vt 0.10589800029993057 0.2507239878177643
vt 0.10589800029993057 0.2507239878177643
vt 0.01014699973165989 0.25072500109672546
vt 0.010147999972105026 0.2995870113372803
vt 0.01014699973165989 0.20186400413513184
vt 0.01014699973165989 0.25072500109672546
vt 0.10589800029993057 0.2507239878177643
vt 0.10589800029993057 0.2507239878177643
vt 0.10589800029993057 0.20186300575733185
vt 0.01014699973165989 0.20186400413513184
vt 0.7245609760284424 0.5712379813194275
vt 0.7250609993934631 0.6184080243110657
vt 0.7486209869384766 0.6097919940948486
vt 0.7486209869384766 0.6097919940948486
vt 0.7471780180931091 0.5705670118331909
vt 0.7245609760284424 0.5712379813194275
vt 0.7243599891662598 0.5251389741897583
vt 0.7245609760284424 0.5712379813194275
vt 0.7471780180931091 0.5705670118331909
vt 0.7471780180931091 0.5705670118331909
vt 0.746990978717804 0.5253620147705078
vt 0.7243599891662598 0.5251389741897583
vt 0.7249199748039246 0.478287011384964
vt 0.7243599891662598 0.5251389741897583
vt 0.746990978717804 0.5253620147705078
vt 0.746990978717804 0.5253620147705078
vt 0.7477189898490906 0.4797689914703369
vt 0.7249199748039246 0.478287011384964
vt 0.7267529964447021 0.4325129985809326
vt 0.7249199748039246 0.478287011384964
vt 0.7477189898490906 0.4797689914703369
vt 0.7477189898490906 0.4797689914703369
vt 0.7509430050849915 0.434563010931015
vt 0.7267529964447021 0.4325129985809326
vt 0.15990899503231049 0.399275004863739
vt 0.1590919941663742 0.4205940067768097
vt 0.20546899735927582 0.4205450117588043
vt 0.20546899735927582 0.4205450117588043
vt 0.20576900243759155 0.39936599135398865
vt 0.15990899503231049 0.399275004863739
vt 0.15377500653266907 0.2995859980583191
vt 0.15377500653266907 0.3484469950199127
vt 0.2016499936580658 0.3484460115432739
vt 0.2016499936580658 0.3484460115432739
vt 0.2016499936580658 0.2995840013027191
vt 0.15377500653266907 0.2995859980583191
vt 0.2016499936580658 0.2995840013027191
vt 0.2016499936580658 0.2507230043411255
vt 0.15377500653266907 0.2507239878177643
vt 0.15377500653266907 0.2507239878177643
vt 0.15377500653266907 0.2995859980583191
vt 0.2016499936580658 0.2995840013027191
vt 0.16973300278186798 0.2180510014295578
vt 0.15377500653266907 0.2507239878177643
vt 0.2016499936580658 0.2507230043411255
vt 0.2016499936580658 0.2507230043411255
vt 0.2016499936580658 0.20186200737953186
vt 0.16973300278186798 0.2180510014295578
vt 0.2016489952802658 0.15300199389457703
vt 0.2016499936580658 0.20186200737953186
vt 0.2974010109901428 0.20186200737953186
vt 0.2974010109901428 0.20186200737953186
vt 0.2974010109901428 0.15300099551677704
vt 0.2016489952802658 0.15300199389457703
vt 0.2016489952802658 0.10413999855518341
vt 0.2016489952802658 0.15300199389457703
vt 0.2974010109901428 0.15300099551677704
vt 0.2974010109901428 0.15300099551677704
vt 0.29739999771118164 0.10413900017738342
vt 0.2016489952802658 0.10413999855518341
vt 0.2016489952802658 0.05527900159358978
vt 0.2016489952802658 0.10413999855518341
vt 0.29739999771118164 0.10413900017738342
vt 0.29739999771118164 0.10413900017738342
vt 0.29739999771118164 0.055277999490499496
vt 0.2016489952802658 0.05527900159358978
vt 0.20164799690246582 0.006417999975383282
vt 0.2016489952802658 0.05527900159358978
vt 0.29739999771118164 0.055277999490499496
vt 0.29739999771118164 0.055277999490499496
vt 0.29739800095558167 0.006417000200599432
vt 0.20164799690246582 0.006417999975383282
vt 0.20576900243759155 0.39936599135398865
vt 0.20546899735927582 0.4205450117588043
vt 0.29822999238967896 0.4204939901828766
vt 0.29822999238967896 0.4204939901828766
vt 0.2982740104198456 0.39935800433158875
vt 0.20576900243759155 0.39936599135398865
vt 0.2016499936580658 0.2995840013027191
vt 0.2016499936580658 0.3484460115432739
vt 0.2974010109901428 0.3484460115432739
vt 0.2974010109901428 0.3484460115432739
vt 0.2974019944667816 0.2995840013027191
vt 0.2016499936580658 0.2995840013027191
vt 0.2016499936580658 0.2995840013027191
vt 0.2974019944667816 0.2995840013027191
vt 0.2974010109901428 0.2507230043411255
vt 0.2974010109901428 0.2507230043411255
vt 0.2016499936580658 0.2507230043411255
vt 0.2016499936580658 0.2995840013027191
vt 0.2016499936580658 0.20186200737953186
vt 0.2016499936580658 0.2507230043411255
vt 0.2974010109901428 0.2507230043411255
vt 0.2974010109901428 0.2507230043411255
vt 0.2974010109901428 0.20186200737953186
vt 0.2016499936580658 0.20186200737953186
vt 0.82989102602005 0.5727940201759338
vt 0.8302980065345764 0.620058000087738
vt 0.8538550138473511 0.6114209890365601
vt 0.8538550138473511 0.6114209890365601
vt 0.8524839878082275 0.5720599889755249
vt 0.82989102602005 0.5727940201759338
vt 0.8296579718589783 0.5266270041465759
vt 0.82989102602005 0.5727940201759338
vt 0.8524839878082275 0.5720599889755249
vt 0.8524839878082275 0.5720599889755249
vt 0.8522300124168396 0.5269150137901306
vt 0.8296579718589783 0.5266270041465759
vt 0.8300840258598328 0.4799650013446808
vt 0.8296579718589783 0.5266270041465759
vt 0.8522300124168396 0.5269150137901306
vt 0.8522300124168396 0.5269150137901306
vt 0.8527740240097046 0.48158499598503113
vt 0.8300840258598328 0.4799650013446808
vt 0.8317109942436218 0.4345040023326874
vt 0.8300840258598328 0.4799650013446808
vt 0.8527740240097046 0.48158499598503113
vt 0.8527740240097046 0.48158499598503113
vt 0.8558629751205444 0.43656501173973083
vt 0.8317109942436218 0.4345040023326874
vt 0.34465301036834717 0.39934900403022766
vt 0.3446440100669861 0.4204789996147156
vt 0.39107000827789307 0.42048099637031555
vt 0.39107000827789307 0.42048099637031555
vt 0.3910129964351654 0.3993619978427887
vt 0.34465301036834717 0.39934900403022766
vt 0.34527701139450073 0.29958298802375793
vt 0.34527599811553955 0.34844499826431274
vt 0.39315199851989746 0.34844499826431274
vt 0.39315199851989746 0.34844499826431274
vt 0.39315199851989746 0.29958298802375793
vt 0.34527701139450073 0.29958298802375793
vt 0.39315199851989746 0.29958298802375793
vt 0.39315199851989746 0.2507219910621643
vt 0.34527701139450073 0.2507230043411255
vt 0.34527701139450073 0.2507230043411255
vt 0.34527701139450073 0.29958298802375793
vt 0.39315199851989746 0.29958298802375793
vt 0.36123499274253845 0.21804800629615784
vt 0.34527701139450073 0.2507230043411255
vt 0.39315199851989746 0.2507219910621643
vt 0.39315199851989746 0.2507219910621643
vt 0.39315199851989746 0.20186200737953186
vt 0.36123499274253845 0.21804800629615784
vt 0.3931509852409363 0.15299999713897705
vt 0.39315199851989746 0.20186200737953186
vt 0.4889029860496521 0.20186099410057068
vt 0.4889029860496521 0.20186099410057068
vt 0.4889029860496521 0.15299999713897705
vt 0.3931509852409363 0.15299999713897705
vt 0.3931509852409363 0.10413900017738342
vt 0.3931509852409363 0.15299999713897705
vt 0.4889029860496521 0.15299999713897705
vt 0.4889029860496521 0.15299999713897705
vt 0.4889029860496521 0.10413800179958344
vt 0.3931509852409363 0.10413900017738342
vt 0.3931509852409363 0.055277999490499496
vt 0.3931509852409363 0.10413900017738342
vt 0.4889029860496521 0.10413800179958344
vt 0.4889029860496521 0.10413800179958344
vt 0.4889029860496521 0.05527700111269951
vt 0.3931509852409363 0.055277999490499496
vt 0.3931509852409363 0.006415999960154295
vt 0.3931509852409363 0.055277999490499496
vt 0.4889029860496521 0.05527700111269951
vt 0.4889029860496521 0.05527700111269951
vt 0.4889020025730133 0.006415999960154295
vt 0.3931509852409363 0.006415999960154295
vt 0.3910129964351654 0.3993619978427887
vt 0.39107000827789307 0.42048099637031555
vt 0.48389101028442383 0.4205229878425598
vt 0.48389101028442383 0.4205229878425598
vt 0.48361700773239136 0.39939799904823303
vt 0.3910129964351654 0.3993619978427887
vt 0.39315199851989746 0.29958298802375793
vt 0.39315199851989746 0.34844499826431274
vt 0.4889029860496521 0.34844499826431274
vt 0.4889029860496521 0.34844499826431274
vt 0.48890501260757446 0.29958298802375793
vt 0.39315199851989746 0.29958298802375793
vt 0.39315199851989746 0.29958298802375793
vt 0.48890501260757446 0.29958298802375793
vt 0.4889029860496521 0.2507219910621643
vt 0.4889029860496521 0.2507219910621643
vt 0.39315199851989746 0.2507219910621643
vt 0.39315199851989746 0.29958298802375793
vt 0.39315199851989746 0.20186200737953186
vt 0.39315199851989746 0.2507219910621643
vt 0.4889029860496521 0.2507219910621643
vt 0.4889029860496521 0.2507219910621643
vt 0.4889029860496521 0.20186099410057068
vt 0.39315199851989746 0.20186200737953186
vt 0.9338970184326172 0.5718860030174255
vt 0.9343670010566711 0.6191869974136353
vt 0.9579240083694458 0.6105149984359741
vt 0.9579240083694458 0.6105149984359741
vt 0.9565179944038391 0.5711560249328613
vt 0.9338970184326172 0.5718860030174255
vt 0.9336720108985901 0.5257570147514343
vt 0.9338970184326172 0.5718860030174255
vt 0.9565179944038391 0.5711560249328613
vt 0.9565179944038391 0.5711560249328613
vt 0.9562550187110901 0.5260300040245056
vt 0.9336720108985901 0.5257570147514343
vt 0.9341080188751221 0.4791100025177002
vt 0.9336720108985901 0.5257570147514343
vt 0.9562550187110901 0.5260300040245056
vt 0.9562550187110901 0.5260300040245056
vt 0.9568099975585938 0.4807310104370117
vt 0.9341080188751221 0.4791100025177002
vt 0.9357609748840332 0.4336239993572235
vt 0.9341080188751221 0.4791100025177002
vt 0.9568099975585938 0.4807310104370117
vt 0.9568099975585938 0.4807310104370117
vt 0.9598919749259949 0.43570899963378906
vt 0.9357609748840332 0.4336239993572235
vt 0.5302090048789978 0.4205690026283264
vt 0.6028680205345154 0.4199410080909729
vt 0.5958459973335266 0.39946600794792175
vt 0.5958459973335266 0.39946600794792175
vt 0.5293350219726562 0.3992590010166168
vt 0.5302090048789978 0.4205690026283264
vt 0.53677898645401 0.29958298802375793
vt 0.53677898645401 0.34844499826431274
vt 0.5846570134162903 0.3484460115432739
vt 0.5846570134162903 0.3484460115432739
vt 0.5846549868583679 0.29958298802375793
vt 0.53677898645401 0.29958298802375793
vt 0.5846549868583679 0.29958298802375793
vt 0.5846570134162903 0.2507230043411255
vt 0.5367810130119324 0.2507230043411255
vt 0.5367810130119324 0.2507230043411255
vt 0.53677898645401 0.29958298802375793
vt 0.5846549868583679 0.29958298802375793
vt 0.5527380108833313 0.21804800629615784
vt 0.5367810130119324 0.2507230043411255
vt 0.5846570134162903 0.2507230043411255
vt 0.5846570134162903 0.2507230043411255
vt 0.5846549868583679 0.20186099410057068
vt 0.5527380108833313 0.21804800629615784
vt 0.7595790028572083 0.5720869898796082
vt 0.7471780180931091 0.5705670118331909
vt 0.7486209869384766 0.6097919940948486
vt 0.7486209869384766 0.6097919940948486
vt 0.7623010277748108 0.6164690256118774
vt 0.7595790028572083 0.5720869898796082
vt 0.7580860257148743 0.6214590072631836
vt 0.7486209869384766 0.6097919940948486
vt 0.7250609993934631 0.6184080243110657
vt 0.7250609993934631 0.6184080243110657
vt 0.7290160059928894 0.6374059915542603
vt 0.7580860257148743 0.6214590072631836
vt 0.6785839796066284 0.6100389957427979
vt 0.6790210008621216 0.5706520080566406
vt 0.6669729948043823 0.5722169876098633
vt 0.6669729948043823 0.5722169876098633
vt 0.6651960015296936 0.6169520020484924
vt 0.6785839796066284 0.6100389957427979
vt 0.7598869800567627 0.5276569724082947
vt 0.746990978717804 0.5253620147705078
vt 0.7471780180931091 0.5705670118331909
vt 0.7471780180931091 0.5705670118331909
vt 0.7595790028572083 0.5720869898796082
vt 0.7598869800567627 0.5276569724082947
vt 0.6790210008621216 0.5706520080566406
vt 0.6793590188026428 0.5249680280685425
vt 0.6666859984397888 0.5270400047302246
vt 0.6666859984397888 0.5270400047302246
vt 0.6669729948043823 0.5722169876098633
vt 0.6790210008621216 0.5706520080566406
vt 0.761031985282898 0.4823189973831177
vt 0.7477189898490906 0.4797689914703369
vt 0.746990978717804 0.5253620147705078
vt 0.746990978717804 0.5253620147705078
vt 0.7598869800567627 0.5276569724082947
vt 0.761031985282898 0.4823189973831177
vt 0.6793590188026428 0.5249680280685425
vt 0.6798189878463745 0.47908300161361694
vt 0.6665170192718506 0.48138299584388733
vt 0.6665170192718506 0.48138299584388733
vt 0.6666859984397888 0.5270400047302246
vt 0.6793590188026428 0.5249680280685425
vt 0.7645999789237976 0.4384559988975525
vt 0.7509430050849915 0.434563010931015
vt 0.7477189898490906 0.4797689914703369
vt 0.7477189898490906 0.4797689914703369
vt 0.761031985282898 0.4823189973831177
vt 0.7645999789237976 0.4384559988975525
vt 0.6798189878463745 0.47908300161361694
vt 0.6791729927062988 0.43318599462509155
vt 0.6651960015296936 0.4362899959087372
vt 0.6651960015296936 0.4362899959087372
vt 0.6665170192718506 0.48138299584388733
vt 0.6798189878463745 0.47908300161361694
vt 0.864782989025116 0.5735689997673035
vt 0.8524839878082275 0.5720599889755249
vt 0.8538550138473511 0.6114209890365601
vt 0.8538550138473511 0.6114209890365601
vt 0.8674769997596741 0.6180459856987
vt 0.864782989025116 0.5735689997673035
vt 0.8632190227508545 0.6232410073280334
vt 0.8538550138473511 0.6114209890365601
vt 0.8302980065345764 0.620058000087738
vt 0.8302980065345764 0.620058000087738
vt 0.8339639902114868 0.6393110156059265
vt 0.8632190227508545 0.6232410073280334
vt 0.7836300134658813 0.6119189858436584
vt 0.784205973148346 0.5722749829292297
vt 0.7720329761505127 0.5739960074424744
vt 0.7720329761505127 0.5739960074424744
vt 0.7701519727706909 0.6189720034599304
vt 0.7836300134658813 0.6119189858436584
vt 0.8650019764900208 0.5292289853096008
vt 0.8522300124168396 0.5269150137901306
vt 0.8524839878082275 0.5720599889755249
vt 0.8524839878082275 0.5720599889755249
vt 0.864782989025116 0.5735689997673035
vt 0.8650019764900208 0.5292289853096008
vt 0.784205973148346 0.5722749829292297
vt 0.7845960259437561 0.5265390276908875
vt 0.7717850208282471 0.5286639928817749
vt 0.7717850208282471 0.5286639928817749
vt 0.7720329761505127 0.5739960074424744
vt 0.784205973148346 0.5722749829292297
vt 0.8659830093383789 0.48420000076293945
vt 0.8527740240097046 0.48158499598503113
vt 0.8522300124168396 0.5269150137901306
vt 0.8522300124168396 0.5269150137901306
vt 0.8650019764900208 0.5292289853096008
vt 0.8659830093383789 0.48420000076293945
vt 0.7845960259437561 0.5265390276908875
vt 0.7849929928779602 0.48060399293899536
vt 0.7716259956359863 0.4828459918498993
vt 0.7716259956359863 0.4828459918498993
vt 0.7717850208282471 0.5286639928817749
vt 0.7845960259437561 0.5265390276908875
vt 0.869500994682312 0.440436989068985
vt 0.8558629751205444 0.43656501173973083
vt 0.8527740240097046 0.48158499598503113
vt 0.8527740240097046 0.48158499598503113
vt 0.8659830093383789 0.48420000076293945
vt 0.869500994682312 0.440436989068985
vt 0.7849929928779602 0.48060399293899536
vt 0.7841629981994629 0.4349929988384247
vt 0.7701519727706909 0.43808498978614807
vt 0.7701519727706909 0.43808498978614807
vt 0.7716259956359863 0.4828459918498993
vt 0.7849929928779602 0.48060399293899536
vt 0.9688249826431274 0.5726379752159119
vt 0.9565179944038391 0.5711560249328613
vt 0.9579240083694458 0.6105149984359741
vt 0.9579240083694458 0.6105149984359741
vt 0.9715440273284912 0.6171069741249084
vt 0.9688249826431274 0.5726379752159119
vt 0.9672960042953491 0.6223199963569641
vt 0.9579240083694458 0.6105149984359741
vt 0.9343670010566711 0.6191869974136353
vt 0.9343670010566711 0.6191869974136353
vt 0.9380409717559814 0.6384239792823792
vt 0.9672960042953491 0.6223199963569641
vt 0.887677013874054 0.6110140085220337
vt 0.8882229924201965 0.5713980197906494
vt 0.8760499954223633 0.5731170177459717
vt 0.8760499954223633 0.5731170177459717
vt 0.8742009997367859 0.6180779933929443
vt 0.887677013874054 0.6110140085220337
vt 0.9690489768981934 0.528328001499176
vt 0.9562550187110901 0.5260300040245056
vt 0.9565179944038391 0.5711560249328613
vt 0.9565179944038391 0.5711560249328613
vt 0.9688249826431274 0.5726379752159119
vt 0.9690489768981934 0.528328001499176
vt 0.8882229924201965 0.5713980197906494
vt 0.888634979724884 0.5256580114364624
vt 0.8758310079574585 0.52776700258255
vt 0.8758310079574585 0.52776700258255
vt 0.8760499954223633 0.5731170177459717
vt 0.8882229924201965 0.5713980197906494
vt 0.9700400233268738 0.4833329916000366
vt 0.9568099975585938 0.4807310104370117
vt 0.9562550187110901 0.5260300040245056
vt 0.9562550187110901 0.5260300040245056
vt 0.9690489768981934 0.528328001499176
vt 0.9700400233268738 0.4833329916000366
vt 0.888634979724884 0.5256580114364624
vt 0.8890299797058105 0.47973498702049255
vt 0.875665009021759 0.48196500539779663
vt 0.875665009021759 0.48196500539779663
vt 0.8758310079574585 0.52776700258255
vt 0.888634979724884 0.5256580114364624
vt 0.9735559821128845 0.43958398699760437
vt 0.9598919749259949 0.43570899963378906
vt 0.9568099975585938 0.4807310104370117
vt 0.9568099975585938 0.4807310104370117
vt 0.9700400233268738 0.4833329916000366
vt 0.9735559821128845 0.43958398699760437
vt 0.8890299797058105 0.47973498702049255
vt 0.8881999850273132 0.4341239929199219
vt 0.8742009997367859 0.43720999360084534
vt 0.8742009997367859 0.43720999360084534
vt 0.875665009021759 0.48196500539779663
vt 0.8890299797058105 0.47973498702049255
vt 0.13781599700450897 0.2180510014295578
vt 0.10589800029993057 0.20186300575733185
vt 0.10589800029993057 0.2507239878177643
vt 0.10589800029993057 0.2507239878177643
vt 0.15377500653266907 0.2507239878177643
vt 0.13781599700450897 0.2180510014295578
vt 0.7022259831428528 0.6184499859809875
vt 0.6785839796066284 0.6100389957427979
vt 0.6695839762687683 0.6219990253448486
vt 0.6695839762687683 0.6219990253448486
vt 0.699055016040802 0.6376439929008484
vt 0.7022259831428528 0.6184499859809875
vt 0.7017589807510376 0.5712680220603943
vt 0.6790210008621216 0.5706520080566406
vt 0.6785839796066284 0.6100389957427979
vt 0.6785839796066284 0.6100389957427979
vt 0.7022259831428528 0.6184499859809875
vt 0.7017589807510376 0.5712680220603943
vt 0.6793590188026428 0.5249680280685425
vt 0.6790210008621216 0.5706520080566406
vt 0.7017589807510376 0.5712680220603943
vt 0.7017589807510376 0.5712680220603943
vt 0.7018569707870483 0.5249410271644592
vt 0.6793590188026428 0.5249680280685425
vt 0.6798189878463745 0.47908300161361694
vt 0.6793590188026428 0.5249680280685425
vt 0.7018569707870483 0.5249410271644592
vt 0.7018569707870483 0.5249410271644592
vt 0.7021939754486084 0.47808998823165894
vt 0.6798189878463745 0.47908300161361694
vt 0.6791729927062988 0.43318599462509155
vt 0.6798189878463745 0.47908300161361694
vt 0.7021939754486084 0.47808998823165894
vt 0.7021939754486084 0.47808998823165894
vt 0.7028800249099731 0.43213900923728943
vt 0.6791729927062988 0.43318599462509155
vt 0.09309700131416321 0.3995420038700104
vt 0.08609700202941895 0.4198729991912842
vt 0.1590919941663742 0.4205940067768097
vt 0.1590919941663742 0.4205940067768097
vt 0.15990899503231049 0.399275004863739
vt 0.09309700131416321 0.3995420038700104
vt 0.10589899867773056 0.2995859980583191
vt 0.10589899867773056 0.3484469950199127
vt 0.15377500653266907 0.3484469950199127
vt 0.15377500653266907 0.3484469950199127
vt 0.15377500653266907 0.2995859980583191
vt 0.10589899867773056 0.2995859980583191
vt 0.10589899867773056 0.2995859980583191
vt 0.15377500653266907 0.2995859980583191
vt 0.15377500653266907 0.2507239878177643
vt 0.15377500653266907 0.2507239878177643
vt 0.10589800029993057 0.2507239878177643
vt 0.10589899867773056 0.2995859980583191
vt 0.16973300278186798 0.2180510014295578
vt 0.13781599700450897 0.2180510014295578
vt 0.15377500653266907 0.2507239878177643
vt 0.7022259831428528 0.6184499859809875
vt 0.699055016040802 0.6376439929008484
vt 0.7290160059928894 0.6374059915542603
vt 0.7290160059928894 0.6374059915542603
vt 0.7250609993934631 0.6184080243110657
vt 0.7022259831428528 0.6184499859809875
vt 0.7017589807510376 0.5712680220603943
vt 0.7022259831428528 0.6184499859809875
vt 0.7250609993934631 0.6184080243110657
vt 0.7250609993934631 0.6184080243110657
vt 0.7245609760284424 0.5712379813194275
vt 0.7017589807510376 0.5712680220603943
vt 0.7018569707870483 0.5249410271644592
vt 0.7017589807510376 0.5712680220603943
vt 0.7245609760284424 0.5712379813194275
vt 0.7245609760284424 0.5712379813194275
vt 0.7243599891662598 0.5251389741897583
vt 0.7018569707870483 0.5249410271644592
vt 0.7021939754486084 0.47808998823165894
vt 0.7018569707870483 0.5249410271644592
vt 0.7243599891662598 0.5251389741897583
vt 0.7243599891662598 0.5251389741897583
vt 0.7249199748039246 0.478287011384964
vt 0.7021939754486084 0.47808998823165894
vt 0.7028800249099731 0.43213900923728943
vt 0.7021939754486084 0.47808998823165894
vt 0.7249199748039246 0.478287011384964
vt 0.7249199748039246 0.478287011384964
vt 0.7267529964447021 0.4325129985809326
vt 0.7028800249099731 0.43213900923728943
vt 0.32931798696517944 0.21804900467395782
vt 0.2974010109901428 0.20186200737953186
vt 0.2974010109901428 0.2507230043411255
vt 0.2974010109901428 0.2507230043411255
vt 0.34527701139450073 0.2507230043411255
vt 0.32931798696517944 0.21804900467395782
vt 0.8074730038642883 0.6203749775886536
vt 0.7836300134658813 0.6119189858436584
vt 0.7745320200920105 0.623848021030426
vt 0.7745320200920105 0.623848021030426
vt 0.8039339780807495 0.6395170092582703
vt 0.8074730038642883 0.6203749775886536
vt 0.8070420026779175 0.5727729797363281
vt 0.784205973148346 0.5722749829292297
vt 0.7836300134658813 0.6119189858436584
vt 0.7836300134658813 0.6119189858436584
vt 0.8074730038642883 0.6203749775886536
vt 0.8070420026779175 0.5727729797363281
vt 0.7845960259437561 0.5265390276908875
vt 0.784205973148346 0.5722749829292297
vt 0.8070420026779175 0.5727729797363281
vt 0.8070420026779175 0.5727729797363281
vt 0.8071320056915283 0.5264480113983154
vt 0.7845960259437561 0.5265390276908875
vt 0.7849929928779602 0.48060399293899536
vt 0.7845960259437561 0.5265390276908875
vt 0.8071320056915283 0.5264480113983154
vt 0.8071320056915283 0.5264480113983154
vt 0.8074120283126831 0.4796780049800873
vt 0.7849929928779602 0.48060399293899536
vt 0.7841629981994629 0.4349929988384247
vt 0.7849929928779602 0.48060399293899536
vt 0.8074120283126831 0.4796780049800873
vt 0.8074120283126831 0.4796780049800873
vt 0.8079019784927368 0.43403300642967224
vt 0.7841629981994629 0.4349929988384247
vt 0.2982740104198456 0.39935800433158875
vt 0.29822999238967896 0.4204939901828766
vt 0.3446440100669861 0.4204789996147156
vt 0.3446440100669861 0.4204789996147156
vt 0.34465301036834717 0.39934900403022766
vt 0.2982740104198456 0.39935800433158875
vt 0.2974019944667816 0.2995840013027191
vt 0.2974010109901428 0.3484460115432739
vt 0.34527599811553955 0.34844499826431274
vt 0.34527599811553955 0.34844499826431274
vt 0.34527701139450073 0.29958298802375793
vt 0.2974019944667816 0.2995840013027191
vt 0.2974019944667816 0.2995840013027191
vt 0.34527701139450073 0.29958298802375793
vt 0.34527701139450073 0.2507230043411255
vt 0.34527701139450073 0.2507230043411255
vt 0.2974010109901428 0.2507230043411255
vt 0.2974019944667816 0.2995840013027191
vt 0.36123499274253845 0.21804800629615784
vt 0.32931798696517944 0.21804900467395782
vt 0.34527701139450073 0.2507230043411255
vt 0.8074730038642883 0.6203749775886536
vt 0.8039339780807495 0.6395170092582703
vt 0.8339639902114868 0.6393110156059265
vt 0.8339639902114868 0.6393110156059265
vt 0.8302980065345764 0.620058000087738
vt 0.8074730038642883 0.6203749775886536
vt 0.8070420026779175 0.5727729797363281
vt 0.8074730038642883 0.6203749775886536
vt 0.8302980065345764 0.620058000087738
vt 0.8302980065345764 0.620058000087738
vt 0.82989102602005 0.5727940201759338
vt 0.8070420026779175 0.5727729797363281
vt 0.8071320056915283 0.5264480113983154
vt 0.8070420026779175 0.5727729797363281
vt 0.82989102602005 0.5727940201759338
vt 0.82989102602005 0.5727940201759338
vt 0.8296579718589783 0.5266270041465759
vt 0.8071320056915283 0.5264480113983154
vt 0.8074120283126831 0.4796780049800873
vt 0.8071320056915283 0.5264480113983154
vt 0.8296579718589783 0.5266270041465759
vt 0.8296579718589783 0.5266270041465759
vt 0.8300840258598328 0.4799650013446808
vt 0.8074120283126831 0.4796780049800873
vt 0.8079019784927368 0.43403300642967224
vt 0.8074120283126831 0.4796780049800873
vt 0.8300840258598328 0.4799650013446808
vt 0.8300840258598328 0.4799650013446808
vt 0.8317109942436218 0.4345040023326874
vt 0.8079019784927368 0.43403300642967224
vt 0.5208200216293335 0.21804800629615784
vt 0.4889029860496521 0.20186099410057068
vt 0.4889029860496521 0.2507219910621643
vt 0.4889029860496521 0.2507219910621643
vt 0.5367810130119324 0.2507230043411255
vt 0.5208200216293335 0.21804800629615784
vt 0.9115149974822998 0.6195070147514343
vt 0.887677013874054 0.6110140085220337
vt 0.878587007522583 0.62295001745224
vt 0.878587007522583 0.62295001745224
vt 0.9080129861831665 0.638617992401123
vt 0.9115149974822998 0.6195070147514343
vt 0.9110519886016846 0.5718439817428589
vt 0.8882229924201965 0.5713980197906494
vt 0.887677013874054 0.6110140085220337
vt 0.887677013874054 0.6110140085220337
vt 0.9115149974822998 0.6195070147514343
vt 0.9110519886016846 0.5718439817428589
vt 0.888634979724884 0.5256580114364624
vt 0.8882229924201965 0.5713980197906494
vt 0.9110519886016846 0.5718439817428589
vt 0.9110519886016846 0.5718439817428589
vt 0.9111520051956177 0.5255659818649292
vt 0.888634979724884 0.5256580114364624
vt 0.8890299797058105 0.47973498702049255
vt 0.888634979724884 0.5256580114364624
vt 0.9111520051956177 0.5255659818649292
vt 0.9111520051956177 0.5255659818649292
vt 0.9114279747009277 0.4788210093975067
vt 0.8890299797058105 0.47973498702049255
vt 0.8881999850273132 0.4341239929199219
vt 0.8890299797058105 0.47973498702049255
vt 0.9114279747009277 0.4788210093975067
vt 0.9114279747009277 0.4788210093975067
vt 0.9119449853897095 0.43315500020980835
vt 0.8881999850273132 0.4341239929199219
vt 0.48361700773239136 0.39939799904823303
vt 0.48389101028442383 0.4205229878425598
vt 0.5302090048789978 0.4205690026283264
vt 0.5302090048789978 0.4205690026283264
vt 0.5293350219726562 0.3992590010166168
vt 0.48361700773239136 0.39939799904823303
vt 0.48890501260757446 0.29958298802375793
vt 0.4889029860496521 0.34844499826431274
vt 0.53677898645401 0.34844499826431274
vt 0.53677898645401 0.34844499826431274
vt 0.53677898645401 0.29958298802375793
vt 0.48890501260757446 0.29958298802375793
vt 0.48890501260757446 0.29958298802375793
vt 0.53677898645401 0.29958298802375793
vt 0.5367810130119324 0.2507230043411255
vt 0.5367810130119324 0.2507230043411255
vt 0.4889029860496521 0.2507219910621643
vt 0.48890501260757446 0.29958298802375793
vt 0.5527380108833313 0.21804800629615784
vt 0.5208200216293335 0.21804800629615784
vt 0.5367810130119324 0.2507230043411255
vt 0.9115149974822998 0.6195070147514343
vt 0.9080129861831665 0.638617992401123
vt 0.9380409717559814 0.6384239792823792
vt 0.9380409717559814 0.6384239792823792
vt 0.9343670010566711 0.6191869974136353
vt 0.9115149974822998 0.6195070147514343
vt 0.9110519886016846 0.5718439817428589
vt 0.9115149974822998 0.6195070147514343
vt 0.9343670010566711 0.6191869974136353
vt 0.9343670010566711 0.6191869974136353
vt 0.9338970184326172 0.5718860030174255
vt 0.9110519886016846 0.5718439817428589
vt 0.9111520051956177 0.5255659818649292
vt 0.9110519886016846 0.5718439817428589
vt 0.9338970184326172 0.5718860030174255
vt 0.9338970184326172 0.5718860030174255
vt 0.9336720108985901 0.5257570147514343
vt 0.9111520051956177 0.5255659818649292
vt 0.9114279747009277 0.4788210093975067
vt 0.9111520051956177 0.5255659818649292
vt 0.9336720108985901 0.5257570147514343
vt 0.9336720108985901 0.5257570147514343
vt 0.9341080188751221 0.4791100025177002
vt 0.9114279747009277 0.4788210093975067
vt 0.9119449853897095 0.43315500020980835
vt 0.9114279747009277 0.4788210093975067
vt 0.9341080188751221 0.4791100025177002
vt 0.9341080188751221 0.4791100025177002
vt 0.9357609748840332 0.4336239993572235
vt 0.9119449853897095 0.43315500020980835
vt 0.6804080009460449 0.34844499826431274
vt 0.5846570134162903 0.3484460115432739
vt 0.6058629751205444 0.3734999895095825
vt 0.08469200134277344 0.3735029995441437
vt 0.010147999972105026 0.3484480082988739
vt 0.010065999813377857 0.39730799198150635
vt 0.010065999813377857 0.39730799198150635
vt 0.07827000319957733 0.3975430130958557
vt 0.08469200134277344 0.3735029995441437
vt 0.11280400305986404 0.37683600187301636
vt 0.09309700131416321 0.3995420038700104
vt 0.15990899503231049 0.399275004863739
vt 0.15990899503231049 0.399275004863739
vt 0.15964800119400024 0.3770110011100769
vt 0.11280400305986404 0.37683600187301636
vt 0.15964800119400024 0.3770110011100769
vt 0.15990899503231049 0.399275004863739
vt 0.20576900243759155 0.39936599135398865
vt 0.20576900243759155 0.39936599135398865
vt 0.20556700229644775 0.3771060109138489
vt 0.15964800119400024 0.3770110011100769
vt 0.20556700229644775 0.3771060109138489
vt 0.20576900243759155 0.39936599135398865
vt 0.2982740104198456 0.39935800433158875
vt 0.2982740104198456 0.39935800433158875
vt 0.2982630133628845 0.3771530091762543
vt 0.20556700229644775 0.3771060109138489
vt 0.2982630133628845 0.3771530091762543
vt 0.2982740104198456 0.39935800433158875
vt 0.34465301036834717 0.39934900403022766
vt 0.34465301036834717 0.39934900403022766
vt 0.344633013010025 0.37716901302337646
vt 0.2982630133628845 0.3771530091762543
vt 0.344633013010025 0.37716901302337646
vt 0.34465301036834717 0.39934900403022766
vt 0.3910129964351654 0.3993619978427887
vt 0.3910129964351654 0.3993619978427887
vt 0.39099401235580444 0.3771649897098541
vt 0.344633013010025 0.37716901302337646
vt 0.39099401235580444 0.3771649897098541
vt 0.3910129964351654 0.3993619978427887
vt 0.48361700773239136 0.39939799904823303
vt 0.48361700773239136 0.39939799904823303
vt 0.4837540090084076 0.3771190047264099
vt 0.39099401235580444 0.3771649897098541
vt 0.4837540090084076 0.3771190047264099
vt 0.48361700773239136 0.39939799904823303
vt 0.5293350219726562 0.3992590010166168
vt 0.5293350219726562 0.3992590010166168
vt 0.5295839905738831 0.377032995223999
vt 0.4837540090084076 0.3771190047264099
vt 0.5762940049171448 0.3768619894981384
vt 0.5295839905738831 0.377032995223999
vt 0.5293350219726562 0.3992590010166168
vt 0.5293350219726562 0.3992590010166168
vt 0.5958459973335266 0.39946600794792175
vt 0.5762940049171448 0.3768619894981384
vt 0.6056360006332397 0.394322007894516
vt 0.5958459973335266 0.39946600794792175
vt 0.6028680205345154 0.4199410080909729
vt 0.6028680205345154 0.4199410080909729
vt 0.6133999824523926 0.4179750084877014
vt 0.6056360006332397 0.394322007894516
vt 0.08609700202941895 0.4198729991912842
vt 0.09309700131416321 0.3995420038700104
vt 0.08336199820041656 0.39451301097869873
vt 0.08336199820041656 0.39451301097869873
vt 0.07545799762010574 0.41788700222969055
vt 0.08609700202941895 0.4198729991912842
vt 0.09309700131416321 0.3995420038700104
vt 0.11280400305986404 0.37683600187301636
vt 0.1041250005364418 0.36888501048088074
vt 0.1041250005364418 0.36888501048088074
vt 0.08336199820041656 0.39451301097869873
vt 0.09309700131416321 0.3995420038700104
vt 0.11280400305986404 0.37683600187301636
vt 0.15964800119400024 0.3770110011100769
vt 0.1531279981136322 0.36823201179504395
vt 0.1531279981136322 0.36823201179504395
vt 0.10489299893379211 0.3680410087108612
vt 0.11280400305986404 0.37683600187301636
vt 0.15964800119400024 0.3770110011100769
vt 0.20556700229644775 0.3771060109138489
vt 0.20082099735736847 0.36830198764801025
vt 0.20082099735736847 0.36830198764801025
vt 0.1531279981136322 0.36823201179504395
vt 0.15964800119400024 0.3770110011100769
vt 0.20556700229644775 0.3771060109138489
vt 0.2982630133628845 0.3771530091762543
vt 0.29668501019477844 0.3683589994907379
vt 0.29668501019477844 0.3683589994907379
vt 0.20082099735736847 0.36830198764801025
vt 0.20556700229644775 0.3771060109138489
vt 0.2982630133628845 0.3771530091762543
vt 0.344633013010025 0.37716901302337646
vt 0.3446339964866638 0.3683739900588989
vt 0.3446339964866638 0.3683739900588989
vt 0.29668501019477844 0.3683589994907379
vt 0.2982630133628845 0.3771530091762543
vt 0.3446339964866638 0.3683739900588989
vt 0.344633013010025 0.37716901302337646
vt 0.39099401235580444 0.3771649897098541
vt 0.39099401235580444 0.3771649897098541
vt 0.39257898926734924 0.368366003036499
vt 0.3446339964866638 0.3683739900588989
vt 0.39257898926734924 0.368366003036499
vt 0.39099401235580444 0.3771649897098541
vt 0.4837540090084076 0.3771190047264099
vt 0.4837540090084076 0.3771190047264099
vt 0.4884069859981537 0.3683049976825714
vt 0.39257898926734924 0.368366003036499
vt 0.4884069859981537 0.3683049976825714
vt 0.4837540090084076 0.3771190047264099
vt 0.5295839905738831 0.377032995223999
vt 0.5295839905738831 0.377032995223999
vt 0.5361539721488953 0.36826398968696594
vt 0.4884069859981537 0.3683049976825714
vt 0.5849239826202393 0.36886700987815857
vt 0.5762940049171448 0.3768619894981384
vt 0.5958459973335266 0.39946600794792175
vt 0.5958459973335266 0.39946600794792175
vt 0.6056360006332397 0.394322007894516
vt 0.5849239826202393 0.36886700987815857
vt 0.5361539721488953 0.36826398968696594
vt 0.5295839905738831 0.377032995223999
vt 0.5762940049171448 0.3768619894981384
vt 0.5762940049171448 0.3768619894981384
vt 0.5841529965400696 0.3680410087108612
vt 0.5361539721488953 0.36826398968696594
vt 0.6804050207138062 0.05527700111269951
vt 0.5846549868583679 0.05527700111269951
vt 0.5846549868583679 0.006415999960154295
vt 0.5846549868583679 0.006415999960154295
vt 0.6804080009460449 0.006415999960154295
vt 0.6804050207138062 0.05527700111269951
vt 0.6804050207138062 0.10413800179958344
vt 0.5846549868583679 0.10413800179958344
vt 0.5846549868583679 0.05527700111269951
vt 0.5846549868583679 0.05527700111269951
vt 0.6804050207138062 0.05527700111269951
vt 0.6804050207138062 0.10413800179958344
vt 0.680404007434845 0.15299999713897705
vt 0.5846549868583679 0.15299999713897705
vt 0.5846549868583679 0.10413800179958344
vt 0.5846549868583679 0.10413800179958344
vt 0.6804050207138062 0.10413800179958344
vt 0.680404007434845 0.15299999713897705
vt 0.680404007434845 0.20186099410057068
vt 0.5846549868583679 0.20186099410057068
vt 0.5846549868583679 0.15299999713897705
vt 0.5846549868583679 0.15299999713897705
vt 0.680404007434845 0.15299999713897705
vt 0.680404007434845 0.20186099410057068
vt 0.6804080009460449 0.2507230043411255
vt 0.5846570134162903 0.2507230043411255
vt 0.5846549868583679 0.20186099410057068
vt 0.5846549868583679 0.20186099410057068
vt 0.680404007434845 0.20186099410057068
vt 0.6804080009460449 0.2507230043411255
vt 0.6804080009460449 0.2507230043411255
vt 0.6804080009460449 0.29958298802375793
vt 0.5846549868583679 0.29958298802375793
vt 0.5846549868583679 0.29958298802375793
vt 0.5846570134162903 0.2507230043411255
vt 0.6804080009460449 0.2507230043411255
vt 0.6804080009460449 0.34844499826431274
vt 0.5846570134162903 0.3484460115432739
vt 0.5846549868583679 0.29958298802375793
vt 0.5846549868583679 0.29958298802375793
vt 0.6804080009460449 0.29958298802375793
vt 0.6804080009460449 0.34844499826431274
vt 0.6804869771003723 0.3973050117492676
vt 0.6122879981994629 0.3975430130958557
vt 0.6058629751205444 0.3734999895095825
vt 0.6058629751205444 0.3734999895095825
vt 0.6804080009460449 0.34844499826431274
vt 0.6804869771003723 0.3973050117492676
vt 0.8338789939880371 0.2626889944076538
vt 0.8063279986381531 0.26853498816490173
vt 0.8055040240287781 0.19603699445724487
vt 0.857134997844696 0.24689200520515442
vt 0.8338789939880371 0.2626889944076538
vt 0.8055040240287781 0.19603699445724487
vt 0.8725460171699524 0.22330999374389648
vt 0.857134997844696 0.24689200520515442
vt 0.8055040240287781 0.19603699445724487
vt 0.8778359889984131 0.19566300511360168
vt 0.8725460171699524 0.22330999374389648
vt 0.8055040240287781 0.19603699445724487
vt 0.8722659945487976 0.16803400218486786
vt 0.8778359889984131 0.19566300511360168
vt 0.8055040240287781 0.19603699445724487
vt 0.8565279841423035 0.1446949988603592
vt 0.8722659945487976 0.16803400218486786
vt 0.8055040240287781 0.19603699445724487
vt 0.8331030011177063 0.12916800379753113
vt 0.8565279841423035 0.1446949988603592
vt 0.8055040240287781 0.19603699445724487
vt 0.8055040240287781 0.12363699823617935
vt 0.8331030011177063 0.12916800379753113
vt 0.8055040240287781 0.19603699445724487
vt 0.3191379904747009 0.9142919778823853
vt 0.22510500252246857 0.9302110075950623
vt 0.21734300255775452 0.8763909935951233
vt 0.21734300255775452 0.8763909935951233
vt 0.31171101331710815 0.862438976764679
vt 0.3191379904747009 0.9142919778823853
vt 0.3067289888858795 0.79694002866745
vt 0.31171101331710815 0.862438976764679
vt 0.2088100016117096 0.863955020904541
vt 0.2088100016117096 0.863955020904541
vt 0.20436300337314606 0.8046140074729919
vt 0.3067289888858795 0.79694002866745
vt 0.3067289888858795 0.79694002866745
vt 0.20436300337314606 0.8046140074729919
vt 0.19991399347782135 0.745274007320404
vt 0.19991399347782135 0.745274007320404
vt 0.302280992269516 0.7376000285148621
vt 0.3067289888858795 0.79694002866745
vt 0.30081701278686523 0.6781129837036133
vt 0.302280992269516 0.7376000285148621
vt 0.2068769931793213 0.7310460209846497
vt 0.2068769931793213 0.7310460209846497
vt 0.20542700588703156 0.6781119704246521
vt 0.30081701278686523 0.6781129837036133
vt 0.30081701278686523 0.6781129837036133
vt 0.20542700588703156 0.6781119704246521
vt 0.2068769931793213 0.6251789927482605
vt 0.2068769931793213 0.6251789927482605
vt 0.302280992269516 0.6186220049858093
vt 0.30081701278686523 0.6781129837036133
vt 0.302280992269516 0.6186220049858093
vt 0.19991399347782135 0.6109489798545837
vt 0.20436300337314606 0.5516080260276794
vt 0.20436300337314606 0.5516080260276794
vt 0.3067280054092407 0.5592820048332214
vt 0.302280992269516 0.6186220049858093
vt 0.3067280054092407 0.5592820048332214
vt 0.20436300337314606 0.5516080260276794
vt 0.20881099998950958 0.49226701259613037
vt 0.20881099998950958 0.49226701259613037
vt 0.31171101331710815 0.49378401041030884
vt 0.3067280054092407 0.5592820048332214
vt 0.3191379904747009 0.4419279992580414
vt 0.31171101331710815 0.49378401041030884
vt 0.21734200417995453 0.4798299968242645
vt 0.21734200417995453 0.4798299968242645
vt 0.22510500252246857 0.42601099610328674
vt 0.3191379904747009 0.4419279992580414
vt 0.43629199266433716 0.9102410078048706
vt 0.3316969871520996 0.9214029908180237
vt 0.3216249942779541 0.8617479801177979
vt 0.3216249942779541 0.8617479801177979
vt 0.42349499464035034 0.8528609871864319
vt 0.43629199266433716 0.9102410078048706
vt 0.42349499464035034 0.8528609871864319
vt 0.3216249942779541 0.8617479801177979
vt 0.3126299977302551 0.8011040091514587
vt 0.3126299977302551 0.8011040091514587
vt 0.4137580096721649 0.7948470115661621
vt 0.42349499464035034 0.8528609871864319
vt 0.4137580096721649 0.7948470115661621
vt 0.3126299977302551 0.8011040091514587
vt 0.3066140115261078 0.7399320006370544
vt 0.3066140115261078 0.7399320006370544
vt 0.4075219929218292 0.7361329793930054
vt 0.4137580096721649 0.7948470115661621
vt 0.4075219929218292 0.7361329793930054
vt 0.3066140115261078 0.7399320006370544
vt 0.3041450083255768 0.6784279942512512
vt 0.3041450083255768 0.6784279942512512
vt 0.405021995306015 0.6774119734764099
vt 0.4075219929218292 0.7361329793930054
vt 0.405021995306015 0.6774119734764099
vt 0.3041450083255768 0.6784279942512512
vt 0.30556198954582214 0.6166290044784546
vt 0.30556198954582214 0.6166290044784546
vt 0.40656599402427673 0.6188210248947144
vt 0.405021995306015 0.6774119734764099
vt 0.40656599402427673 0.6188210248947144
vt 0.30556198954582214 0.6166290044784546
vt 0.31049901247024536 0.5544229745864868
vt 0.31049901247024536 0.5544229745864868
vt 0.41228801012039185 0.5597580075263977
vt 0.40656599402427673 0.6188210248947144
vt 0.41228801012039185 0.5597580075263977
vt 0.31049901247024536 0.5544229745864868
vt 0.3188219964504242 0.49272599816322327
vt 0.3188219964504242 0.49272599816322327
vt 0.4220989942550659 0.5015519857406616
vt 0.41228801012039185 0.5597580075263977
vt 0.4220989942550659 0.5015519857406616
vt 0.3188219964504242 0.49272599816322327
vt 0.3290709853172302 0.43192601203918457
vt 0.3290709853172302 0.43192601203918457
vt 0.435261994600296 0.4438619911670685
vt 0.4220989942550659 0.5015519857406616
vt 0.6021419763565063 0.849577009677887
vt 0.5622659921646118 0.8694289922714233
vt 0.5483919978141785 0.823731005191803
vt 0.5483919978141785 0.823731005191803
vt 0.5895329713821411 0.8088849782943726
vt 0.6021419763565063 0.849577009677887
vt 0.5895329713821411 0.8088849782943726
vt 0.5483919978141785 0.823731005191803
vt 0.5392910242080688 0.7751340270042419
vt 0.5392910242080688 0.7751340270042419
vt 0.5810530185699463 0.7654709815979004
vt 0.5895329713821411 0.8088849782943726
vt 0.5810530185699463 0.7654709815979004
vt 0.5392910242080688 0.7751340270042419
vt 0.5341929793357849 0.7264350056648254
vt 0.5341929793357849 0.7264350056648254
vt 0.5771430134773254 0.7214980125427246
vt 0.5810530185699463 0.7654709815979004
vt 0.5771430134773254 0.7214980125427246
vt 0.5341929793357849 0.7264350056648254
vt 0.5329099893569946 0.6776430010795593
vt 0.5329099893569946 0.6776430010795593
vt 0.5754290223121643 0.6774629950523376
vt 0.5771430134773254 0.7214980125427246
vt 0.5754290223121643 0.6774629950523376
vt 0.5329099893569946 0.6776430010795593
vt 0.5339509844779968 0.6287490129470825
vt 0.5339509844779968 0.6287490129470825
vt 0.5762370228767395 0.6332209706306458
vt 0.5754290223121643 0.6774629950523376
vt 0.5762370228767395 0.6332209706306458
vt 0.5339509844779968 0.6287490129470825
vt 0.5389130115509033 0.5800139904022217
vt 0.5389130115509033 0.5800139904022217
vt 0.5804920196533203 0.5894989967346191
vt 0.5762370228767395 0.6332209706306458
vt 0.5804920196533203 0.5894989967346191
vt 0.5389130115509033 0.5800139904022217
vt 0.5481320023536682 0.5312640070915222
vt 0.5481320023536682 0.5312640070915222
vt 0.5891789793968201 0.5461230278015137
vt 0.5804920196533203 0.5894989967346191
vt 0.5891789793968201 0.5461230278015137
vt 0.5481320023536682 0.5312640070915222
vt 0.5624889731407166 0.48535799980163574
vt 0.5624889731407166 0.48535799980163574
vt 0.6021419763565063 0.5055670142173767
vt 0.5891789793968201 0.5461230278015137
vt 0.5198789834976196 0.8881660103797913
vt 0.47938400506973267 0.9011080265045166
vt 0.46532198786735535 0.8462679982185364
vt 0.46532198786735535 0.8462679982185364
vt 0.5060030221939087 0.8378379940986633
vt 0.5198789834976196 0.8881660103797913
vt 0.5060030221939087 0.8378379940986633
vt 0.46532198786735535 0.8462679982185364
vt 0.4554480016231537 0.7905600070953369
vt 0.4554480016231537 0.7905600070953369
vt 0.4965369999408722 0.7844740152359009
vt 0.5060030221939087 0.8378379940986633
vt 0.4965369999408722 0.7844740152359009
vt 0.4554480016231537 0.7905600070953369
vt 0.44961100816726685 0.7338340282440186
vt 0.44961100816726685 0.7338340282440186
vt 0.4908899962902069 0.7307980060577393
vt 0.4965369999408722 0.7844740152359009
vt 0.4908899962902069 0.7307980060577393
vt 0.44961100816726685 0.7338340282440186
vt 0.44736701250076294 0.677482008934021
vt 0.44736701250076294 0.677482008934021
vt 0.488986998796463 0.6776019930839539
vt 0.4908899962902069 0.7307980060577393
vt 0.488986998796463 0.6776019930839539
vt 0.44736701250076294 0.677482008934021
vt 0.4489609897136688 0.6212120056152344
vt 0.4489609897136688 0.6212120056152344
vt 0.49028798937797546 0.6246320009231567
vt 0.488986998796463 0.6776019930839539
vt 0.49028798937797546 0.6246320009231567
vt 0.4489609897136688 0.6212120056152344
vt 0.4545139968395233 0.5643180012702942
vt 0.4545139968395233 0.5643180012702942
vt 0.49566200375556946 0.570743978023529
vt 0.49028798937797546 0.6246320009231567
vt 0.49566200375556946 0.570743978023529
vt 0.4545139968395233 0.5643180012702942
vt 0.4643000066280365 0.5079100131988525
vt 0.4643000066280365 0.5079100131988525
vt 0.5053690075874329 0.5170159935951233
vt 0.49566200375556946 0.570743978023529
vt 0.5053690075874329 0.5170159935951233
vt 0.4643000066280365 0.5079100131988525
vt 0.4785340130329132 0.4530999958515167
vt 0.4785340130329132 0.4530999958515167
vt 0.5196030139923096 0.4663119912147522
vt 0.5053690075874329 0.5170159935951233
vt 0.47938400506973267 0.9011080265045166
vt 0.43629199266433716 0.9102410078048706
vt 0.42349499464035034 0.8528609871864319
vt 0.42349499464035034 0.8528609871864319
vt 0.46532198786735535 0.8462679982185364
vt 0.47938400506973267 0.9011080265045166
vt 0.46532198786735535 0.8462679982185364
vt 0.42349499464035034 0.8528609871864319
vt 0.4137580096721649 0.7948470115661621
vt 0.4137580096721649 0.7948470115661621
vt 0.4554480016231537 0.7905600070953369
vt 0.46532198786735535 0.8462679982185364
vt 0.4554480016231537 0.7905600070953369
vt 0.4137580096721649 0.7948470115661621
vt 0.4075219929218292 0.7361329793930054
vt 0.4075219929218292 0.7361329793930054
vt 0.44961100816726685 0.7338340282440186
vt 0.4554480016231537 0.7905600070953369
vt 0.44961100816726685 0.7338340282440186
vt 0.4075219929218292 0.7361329793930054
vt 0.405021995306015 0.6774119734764099
vt 0.405021995306015 0.6774119734764099
vt 0.44736701250076294 0.677482008934021
vt 0.44961100816726685 0.7338340282440186
vt 0.44736701250076294 0.677482008934021
vt 0.405021995306015 0.6774119734764099
vt 0.40656599402427673 0.6188210248947144
vt 0.40656599402427673 0.6188210248947144
vt 0.4489609897136688 0.6212120056152344
vt 0.44736701250076294 0.677482008934021
vt 0.4489609897136688 0.6212120056152344
vt 0.40656599402427673 0.6188210248947144
vt 0.41228801012039185 0.5597580075263977
vt 0.41228801012039185 0.5597580075263977
vt 0.4545139968395233 0.5643180012702942
vt 0.4489609897136688 0.6212120056152344
vt 0.4545139968395233 0.5643180012702942
vt 0.41228801012039185 0.5597580075263977
vt 0.4220989942550659 0.5015519857406616
vt 0.4220989942550659 0.5015519857406616
vt 0.4643000066280365 0.5079100131988525
vt 0.4545139968395233 0.5643180012702942
vt 0.4643000066280365 0.5079100131988525
vt 0.4220989942550659 0.5015519857406616
vt 0.435261994600296 0.4438619911670685
vt 0.435261994600296 0.4438619911670685
vt 0.4785340130329132 0.4530999958515167
vt 0.4643000066280365 0.5079100131988525
vt 0.5622659921646118 0.8694289922714233
vt 0.5198789834976196 0.8881660103797913
vt 0.5060030221939087 0.8378379940986633
vt 0.5060030221939087 0.8378379940986633
vt 0.5483919978141785 0.823731005191803
vt 0.5622659921646118 0.8694289922714233
vt 0.5483919978141785 0.823731005191803
vt 0.5060030221939087 0.8378379940986633
vt 0.4965369999408722 0.7844740152359009
vt 0.4965369999408722 0.7844740152359009
vt 0.5392910242080688 0.7751340270042419
vt 0.5483919978141785 0.823731005191803
vt 0.5392910242080688 0.7751340270042419
vt 0.4965369999408722 0.7844740152359009
vt 0.4908899962902069 0.7307980060577393
vt 0.4908899962902069 0.7307980060577393
vt 0.5341929793357849 0.7264350056648254
vt 0.5392910242080688 0.7751340270042419
vt 0.5341929793357849 0.7264350056648254
vt 0.4908899962902069 0.7307980060577393
vt 0.488986998796463 0.6776019930839539
vt 0.488986998796463 0.6776019930839539
vt 0.5329099893569946 0.6776430010795593
vt 0.5341929793357849 0.7264350056648254
vt 0.5329099893569946 0.6776430010795593
vt 0.488986998796463 0.6776019930839539
vt 0.49028798937797546 0.6246320009231567
vt 0.49028798937797546 0.6246320009231567
vt 0.5339509844779968 0.6287490129470825
vt 0.5329099893569946 0.6776430010795593
vt 0.5339509844779968 0.6287490129470825
vt 0.49028798937797546 0.6246320009231567
vt 0.49566200375556946 0.570743978023529
vt 0.49566200375556946 0.570743978023529
vt 0.5389130115509033 0.5800139904022217
vt 0.5339509844779968 0.6287490129470825
vt 0.5389130115509033 0.5800139904022217
vt 0.49566200375556946 0.570743978023529
vt 0.5053690075874329 0.5170159935951233
vt 0.5053690075874329 0.5170159935951233
vt 0.5481320023536682 0.5312640070915222
vt 0.5389130115509033 0.5800139904022217
vt 0.5481320023536682 0.5312640070915222
vt 0.5053690075874329 0.5170159935951233
vt 0.5196030139923096 0.4663119912147522
vt 0.5196030139923096 0.4663119912147522
vt 0.5624889731407166 0.48535799980163574
vt 0.5481320023536682 0.5312640070915222
vt 0.632902979850769 0.9163709878921509
vt 0.6211940050125122 0.9163709878921509
vt 0.6211940050125122 0.865477979183197
vt 0.6211940050125122 0.865477979183197
vt 0.632902979850769 0.865477979183197
vt 0.632902979850769 0.9163709878921509
vt 0.632902979850769 0.865477979183197
vt 0.6211940050125122 0.865477979183197
vt 0.6211940050125122 0.7970489859580994
vt 0.6211940050125122 0.7970489859580994
vt 0.632902979850769 0.7970489859580994
vt 0.632902979850769 0.865477979183197
vt 0.632902979850769 0.7970489859580994
vt 0.6211940050125122 0.7970489859580994
vt 0.6211940050125122 0.7365000247955322
vt 0.6211940050125122 0.7365000247955322
vt 0.632902979850769 0.7365000247955322
vt 0.632902979850769 0.7970489859580994
vt 0.632902979850769 0.7365000247955322
vt 0.6211940050125122 0.7365000247955322
vt 0.6211940050125122 0.6763709783554077
vt 0.6211940050125122 0.6763709783554077
vt 0.632902979850769 0.6763709783554077
vt 0.632902979850769 0.7365000247955322
vt 0.632902979850769 0.6763709783554077
vt 0.6211940050125122 0.6763709783554077
vt 0.6211940050125122 0.6173809766769409
vt 0.6211940050125122 0.6173809766769409
vt 0.632902979850769 0.6173809766769409
vt 0.632902979850769 0.6763709783554077
vt 0.632902979850769 0.6173809766769409
vt 0.6211940050125122 0.6173809766769409
vt 0.6211940050125122 0.5599600076675415
vt 0.6211940050125122 0.5599600076675415
vt 0.632902979850769 0.5599600076675415
vt 0.632902979850769 0.6173809766769409
vt 0.632902979850769 0.5599600076675415
vt 0.6211940050125122 0.5599600076675415
vt 0.6211940050125122 0.5043259859085083
vt 0.6211940050125122 0.5043259859085083
vt 0.632902979850769 0.5043259859085083
vt 0.632902979850769 0.5599600076675415
vt 0.632902979850769 0.5043259859085083
vt 0.6211940050125122 0.5043259859085083
vt 0.6211940050125122 0.4473240077495575
vt 0.6211940050125122 0.4473240077495575
vt 0.632902979850769 0.4473240077495575
vt 0.632902979850769 0.5043259859085083
vt 0.6435760259628296 0.9163709878921509
vt 0.632902979850769 0.9163709878921509
vt 0.632902979850769 0.865477979183197
vt 0.632902979850769 0.865477979183197
vt 0.6435760259628296 0.865477979183197
vt 0.6435760259628296 0.9163709878921509
vt 0.6109200119972229 0.865477979183197
vt 0.6211940050125122 0.865477979183197
vt 0.6211940050125122 0.9163709878921509
vt 0.6211940050125122 0.9163709878921509
vt 0.6109200119972229 0.9163709878921509
vt 0.6109200119972229 0.865477979183197
vt 0.6435760259628296 0.865477979183197
vt 0.632902979850769 0.865477979183197
vt 0.632902979850769 0.7970489859580994
vt 0.632902979850769 0.7970489859580994
vt 0.6435760259628296 0.7970489859580994
vt 0.6435760259628296 0.865477979183197
vt 0.6109200119972229 0.7970489859580994
vt 0.6211940050125122 0.7970489859580994
vt 0.6211940050125122 0.865477979183197
vt 0.6211940050125122 0.865477979183197
vt 0.6109200119972229 0.865477979183197
vt 0.6109200119972229 0.7970489859580994
vt 0.6435760259628296 0.7970489859580994
vt 0.632902979850769 0.7970489859580994
vt 0.632902979850769 0.7365000247955322
vt 0.632902979850769 0.7365000247955322
vt 0.6435760259628296 0.7365000247955322
vt 0.6435760259628296 0.7970489859580994
vt 0.6109200119972229 0.7365000247955322
vt 0.6211940050125122 0.7365000247955322
vt 0.6211940050125122 0.7970489859580994
vt 0.6211940050125122 0.7970489859580994
vt 0.6109200119972229 0.7970489859580994
vt 0.6109200119972229 0.7365000247955322
vt 0.6435760259628296 0.7365000247955322
vt 0.632902979850769 0.7365000247955322
vt 0.632902979850769 0.6763709783554077
vt 0.632902979850769 0.6763709783554077
vt 0.6435760259628296 0.6763709783554077
vt 0.6435760259628296 0.7365000247955322
vt 0.6109200119972229 0.6763709783554077
vt 0.6211940050125122 0.6763709783554077
vt 0.6211940050125122 0.7365000247955322
vt 0.6211940050125122 0.7365000247955322
vt 0.6109200119972229 0.7365000247955322
vt 0.6109200119972229 0.6763709783554077
vt 0.6435760259628296 0.6763709783554077
vt 0.632902979850769 0.6763709783554077
vt 0.632902979850769 0.6173809766769409
vt 0.632902979850769 0.6173809766769409
vt 0.6435760259628296 0.6173809766769409
vt 0.6435760259628296 0.6763709783554077
vt 0.6109200119972229 0.6173809766769409
vt 0.6211940050125122 0.6173809766769409
vt 0.6211940050125122 0.6763709783554077
vt 0.6211940050125122 0.6763709783554077
vt 0.6109200119972229 0.6763709783554077
vt 0.6109200119972229 0.6173809766769409
vt 0.6435760259628296 0.6173809766769409
vt 0.632902979850769 0.6173809766769409
vt 0.632902979850769 0.5599600076675415
vt 0.632902979850769 0.5599600076675415
vt 0.6435760259628296 0.5599600076675415
vt 0.6435760259628296 0.6173809766769409
vt 0.6109200119972229 0.5599600076675415
vt 0.6211940050125122 0.5599600076675415
vt 0.6211940050125122 0.6173809766769409
vt 0.6211940050125122 0.6173809766769409
vt 0.6109200119972229 0.6173809766769409
vt 0.6109200119972229 0.5599600076675415
vt 0.6435760259628296 0.5599600076675415
vt 0.632902979850769 0.5599600076675415
vt 0.632902979850769 0.5043259859085083
vt 0.632902979850769 0.5043259859085083
vt 0.6435760259628296 0.5043259859085083
vt 0.6435760259628296 0.5599600076675415
vt 0.6109200119972229 0.5599600076675415
vt 0.6109200119972229 0.5043259859085083
vt 0.6211940050125122 0.5043259859085083
vt 0.6211940050125122 0.5043259859085083
vt 0.6211940050125122 0.5599600076675415
vt 0.6109200119972229 0.5599600076675415
vt 0.6435760259628296 0.5043259859085083
vt 0.632902979850769 0.5043259859085083
vt 0.632902979850769 0.4473240077495575
vt 0.632902979850769 0.4473240077495575
vt 0.6435760259628296 0.4473240077495575
vt 0.6435760259628296 0.5043259859085083
vt 0.6109200119972229 0.5043259859085083
vt 0.6109200119972229 0.4473240077495575
vt 0.6211940050125122 0.4473240077495575
vt 0.6211940050125122 0.4473240077495575
vt 0.6211940050125122 0.5043259859085083
vt 0.6109200119972229 0.5043259859085083
vt 0.08270300179719925 0.7914180159568787
vt 0.08693200349807739 0.7838969826698303
vt 0.12900899350643158 0.7985560297966003
vt 0.12900899350643158 0.7985560297966003
vt 0.12762799859046936 0.8070679903030396
vt 0.08270300179719925 0.7914180159568787
vt 0.04598399996757507 0.7611510157585144
vt 0.05255800113081932 0.7555639743804932
vt 0.08693200349807739 0.7838969826698303
vt 0.08693200349807739 0.7838969826698303
vt 0.08270300179719925 0.7914180159568787
vt 0.04598399996757507 0.7611510157585144
vt 0.02204499952495098 0.7200689911842346
vt 0.030160000547766685 0.7170889973640442
vt 0.05255800113081932 0.7555639743804932
vt 0.05255800113081932 0.7555639743804932
vt 0.04598399996757507 0.7611510157585144
vt 0.02204499952495098 0.7200689911842346
vt 0.013906000182032585 0.6732270121574402
vt 0.02251400053501129 0.6732239723205566
vt 0.030160000547766685 0.7170889973640442
vt 0.030160000547766685 0.7170889973640442
vt 0.02204499952495098 0.7200689911842346
vt 0.013906000182032585 0.6732270121574402
vt 0.022029999643564224 0.6264039874076843
vt 0.03013700060546398 0.6293780207633972
vt 0.02251400053501129 0.6732239723205566
vt 0.02251400053501129 0.6732239723205566
vt 0.013906000182032585 0.6732270121574402
vt 0.022029999643564224 0.6264039874076843
vt 0.045944999903440475 0.585319995880127
vt 0.05252299830317497 0.5909050107002258
vt 0.03013700060546398 0.6293780207633972
vt 0.03013700060546398 0.6293780207633972
vt 0.022029999643564224 0.6264039874076843
vt 0.045944999903440475 0.585319995880127
vt 0.08267299830913544 0.5550199747085571
vt 0.08690699934959412 0.5625349879264832
vt 0.05252299830317497 0.5909050107002258
vt 0.05252299830317497 0.5909050107002258
vt 0.045944999903440475 0.585319995880127
vt 0.08267299830913544 0.5550199747085571
vt 0.08267299830913544 0.5550199747085571
vt 0.12761099636554718 0.539342999458313
vt 0.1289920061826706 0.5478659868240356
vt 0.1289920061826706 0.5478659868240356
vt 0.08690699934959412 0.5625349879264832
vt 0.08267299830913544 0.5550199747085571
vt 0.15074799954891205 0.8280180096626282
vt 0.18654699623584747 0.8150150179862976
vt 0.20513899624347687 0.8582249879837036
vt 0.20513899624347687 0.8582249879837036
vt 0.17108799517154694 0.8752869963645935
vt 0.15074799954891205 0.8280180096626282
vt 0.13601699471473694 0.7787070274353027
vt 0.17307700216770172 0.7699400186538696
vt 0.18654699623584747 0.8150150179862976
vt 0.18654699623584747 0.8150150179862976
vt 0.15074799954891205 0.8280180096626282
vt 0.13601699471473694 0.7787070274353027
vt 0.12709400057792664 0.7280210256576538
vt 0.1649239957332611 0.7236080169677734
vt 0.17307700216770172 0.7699400186538696
vt 0.17307700216770172 0.7699400186538696
vt 0.13601699471473694 0.7787070274353027
vt 0.12709400057792664 0.7280210256576538
vt 0.12409999966621399 0.6766470074653625
vt 0.16219499707221985 0.6766459941864014
vt 0.1649239957332611 0.7236080169677734
vt 0.1649239957332611 0.7236080169677734
vt 0.12709400057792664 0.7280210256576538
vt 0.12409999966621399 0.6766470074653625
vt 0.12708799540996552 0.6252719759941101
vt 0.1649249941110611 0.6296859979629517
vt 0.16219499707221985 0.6766459941864014
vt 0.16219499707221985 0.6766459941864014
vt 0.12409999966621399 0.6766470074653625
vt 0.12708799540996552 0.6252719759941101
vt 0.13601499795913696 0.5745900273323059
vt 0.17307600378990173 0.5833569765090942
vt 0.1649249941110611 0.6296859979629517
vt 0.1649249941110611 0.6296859979629517
vt 0.12708799540996552 0.6252719759941101
vt 0.13601499795913696 0.5745900273323059
vt 0.15074299275875092 0.5252799987792969
vt 0.1865449994802475 0.5382819771766663
vt 0.17307600378990173 0.5833569765090942
vt 0.17307600378990173 0.5833569765090942
vt 0.13601499795913696 0.5745900273323059
vt 0.15074299275875092 0.5252799987792969
vt 0.17108799517154694 0.4780139923095703
vt 0.20513899624347687 0.49507299065589905
vt 0.1865449994802475 0.5382819771766663
vt 0.1865449994802475 0.5382819771766663
vt 0.15074299275875092 0.5252799987792969
vt 0.17108799517154694 0.4780139923095703
vt 0.12761099636554718 0.539342999458313
vt 0.08267299830913544 0.5550199747085571
vt 0.08466900140047073 0.5431230068206787
vt 0.08466900140047073 0.5431230068206787
vt 0.12551400065422058 0.5281699895858765
vt 0.12761099636554718 0.539342999458313
vt 0.2088100016117096 0.863955020904541
vt 0.31171101331710815 0.862438976764679
vt 0.21734300255775452 0.8763909935951233
vt 0.302280992269516 0.7376000285148621
vt 0.19991399347782135 0.745274007320404
vt 0.2068769931793213 0.7310460209846497
vt 0.013906000182032585 0.6732270121574402
vt 0.0024250000715255737 0.6732379794120789
vt 0.010475000366568565 0.631650984287262
vt 0.010475000366568565 0.631650984287262
vt 0.022029999643564224 0.6264039874076843
vt 0.013906000182032585 0.6732270121574402
vt 0.013906000182032585 0.6732270121574402
vt 0.02204499952495098 0.7200689911842346
vt 0.010490000247955322 0.7148249745368958
vt 0.010490000247955322 0.7148249745368958
vt 0.0024250000715255737 0.6732379794120789
vt 0.013906000182032585 0.6732270121574402
vt 0.19991399347782135 0.6109489798545837
vt 0.302280992269516 0.6186220049858093
vt 0.2068769931793213 0.6251789927482605
vt 0.31171101331710815 0.49378401041030884
vt 0.20881099998950958 0.49226701259613037
vt 0.21734200417995453 0.4798299968242645
vt 0.12762799859046936 0.8070679903030396
vt 0.12553000450134277 0.8182359933853149
vt 0.0846949964761734 0.8033170104026794
vt 0.0846949964761734 0.8033170104026794
vt 0.08270300179719925 0.7914180159568787
vt 0.12762799859046936 0.8070679903030396
vt 0.08690699934959412 0.5625349879264832
vt 0.1289920061826706 0.5478659868240356
vt 0.130499005317688 0.5573930144309998
vt 0.130499005317688 0.5573930144309998
vt 0.0916299968957901 0.570921003818512
vt 0.08690699934959412 0.5625349879264832
vt 0.08690699934959412 0.5625349879264832
vt 0.0916299968957901 0.570921003818512
vt 0.05987200140953064 0.5971419811248779
vt 0.05987200140953064 0.5971419811248779
vt 0.05252299830317497 0.5909050107002258
vt 0.08690699934959412 0.5625349879264832
vt 0.05252299830317497 0.5909050107002258
vt 0.05987200140953064 0.5971419811248779
vt 0.03918800130486488 0.6327069997787476
vt 0.03918800130486488 0.6327069997787476
vt 0.03013700060546398 0.6293780207633972
vt 0.05252299830317497 0.5909050107002258
vt 0.03013700060546398 0.6293780207633972
vt 0.03918800130486488 0.6327069997787476
vt 0.03215299919247627 0.6732289791107178
vt 0.03215299919247627 0.6732289791107178
vt 0.02251400053501129 0.6732239723205566
vt 0.03013700060546398 0.6293780207633972
vt 0.02251400053501129 0.6732239723205566
vt 0.03215299919247627 0.6732289791107178
vt 0.03921300172805786 0.7137569785118103
vt 0.03921300172805786 0.7137569785118103
vt 0.030160000547766685 0.7170889973640442
vt 0.02251400053501129 0.6732239723205566
vt 0.030160000547766685 0.7170889973640442
vt 0.03921300172805786 0.7137569785118103
vt 0.05990099906921387 0.7493259906768799
vt 0.05990099906921387 0.7493259906768799
vt 0.05255800113081932 0.7555639743804932
vt 0.030160000547766685 0.7170889973640442
vt 0.05255800113081932 0.7555639743804932
vt 0.05990099906921387 0.7493259906768799
vt 0.09165800362825394 0.7755029797554016
vt 0.09165800362825394 0.7755029797554016
vt 0.08693200349807739 0.7838969826698303
vt 0.05255800113081932 0.7555639743804932
vt 0.08693200349807739 0.7838969826698303
vt 0.09165800362825394 0.7755029797554016
vt 0.130499005317688 0.7890419960021973
vt 0.130499005317688 0.7890419960021973
vt 0.12900899350643158 0.7985560297966003
vt 0.08693200349807739 0.7838969826698303
vt 0.6976709961891174 0.016651999205350876
vt 0.7516059875488281 -0.0051380000077188015
vt 0.7712849974632263 0.0441959984600544
vt 0.7712849974632263 0.0441959984600544
vt 0.7182419896125793 0.06051800027489662
vt 0.6976709961891174 0.016651999205350876
vt 0.7182419896125793 0.06051800027489662
vt 0.7712849974632263 0.0441959984600544
vt 0.785548985004425 0.0953340008854866
vt 0.785548985004425 0.0953340008854866
vt 0.7321119904518127 0.10798099637031555
vt 0.7182419896125793 0.06051800027489662
vt 0.7321119904518127 0.10798099637031555
vt 0.785548985004425 0.0953340008854866
vt 0.7943410277366638 0.14742200076580048
vt 0.7943410277366638 0.14742200076580048
vt 0.7392489910125732 0.15412700176239014
vt 0.7321119904518127 0.10798099637031555
vt 0.7392489910125732 0.15412700176239014
vt 0.7943410277366638 0.14742200076580048
vt 0.7975800037384033 0.2002909928560257
vt 0.7975800037384033 0.2002909928560257
vt 0.7420380115509033 0.2025270015001297
vt 0.7392489910125732 0.15412700176239014
vt 0.7420380115509033 0.2025270015001297
vt 0.7975800037384033 0.2002909928560257
vt 0.7951650023460388 0.254146009683609
vt 0.7951650023460388 0.254146009683609
vt 0.7397109866142273 0.2509549856185913
vt 0.7420380115509033 0.2025270015001297
vt 0.7397109866142273 0.2509549856185913
vt 0.7951650023460388 0.254146009683609
vt 0.7869740128517151 0.30814799666404724
vt 0.7869740128517151 0.30814799666404724
vt 0.7322409749031067 0.2988870143890381
vt 0.7397109866142273 0.2509549856185913
vt 0.7322409749031067 0.2988870143890381
vt 0.7869740128517151 0.30814799666404724
vt 0.7728869915008545 0.3618209958076477
vt 0.7728869915008545 0.3618209958076477
vt 0.7191460132598877 0.34796398878097534
vt 0.7322409749031067 0.2988870143890381
vt 0.7191460132598877 0.34796398878097534
vt 0.7728869915008545 0.3618209958076477
vt 0.7547209858894348 0.4131929874420166
vt 0.7547209858894348 0.4131929874420166
vt 0.6981120109558105 0.3935459852218628
vt 0.7191460132598877 0.34796398878097534
vt 0.6903340220451355 0.021966999396681786
vt 0.6976709961891174 0.016651999205350876
vt 0.7182419896125793 0.06051800027489662
vt 0.7182419896125793 0.06051800027489662
vt 0.7100139856338501 0.06527800112962723
vt 0.6903340220451355 0.021966999396681786
vt 0.8338789939880371 0.2626889944076538
vt 0.8585330247879028 0.3190230131149292
vt 0.8081120252609253 0.3300899863243103
vt 0.8081120252609253 0.3300899863243103
vt 0.8063279986381531 0.26853498816490173
vt 0.8338789939880371 0.2626889944076538
vt 0.7100139856338501 0.06527800112962723
vt 0.7182419896125793 0.06051800027489662
vt 0.7321119904518127 0.10798099637031555
vt 0.7321119904518127 0.10798099637031555
vt 0.723576009273529 0.11116199940443039
vt 0.7100139856338501 0.06527800112962723
vt 0.857134997844696 0.24689200520515442
vt 0.9011660218238831 0.28956499695777893
vt 0.8585330247879028 0.3190230131149292
vt 0.8585330247879028 0.3190230131149292
vt 0.8338789939880371 0.2626889944076538
vt 0.857134997844696 0.24689200520515442
vt 0.723576009273529 0.11116199940443039
vt 0.7321119904518127 0.10798099637031555
vt 0.7392489910125732 0.15412700176239014
vt 0.7392489910125732 0.15412700176239014
vt 0.7304189801216125 0.1554960012435913
vt 0.723576009273529 0.11116199940443039
vt 0.8725460171699524 0.22330999374389648
vt 0.9294670224189758 0.24615900218486786
vt 0.9011660218238831 0.28956499695777893
vt 0.9011660218238831 0.28956499695777893
vt 0.857134997844696 0.24689200520515442
vt 0.8725460171699524 0.22330999374389648
vt 0.7304189801216125 0.1554960012435913
vt 0.7392489910125732 0.15412700176239014
vt 0.7420380115509033 0.2025270015001297
vt 0.7420380115509033 0.2025270015001297
vt 0.7329170107841492 0.2019439935684204
vt 0.7304189801216125 0.1554960012435913
vt 0.8778359889984131 0.19566300511360168
vt 0.9391980171203613 0.1952590048313141
vt 0.9294670224189758 0.24615900218486786
vt 0.9294670224189758 0.24615900218486786
vt 0.8725460171699524 0.22330999374389648
vt 0.8778359889984131 0.19566300511360168
vt 0.7329170107841492 0.2019439935684204
vt 0.7420380115509033 0.2025270015001297
vt 0.7397109866142273 0.2509549856185913
vt 0.7397109866142273 0.2509549856185913
vt 0.7307209968566895 0.2492939978837967
vt 0.7329170107841492 0.2019439935684204
vt 0.8722659945487976 0.16803400218486786
vt 0.9288740158081055 0.14453299343585968
vt 0.9391980171203613 0.1952590048313141
vt 0.9391980171203613 0.1952590048313141
vt 0.8778359889984131 0.19566300511360168
vt 0.8722659945487976 0.16803400218486786
vt 0.7307209968566895 0.2492939978837967
vt 0.7397109866142273 0.2509549856185913
vt 0.7322409749031067 0.2988870143890381
vt 0.7322409749031067 0.2988870143890381
vt 0.7235860228538513 0.29602500796318054
vt 0.7307209968566895 0.2492939978837967
vt 0.8565279841423035 0.1446949988603592
vt 0.9000639915466309 0.10146699845790863
vt 0.9288740158081055 0.14453299343585968
vt 0.9288740158081055 0.14453299343585968
vt 0.8722659945487976 0.16803400218486786
vt 0.8565279841423035 0.1446949988603592
vt 0.7235860228538513 0.29602500796318054
vt 0.7322409749031067 0.2988870143890381
vt 0.7191460132598877 0.34796398878097534
vt 0.7191460132598877 0.34796398878097534
vt 0.7106019854545593 0.34431201219558716
vt 0.7235860228538513 0.29602500796318054
vt 0.8331030011177063 0.12916800379753113
vt 0.8571079969406128 0.07255399972200394
vt 0.9000639915466309 0.10146699845790863
vt 0.9000639915466309 0.10146699845790863
vt 0.8565279841423035 0.1446949988603592
vt 0.8331030011177063 0.12916800379753113
vt 0.7106019854545593 0.34431201219558716
vt 0.7191460132598877 0.34796398878097534
vt 0.6981120109558105 0.3935459852218628
vt 0.6981120109558105 0.3935459852218628
vt 0.6903349757194519 0.38888099789619446
vt 0.7106019854545593 0.34431201219558716
vt 0.8055040240287781 0.12363699823617935
vt 0.8065699934959412 0.06210999935865402
vt 0.8571079969406128 0.07255399972200394
vt 0.8571079969406128 0.07255399972200394
vt 0.8331030011177063 0.12916800379753113
vt 0.8055040240287781 0.12363699823617935
vt 0.10589800029993057 0.20186300575733185
vt 0.01014699973165989 0.20186400413513184
vt 0.010146000422537327 0.1530030071735382
vt 0.010146000422537327 0.1530030071735382
vt 0.10589700192213058 0.15300199389457703
vt 0.10589800029993057 0.20186300575733185
vt 0.10589700192213058 0.15300199389457703
vt 0.010146000422537327 0.1530030071735382
vt 0.010146000422537327 0.10414200276136398
vt 0.010146000422537327 0.10414200276136398
vt 0.10589700192213058 0.1041409969329834
vt 0.10589700192213058 0.15300199389457703
vt 0.10589700192213058 0.1041409969329834
vt 0.010146000422537327 0.10414200276136398
vt 0.01014500018209219 0.05528099834918976
vt 0.01014500018209219 0.05528099834918976
vt 0.1058960035443306 0.05527999997138977
vt 0.10589700192213058 0.1041409969329834
vt 0.1058960035443306 0.05527999997138977
vt 0.01014500018209219 0.05528099834918976
vt 0.01014500018209219 0.006419000215828419
vt 0.01014500018209219 0.006419000215828419
vt 0.1058960035443306 0.006419000215828419
vt 0.1058960035443306 0.05527999997138977
vt 0.10589899867773056 0.3484469950199127
vt 0.08469200134277344 0.3735029995441437
vt 0.010147999972105026 0.3484480082988739
vt 0.10589899867773056 0.3484469950199127
vt 0.010147999972105026 0.3484480082988739
vt 0.010147999972105026 0.2995870113372803
vt 0.010147999972105026 0.2995870113372803
vt 0.10589899867773056 0.2995859980583191
vt 0.10589899867773056 0.3484469950199127
vt 0.10589800029993057 0.2507239878177643
vt 0.10589899867773056 0.2995859980583191
vt 0.010147999972105026 0.2995870113372803
vt 0.010147999972105026 0.2995870113372803
vt 0.01014699973165989 0.25072500109672546
vt 0.10589800029993057 0.2507239878177643
vt 0.10589800029993057 0.2507239878177643
vt 0.01014699973165989 0.25072500109672546
vt 0.01014699973165989 0.20186400413513184
vt 0.01014699973165989 0.20186400413513184
vt 0.10589800029993057 0.20186300575733185
vt 0.10589800029993057 0.2507239878177643
vt 0.7486209869384766 0.6097919940948486
vt 0.7250609993934631 0.6184080243110657
vt 0.7245609760284424 0.5712379813194275
vt 0.7245609760284424 0.5712379813194275
vt 0.7471780180931091 0.5705670118331909
vt 0.7486209869384766 0.6097919940948486
vt 0.7471780180931091 0.5705670118331909
vt 0.7245609760284424 0.5712379813194275
vt 0.7243599891662598 0.5251389741897583
vt 0.7243599891662598 0.5251389741897583
vt 0.746990978717804 0.5253620147705078
vt 0.7471780180931091 0.5705670118331909
vt 0.746990978717804 0.5253620147705078
vt 0.7243599891662598 0.5251389741897583
vt 0.7249199748039246 0.478287011384964
vt 0.7249199748039246 0.478287011384964
vt 0.7477189898490906 0.4797689914703369
vt 0.746990978717804 0.5253620147705078
vt 0.7477189898490906 0.4797689914703369
vt 0.7249199748039246 0.478287011384964
vt 0.7267529964447021 0.4325129985809326
vt 0.7267529964447021 0.4325129985809326
vt 0.7509430050849915 0.434563010931015
vt 0.7477189898490906 0.4797689914703369
vt 0.20546899735927582 0.4205450117588043
vt 0.1590919941663742 0.4205940067768097
vt 0.15990899503231049 0.399275004863739
vt 0.15990899503231049 0.399275004863739
vt 0.20576900243759155 0.39936599135398865
vt 0.20546899735927582 0.4205450117588043
vt 0.2016499936580658 0.3484460115432739
vt 0.15377500653266907 0.3484469950199127
vt 0.15377500653266907 0.2995859980583191
vt 0.15377500653266907 0.2995859980583191
vt 0.2016499936580658 0.2995840013027191
vt 0.2016499936580658 0.3484460115432739
vt 0.15377500653266907 0.2507239878177643
vt 0.2016499936580658 0.2507230043411255
vt 0.2016499936580658 0.2995840013027191
vt 0.2016499936580658 0.2995840013027191
vt 0.15377500653266907 0.2995859980583191
vt 0.15377500653266907 0.2507239878177643
vt 0.2016499936580658 0.2507230043411255
vt 0.15377500653266907 0.2507239878177643
vt 0.16973300278186798 0.2180510014295578
vt 0.16973300278186798 0.2180510014295578
vt 0.2016499936580658 0.20186200737953186
vt 0.2016499936580658 0.2507230043411255
vt 0.2974010109901428 0.20186200737953186
vt 0.2016499936580658 0.20186200737953186
vt 0.2016489952802658 0.15300199389457703
vt 0.2016489952802658 0.15300199389457703
vt 0.2974010109901428 0.15300099551677704
vt 0.2974010109901428 0.20186200737953186
vt 0.2974010109901428 0.15300099551677704
vt 0.2016489952802658 0.15300199389457703
vt 0.2016489952802658 0.10413999855518341
vt 0.2016489952802658 0.10413999855518341
vt 0.29739999771118164 0.10413900017738342
vt 0.2974010109901428 0.15300099551677704
vt 0.29739999771118164 0.10413900017738342
vt 0.2016489952802658 0.10413999855518341
vt 0.2016489952802658 0.05527900159358978
vt 0.2016489952802658 0.05527900159358978
vt 0.29739999771118164 0.055277999490499496
vt 0.29739999771118164 0.10413900017738342
vt 0.29739999771118164 0.055277999490499496
vt 0.2016489952802658 0.05527900159358978
vt 0.20164799690246582 0.006417999975383282
vt 0.20164799690246582 0.006417999975383282
vt 0.29739800095558167 0.006417000200599432
vt 0.29739999771118164 0.055277999490499496
vt 0.29822999238967896 0.4204939901828766
vt 0.20546899735927582 0.4205450117588043
vt 0.20576900243759155 0.39936599135398865
vt 0.20576900243759155 0.39936599135398865
vt 0.2982740104198456 0.39935800433158875
vt 0.29822999238967896 0.4204939901828766
vt 0.2974010109901428 0.3484460115432739
vt 0.2016499936580658 0.3484460115432739
vt 0.2016499936580658 0.2995840013027191
vt 0.2016499936580658 0.2995840013027191
vt 0.2974019944667816 0.2995840013027191
vt 0.2974010109901428 0.3484460115432739
vt 0.2974010109901428 0.2507230043411255
vt 0.2974019944667816 0.2995840013027191
vt 0.2016499936580658 0.2995840013027191
vt 0.2016499936580658 0.2995840013027191
vt 0.2016499936580658 0.2507230043411255
vt 0.2974010109901428 0.2507230043411255
vt 0.2974010109901428 0.2507230043411255
vt 0.2016499936580658 0.2507230043411255
vt 0.2016499936580658 0.20186200737953186
vt 0.2016499936580658 0.20186200737953186
vt 0.2974010109901428 0.20186200737953186
vt 0.2974010109901428 0.2507230043411255
vt 0.8538550138473511 0.6114209890365601
vt 0.8302980065345764 0.620058000087738
vt 0.82989102602005 0.5727940201759338
vt 0.82989102602005 0.5727940201759338
vt 0.8524839878082275 0.5720599889755249
vt 0.8538550138473511 0.6114209890365601
vt 0.8524839878082275 0.5720599889755249
vt 0.82989102602005 0.5727940201759338
vt 0.8296579718589783 0.5266270041465759
vt 0.8296579718589783 0.5266270041465759
vt 0.8522300124168396 0.5269150137901306
vt 0.8524839878082275 0.5720599889755249
vt 0.8522300124168396 0.5269150137901306
vt 0.8296579718589783 0.5266270041465759
vt 0.8300840258598328 0.4799650013446808
vt 0.8300840258598328 0.4799650013446808
vt 0.8527740240097046 0.48158499598503113
vt 0.8522300124168396 0.5269150137901306
vt 0.8527740240097046 0.48158499598503113
vt 0.8300840258598328 0.4799650013446808
vt 0.8317109942436218 0.4345040023326874
vt 0.8317109942436218 0.4345040023326874
vt 0.8558629751205444 0.43656501173973083
vt 0.8527740240097046 0.48158499598503113
vt 0.39107000827789307 0.42048099637031555
vt 0.3446440100669861 0.4204789996147156
vt 0.34465301036834717 0.39934900403022766
vt 0.34465301036834717 0.39934900403022766
vt 0.3910129964351654 0.3993619978427887
vt 0.39107000827789307 0.42048099637031555
vt 0.39315199851989746 0.34844499826431274
vt 0.34527599811553955 0.34844499826431274
vt 0.34527701139450073 0.29958298802375793
vt 0.34527701139450073 0.29958298802375793
vt 0.39315199851989746 0.29958298802375793
vt 0.39315199851989746 0.34844499826431274
vt 0.34527701139450073 0.2507230043411255
vt 0.39315199851989746 0.2507219910621643
vt 0.39315199851989746 0.29958298802375793
vt 0.39315199851989746 0.29958298802375793
vt 0.34527701139450073 0.29958298802375793
vt 0.34527701139450073 0.2507230043411255
vt 0.39315199851989746 0.2507219910621643
vt 0.34527701139450073 0.2507230043411255
vt 0.36123499274253845 0.21804800629615784
vt 0.36123499274253845 0.21804800629615784
vt 0.39315199851989746 0.20186200737953186
vt 0.39315199851989746 0.2507219910621643
vt 0.4889029860496521 0.20186099410057068
vt 0.39315199851989746 0.20186200737953186
vt 0.3931509852409363 0.15299999713897705
vt 0.3931509852409363 0.15299999713897705
vt 0.4889029860496521 0.15299999713897705
vt 0.4889029860496521 0.20186099410057068
vt 0.4889029860496521 0.15299999713897705
vt 0.3931509852409363 0.15299999713897705
vt 0.3931509852409363 0.10413900017738342
vt 0.3931509852409363 0.10413900017738342
vt 0.4889029860496521 0.10413800179958344
vt 0.4889029860496521 0.15299999713897705
vt 0.4889029860496521 0.10413800179958344
vt 0.3931509852409363 0.10413900017738342
vt 0.3931509852409363 0.055277999490499496
vt 0.3931509852409363 0.055277999490499496
vt 0.4889029860496521 0.05527700111269951
vt 0.4889029860496521 0.10413800179958344
vt 0.4889029860496521 0.05527700111269951
vt 0.3931509852409363 0.055277999490499496
vt 0.3931509852409363 0.006415999960154295
vt 0.3931509852409363 0.006415999960154295
vt 0.4889020025730133 0.006415999960154295
vt 0.4889029860496521 0.05527700111269951
vt 0.48389101028442383 0.4205229878425598
vt 0.39107000827789307 0.42048099637031555
vt 0.3910129964351654 0.3993619978427887
vt 0.3910129964351654 0.3993619978427887
vt 0.48361700773239136 0.39939799904823303
vt 0.48389101028442383 0.4205229878425598
vt 0.4889029860496521 0.34844499826431274
vt 0.39315199851989746 0.34844499826431274
vt 0.39315199851989746 0.29958298802375793
vt 0.39315199851989746 0.29958298802375793
vt 0.48890501260757446 0.29958298802375793
vt 0.4889029860496521 0.34844499826431274
vt 0.4889029860496521 0.2507219910621643
vt 0.48890501260757446 0.29958298802375793
vt 0.39315199851989746 0.29958298802375793
vt 0.39315199851989746 0.29958298802375793
vt 0.39315199851989746 0.2507219910621643
vt 0.4889029860496521 0.2507219910621643
vt 0.4889029860496521 0.2507219910621643
vt 0.39315199851989746 0.2507219910621643
vt 0.39315199851989746 0.20186200737953186
vt 0.39315199851989746 0.20186200737953186
vt 0.4889029860496521 0.20186099410057068
vt 0.4889029860496521 0.2507219910621643
vt 0.9579240083694458 0.6105149984359741
vt 0.9343670010566711 0.6191869974136353
vt 0.9338970184326172 0.5718860030174255
vt 0.9338970184326172 0.5718860030174255
vt 0.9565179944038391 0.5711560249328613
vt 0.9579240083694458 0.6105149984359741
vt 0.9565179944038391 0.5711560249328613
vt 0.9338970184326172 0.5718860030174255
vt 0.9336720108985901 0.5257570147514343
vt 0.9336720108985901 0.5257570147514343
vt 0.9562550187110901 0.5260300040245056
vt 0.9565179944038391 0.5711560249328613
vt 0.9562550187110901 0.5260300040245056
vt 0.9336720108985901 0.5257570147514343
vt 0.9341080188751221 0.4791100025177002
vt 0.9341080188751221 0.4791100025177002
vt 0.9568099975585938 0.4807310104370117
vt 0.9562550187110901 0.5260300040245056
vt 0.9568099975585938 0.4807310104370117
vt 0.9341080188751221 0.4791100025177002
vt 0.9357609748840332 0.4336239993572235
vt 0.9357609748840332 0.4336239993572235
vt 0.9598919749259949 0.43570899963378906
vt 0.9568099975585938 0.4807310104370117
vt 0.5958459973335266 0.39946600794792175
vt 0.6028680205345154 0.4199410080909729
vt 0.5302090048789978 0.4205690026283264
vt 0.5302090048789978 0.4205690026283264
vt 0.5293350219726562 0.3992590010166168
vt 0.5958459973335266 0.39946600794792175
vt 0.5846570134162903 0.3484460115432739
vt 0.53677898645401 0.34844499826431274
vt 0.53677898645401 0.29958298802375793
vt 0.53677898645401 0.29958298802375793
vt 0.5846549868583679 0.29958298802375793
vt 0.5846570134162903 0.3484460115432739
vt 0.5367810130119324 0.2507230043411255
vt 0.5846570134162903 0.2507230043411255
vt 0.5846549868583679 0.29958298802375793
vt 0.5846549868583679 0.29958298802375793
vt 0.53677898645401 0.29958298802375793
vt 0.5367810130119324 0.2507230043411255
vt 0.5846570134162903 0.2507230043411255
vt 0.5367810130119324 0.2507230043411255
vt 0.5527380108833313 0.21804800629615784
vt 0.5527380108833313 0.21804800629615784
vt 0.5846549868583679 0.20186099410057068
vt 0.5846570134162903 0.2507230043411255
vt 0.7595790028572083 0.5720869898796082
vt 0.7623010277748108 0.6164690256118774
vt 0.7486209869384766 0.6097919940948486
vt 0.7486209869384766 0.6097919940948486
vt 0.7471780180931091 0.5705670118331909
vt 0.7595790028572083 0.5720869898796082
vt 0.7580860257148743 0.6214590072631836
vt 0.7290160059928894 0.6374059915542603
vt 0.7250609993934631 0.6184080243110657
vt 0.7250609993934631 0.6184080243110657
vt 0.7486209869384766 0.6097919940948486
vt 0.7580860257148743 0.6214590072631836
vt 0.6669729948043823 0.5722169876098633
vt 0.6790210008621216 0.5706520080566406
vt 0.6785839796066284 0.6100389957427979
vt 0.6785839796066284 0.6100389957427979
vt 0.6651960015296936 0.6169520020484924
vt 0.6669729948043823 0.5722169876098633
vt 0.7598869800567627 0.5276569724082947
vt 0.7595790028572083 0.5720869898796082
vt 0.7471780180931091 0.5705670118331909
vt 0.7471780180931091 0.5705670118331909
vt 0.746990978717804 0.5253620147705078
vt 0.7598869800567627 0.5276569724082947
vt 0.6666859984397888 0.5270400047302246
vt 0.6793590188026428 0.5249680280685425
vt 0.6790210008621216 0.5706520080566406
vt 0.6790210008621216 0.5706520080566406
vt 0.6669729948043823 0.5722169876098633
vt 0.6666859984397888 0.5270400047302246
vt 0.761031985282898 0.4823189973831177
vt 0.7598869800567627 0.5276569724082947
vt 0.746990978717804 0.5253620147705078
vt 0.746990978717804 0.5253620147705078
vt 0.7477189898490906 0.4797689914703369
vt 0.761031985282898 0.4823189973831177
vt 0.6665170192718506 0.48138299584388733
vt 0.6798189878463745 0.47908300161361694
vt 0.6793590188026428 0.5249680280685425
vt 0.6793590188026428 0.5249680280685425
vt 0.6666859984397888 0.5270400047302246
vt 0.6665170192718506 0.48138299584388733
vt 0.7645999789237976 0.4384559988975525
vt 0.761031985282898 0.4823189973831177
vt 0.7477189898490906 0.4797689914703369
vt 0.7477189898490906 0.4797689914703369
vt 0.7509430050849915 0.434563010931015
vt 0.7645999789237976 0.4384559988975525
vt 0.6651960015296936 0.4362899959087372
vt 0.6791729927062988 0.43318599462509155
vt 0.6798189878463745 0.47908300161361694
vt 0.6798189878463745 0.47908300161361694
vt 0.6665170192718506 0.48138299584388733
vt 0.6651960015296936 0.4362899959087372
vt 0.864782989025116 0.5735689997673035
vt 0.8674769997596741 0.6180459856987
vt 0.8538550138473511 0.6114209890365601
vt 0.8538550138473511 0.6114209890365601
vt 0.8524839878082275 0.5720599889755249
vt 0.864782989025116 0.5735689997673035
vt 0.8632190227508545 0.6232410073280334
vt 0.8339639902114868 0.6393110156059265
vt 0.8302980065345764 0.620058000087738
vt 0.8302980065345764 0.620058000087738
vt 0.8538550138473511 0.6114209890365601
vt 0.8632190227508545 0.6232410073280334
vt 0.7720329761505127 0.5739960074424744
vt 0.784205973148346 0.5722749829292297
vt 0.7836300134658813 0.6119189858436584
vt 0.7836300134658813 0.6119189858436584
vt 0.7701519727706909 0.6189720034599304
vt 0.7720329761505127 0.5739960074424744
vt 0.8650019764900208 0.5292289853096008
vt 0.864782989025116 0.5735689997673035
vt 0.8524839878082275 0.5720599889755249
vt 0.8524839878082275 0.5720599889755249
vt 0.8522300124168396 0.5269150137901306
vt 0.8650019764900208 0.5292289853096008
vt 0.7717850208282471 0.5286639928817749
vt 0.7845960259437561 0.5265390276908875
vt 0.784205973148346 0.5722749829292297
vt 0.784205973148346 0.5722749829292297
vt 0.7720329761505127 0.5739960074424744
vt 0.7717850208282471 0.5286639928817749
vt 0.8659830093383789 0.48420000076293945
vt 0.8650019764900208 0.5292289853096008
vt 0.8522300124168396 0.5269150137901306
vt 0.8522300124168396 0.5269150137901306
vt 0.8527740240097046 0.48158499598503113
vt 0.8659830093383789 0.48420000076293945
vt 0.7716259956359863 0.4828459918498993
vt 0.7849929928779602 0.48060399293899536
vt 0.7845960259437561 0.5265390276908875
vt 0.7845960259437561 0.5265390276908875
vt 0.7717850208282471 0.5286639928817749
vt 0.7716259956359863 0.4828459918498993
vt 0.869500994682312 0.440436989068985
vt 0.8659830093383789 0.48420000076293945
vt 0.8527740240097046 0.48158499598503113
vt 0.8527740240097046 0.48158499598503113
vt 0.8558629751205444 0.43656501173973083
vt 0.869500994682312 0.440436989068985
vt 0.7701519727706909 0.43808498978614807
vt 0.7841629981994629 0.4349929988384247
vt 0.7849929928779602 0.48060399293899536
vt 0.7849929928779602 0.48060399293899536
vt 0.7716259956359863 0.4828459918498993
vt 0.7701519727706909 0.43808498978614807
vt 0.9688249826431274 0.5726379752159119
vt 0.9715440273284912 0.6171069741249084
vt 0.9579240083694458 0.6105149984359741
vt 0.9579240083694458 0.6105149984359741
vt 0.9565179944038391 0.5711560249328613
vt 0.9688249826431274 0.5726379752159119
vt 0.9672960042953491 0.6223199963569641
vt 0.9380409717559814 0.6384239792823792
vt 0.9343670010566711 0.6191869974136353
vt 0.9343670010566711 0.6191869974136353
vt 0.9579240083694458 0.6105149984359741
vt 0.9672960042953491 0.6223199963569641
vt 0.8760499954223633 0.5731170177459717
vt 0.8882229924201965 0.5713980197906494
vt 0.887677013874054 0.6110140085220337
vt 0.887677013874054 0.6110140085220337
vt 0.8742009997367859 0.6180779933929443
vt 0.8760499954223633 0.5731170177459717
vt 0.9690489768981934 0.528328001499176
vt 0.9688249826431274 0.5726379752159119
vt 0.9565179944038391 0.5711560249328613
vt 0.9565179944038391 0.5711560249328613
vt 0.9562550187110901 0.5260300040245056
vt 0.9690489768981934 0.528328001499176
vt 0.8758310079574585 0.52776700258255
vt 0.888634979724884 0.5256580114364624
vt 0.8882229924201965 0.5713980197906494
vt 0.8882229924201965 0.5713980197906494
vt 0.8760499954223633 0.5731170177459717
vt 0.8758310079574585 0.52776700258255
vt 0.9700400233268738 0.4833329916000366
vt 0.9690489768981934 0.528328001499176
vt 0.9562550187110901 0.5260300040245056
vt 0.9562550187110901 0.5260300040245056
vt 0.9568099975585938 0.4807310104370117
vt 0.9700400233268738 0.4833329916000366
vt 0.875665009021759 0.48196500539779663
vt 0.8890299797058105 0.47973498702049255
vt 0.888634979724884 0.5256580114364624
vt 0.888634979724884 0.5256580114364624
vt 0.8758310079574585 0.52776700258255
vt 0.875665009021759 0.48196500539779663
vt 0.9735559821128845 0.43958398699760437
vt 0.9700400233268738 0.4833329916000366
vt 0.9568099975585938 0.4807310104370117
vt 0.9568099975585938 0.4807310104370117
vt 0.9598919749259949 0.43570899963378906
vt 0.9735559821128845 0.43958398699760437
vt 0.8742009997367859 0.43720999360084534
vt 0.8881999850273132 0.4341239929199219
vt 0.8890299797058105 0.47973498702049255
vt 0.8890299797058105 0.47973498702049255
vt 0.875665009021759 0.48196500539779663
vt 0.8742009997367859 0.43720999360084534
vt 0.13781599700450897 0.2180510014295578
vt 0.15377500653266907 0.2507239878177643
vt 0.10589800029993057 0.2507239878177643
vt 0.10589800029993057 0.2507239878177643
vt 0.10589800029993057 0.20186300575733185
vt 0.13781599700450897 0.2180510014295578
vt 0.7022259831428528 0.6184499859809875
vt 0.699055016040802 0.6376439929008484
vt 0.6695839762687683 0.6219990253448486
vt 0.6695839762687683 0.6219990253448486
vt 0.6785839796066284 0.6100389957427979
vt 0.7022259831428528 0.6184499859809875
vt 0.7017589807510376 0.5712680220603943
vt 0.7022259831428528 0.6184499859809875
vt 0.6785839796066284 0.6100389957427979
vt 0.6785839796066284 0.6100389957427979
vt 0.6790210008621216 0.5706520080566406
vt 0.7017589807510376 0.5712680220603943
vt 0.7017589807510376 0.5712680220603943
vt 0.6790210008621216 0.5706520080566406
vt 0.6793590188026428 0.5249680280685425
vt 0.6793590188026428 0.5249680280685425
vt 0.7018569707870483 0.5249410271644592
vt 0.7017589807510376 0.5712680220603943
vt 0.7018569707870483 0.5249410271644592
vt 0.6793590188026428 0.5249680280685425
vt 0.6798189878463745 0.47908300161361694
vt 0.6798189878463745 0.47908300161361694
vt 0.7021939754486084 0.47808998823165894
vt 0.7018569707870483 0.5249410271644592
vt 0.7021939754486084 0.47808998823165894
vt 0.6798189878463745 0.47908300161361694
vt 0.6791729927062988 0.43318599462509155
vt 0.6791729927062988 0.43318599462509155
vt 0.7028800249099731 0.43213900923728943
vt 0.7021939754486084 0.47808998823165894
vt 0.1590919941663742 0.4205940067768097
vt 0.08609700202941895 0.4198729991912842
vt 0.09309700131416321 0.3995420038700104
vt 0.09309700131416321 0.3995420038700104
vt 0.15990899503231049 0.399275004863739
vt 0.1590919941663742 0.4205940067768097
vt 0.15377500653266907 0.3484469950199127
vt 0.10589899867773056 0.3484469950199127
vt 0.10589899867773056 0.2995859980583191
vt 0.10589899867773056 0.2995859980583191
vt 0.15377500653266907 0.2995859980583191
vt 0.15377500653266907 0.3484469950199127
vt 0.15377500653266907 0.2507239878177643
vt 0.15377500653266907 0.2995859980583191
vt 0.10589899867773056 0.2995859980583191
vt 0.10589899867773056 0.2995859980583191
vt 0.10589800029993057 0.2507239878177643
vt 0.15377500653266907 0.2507239878177643
vt 0.16973300278186798 0.2180510014295578
vt 0.15377500653266907 0.2507239878177643
vt 0.13781599700450897 0.2180510014295578
vt 0.7290160059928894 0.6374059915542603
vt 0.699055016040802 0.6376439929008484
vt 0.7022259831428528 0.6184499859809875
vt 0.7022259831428528 0.6184499859809875
vt 0.7250609993934631 0.6184080243110657
vt 0.7290160059928894 0.6374059915542603
vt 0.7250609993934631 0.6184080243110657
vt 0.7022259831428528 0.6184499859809875
vt 0.7017589807510376 0.5712680220603943
vt 0.7017589807510376 0.5712680220603943
vt 0.7245609760284424 0.5712379813194275
vt 0.7250609993934631 0.6184080243110657
vt 0.7245609760284424 0.5712379813194275
vt 0.7017589807510376 0.5712680220603943
vt 0.7018569707870483 0.5249410271644592
vt 0.7018569707870483 0.5249410271644592
vt 0.7243599891662598 0.5251389741897583
vt 0.7245609760284424 0.5712379813194275
vt 0.7243599891662598 0.5251389741897583
vt 0.7018569707870483 0.5249410271644592
vt 0.7021939754486084 0.47808998823165894
vt 0.7021939754486084 0.47808998823165894
vt 0.7249199748039246 0.478287011384964
vt 0.7243599891662598 0.5251389741897583
vt 0.7249199748039246 0.478287011384964
vt 0.7021939754486084 0.47808998823165894
vt 0.7028800249099731 0.43213900923728943
vt 0.7028800249099731 0.43213900923728943
vt 0.7267529964447021 0.4325129985809326
vt 0.7249199748039246 0.478287011384964
vt 0.32931798696517944 0.21804900467395782
vt 0.34527701139450073 0.2507230043411255
vt 0.2974010109901428 0.2507230043411255
vt 0.2974010109901428 0.2507230043411255
vt 0.2974010109901428 0.20186200737953186
vt 0.32931798696517944 0.21804900467395782
vt 0.8074730038642883 0.6203749775886536
vt 0.8039339780807495 0.6395170092582703
vt 0.7745320200920105 0.623848021030426
vt 0.7745320200920105 0.623848021030426
vt 0.7836300134658813 0.6119189858436584
vt 0.8074730038642883 0.6203749775886536
vt 0.8070420026779175 0.5727729797363281
vt 0.8074730038642883 0.6203749775886536
vt 0.7836300134658813 0.6119189858436584
vt 0.7836300134658813 0.6119189858436584
vt 0.784205973148346 0.5722749829292297
vt 0.8070420026779175 0.5727729797363281
vt 0.8070420026779175 0.5727729797363281
vt 0.784205973148346 0.5722749829292297
vt 0.7845960259437561 0.5265390276908875
vt 0.7845960259437561 0.5265390276908875
vt 0.8071320056915283 0.5264480113983154
vt 0.8070420026779175 0.5727729797363281
vt 0.8071320056915283 0.5264480113983154
vt 0.7845960259437561 0.5265390276908875
vt 0.7849929928779602 0.48060399293899536
vt 0.7849929928779602 0.48060399293899536
vt 0.8074120283126831 0.4796780049800873
vt 0.8071320056915283 0.5264480113983154
vt 0.8074120283126831 0.4796780049800873
vt 0.7849929928779602 0.48060399293899536
vt 0.7841629981994629 0.4349929988384247
vt 0.7841629981994629 0.4349929988384247
vt 0.8079019784927368 0.43403300642967224
vt 0.8074120283126831 0.4796780049800873
vt 0.3446440100669861 0.4204789996147156
vt 0.29822999238967896 0.4204939901828766
vt 0.2982740104198456 0.39935800433158875
vt 0.2982740104198456 0.39935800433158875
vt 0.34465301036834717 0.39934900403022766
vt 0.3446440100669861 0.4204789996147156
vt 0.34527599811553955 0.34844499826431274
vt 0.2974010109901428 0.3484460115432739
vt 0.2974019944667816 0.2995840013027191
vt 0.2974019944667816 0.2995840013027191
vt 0.34527701139450073 0.29958298802375793
vt 0.34527599811553955 0.34844499826431274
vt 0.34527701139450073 0.2507230043411255
vt 0.34527701139450073 0.29958298802375793
vt 0.2974019944667816 0.2995840013027191
vt 0.2974019944667816 0.2995840013027191
vt 0.2974010109901428 0.2507230043411255
vt 0.34527701139450073 0.2507230043411255
vt 0.36123499274253845 0.21804800629615784
vt 0.34527701139450073 0.2507230043411255
vt 0.32931798696517944 0.21804900467395782
vt 0.8339639902114868 0.6393110156059265
vt 0.8039339780807495 0.6395170092582703
vt 0.8074730038642883 0.6203749775886536
vt 0.8074730038642883 0.6203749775886536
vt 0.8302980065345764 0.620058000087738
vt 0.8339639902114868 0.6393110156059265
vt 0.8302980065345764 0.620058000087738
vt 0.8074730038642883 0.6203749775886536
vt 0.8070420026779175 0.5727729797363281
vt 0.8070420026779175 0.5727729797363281
vt 0.82989102602005 0.5727940201759338
vt 0.8302980065345764 0.620058000087738
vt 0.82989102602005 0.5727940201759338
vt 0.8070420026779175 0.5727729797363281
vt 0.8071320056915283 0.5264480113983154
vt 0.8071320056915283 0.5264480113983154
vt 0.8296579718589783 0.5266270041465759
vt 0.82989102602005 0.5727940201759338
vt 0.8296579718589783 0.5266270041465759
vt 0.8071320056915283 0.5264480113983154
vt 0.8074120283126831 0.4796780049800873
vt 0.8074120283126831 0.4796780049800873
vt 0.8300840258598328 0.4799650013446808
vt 0.8296579718589783 0.5266270041465759
vt 0.8300840258598328 0.4799650013446808
vt 0.8074120283126831 0.4796780049800873
vt 0.8079019784927368 0.43403300642967224
vt 0.8079019784927368 0.43403300642967224
vt 0.8317109942436218 0.4345040023326874
vt 0.8300840258598328 0.4799650013446808
vt 0.5208200216293335 0.21804800629615784
vt 0.5367810130119324 0.2507230043411255
vt 0.4889029860496521 0.2507219910621643
vt 0.4889029860496521 0.2507219910621643
vt 0.4889029860496521 0.20186099410057068
vt 0.5208200216293335 0.21804800629615784
vt 0.9115149974822998 0.6195070147514343
vt 0.9080129861831665 0.638617992401123
vt 0.878587007522583 0.62295001745224
vt 0.878587007522583 0.62295001745224
vt 0.887677013874054 0.6110140085220337
vt 0.9115149974822998 0.6195070147514343
vt 0.9110519886016846 0.5718439817428589
vt 0.9115149974822998 0.6195070147514343
vt 0.887677013874054 0.6110140085220337
vt 0.887677013874054 0.6110140085220337
vt 0.8882229924201965 0.5713980197906494
vt 0.9110519886016846 0.5718439817428589
vt 0.9110519886016846 0.5718439817428589
vt 0.8882229924201965 0.5713980197906494
vt 0.888634979724884 0.5256580114364624
vt 0.888634979724884 0.5256580114364624
vt 0.9111520051956177 0.5255659818649292
vt 0.9110519886016846 0.5718439817428589
vt 0.9111520051956177 0.5255659818649292
vt 0.888634979724884 0.5256580114364624
vt 0.8890299797058105 0.47973498702049255
vt 0.8890299797058105 0.47973498702049255
vt 0.9114279747009277 0.4788210093975067
vt 0.9111520051956177 0.5255659818649292
vt 0.9114279747009277 0.4788210093975067
vt 0.8890299797058105 0.47973498702049255
vt 0.8881999850273132 0.4341239929199219
vt 0.8881999850273132 0.4341239929199219
vt 0.9119449853897095 0.43315500020980835
vt 0.9114279747009277 0.4788210093975067
vt 0.5302090048789978 0.4205690026283264
vt 0.48389101028442383 0.4205229878425598
vt 0.48361700773239136 0.39939799904823303
vt 0.48361700773239136 0.39939799904823303
vt 0.5293350219726562 0.3992590010166168
vt 0.5302090048789978 0.4205690026283264
vt 0.53677898645401 0.34844499826431274
vt 0.4889029860496521 0.34844499826431274
vt 0.48890501260757446 0.29958298802375793
vt 0.48890501260757446 0.29958298802375793
vt 0.53677898645401 0.29958298802375793
vt 0.53677898645401 0.34844499826431274
vt 0.5367810130119324 0.2507230043411255
vt 0.53677898645401 0.29958298802375793
vt 0.48890501260757446 0.29958298802375793
vt 0.48890501260757446 0.29958298802375793
vt 0.4889029860496521 0.2507219910621643
vt 0.5367810130119324 0.2507230043411255
vt 0.5527380108833313 0.21804800629615784
vt 0.5367810130119324 0.2507230043411255
vt 0.5208200216293335 0.21804800629615784
vt 0.9380409717559814 0.6384239792823792
vt 0.9080129861831665 0.638617992401123
vt 0.9115149974822998 0.6195070147514343
vt 0.9115149974822998 0.6195070147514343
vt 0.9343670010566711 0.6191869974136353
vt 0.9380409717559814 0.6384239792823792
vt 0.9343670010566711 0.6191869974136353
vt 0.9115149974822998 0.6195070147514343
vt 0.9110519886016846 0.5718439817428589
vt 0.9110519886016846 0.5718439817428589
vt 0.9338970184326172 0.5718860030174255
vt 0.9343670010566711 0.6191869974136353
vt 0.9338970184326172 0.5718860030174255
vt 0.9110519886016846 0.5718439817428589
vt 0.9111520051956177 0.5255659818649292
vt 0.9111520051956177 0.5255659818649292
vt 0.9336720108985901 0.5257570147514343
vt 0.9338970184326172 0.5718860030174255
vt 0.9336720108985901 0.5257570147514343
vt 0.9111520051956177 0.5255659818649292
vt 0.9114279747009277 0.4788210093975067
vt 0.9114279747009277 0.4788210093975067
vt 0.9341080188751221 0.4791100025177002
vt 0.9336720108985901 0.5257570147514343
vt 0.9341080188751221 0.4791100025177002
vt 0.9114279747009277 0.4788210093975067
vt 0.9119449853897095 0.43315500020980835
vt 0.9119449853897095 0.43315500020980835
vt 0.9357609748840332 0.4336239993572235
vt 0.9341080188751221 0.4791100025177002
vt 0.6804080009460449 0.34844499826431274
vt 0.6058629751205444 0.3734999895095825
vt 0.5846570134162903 0.3484460115432739
vt 0.08469200134277344 0.3735029995441437
vt 0.07827000319957733 0.3975430130958557
vt 0.010065999813377857 0.39730799198150635
vt 0.010065999813377857 0.39730799198150635
vt 0.010147999972105026 0.3484480082988739
vt 0.08469200134277344 0.3735029995441437
vt 0.15990899503231049 0.399275004863739
vt 0.09309700131416321 0.3995420038700104
vt 0.11280400305986404 0.37683600187301636
vt 0.11280400305986404 0.37683600187301636
vt 0.15964800119400024 0.3770110011100769
vt 0.15990899503231049 0.399275004863739
vt 0.20576900243759155 0.39936599135398865
vt 0.15990899503231049 0.399275004863739
vt 0.15964800119400024 0.3770110011100769
vt 0.15964800119400024 0.3770110011100769
vt 0.20556700229644775 0.3771060109138489
vt 0.20576900243759155 0.39936599135398865
vt 0.2982740104198456 0.39935800433158875
vt 0.20576900243759155 0.39936599135398865
vt 0.20556700229644775 0.3771060109138489
vt 0.20556700229644775 0.3771060109138489
vt 0.2982630133628845 0.3771530091762543
vt 0.2982740104198456 0.39935800433158875
vt 0.34465301036834717 0.39934900403022766
vt 0.2982740104198456 0.39935800433158875
vt 0.2982630133628845 0.3771530091762543
vt 0.2982630133628845 0.3771530091762543
vt 0.344633013010025 0.37716901302337646
vt 0.34465301036834717 0.39934900403022766
vt 0.3910129964351654 0.3993619978427887
vt 0.34465301036834717 0.39934900403022766
vt 0.344633013010025 0.37716901302337646
vt 0.344633013010025 0.37716901302337646
vt 0.39099401235580444 0.3771649897098541
vt 0.3910129964351654 0.3993619978427887
vt 0.48361700773239136 0.39939799904823303
vt 0.3910129964351654 0.3993619978427887
vt 0.39099401235580444 0.3771649897098541
vt 0.39099401235580444 0.3771649897098541
vt 0.4837540090084076 0.3771190047264099
vt 0.48361700773239136 0.39939799904823303
vt 0.5293350219726562 0.3992590010166168
vt 0.48361700773239136 0.39939799904823303
vt 0.4837540090084076 0.3771190047264099
vt 0.4837540090084076 0.3771190047264099
vt 0.5295839905738831 0.377032995223999
vt 0.5293350219726562 0.3992590010166168
vt 0.5762940049171448 0.3768619894981384
vt 0.5958459973335266 0.39946600794792175
vt 0.5293350219726562 0.3992590010166168
vt 0.5293350219726562 0.3992590010166168
vt 0.5295839905738831 0.377032995223999
vt 0.5762940049171448 0.3768619894981384
vt 0.6056360006332397 0.394322007894516
vt 0.6133999824523926 0.4179750084877014
vt 0.6028680205345154 0.4199410080909729
vt 0.6028680205345154 0.4199410080909729
vt 0.5958459973335266 0.39946600794792175
vt 0.6056360006332397 0.394322007894516
vt 0.08336199820041656 0.39451301097869873
vt 0.09309700131416321 0.3995420038700104
vt 0.08609700202941895 0.4198729991912842
vt 0.08609700202941895 0.4198729991912842
vt 0.07545799762010574 0.41788700222969055
vt 0.08336199820041656 0.39451301097869873
vt 0.1041250005364418 0.36888501048088074
vt 0.11280400305986404 0.37683600187301636
vt 0.09309700131416321 0.3995420038700104
vt 0.09309700131416321 0.3995420038700104
vt 0.08336199820041656 0.39451301097869873
vt 0.1041250005364418 0.36888501048088074
vt 0.1531279981136322 0.36823201179504395
vt 0.15964800119400024 0.3770110011100769
vt 0.11280400305986404 0.37683600187301636
vt 0.11280400305986404 0.37683600187301636
vt 0.10489299893379211 0.3680410087108612
vt 0.1531279981136322 0.36823201179504395
vt 0.20082099735736847 0.36830198764801025
vt 0.20556700229644775 0.3771060109138489
vt 0.15964800119400024 0.3770110011100769
vt 0.15964800119400024 0.3770110011100769
vt 0.1531279981136322 0.36823201179504395
vt 0.20082099735736847 0.36830198764801025
vt 0.29668501019477844 0.3683589994907379
vt 0.2982630133628845 0.3771530091762543
vt 0.20556700229644775 0.3771060109138489
vt 0.20556700229644775 0.3771060109138489
vt 0.20082099735736847 0.36830198764801025
vt 0.29668501019477844 0.3683589994907379
vt 0.3446339964866638 0.3683739900588989
vt 0.344633013010025 0.37716901302337646
vt 0.2982630133628845 0.3771530091762543
vt 0.2982630133628845 0.3771530091762543
vt 0.29668501019477844 0.3683589994907379
vt 0.3446339964866638 0.3683739900588989
vt 0.3446339964866638 0.3683739900588989
vt 0.39257898926734924 0.368366003036499
vt 0.39099401235580444 0.3771649897098541
vt 0.39099401235580444 0.3771649897098541
vt 0.344633013010025 0.37716901302337646
vt 0.3446339964866638 0.3683739900588989
vt 0.39257898926734924 0.368366003036499
vt 0.4884069859981537 0.3683049976825714
vt 0.4837540090084076 0.3771190047264099
vt 0.4837540090084076 0.3771190047264099
vt 0.39099401235580444 0.3771649897098541
vt 0.39257898926734924 0.368366003036499
vt 0.4884069859981537 0.3683049976825714
vt 0.5361539721488953 0.36826398968696594
vt 0.5295839905738831 0.377032995223999
vt 0.5295839905738831 0.377032995223999
vt 0.4837540090084076 0.3771190047264099
vt 0.4884069859981537 0.3683049976825714
vt 0.5849239826202393 0.36886700987815857
vt 0.6056360006332397 0.394322007894516
vt 0.5958459973335266 0.39946600794792175
vt 0.5958459973335266 0.39946600794792175
vt 0.5762940049171448 0.3768619894981384
vt 0.5849239826202393 0.36886700987815857
vt 0.5361539721488953 0.36826398968696594
vt 0.5841529965400696 0.3680410087108612
vt 0.5762940049171448 0.3768619894981384
vt 0.5762940049171448 0.3768619894981384
vt 0.5295839905738831 0.377032995223999
vt 0.5361539721488953 0.36826398968696594

f 1/1/1 2/2/2 3/3/3
f 4/4/4 5/5/5 6/6/6
f 7/7/7 8/8/8 9/9/9
f 10/10/10 11/11/11 12/12/12
f 13/13/13 14/14/14 15/15/15
f 16/16/16 17/17/17 18/18/18
f 19/19/19 20/20/20 21/21/21
f 22/22/22 23/23/23 24/24/24
f 25/25/25 26/26/26 27/27/27
f 28/28/28 29/29/29 30/30/30
f 31/31/31 32/32/32 33/33/33
f 34/34/34 35/35/35 36/36/36
f 37/37/37 38/38/38 39/39/39
f 40/40/40 41/41/41 42/42/42
f 43/43/43 44/44/44 45/45/45
f 46/46/46 47/47/47 48/48/48
f 49/49/49 50/50/50 51/51/51
f 52/52/52 53/53/53 54/54/54
f 55/55/55 56/56/56 57/57/57
f 58/58/58 59/59/59 60/60/60
f 61/61/61 62/62/62 63/63/63
f 64/64/64 65/65/65 66/66/66
f 67/67/67 68/68/68 69/69/69
f 70/70/70 71/71/71 72/72/72
f 73/73/73 74/74/74 75/75/75
f 76/76/76 77/77/77 78/78/78
f 79/79/79 80/80/80 81/81/81
f 82/82/82 83/83/83 84/84/84
f 85/85/85 86/86/86 87/87/87
f 88/88/88 89/89/89 90/90/90
f 91/91/91 92/92/92 93/93/93
f 94/94/94 95/95/95 96/96/96
f 97/97/97 98/98/98 99/99/99
f 100/100/100 101/101/101 102/102/102
f 103/103/103 104/104/104 105/105/105
f 106/106/106 107/107/107 108/108/108
f 109/109/109 110/110/110 111/111/111
f 112/112/112 113/113/113 114/114/114
f 115/115/115 116/116/116 117/117/117
f 118/118/118 119/119/119 120/120/120
f 121/121/121 122/122/122 123/123/123
f 124/124/124 125/125/125 126/126/126
f 127/127/127 128/128/128 129/129/129
f 130/130/130 131/131/131 132/132/132
f 133/133/133 134/134/134 135/135/135
f 136/136/136 137/137/137 138/138/138
f 139/139/139 140/140/140 141/141/141
f 142/142/142 143/143/143 144/144/144
f 145/145/145 146/146/146 147/147/147
f 148/148/148 149/149/149 150/150/150
f 151/151/151 152/152/152 153/153/153
f 154/154/154 155/155/155 156/156/156
f 157/157/157 158/158/158 159/159/159
f 160/160/160 161/161/161 162/162/162
f 163/163/163 164/164/164 165/165/165
f 166/166/166 167/167/167 168/168/168
f 169/169/169 170/170/170 171/171/171
f 172/172/172 173/173/173 174/174/174
f 175/175/175 176/176/176 177/177/177
f 178/178/178 179/179/179 180/180/180
f 181/181/181 182/182/182 183/183/183
f 184/184/184 185/185/185 186/186/186
f 187/187/187 188/188/188 189/189/189
f 190/190/190 191/191/191 192/192/192
f 193/193/193 194/194/194 195/195/195
f 196/196/196 197/197/197 198/198/198
f 199/199/199 200/200/200 201/201/201
f 202/202/202 203/203/203 204/204/204
f 205/205/205 206/206/206 207/207/207
f 208/208/208 209/209/209 210/210/210
f 211/211/211 212/212/212 213/213/213
f 214/214/214 215/215/215 216/216/216
f 217/217/217 218/218/218 219/219/219
f 220/220/220 221/221/221 222/222/222
f 223/223/223 224/224/224 225/225/225
f 226/226/226 227/227/227 228/228/228
f 229/229/229 230/230/230 231/231/231
f 232/232/232 233/233/233 234/234/234
f 235/235/235 236/236/236 237/237/237
f 238/238/238 239/239/239 240/240/240
f 241/241/241 242/242/242 243/243/243
f 244/244/244 245/245/245 246/246/246
f 247/247/247 248/248/248 249/249/249
f 250/250/250 251/251/251 252/252/252
f 253/253/253 254/254/254 255/255/255
f 256/256/256 257/257/257 258/258/258
f 259/259/259 260/260/260 261/261/261
f 262/262/262 263/263/263 264/264/264
f 265/265/265 266/266/266 267/267/267
f 268/268/268 269/269/269 270/270/270
f 271/271/271 272/272/272 273/273/273
f 274/274/274 275/275/275 276/276/276
f 277/277/277 278/278/278 279/279/279
f 280/280/280 281/281/281 282/282/282
f 283/283/283 284/284/284 285/285/285
f 286/286/286 287/287/287 288/288/288
f 289/289/289 290/290/290 291/291/291
f 292/292/292 293/293/293 294/294/294
f 295/295/295 296/296/296 297/297/297
f 298/298/298 299/299/299 300/300/300
f 301/301/301 302/302/302 303/303/303
f 304/304/304 305/305/305 306/306/306
f 307/307/307 308/308/308 309/309/309
f 310/310/310 311/311/311 312/312/312
f 313/313/313 314/314/314 315/315/315
f 316/316/316 317/317/317 318/318/318
f 319/319/319 320/320/320 321/321/321
f 322/322/322 323/323/323 324/324/324
f 325/325/325 326/326/326 327/327/327
f 328/328/328 329/329/329 330/330/330
f 331/331/331 332/332/332 333/333/333
f 334/334/334 335/335/335 336/336/336
f 337/337/337 338/338/338 339/339/339
f 340/340/340 341/341/341 342/342/342
f 343/343/343 344/344/344 345/345/345
f 346/346/346 347/347/347 348/348/348
f 349/349/349 350/350/350 351/351/351
f 352/352/352 353/353/353 354/354/354
f 355/355/355 356/356/356 357/357/357
f 358/358/358 359/359/359 360/360/360
f 361/361/361 362/362/362 363/363/363
f 364/364/364 365/365/365 366/366/366
f 367/367/367 368/368/368 369/369/369
f 370/370/370 371/371/371 372/372/372
f 373/373/373 374/374/374 375/375/375
f 376/376/376 377/377/377 378/378/378
f 379/379/379 380/380/380 381/381/381
f 382/382/382 383/383/383 384/384/384
f 385/385/385 386/386/386 387/387/387
f 388/388/388 389/389/389 390/390/390
f 391/391/391 392/392/392 393/393/393
f 394/394/394 395/395/395 396/396/396
f 397/397/397 398/398/398 399/399/399
f 400/400/400 401/401/401 402/402/402
f 403/403/403 404/404/404 405/405/405
f 406/406/406 407/407/407 408/408/408
f 409/409/409 410/410/410 411/411/411
f 412/412/412 413/413/413 414/414/414
f 415/415/415 416/416/416 417/417/417
f 418/418/418 419/419/419 420/420/420
f 421/421/421 422/422/422 423/423/423
f 424/424/424 425/425/425 426/426/426
f 427/427/427 428/428/428 429/429/429
f 430/430/430 431/431/431 432/432/432
f 433/433/433 434/434/434 435/435/435
f 436/436/436 437/437/437 438/438/438
f 439/439/439 440/440/440 441/441/441
f 442/442/442 443/443/443 444/444/444
f 445/445/445 446/446/446 447/447/447
f 448/448/448 449/449/449 450/450/450
f 451/451/451 452/452/452 453/453/453
f 454/454/454 455/455/455 456/456/456
f 457/457/457 458/458/458 459/459/459
f 460/460/460 461/461/461 462/462/462
f 463/463/463 464/464/464 465/465/465
f 466/466/466 467/467/467 468/468/468
f 469/469/469 470/470/470 471/471/471
f 472/472/472 473/473/473 474/474/474
f 475/475/475 476/476/476 477/477/477
f 478/478/478 479/479/479 480/480/480
f 481/481/481 482/482/482 483/483/483
f 484/484/484 485/485/485 486/486/486
f 487/487/487 488/488/488 489/489/489
f 490/490/490 491/491/491 492/492/492
f 493/493/493 494/494/494 495/495/495
f 496/496/496 497/497/497 498/498/498
f 499/499/499 500/500/500 501/501/501
f 502/502/502 503/503/503 504/504/504
f 505/505/505 506/506/506 507/507/507
f 508/508/508 509/509/509 510/510/510
f 511/511/511 512/512/512 513/513/513
f 514/514/514 515/515/515 516/516/516
f 517/517/517 518/518/518 519/519/519
f 520/520/520 521/521/521 522/522/522
f 523/523/523 524/524/524 525/525/525
f 526/526/526 527/527/527 528/528/528
f 529/529/529 530/530/530 531/531/531
f 532/532/532 533/533/533 534/534/534
f 535/535/535 536/536/536 537/537/537
f 538/538/538 539/539/539 540/540/540
f 541/541/541 542/542/542 543/543/543
f 544/544/544 545/545/545 546/546/546
f 547/547/547 548/548/548 549/549/549
f 550/550/550 551/551/551 552/552/552
f 553/553/553 554/554/554 555/555/555
f 556/556/556 557/557/557 558/558/558
f 559/559/559 560/560/560 561/561/561
f 562/562/562 563/563/563 564/564/564
f 565/565/565 566/566/566 567/567/567
f 568/568/568 569/569/569 570/570/570
f 571/571/571 572/572/572 573/573/573
f 574/574/574 575/575/575 576/576/576
f 577/577/577 578/578/578 579/579/579
f 580/580/580 581/581/581 582/582/582
f 583/583/583 584/584/584 585/585/585
f 586/586/586 587/587/587 588/588/588
f 589/589/589 590/590/590 591/591/591
f 592/592/592 593/593/593 594/594/594
f 595/595/595 596/596/596 597/597/597
f 598/598/598 599/599/599 600/600/600
f 601/601/601 602/602/602 603/603/603
f 604/604/604 605/605/605 606/606/606
f 607/607/607 608/608/608 609/609/609
f 610/610/610 611/611/611 612/612/612
f 613/613/613 614/614/614 615/615/615
f 616/616/616 617/617/617 618/618/618
f 619/619/619 620/620/620 621/621/621
f 622/622/622 623/623/623 624/624/624
f 625/625/625 626/626/626 627/627/627
f 628/628/628 629/629/629 630/630/630
f 631/631/631 632/632/632 633/633/633
f 634/634/634 635/635/635 636/636/636
f 637/637/637 638/638/638 639/639/639
f 640/640/640 641/641/641 642/642/642
f 643/643/643 644/644/644 645/645/645
f 646/646/646 647/647/647 648/648/648
f 649/649/649 650/650/650 651/651/651
f 652/652/652 653/653/653 654/654/654
f 655/655/655 656/656/656 657/657/657
f 658/658/658 659/659/659 660/660/660
f 661/661/661 662/662/662 663/663/663
f 664/664/664 665/665/665 666/666/666
f 667/667/667 668/668/668 669/669/669
f 670/670/670 671/671/671 672/672/672
f 673/673/673 674/674/674 675/675/675
f 676/676/676 677/677/677 678/678/678
f 679/679/679 680/680/680 681/681/681
f 682/682/682 683/683/683 684/684/684
f 685/685/685 686/686/686 687/687/687
f 688/688/688 689/689/689 690/690/690
f 691/691/691 692/692/692 693/693/693
f 694/694/694 695/695/695 696/696/696
f 697/697/697 698/698/698 699/699/699
f 700/700/700 701/701/701 702/702/702
f 703/703/703 704/704/704 705/705/705
f 706/706/706 707/707/707 708/708/708
f 709/709/709 710/710/710 711/711/711
f 712/712/712 713/713/713 714/714/714
f 715/715/715 716/716/716 717/717/717
f 718/718/718 719/719/719 720/720/720
f 721/721/721 722/722/722 723/723/723
f 724/724/724 725/725/725 726/726/726
f 727/727/727 728/728/728 729/729/729
f 730/730/730 731/731/731 732/732/732
f 733/733/733 734/734/734 735/735/735
f 736/736/736 737/737/737 738/738/738
f 739/739/739 740/740/740 741/741/741
f 742/742/742 743/743/743 744/744/744
f 745/745/745 746/746/746 747/747/747
f 748/748/748 749/749/749 750/750/750
f 751/751/751 752/752/752 753/753/753
f 754/754/754 755/755/755 756/756/756
f 757/757/757 758/758/758 759/759/759
f 760/760/760 761/761/761 762/762/762
f 763/763/763 764/764/764 765/765/765
f 766/766/766 767/767/767 768/768/768
f 769/769/769 770/770/770 771/771/771
f 772/772/772 773/773/773 774/774/774
f 775/775/775 776/776/776 777/777/777
f 778/778/778 779/779/779 780/780/780
f 781/781/781 782/782/782 783/783/783
f 784/784/784 785/785/785 786/786/786
f 787/787/787 788/788/788 789/789/789
f 790/790/790 791/791/791 792/792/792
f 793/793/793 794/794/794 795/795/795
f 796/796/796 797/797/797 798/798/798
f 799/799/799 800/800/800 801/801/801
f 802/802/802 803/803/803 804/804/804
f 805/805/805 806/806/806 807/807/807
f 808/808/808 809/809/809 810/810/810
f 811/811/811 812/812/812 813/813/813
f 814/814/814 815/815/815 816/816/816
f 817/817/817 818/818/818 819/819/819
f 820/820/820 821/821/821 822/822/822
f 823/823/823 824/824/824 825/825/825
f 826/826/826 827/827/827 828/828/828
f 829/829/829 830/830/830 831/831/831
f 832/832/832 833/833/833 834/834/834
f 835/835/835 836/836/836 837/837/837
f 838/838/838 839/839/839 840/840/840
f 841/841/841 842/842/842 843/843/843
f 844/844/844 845/845/845 846/846/846
f 847/847/847 848/848/848 849/849/849
f 850/850/850 851/851/851 852/852/852
f 853/853/853 854/854/854 855/855/855
f 856/856/856 857/857/857 858/858/858
f 859/859/859 860/860/860 861/861/861
f 862/862/862 863/863/863 864/864/864
f 865/865/865 866/866/866 867/867/867
f 868/868/868 869/869/869 870/870/870
f 871/871/871 872/872/872 873/873/873
f 874/874/874 875/875/875 876/876/876
f 877/877/877 878/878/878 879/879/879
f 880/880/880 881/881/881 882/882/882
f 883/883/883 884/884/884 885/885/885
f 886/886/886 887/887/887 888/888/888
f 889/889/889 890/890/890 891/891/891
f 892/892/892 893/893/893 894/894/894
f 895/895/895 896/896/896 897/897/897
f 898/898/898 899/899/899 900/900/900
f 901/901/901 902/902/902 903/903/903
f 904/904/904 905/905/905 906/906/906
f 907/907/907 908/908/908 909/909/909
f 910/910/910 911/911/911 912/912/912
f 913/913/913 914/914/914 915/915/915
f 916/916/916 917/917/917 918/918/918
f 919/919/919 920/920/920 921/921/921
f 922/922/922 923/923/923 924/924/924
f 925/925/925 926/926/926 927/927/927
f 928/928/928 929/929/929 930/930/930
f 931/931/931 932/932/932 933/933/933
f 934/934/934 935/935/935 936/936/936
f 937/937/937 938/938/938 939/939/939
f 940/940/940 941/941/941 942/942/942
f 943/943/943 944/944/944 945/945/945
f 946/946/946 947/947/947 948/948/948
f 949/949/949 950/950/950 951/951/951
f 952/952/952 953/953/953 954/954/954
f 955/955/955 956/956/956 957/957/957
f 958/958/958 959/959/959 960/960/960
f 961/961/961 962/962/962 963/963/963
f 964/964/964 965/965/965 966/966/966
f 967/967/967 968/968/968 969/969/969
f 970/970/970 971/971/971 972/972/972
f 973/973/973 974/974/974 975/975/975
f 976/976/976 977/977/977 978/978/978
f 979/979/979 980/980/980 981/981/981
f 982/982/982 983/983/983 984/984/984
f 985/985/985 986/986/986 987/987/987
f 988/988/988 989/989/989 990/990/990
f 991/991/991 992/992/992 993/993/993
f 994/994/994 995/995/995 996/996/996
f 997/997/997 998/998/998 999/999/999
f 1000/1000/1000 1001/1001/1001 1002/1002/1002
f 1003/1003/1003 1004/1004/1004 1005/1005/1005
f 1006/1006/1006 1007/1007/1007 1008/1008/1008
f 1009/1009/1009 1010/1010/1010 1011/1011/1011
f 1012/1012/1012 1013/1013/1013 1014/1014/1014
f 1015/1015/1015 1016/1016/1016 1017/1017/1017
f 1018/1018/1018 1019/1019/1019 1020/1020/1020
f 1021/1021/1021 1022/1022/1022 1023/1023/1023
f 1024/1024/1024 1025/1025/1025 1026/1026/1026
f 1027/1027/1027 1028/1028/1028 1029/1029/1029
f 1030/1030/1030 1031/1031/1031 1032/1032/1032
f 1033/1033/1033 1034/1034/1034 1035/1035/1035
f 1036/1036/1036 1037/1037/1037 1038/1038/1038
f 1039/1039/1039 1040/1040/1040 1041/1041/1041
f 1042/1042/1042 1043/1043/1043 1044/1044/1044
f 1045/1045/1045 1046/1046/1046 1047/1047/1047
f 1048/1048/1048 1049/1049/1049 1050/1050/1050
f 1051/1051/1051 1052/1052/1052 1053/1053/1053
f 1054/1054/1054 1055/1055/1055 1056/1056/1056
f 1057/1057/1057 1058/1058/1058 1059/1059/1059
f 1060/1060/1060 1061/1061/1061 1062/1062/1062
f 1063/1063/1063 1064/1064/1064 1065/1065/1065
f 1066/1066/1066 1067/1067/1067 1068/1068/1068
f 1069/1069/1069 1070/1070/1070 1071/1071/1071
f 1072/1072/1072 1073/1073/1073 1074/1074/1074
f 1075/1075/1075 1076/1076/1076 1077/1077/1077
f 1078/1078/1078 1079/1079/1079 1080/1080/1080
f 1081/1081/1081 1082/1082/1082 1083/1083/1083
f 1084/1084/1084 1085/1085/1085 1086/1086/1086
f 1087/1087/1087 1088/1088/1088 1089/1089/1089
f 1090/1090/1090 1091/1091/1091 1092/1092/1092
f 1093/1093/1093 1094/1094/1094 1095/1095/1095
f 1096/1096/1096 1097/1097/1097 1098/1098/1098
f 1099/1099/1099 1100/1100/1100 1101/1101/1101
f 1102/1102/1102 1103/1103/1103 1104/1104/1104
f 1105/1105/1105 1106/1106/1106 1107/1107/1107
f 1108/1108/1108 1109/1109/1109 1110/1110/1110
f 1111/1111/1111 1112/1112/1112 1113/1113/1113
f 1114/1114/1114 1115/1115/1115 1116/1116/1116
f 1117/1117/1117 1118/1118/1118 1119/1119/1119
f 1120/1120/1120 1121/1121/1121 1122/1122/1122
f 1123/1123/1123 1124/1124/1124 1125/1125/1125
f 1126/1126/1126 1127/1127/1127 1128/1128/1128
f 1129/1129/1129 1130/1130/1130 1131/1131/1131
f 1132/1132/1132 1133/1133/1133 1134/1134/1134
f 1135/1135/1135 1136/1136/1136 1137/1137/1137
f 1138/1138/1138 1139/1139/1139 1140/1140/1140
f 1141/1141/1141 1142/1142/1142 1143/1143/1143
f 1144/1144/1144 1145/1145/1145 1146/1146/1146
f 1147/1147/1147 1148/1148/1148 1149/1149/1149
f 1150/1150/1150 1151/1151/1151 1152/1152/1152
f 1153/1153/1153 1154/1154/1154 1155/1155/1155
f 1156/1156/1156 1157/1157/1157 1158/1158/1158
f 1159/1159/1159 1160/1160/1160 1161/1161/1161
f 1162/1162/1162 1163/1163/1163 1164/1164/1164
f 1165/1165/1165 1166/1166/1166 1167/1167/1167
f 1168/1168/1168 1169/1169/1169 1170/1170/1170
f 1171/1171/1171 1172/1172/1172 1173/1173/1173
f 1174/1174/1174 1175/1175/1175 1176/1176/1176
f 1177/1177/1177 1178/1178/1178 1179/1179/1179
f 1180/1180/1180 1181/1181/1181 1182/1182/1182
f 1183/1183/1183 1184/1184/1184 1185/1185/1185
f 1186/1186/1186 1187/1187/1187 1188/1188/1188
f 1189/1189/1189 1190/1190/1190 1191/1191/1191
f 1192/1192/1192 1193/1193/1193 1194/1194/1194
f 1195/1195/1195 1196/1196/1196 1197/1197/1197
f 1198/1198/1198 1199/1199/1199 1200/1200/1200
f 1201/1201/1201 1202/1202/1202 1203/1203/1203
f 1204/1204/1204 1205/1205/1205 1206/1206/1206
f 1207/1207/1207 1208/1208/1208 1209/1209/1209
f 1210/1210/1210 1211/1211/1211 1212/1212/1212
f 1213/1213/1213 1214/1214/1214 1215/1215/1215
f 1216/1216/1216 1217/1217/1217 1218/1218/1218
f 1219/1219/1219 1220/1220/1220 1221/1221/1221
f 1222/1222/1222 1223/1223/1223 1224/1224/1224
f 1225/1225/1225 1226/1226/1226 1227/1227/1227
f 1228/1228/1228 1229/1229/1229 1230/1230/1230
f 1231/1231/1231 1232/1232/1232 1233/1233/1233
f 1234/1234/1234 1235/1235/1235 1236/1236/1236
f 1237/1237/1237 1238/1238/1238 1239/1239/1239
f 1240/1240/1240 1241/1241/1241 1242/1242/1242
f 1243/1243/1243 1244/1244/1244 1245/1245/1245
f 1246/1246/1246 1247/1247/1247 1248/1248/1248
f 1249/1249/1249 1250/1250/1250 1251/1251/1251
f 1252/1252/1252 1253/1253/1253 1254/1254/1254
f 1255/1255/1255 1256/1256/1256 1257/1257/1257
f 1258/1258/1258 1259/1259/1259 1260/1260/1260
f 1261/1261/1261 1262/1262/1262 1263/1263/1263
f 1264/1264/1264 1265/1265/1265 1266/1266/1266
f 1267/1267/1267 1268/1268/1268 1269/1269/1269
f 1270/1270/1270 1271/1271/1271 1272/1272/1272
f 1273/1273/1273 1274/1274/1274 1275/1275/1275
f 1276/1276/1276 1277/1277/1277 1278/1278/1278
f 1279/1279/1279 1280/1280/1280 1281/1281/1281
f 1282/1282/1282 1283/1283/1283 1284/1284/1284
f 1285/1285/1285 1286/1286/1286 1287/1287/1287
f 1288/1288/1288 1289/1289/1289 1290/1290/1290
f 1291/1291/1291 1292/1292/1292 1293/1293/1293
f 1294/1294/1294 1295/1295/1295 1296/1296/1296
f 1297/1297/1297 1298/1298/1298 1299/1299/1299
f 1300/1300/1300 1301/1301/1301 1302/1302/1302
f 1303/1303/1303 1304/1304/1304 1305/1305/1305
f 1306/1306/1306 1307/1307/1307 1308/1308/1308
f 1309/1309/1309 1310/1310/1310 1311/1311/1311
f 1312/1312/1312 1313/1313/1313 1314/1314/1314
f 1315/1315/1315 1316/1316/1316 1317/1317/1317
f 1318/1318/1318 1319/1319/1319 1320/1320/1320
f 1321/1321/1321 1322/1322/1322 1323/1323/1323
f 1324/1324/1324 1325/1325/1325 1326/1326/1326
f 1327/1327/1327 1328/1328/1328 1329/1329/1329
f 1330/1330/1330 1331/1331/1331 1332/1332/1332
f 1333/1333/1333 1334/1334/1334 1335/1335/1335
f 1336/1336/1336 1337/1337/1337 1338/1338/1338
f 1339/1339/1339 1340/1340/1340 1341/1341/1341
f 1342/1342/1342 1343/1343/1343 1344/1344/1344
f 1345/1345/1345 1346/1346/1346 1347/1347/1347
f 1348/1348/1348 1349/1349/1349 1350/1350/1350
f 1351/1351/1351 1352/1352/1352 1353/1353/1353
f 1354/1354/1354 1355/1355/1355 1356/1356/1356
f 1357/1357/1357 1358/1358/1358 1359/1359/1359
f 1360/1360/1360 1361/1361/1361 1362/1362/1362
f 1363/1363/1363 1364/1364/1364 1365/1365/1365
f 1366/1366/1366 1367/1367/1367 1368/1368/1368
f 1369/1369/1369 1370/1370/1370 1371/1371/1371
f 1372/1372/1372 1373/1373/1373 1374/1374/1374
f 1375/1375/1375 1376/1376/1376 1377/1377/1377
f 1378/1378/1378 1379/1379/1379 1380/1380/1380
f 1381/1381/1381 1382/1382/1382 1383/1383/1383
f 1384/1384/1384 1385/1385/1385 1386/1386/1386
f 1387/1387/1387 1388/1388/1388 1389/1389/1389
f 1390/1390/1390 1391/1391/1391 1392/1392/1392
f 1393/1393/1393 1394/1394/1394 1395/1395/1395
f 1396/1396/1396 1397/1397/1397 1398/1398/1398
f 1399/1399/1399 1400/1400/1400 1401/1401/1401
f 1402/1402/1402 1403/1403/1403 1404/1404/1404
f 1405/1405/1405 1406/1406/1406 1407/1407/1407
f 1408/1408/1408 1409/1409/1409 1410/1410/1410
f 1411/1411/1411 1412/1412/1412 1413/1413/1413
f 1414/1414/1414 1415/1415/1415 1416/1416/1416
f 1417/1417/1417 1418/1418/1418 1419/1419/1419
f 1420/1420/1420 1421/1421/1421 1422/1422/1422
f 1423/1423/1423 1424/1424/1424 1425/1425/1425
f 1426/1426/1426 1427/1427/1427 1428/1428/1428
f 1429/1429/1429 1430/1430/1430 1431/1431/1431
f 1432/1432/1432 1433/1433/1433 1434/1434/1434
f 1435/1435/1435 1436/1436/1436 1437/1437/1437
f 1438/1438/1438 1439/1439/1439 1440/1440/1440
f 1441/1441/1441 1442/1442/1442 1443/1443/1443
f 1444/1444/1444 1445/1445/1445 1446/1446/1446
f 1447/1447/1447 1448/1448/1448 1449/1449/1449
f 1450/1450/1450 1451/1451/1451 1452/1452/1452
f 1453/1453/1453 1454/1454/1454 1455/1455/1455
f 1456/1456/1456 1457/1457/1457 1458/1458/1458
f 1459/1459/1459 1460/1460/1460 1461/1461/1461
f 1462/1462/1462 1463/1463/1463 1464/1464/1464
f 1465/1465/1465 1466/1466/1466 1467/1467/1467
f 1468/1468/1468 1469/1469/1469 1470/1470/1470
f 1471/1471/1471 1472/1472/1472 1473/1473/1473
f 1474/1474/1474 1475/1475/1475 1476/1476/1476
f 1477/1477/1477 1478/1478/1478 1479/1479/1479
f 1480/1480/1480 1481/1481/1481 1482/1482/1482
f 1483/1483/1483 1484/1484/1484 1485/1485/1485
f 1486/1486/1486 1487/1487/1487 1488/1488/1488
f 1489/1489/1489 1490/1490/1490 1491/1491/1491
f 1492/1492/1492 1493/1493/1493 1494/1494/1494
f 1495/1495/1495 1496/1496/1496 1497/1497/1497
f 1498/1498/1498 1499/1499/1499 1500/1500/1500
f 1501/1501/1501 1502/1502/1502 1503/1503/1503
f 1504/1504/1504 1505/1505/1505 1506/1506/1506
f 1507/1507/1507 1508/1508/1508 1509/1509/1509
f 1510/1510/1510 1511/1511/1511 1512/1512/1512
f 1513/1513/1513 1514/1514/1514 1515/1515/1515
f 1516/1516/1516 1517/1517/1517 1518/1518/1518
f 1519/1519/1519 1520/1520/1520 1521/1521/1521
f 1522/1522/1522 1523/1523/1523 1524/1524/1524
f 1525/1525/1525 1526/1526/1526 1527/1527/1527
f 1528/1528/1528 1529/1529/1529 1530/1530/1530
f 1531/1531/1531 1532/1532/1532 1533/1533/1533
f 1534/1534/1534 1535/1535/1535 1536/1536/1536
f 1537/1537/1537 1538/1538/1538 1539/1539/1539
f 1540/1540/1540 1541/1541/1541 1542/1542/1542
f 1543/1543/1543 1544/1544/1544 1545/1545/1545
f 1546/1546/1546 1547/1547/1547 1548/1548/1548
f 1549/1549/1549 1550/1550/1550 1551/1551/1551
f 1552/1552/1552 1553/1553/1553 1554/1554/1554
f 1555/1555/1555 1556/1556/1556 1557/1557/1557
f 1558/1558/1558 1559/1559/1559 1560/1560/1560
f 1561/1561/1561 1562/1562/1562 1563/1563/1563
f 1564/1564/1564 1565/1565/1565 1566/1566/1566
f 1567/1567/1567 1568/1568/1568 1569/1569/1569
f 1570/1570/1570 1571/1571/1571 1572/1572/1572
f 1573/1573/1573 1574/1574/1574 1575/1575/1575
f 1576/1576/1576 1577/1577/1577 1578/1578/1578
f 1579/1579/1579 1580/1580/1580 1581/1581/1581
f 1582/1582/1582 1583/1583/1583 1584/1584/1584
f 1585/1585/1585 1586/1586/1586 1587/1587/1587
f 1588/1588/1588 1589/1589/1589 1590/1590/1590
f 1591/1591/1591 1592/1592/1592 1593/1593/1593
f 1594/1594/1594 1595/1595/1595 1596/1596/1596
f 1597/1597/1597 1598/1598/1598 1599/1599/1599
f 1600/1600/1600 1601/1601/1601 1602/1602/1602
f 1603/1603/1603 1604/1604/1604 1605/1605/1605
f 1606/1606/1606 1607/1607/1607 1608/1608/1608
f 1609/1609/1609 1610/1610/1610 1611/1611/1611
f 1612/1612/1612 1613/1613/1613 1614/1614/1614
f 1615/1615/1615 1616/1616/1616 1617/1617/1617
f 1618/1618/1618 1619/1619/1619 1620/1620/1620
f 1621/1621/1621 1622/1622/1622 1623/1623/1623
f 1624/1624/1624 1625/1625/1625 1626/1626/1626
f 1627/1627/1627 1628/1628/1628 1629/1629/1629
f 1630/1630/1630 1631/1631/1631 1632/1632/1632
f 1633/1633/1633 1634/1634/1634 1635/1635/1635
f 1636/1636/1636 1637/1637/1637 1638/1638/1638
f 1639/1639/1639 1640/1640/1640 1641/1641/1641
f 1642/1642/1642 1643/1643/1643 1644/1644/1644
f 1645/1645/1645 1646/1646/1646 1647/1647/1647
f 1648/1648/1648 1649/1649/1649 1650/1650/1650
f 1651/1651/1651 1652/1652/1652 1653/1653/1653
f 1654/1654/1654 1655/1655/1655 1656/1656/1656
f 1657/1657/1657 1658/1658/1658 1659/1659/1659
f 1660/1660/1660 1661/1661/1661 1662/1662/1662
f 1663/1663/1663 1664/1664/1664 1665/1665/1665
f 1666/1666/1666 1667/1667/1667 1668/1668/1668
f 1669/1669/1669 1670/1670/1670 1671/1671/1671
f 1672/1672/1672 1673/1673/1673 1674/1674/1674
f 1675/1675/1675 1676/1676/1676 1677/1677/1677
f 1678/1678/1678 1679/1679/1679 1680/1680/1680
f 1681/1681/1681 1682/1682/1682 1683/1683/1683
f 1684/1684/1684 1685/1685/1685 1686/1686/1686
f 1687/1687/1687 1688/1688/1688 1689/1689/1689
f 1690/1690/1690 1691/1691/1691 1692/1692/1692
f 1693/1693/1693 1694/1694/1694 1695/1695/1695
f 1696/1696/1696 1697/1697/1697 1698/1698/1698
f 1699/1699/1699 1700/1700/1700 1701/1701/1701
f 1702/1702/1702 1703/1703/1703 1704/1704/1704
f 1705/1705/1705 1706/1706/1706 1707/1707/1707
f 1708/1708/1708 1709/1709/1709 1710/1710/1710
f 1711/1711/1711 1712/1712/1712 1713/1713/1713
f 1714/1714/1714 1715/1715/1715 1716/1716/1716
f 1717/1717/1717 1718/1718/1718 1719/1719/1719
f 1720/1720/1720 1721/1721/1721 1722/1722/1722
f 1723/1723/1723 1724/1724/1724 1725/1725/1725
f 1726/1726/1726 1727/1727/1727 1728/1728/1728
f 1729/1729/1729 1730/1730/1730 1731/1731/1731
f 1732/1732/1732 1733/1733/1733 1734/1734/1734
f 1735/1735/1735 1736/1736/1736 1737/1737/1737
f 1738/1738/1738 1739/1739/1739 1740/1740/1740
f 1741/1741/1741 1742/1742/1742 1743/1743/1743
f 1744/1744/1744 1745/1745/1745 1746/1746/1746
f 1747/1747/1747 1748/1748/1748 1749/1749/1749
f 1750/1750/1750 1751/1751/1751 1752/1752/1752
f 1753/1753/1753 1754/1754/1754 1755/1755/1755
f 1756/1756/1756 1757/1757/1757 1758/1758/1758
f 1759/1759/1759 1760/1760/1760 1761/1761/1761
f 1762/1762/1762 1763/1763/1763 1764/1764/1764
f 1765/1765/1765 1766/1766/1766 1767/1767/1767
f 1768/1768/1768 1769/1769/1769 1770/1770/1770
f 1771/1771/1771 1772/1772/1772 1773/1773/1773
f 1774/1774/1774 1775/1775/1775 1776/1776/1776
f 1777/1777/1777 1778/1778/1778 1779/1779/1779
f 1780/1780/1780 1781/1781/1781 1782/1782/1782
f 1783/1783/1783 1784/1784/1784 1785/1785/1785
f 1786/1786/1786 1787/1787/1787 1788/1788/1788
f 1789/1789/1789 1790/1790/1790 1791/1791/1791
f 1792/1792/1792 1793/1793/1793 1794/1794/1794
f 1795/1795/1795 1796/1796/1796 1797/1797/1797
f 1798/1798/1798 1799/1799/1799 1800/1800/1800
f 1801/1801/1801 1802/1802/1802 1803/1803/1803
f 1804/1804/1804 1805/1805/1805 1806/1806/1806
f 1807/1807/1807 1808/1808/1808 1809/1809/1809
f 1810/1810/1810 1811/1811/1811 1812/1812/1812
f 1813/1813/1813 1814/1814/1814 1815/1815/1815
f 1816/1816/1816 1817/1817/1817 1818/1818/1818
f 1819/1819/1819 1820/1820/1820 1821/1821/1821
f 1822/1822/1822 1823/1823/1823 1824/1824/1824
f 1825/1825/1825 1826/1826/1826 1827/1827/1827
f 1828/1828/1828 1829/1829/1829 1830/1830/1830
f 1831/1831/1831 1832/1832/1832 1833/1833/1833
f 1834/1834/1834 1835/1835/1835 1836/1836/1836
f 1837/1837/1837 1838/1838/1838 1839/1839/1839
f 1840/1840/1840 1841/1841/1841 1842/1842/1842
f 1843/1843/1843 1844/1844/1844 1845/1845/1845
f 1846/1846/1846 1847/1847/1847 1848/1848/1848
f 1849/1849/1849 1850/1850/1850 1851/1851/1851
f 1852/1852/1852 1853/1853/1853 1854/1854/1854
f 1855/1855/1855 1856/1856/1856 1857/1857/1857
f 1858/1858/1858 1859/1859/1859 1860/1860/1860
f 1861/1861/1861 1862/1862/1862 1863/1863/1863
f 1864/1864/1864 1865/1865/1865 1866/1866/1866
f 1867/1867/1867 1868/1868/1868 1869/1869/1869
f 1870/1870/1870 1871/1871/1871 1872/1872/1872
f 1873/1873/1873 1874/1874/1874 1875/1875/1875
f 1876/1876/1876 1877/1877/1877 1878/1878/1878
f 1879/1879/1879 1880/1880/1880 1881/1881/1881
f 1882/1882/1882 1883/1883/1883 1884/1884/1884
f 1885/1885/1885 1886/1886/1886 1887/1887/1887
f 1888/1888/1888 1889/1889/1889 1890/1890/1890
f 1891/1891/1891 1892/1892/1892 1893/1893/1893
f 1894/1894/1894 1895/1895/1895 1896/1896/1896
f 1897/1897/1897 1898/1898/1898 1899/1899/1899
f 1900/1900/1900 1901/1901/1901 1902/1902/1902
f 1903/1903/1903 1904/1904/1904 1905/1905/1905
f 1906/1906/1906 1907/1907/1907 1908/1908/1908
f 1909/1909/1909 1910/1910/1910 1911/1911/1911
f 1912/1912/1912 1913/1913/1913 1914/1914/1914
f 1915/1915/1915 1916/1916/1916 1917/1917/1917
f 1918/1918/1918 1919/1919/1919 1920/1920/1920
f 1921/1921/1921 1922/1922/1922 1923/1923/1923
f 1924/1924/1924 1925/1925/1925 1926/1926/1926
f 1927/1927/1927 1928/1928/1928 1929/1929/1929
f 1930/1930/1930 1931/1931/1931 1932/1932/1932
f 1933/1933/1933 1934/1934/1934 1935/1935/1935
f 1936/1936/1936 1937/1937/1937 1938/1938/1938
f 1939/1939/1939 1940/1940/1940 1941/1941/1941
f 1942/1942/1942 1943/1943/1943 1944/1944/1944
f 1945/1945/1945 1946/1946/1946 1947/1947/1947
f 1948/1948/1948 1949/1949/1949 1950/1950/1950
f 1951/1951/1951 1952/1952/1952 1953/1953/1953
f 1954/1954/1954 1955/1955/1955 1956/1956/1956
f 1957/1957/1957 1958/1958/1958 1959/1959/1959
f 1960/1960/1960 1961/1961/1961 1962/1962/1962
f 1963/1963/1963 1964/1964/1964 1965/1965/1965
f 1966/1966/1966 1967/1967/1967 1968/1968/1968
f 1969/1969/1969 1970/1970/1970 1971/1971/1971
f 1972/1972/1972 1973/1973/1973 1974/1974/1974
f 1975/1975/1975 1976/1976/1976 1977/1977/1977
f 1978/1978/1978 1979/1979/1979 1980/1980/1980
f 1981/1981/1981 1982/1982/1982 1983/1983/1983
f 1984/1984/1984 1985/1985/1985 1986/1986/1986
f 1987/1987/1987 1988/1988/1988 1989/1989/1989
f 1990/1990/1990 1991/1991/1991 1992/1992/1992
f 1993/1993/1993 1994/1994/1994 1995/1995/1995
f 1996/1996/1996 1997/1997/1997 1998/1998/1998
f 1999/1999/1999 2000/2000/2000 2001/2001/2001
f 2002/2002/2002 2003/2003/2003 2004/2004/2004
f 2005/2005/2005 2006/2006/2006 2007/2007/2007
f 2008/2008/2008 2009/2009/2009 2010/2010/2010
f 2011/2011/2011 2012/2012/2012 2013/2013/2013
f 2014/2014/2014 2015/2015/2015 2016/2016/2016
f 2017/2017/2017 2018/2018/2018 2019/2019/2019
f 2020/2020/2020 2021/2021/2021 2022/2022/2022
f 2023/2023/2023 2024/2024/2024 2025/2025/2025
f 2026/2026/2026 2027/2027/2027 2028/2028/2028
f 2029/2029/2029 2030/2030/2030 2031/2031/2031
f 2032/2032/2032 2033/2033/2033 2034/2034/2034
f 2035/2035/2035 2036/2036/2036 2037/2037/2037
f 2038/2038/2038 2039/2039/2039 2040/2040/2040
f 2041/2041/2041 2042/2042/2042 2043/2043/2043
f 2044/2044/2044 2045/2045/2045 2046/2046/2046
f 2047/2047/2047 2048/2048/2048 2049/2049/2049
f 2050/2050/2050 2051/2051/2051 2052/2052/2052
f 2053/2053/2053 2054/2054/2054 2055/2055/2055
f 2056/2056/2056 2057/2057/2057 2058/2058/2058
f 2059/2059/2059 2060/2060/2060 2061/2061/2061
f 2062/2062/2062 2063/2063/2063 2064/2064/2064
f 2065/2065/2065 2066/2066/2066 2067/2067/2067
f 2068/2068/2068 2069/2069/2069 2070/2070/2070
f 2071/2071/2071 2072/2072/2072 2073/2073/2073
f 2074/2074/2074 2075/2075/2075 2076/2076/2076
f 2077/2077/2077 2078/2078/2078 2079/2079/2079
f 2080/2080/2080 2081/2081/2081 2082/2082/2082
f 2083/2083/2083 2084/2084/2084 2085/2085/2085
f 2086/2086/2086 2087/2087/2087 2088/2088/2088
f 2089/2089/2089 2090/2090/2090 2091/2091/2091
f 2092/2092/2092 2093/2093/2093 2094/2094/2094
f 2095/2095/2095 2096/2096/2096 2097/2097/2097
f 2098/2098/2098 2099/2099/2099 2100/2100/2100
f 2101/2101/2101 2102/2102/2102 2103/2103/2103
f 2104/2104/2104 2105/2105/2105 2106/2106/2106
f 2107/2107/2107 2108/2108/2108 2109/2109/2109
f 2110/2110/2110 2111/2111/2111 2112/2112/2112
f 2113/2113/2113 2114/2114/2114 2115/2115/2115
f 2116/2116/2116 2117/2117/2117 2118/2118/2118
f 2119/2119/2119 2120/2120/2120 2121/2121/2121
f 2122/2122/2122 2123/2123/2123 2124/2124/2124
f 2125/2125/2125 2126/2126/2126 2127/2127/2127
f 2128/2128/2128 2129/2129/2129 2130/2130/2130
f 2131/2131/2131 2132/2132/2132 2133/2133/2133
f 2134/2134/2134 2135/2135/2135 2136/2136/2136
f 2137/2137/2137 2138/2138/2138 2139/2139/2139
f 2140/2140/2140 2141/2141/2141 2142/2142/2142
f 2143/2143/2143 2144/2144/2144 2145/2145/2145
f 2146/2146/2146 2147/2147/2147 2148/2148/2148
f 2149/2149/2149 2150/2150/2150 2151/2151/2151
f 2152/2152/2152 2153/2153/2153 2154/2154/2154
f 2155/2155/2155 2156/2156/2156 2157/2157/2157
f 2158/2158/2158 2159/2159/2159 2160/2160/2160
f 2161/2161/2161 2162/2162/2162 2163/2163/2163
f 2164/2164/2164 2165/2165/2165 2166/2166/2166
f 2167/2167/2167 2168/2168/2168 2169/2169/2169
f 2170/2170/2170 2171/2171/2171 2172/2172/2172
f 2173/2173/2173 2174/2174/2174 2175/2175/2175
f 2176/2176/2176 2177/2177/2177 2178/2178/2178
f 2179/2179/2179 2180/2180/2180 2181/2181/2181
f 2182/2182/2182 2183/2183/2183 2184/2184/2184
f 2185/2185/2185 2186/2186/2186 2187/2187/2187
f 2188/2188/2188 2189/2189/2189 2190/2190/2190
f 2191/2191/2191 2192/2192/2192 2193/2193/2193
f 2194/2194/2194 2195/2195/2195 2196/2196/2196
f 2197/2197/2197 2198/2198/2198 2199/2199/2199
f 2200/2200/2200 2201/2201/2201 2202/2202/2202
f 2203/2203/2203 2204/2204/2204 2205/2205/2205
f 2206/2206/2206 2207/2207/2207 2208/2208/2208
f 2209/2209/2209 2210/2210/2210 2211/2211/2211
f 2212/2212/2212 2213/2213/2213 2214/2214/2214
f 2215/2215/2215 2216/2216/2216 2217/2217/2217
f 2218/2218/2218 2219/2219/2219 2220/2220/2220
f 2221/2221/2221 2222/2222/2222 2223/2223/2223
f 2224/2224/2224 2225/2225/2225 2226/2226/2226
f 2227/2227/2227 2228/2228/2228 2229/2229/2229
f 2230/2230/2230 2231/2231/2231 2232/2232/2232
f 2233/2233/2233 2234/2234/2234 2235/2235/2235
f 2236/2236/2236 2237/2237/2237 2238/2238/2238
f 2239/2239/2239 2240/2240/2240 2241/2241/2241
f 2242/2242/2242 2243/2243/2243 2244/2244/2244
f 2245/2245/2245 2246/2246/2246 2247/2247/2247
f 2248/2248/2248 2249/2249/2249 2250/2250/2250
f 2251/2251/2251 2252/2252/2252 2253/2253/2253
f 2254/2254/2254 2255/2255/2255 2256/2256/2256
f 2257/2257/2257 2258/2258/2258 2259/2259/2259
f 2260/2260/2260 2261/2261/2261 2262/2262/2262
f 2263/2263/2263 2264/2264/2264 2265/2265/2265
f 2266/2266/2266 2267/2267/2267 2268/2268/2268
f 2269/2269/2269 2270/2270/2270 2271/2271/2271
f 2272/2272/2272 2273/2273/2273 2274/2274/2274
f 2275/2275/2275 2276/2276/2276 2277/2277/2277
f 2278/2278/2278 2279/2279/2279 2280/2280/2280
f 2281/2281/2281 2282/2282/2282 2283/2283/2283
f 2284/2284/2284 2285/2285/2285 2286/2286/2286
f 2287/2287/2287 2288/2288/2288 2289/2289/2289
f 2290/2290/2290 2291/2291/2291 2292/2292/2292
f 2293/2293/2293 2294/2294/2294 2295/2295/2295
f 2296/2296/2296 2297/2297/2297 2298/2298/2298
f 2299/2299/2299 2300/2300/2300 2301/2301/2301
f 2302/2302/2302 2303/2303/2303 2304/2304/2304
f 2305/2305/2305 2306/2306/2306 2307/2307/2307
f 2308/2308/2308 2309/2309/2309 2310/2310/2310
f 2311/2311/2311 2312/2312/2312 2313/2313/2313
f 2314/2314/2314 2315/2315/2315 2316/2316/2316
f 2317/2317/2317 2318/2318/2318 2319/2319/2319
f 2320/2320/2320 2321/2321/2321 2322/2322/2322
f 2323/2323/2323 2324/2324/2324 2325/2325/2325
f 2326/2326/2326 2327/2327/2327 2328/2328/2328
f 2329/2329/2329 2330/2330/2330 2331/2331/2331
f 2332/2332/2332 2333/2333/2333 2334/2334/2334
f 2335/2335/2335 2336/2336/2336 2337/2337/2337
f 2338/2338/2338 2339/2339/2339 2340/2340/2340
f 2341/2341/2341 2342/2342/2342 2343/2343/2343
f 2344/2344/2344 2345/2345/2345 2346/2346/2346
f 2347/2347/2347 2348/2348/2348 2349/2349/2349
f 2350/2350/2350 2351/2351/2351 2352/2352/2352
f 2353/2353/2353 2354/2354/2354 2355/2355/2355
f 2356/2356/2356 2357/2357/2357 2358/2358/2358
f 2359/2359/2359 2360/2360/2360 2361/2361/2361
f 2362/2362/2362 2363/2363/2363 2364/2364/2364
f 2365/2365/2365 2366/2366/2366 2367/2367/2367
f 2368/2368/2368 2369/2369/2369 2370/2370/2370
f 2371/2371/2371 2372/2372/2372 2373/2373/2373
f 2374/2374/2374 2375/2375/2375 2376/2376/2376
f 2377/2377/2377 2378/2378/2378 2379/2379/2379
f 2380/2380/2380 2381/2381/2381 2382/2382/2382
f 2383/2383/2383 2384/2384/2384 2385/2385/2385
f 2386/2386/2386 2387/2387/2387 2388/2388/2388
f 2389/2389/2389 2390/2390/2390 2391/2391/2391
f 2392/2392/2392 2393/2393/2393 2394/2394/2394
f 2395/2395/2395 2396/2396/2396 2397/2397/2397
f 2398/2398/2398 2399/2399/2399 2400/2400/2400
f 2401/2401/2401 2402/2402/2402 2403/2403/2403
f 2404/2404/2404 2405/2405/2405 2406/2406/2406
f 2407/2407/2407 2408/2408/2408 2409/2409/2409
f 2410/2410/2410 2411/2411/2411 2412/2412/2412
f 2413/2413/2413 2414/2414/2414 2415/2415/2415
f 2416/2416/2416 2417/2417/2417 2418/2418/2418
f 2419/2419/2419 2420/2420/2420 2421/2421/2421
f 2422/2422/2422 2423/2423/2423 2424/2424/2424
f 2425/2425/2425 2426/2426/2426 2427/2427/2427
f 2428/2428/2428 2429/2429/2429 2430/2430/2430
f 2431/2431/2431 2432/2432/2432 2433/2433/2433
f 2434/2434/2434 2435/2435/2435 2436/2436/2436
f 2437/2437/2437 2438/2438/2438 2439/2439/2439
f 2440/2440/2440 2441/2441/2441 2442/2442/2442
f 2443/2443/2443 2444/2444/2444 2445/2445/2445
f 2446/2446/2446 2447/2447/2447 2448/2448/2448
f 2449/2449/2449 2450/2450/2450 2451/2451/2451
f 2452/2452/2452 2453/2453/2453 2454/2454/2454
f 2455/2455/2455 2456/2456/2456 2457/2457/2457
f 2458/2458/2458 2459/2459/2459 2460/2460/2460
f 2461/2461/2461 2462/2462/2462 2463/2463/2463
f 2464/2464/2464 2465/2465/2465 2466/2466/2466
f 2467/2467/2467 2468/2468/2468 2469/2469/2469
f 2470/2470/2470 2471/2471/2471 2472/2472/2472
f 2473/2473/2473 2474/2474/2474 2475/2475/2475
f 2476/2476/2476 2477/2477/2477 2478/2478/2478
f 2479/2479/2479 2480/2480/2480 2481/2481/2481
f 2482/2482/2482 2483/2483/2483 2484/2484/2484
f 2485/2485/2485 2486/2486/2486 2487/2487/2487
f 2488/2488/2488 2489/2489/2489 2490/2490/2490
f 2491/2491/2491 2492/2492/2492 2493/2493/2493
f 2494/2494/2494 2495/2495/2495 2496/2496/2496
f 2497/2497/2497 2498/2498/2498 2499/2499/2499
f 2500/2500/2500 2501/2501/2501 2502/2502/2502
f 2503/2503/2503 2504/2504/2504 2505/2505/2505
f 2506/2506/2506 2507/2507/2507 2508/2508/2508
f 2509/2509/2509 2510/2510/2510 2511/2511/2511
f 2512/2512/2512 2513/2513/2513 2514/2514/2514
f 2515/2515/2515 2516/2516/2516 2517/2517/2517
f 2518/2518/2518 2519/2519/2519 2520/2520/2520
f 2521/2521/2521 2522/2522/2522 2523/2523/2523
f 2524/2524/2524 2525/2525/2525 2526/2526/2526
f 2527/2527/2527 2528/2528/2528 2529/2529/2529
f 2530/2530/2530 2531/2531/2531 2532/2532/2532
f 2533/2533/2533 2534/2534/2534 2535/2535/2535
f 2536/2536/2536 2537/2537/2537 2538/2538/2538
f 2539/2539/2539 2540/2540/2540 2541/2541/2541
f 2542/2542/2542 2543/2543/2543 2544/2544/2544
f 2545/2545/2545 2546/2546/2546 2547/2547/2547
f 2548/2548/2548 2549/2549/2549 2550/2550/2550
f 2551/2551/2551 2552/2552/2552 2553/2553/2553
f 2554/2554/2554 2555/2555/2555 2556/2556/2556
f 2557/2557/2557 2558/2558/2558 2559/2559/2559
f 2560/2560/2560 2561/2561/2561 2562/2562/2562
f 2563/2563/2563 2564/2564/2564 2565/2565/2565
f 2566/2566/2566 2567/2567/2567 2568/2568/2568
f 2569/2569/2569 2570/2570/2570 2571/2571/2571
f 2572/2572/2572 2573/2573/2573 2574/2574/2574
f 2575/2575/2575 2576/2576/2576 2577/2577/2577
f 2578/2578/2578 2579/2579/2579 2580/2580/2580
f 2581/2581/2581 2582/2582/2582 2583/2583/2583
f 2584/2584/2584 2585/2585/2585 2586/2586/2586
f 2587/2587/2587 2588/2588/2588 2589/2589/2589
f 2590/2590/2590 2591/2591/2591 2592/2592/2592
f 2593/2593/2593 2594/2594/2594 2595/2595/2595
f 2596/2596/2596 2597/2597/2597 2598/2598/2598
f 2599/2599/2599 2600/2600/2600 2601/2601/2601
f 2602/2602/2602 2603/2603/2603 2604/2604/2604
f 2605/2605/2605 2606/2606/2606 2607/2607/2607
f 2608/2608/2608 2609/2609/2609 2610/2610/2610
f 2611/2611/2611 2612/2612/2612 2613/2613/2613
f 2614/2614/2614 2615/2615/2615 2616/2616/2616
f 2617/2617/2617 2618/2618/2618 2619/2619/2619
f 2620/2620/2620 2621/2621/2621 2622/2622/2622
f 2623/2623/2623 2624/2624/2624 2625/2625/2625
f 2626/2626/2626 2627/2627/2627 2628/2628/2628
f 2629/2629/2629 2630/2630/2630 2631/2631/2631
f 2632/2632/2632 2633/2633/2633 2634/2634/2634
f 2635/2635/2635 2636/2636/2636 2637/2637/2637
f 2638/2638/2638 2639/2639/2639 2640/2640/2640
f 2641/2641/2641 2642/2642/2642 2643/2643/2643
f 2644/2644/2644 2645/2645/2645 2646/2646/2646
f 2647/2647/2647 2648/2648/2648 2649/2649/2649
f 2650/2650/2650 2651/2651/2651 2652/2652/2652
f 2653/2653/2653 2654/2654/2654 2655/2655/2655
f 2656/2656/2656 2657/2657/2657 2658/2658/2658
f 2659/2659/2659 2660/2660/2660 2661/2661/2661
f 2662/2662/2662 2663/2663/2663 2664/2664/2664
f 2665/2665/2665 2666/2666/2666 2667/2667/2667
f 2668/2668/2668 2669/2669/2669 2670/2670/2670
f 2671/2671/2671 2672/2672/2672 2673/2673/2673
f 2674/2674/2674 2675/2675/2675 2676/2676/2676
f 2677/2677/2677 2678/2678/2678 2679/2679/2679
f 2680/2680/2680 2681/2681/2681 2682/2682/2682
f 2683/2683/2683 2684/2684/2684 2685/2685/2685
f 2686/2686/2686 2687/2687/2687 2688/2688/2688
f 2689/2689/2689 2690/2690/2690 2691/2691/2691
f 2692/2692/2692 2693/2693/2693 2694/2694/2694
f 2695/2695/2695 2696/2696/2696 2697/2697/2697
f 2698/2698/2698 2699/2699/2699 2700/2700/2700
f 2701/2701/2701 2702/2702/2702 2703/2703/2703
f 2704/2704/2704 2705/2705/2705 2706/2706/2706
f 2707/2707/2707 2708/2708/2708 2709/2709/2709
f 2710/2710/2710 2711/2711/2711 2712/2712/2712
f 2713/2713/2713 2714/2714/2714 2715/2715/2715
f 2716/2716/2716 2717/2717/2717 2718/2718/2718
f 2719/2719/2719 2720/2720/2720 2721/2721/2721
f 2722/2722/2722 2723/2723/2723 2724/2724/2724
f 2725/2725/2725 2726/2726/2726 2727/2727/2727
f 2728/2728/2728 2729/2729/2729 2730/2730/2730
f 2731/2731/2731 2732/2732/2732 2733/2733/2733
f 2734/2734/2734 2735/2735/2735 2736/2736/2736
f 2737/2737/2737 2738/2738/2738 2739/2739/2739
f 2740/2740/2740 2741/2741/2741 2742/2742/2742
f 2743/2743/2743 2744/2744/2744 2745/2745/2745
f 2746/2746/2746 2747/2747/2747 2748/2748/2748
f 2749/2749/2749 2750/2750/2750 2751/2751/2751
f 2752/2752/2752 2753/2753/2753 2754/2754/2754
f 2755/2755/2755 2756/2756/2756 2757/2757/2757
f 2758/2758/2758 2759/2759/2759 2760/2760/2760
f 2761/2761/2761 2762/2762/2762 2763/2763/2763
f 2764/2764/2764 2765/2765/2765 2766/2766/2766
f 2767/2767/2767 2768/2768/2768 2769/2769/2769
f 2770/2770/2770 2771/2771/2771 2772/2772/2772
f 2773/2773/2773 2774/2774/2774 2775/2775/2775
f 2776/2776/2776 2777/2777/2777 2778/2778/2778
f 2779/2779/2779 2780/2780/2780 2781/2781/2781
f 2782/2782/2782 2783/2783/2783 2784/2784/2784
f 2785/2785/2785 2786/2786/2786 2787/2787/2787
f 2788/2788/2788 2789/2789/2789 2790/2790/2790
f 2791/2791/2791 2792/2792/2792 2793/2793/2793
f 2794/2794/2794 2795/2795/2795 2796/2796/2796
f 2797/2797/2797 2798/2798/2798 2799/2799/2799
f 2800/2800/2800 2801/2801/2801 2802/2802/2802
f 2803/2803/2803 2804/2804/2804 2805/2805/2805
f 2806/2806/2806 2807/2807/2807 2808/2808/2808
f 2809/2809/2809 2810/2810/2810 2811/2811/2811
f 2812/2812/2812 2813/2813/2813 2814/2814/2814
f 2815/2815/2815 2816/2816/2816 2817/2817/2817
f 2818/2818/2818 2819/2819/2819 2820/2820/2820
f 2821/2821/2821 2822/2822/2822 2823/2823/2823
f 2824/2824/2824 2825/2825/2825 2826/2826/2826
f 2827/2827/2827 2828/2828/2828 2829/2829/2829
f 2830/2830/2830 2831/2831/2831 2832/2832/2832
f 2833/2833/2833 2834/2834/2834 2835/2835/2835
f 2836/2836/2836 2837/2837/2837 2838/2838/2838
f 2839/2839/2839 2840/2840/2840 2841/2841/2841
f 2842/2842/2842 2843/2843/2843 2844/2844/2844
f 2845/2845/2845 2846/2846/2846 2847/2847/2847
f 2848/2848/2848 2849/2849/2849 2850/2850/2850
f 2851/2851/2851 2852/2852/2852 2853/2853/2853
f 2854/2854/2854 2855/2855/2855 2856/2856/2856
f 2857/2857/2857 2858/2858/2858 2859/2859/2859
f 2860/2860/2860 2861/2861/2861 2862/2862/2862
f 2863/2863/2863 2864/2864/2864 2865/2865/2865
f 2866/2866/2866 2867/2867/2867 2868/2868/2868
f 2869/2869/2869 2870/2870/2870 2871/2871/2871
f 2872/2872/2872 2873/2873/2873 2874/2874/2874
f 2875/2875/2875 2876/2876/2876 2877/2877/2877
f 2878/2878/2878 2879/2879/2879 2880/2880/2880
f 2881/2881/2881 2882/2882/2882 2883/2883/2883
f 2884/2884/2884 2885/2885/2885 2886/2886/2886
f 2887/2887/2887 2888/2888/2888 2889/2889/2889
f 2890/2890/2890 2891/2891/2891 2892/2892/2892
f 2893/2893/2893 2894/2894/2894 2895/2895/2895
f 2896/2896/2896 2897/2897/2897 2898/2898/2898
f 2899/2899/2899 2900/2900/2900 2901/2901/2901
f 2902/2902/2902 2903/2903/2903 2904/2904/2904
f 2905/2905/2905 2906/2906/2906 2907/2907/2907
f 2908/2908/2908 2909/2909/2909 2910/2910/2910
f 2911/2911/2911 2912/2912/2912 2913/2913/2913
f 2914/2914/2914 2915/2915/2915 2916/2916/2916
f 2917/2917/2917 2918/2918/2918 2919/2919/2919
f 2920/2920/2920 2921/2921/2921 2922/2922/2922
f 2923/2923/2923 2924/2924/2924 2925/2925/2925
f 2926/2926/2926 2927/2927/2927 2928/2928/2928
f 2929/2929/2929 2930/2930/2930 2931/2931/2931
f 2932/2932/2932 2933/2933/2933 2934/2934/2934
f 2935/2935/2935 2936/2936/2936 2937/2937/2937
f 2938/2938/2938 2939/2939/2939 2940/2940/2940
f 2941/2941/2941 2942/2942/2942 2943/2943/2943
f 2944/2944/2944 2945/2945/2945 2946/2946/2946
f 2947/2947/2947 2948/2948/2948 2949/2949/2949
f 2950/2950/2950 2951/2951/2951 2952/2952/2952
f 2953/2953/2953 2954/2954/2954 2955/2955/2955
f 2956/2956/2956 2957/2957/2957 2958/2958/2958
f 2959/2959/2959 2960/2960/2960 2961/2961/2961
f 2962/2962/2962 2963/2963/2963 2964/2964/2964
f 2965/2965/2965 2966/2966/2966 2967/2967/2967
f 2968/2968/2968 2969/2969/2969 2970/2970/2970
f 2971/2971/2971 2972/2972/2972 2973/2973/2973
f 2974/2974/2974 2975/2975/2975 2976/2976/2976
f 2977/2977/2977 2978/2978/2978 2979/2979/2979
f 2980/2980/2980 2981/2981/2981 2982/2982/2982
f 2983/2983/2983 2984/2984/2984 2985/2985/2985
f 2986/2986/2986 2987/2987/2987 2988/2988/2988
f 2989/2989/2989 2990/2990/2990 2991/2991/2991
f 2992/2992/2992 2993/2993/2993 2994/2994/2994
f 2995/2995/2995 2996/2996/2996 2997/2997/2997
f 2998/2998/2998 2999/2999/2999 3000/3000/3000
f 3001/3001/3001 3002/3002/3002 3003/3003/3003
f 3004/3004/3004 3005/3005/3005 3006/3006/3006
f 3007/3007/3007 3008/3008/3008 3009/3009/3009
f 3010/3010/3010 3011/3011/3011 3012/3012/3012
f 3013/3013/3013 3014/3014/3014 3015/3015/3015
f 3016/3016/3016 3017/3017/3017 3018/3018/3018
f 3019/3019/3019 3020/3020/3020 3021/3021/3021
f 3022/3022/3022 3023/3023/3023 3024/3024/3024
f 3025/3025/3025 3026/3026/3026 3027/3027/3027
f 3028/3028/3028 3029/3029/3029 3030/3030/3030
f 3031/3031/3031 3032/3032/3032 3033/3033/3033
f 3034/3034/3034 3035/3035/3035 3036/3036/3036
f 3037/3037/3037 3038/3038/3038 3039/3039/3039
f 3040/3040/3040 3041/3041/3041 3042/3042/3042
f 3043/3043/3043 3044/3044/3044 3045/3045/3045
f 3046/3046/3046 3047/3047/3047 3048/3048/3048
f 3049/3049/3049 3050/3050/3050 3051/3051/3051
f 3052/3052/3052 3053/3053/3053 3054/3054/3054
f 3055/3055/3055 3056/3056/3056 3057/3057/3057
f 3058/3058/3058 3059/3059/3059 3060/3060/3060
f 3061/3061/3061 3062/3062/3062 3063/3063/3063
f 3064/3064/3064 3065/3065/3065 3066/3066/3066
f 3067/3067/3067 3068/3068/3068 3069/3069/3069
f 3070/3070/3070 3071/3071/3071 3072/3072/3072
f 3073/3073/3073 3074/3074/3074 3075/3075/3075
f 3076/3076/3076 3077/3077/3077 3078/3078/3078
f 3079/3079/3079 3080/3080/3080 3081/3081/3081
f 3082/3082/3082 3083/3083/3083 3084/3084/3084
f 3085/3085/3085 3086/3086/3086 3087/3087/3087
f 3088/3088/3088 3089/3089/3089 3090/3090/3090
f 3091/3091/3091 3092/3092/3092 3093/3093/3093
f 3094/3094/3094 3095/3095/3095 3096/3096/3096
f 3097/3097/3097 3098/3098/3098 3099/3099/3099
f 3100/3100/3100 3101/3101/3101 3102/3102/3102
f 3103/3103/3103 3104/3104/3104 3105/3105/3105
f 3106/3106/3106 3107/3107/3107 3108/3108/3108
f 3109/3109/3109 3110/3110/3110 3111/3111/3111
f 3112/3112/3112 3113/3113/3113 3114/3114/3114
f 3115/3115/3115 3116/3116/3116 3117/3117/3117
f 3118/3118/3118 3119/3119/3119 3120/3120/3120
f 3121/3121/3121 3122/3122/3122 3123/3123/3123
f 3124/3124/3124 3125/3125/3125 3126/3126/3126
f 3127/3127/3127 3128/3128/3128 3129/3129/3129
f 3130/3130/3130 3131/3131/3131 3132/3132/3132
f 3133/3133/3133 3134/3134/3134 3135/3135/3135
f 3136/3136/3136 3137/3137/3137 3138/3138/3138
f 3139/3139/3139 3140/3140/3140 3141/3141/3141
f 3142/3142/3142 3143/3143/3143 3144/3144/3144
f 3145/3145/3145 3146/3146/3146 3147/3147/3147
f 3148/3148/3148 3149/3149/3149 3150/3150/3150
f 3151/3151/3151 3152/3152/3152 3153/3153/3153
f 3154/3154/3154 3155/3155/3155 3156/3156/3156
f 3157/3157/3157 3158/3158/3158 3159/3159/3159
f 3160/3160/3160 3161/3161/3161 3162/3162/3162
f 3163/3163/3163 3164/3164/3164 3165/3165/3165
f 3166/3166/3166 3167/3167/3167 3168/3168/3168
f 3169/3169/3169 3170/3170/3170 3171/3171/3171
f 3172/3172/3172 3173/3173/3173 3174/3174/3174
f 3175/3175/3175 3176/3176/3176 3177/3177/3177
f 3178/3178/3178 3179/3179/3179 3180/3180/3180
f 3181/3181/3181 3182/3182/3182 3183/3183/3183
f 3184/3184/3184 3185/3185/3185 3186/3186/3186
f 3187/3187/3187 3188/3188/3188 3189/3189/3189
f 3190/3190/3190 3191/3191/3191 3192/3192/3192
f 3193/3193/3193 3194/3194/3194 3195/3195/3195
f 3196/3196/3196 3197/3197/3197 3198/3198/3198
f 3199/3199/3199 3200/3200/3200 3201/3201/3201
f 3202/3202/3202 3203/3203/3203 3204/3204/3204
f 3205/3205/3205 3206/3206/3206 3207/3207/3207
f 3208/3208/3208 3209/3209/3209 3210/3210/3210
f 3211/3211/3211 3212/3212/3212 3213/3213/3213
f 3214/3214/3214 3215/3215/3215 3216/3216/3216
f 3217/3217/3217 3218/3218/3218 3219/3219/3219
f 3220/3220/3220 3221/3221/3221 3222/3222/3222
f 3223/3223/3223 3224/3224/3224 3225/3225/3225
f 3226/3226/3226 3227/3227/3227 3228/3228/3228
f 3229/3229/3229 3230/3230/3230 3231/3231/3231
f 3232/3232/3232 3233/3233/3233 3234/3234/3234
f 3235/3235/3235 3236/3236/3236 3237/3237/3237
f 3238/3238/3238 3239/3239/3239 3240/3240/3240
f 3241/3241/3241 3242/3242/3242 3243/3243/3243
f 3244/3244/3244 3245/3245/3245 3246/3246/3246
f 3247/3247/3247 3248/3248/3248 3249/3249/3249
f 3250/3250/3250 3251/3251/3251 3252/3252/3252
f 3253/3253/3253 3254/3254/3254 3255/3255/3255
f 3256/3256/3256 3257/3257/3257 3258/3258/3258
f 3259/3259/3259 3260/3260/3260 3261/3261/3261
f 3262/3262/3262 3263/3263/3263 3264/3264/3264
f 3265/3265/3265 3266/3266/3266 3267/3267/3267
f 3268/3268/3268 3269/3269/3269 3270/3270/3270
f 3271/3271/3271 3272/3272/3272 3273/3273/3273
f 3274/3274/3274 3275/3275/3275 3276/3276/3276
f 3277/3277/3277 3278/3278/3278 3279/3279/3279
f 3280/3280/3280 3281/3281/3281 3282/3282/3282
f 3283/3283/3283 3284/3284/3284 3285/3285/3285
f 3286/3286/3286 3287/3287/3287 3288/3288/3288
f 3289/3289/3289 3290/3290/3290 3291/3291/3291
f 3292/3292/3292 3293/3293/3293 3294/3294/3294
f 3295/3295/3295 3296/3296/3296 3297/3297/3297
f 3298/3298/3298 3299/3299/3299 3300/3300/3300
f 3301/3301/3301 3302/3302/3302 3303/3303/3303
f 3304/3304/3304 3305/3305/3305 3306/3306/3306
f 3307/3307/3307 3308/3308/3308 3309/3309/3309
f 3310/3310/3310 3311/3311/3311 3312/3312/3312
f 3313/3313/3313 3314/3314/3314 3315/3315/3315
f 3316/3316/3316 3317/3317/3317 3318/3318/3318
f 3319/3319/3319 3320/3320/3320 3321/3321/3321
f 3322/3322/3322 3323/3323/3323 3324/3324/3324
f 3325/3325/3325 3326/3326/3326 3327/3327/3327
f 3328/3328/3328 3329/3329/3329 3330/3330/3330
f 3331/3331/3331 3332/3332/3332 3333/3333/3333
f 3334/3334/3334 3335/3335/3335 3336/3336/3336
f 3337/3337/3337 3338/3338/3338 3339/3339/3339
f 3340/3340/3340 3341/3341/3341 3342/3342/3342
f 3343/3343/3343 3344/3344/3344 3345/3345/3345
f 3346/3346/3346 3347/3347/3347 3348/3348/3348
f 3349/3349/3349 3350/3350/3350 3351/3351/3351
f 3352/3352/3352 3353/3353/3353 3354/3354/3354
f 3355/3355/3355 3356/3356/3356 3357/3357/3357
f 3358/3358/3358 3359/3359/3359 3360/3360/3360
f 3361/3361/3361 3362/3362/3362 3363/3363/3363
f 3364/3364/3364 3365/3365/3365 3366/3366/3366
f 3367/3367/3367 3368/3368/3368 3369/3369/3369
f 3370/3370/3370 3371/3371/3371 3372/3372/3372
f 3373/3373/3373 3374/3374/3374 3375/3375/3375
f 3376/3376/3376 3377/3377/3377 3378/3378/3378
f 3379/3379/3379 3380/3380/3380 3381/3381/3381
f 3382/3382/3382 3383/3383/3383 3384/3384/3384
f 3385/3385/3385 3386/3386/3386 3387/3387/3387
f 3388/3388/3388 3389/3389/3389 3390/3390/3390
f 3391/3391/3391 3392/3392/3392 3393/3393/3393
f 3394/3394/3394 3395/3395/3395 3396/3396/3396
f 3397/3397/3397 3398/3398/3398 3399/3399/3399
f 3400/3400/3400 3401/3401/3401 3402/3402/3402
f 3403/3403/3403 3404/3404/3404 3405/3405/3405
f 3406/3406/3406 3407/3407/3407 3408/3408/3408
f 3409/3409/3409 3410/3410/3410 3411/3411/3411
f 3412/3412/3412 3413/3413/3413 3414/3414/3414
f 3415/3415/3415 3416/3416/3416 3417/3417/3417
f 3418/3418/3418 3419/3419/3419 3420/3420/3420
f 3421/3421/3421 3422/3422/3422 3423/3423/3423
f 3424/3424/3424 3425/3425/3425 3426/3426/3426
f 3427/3427/3427 3428/3428/3428 3429/3429/3429
f 3430/3430/3430 3431/3431/3431 3432/3432/3432
f 3433/3433/3433 3434/3434/3434 3435/3435/3435
f 3436/3436/3436 3437/3437/3437 3438/3438/3438
f 3439/3439/3439 3440/3440/3440 3441/3441/3441
f 3442/3442/3442 3443/3443/3443 3444/3444/3444
f 3445/3445/3445 3446/3446/3446 3447/3447/3447
f 3448/3448/3448 3449/3449/3449 3450/3450/3450
f 3451/3451/3451 3452/3452/3452 3453/3453/3453
f 3454/3454/3454 3455/3455/3455 3456/3456/3456
f 3457/3457/3457 3458/3458/3458 3459/3459/3459
f 3460/3460/3460 3461/3461/3461 3462/3462/3462
f 3463/3463/3463 3464/3464/3464 3465/3465/3465
f 3466/3466/3466 3467/3467/3467 3468/3468/3468
f 3469/3469/3469 3470/3470/3470 3471/3471/3471
f 3472/3472/3472 3473/3473/3473 3474/3474/3474
f 3475/3475/3475 3476/3476/3476 3477/3477/3477
f 3478/3478/3478 3479/3479/3479 3480/3480/3480
f 3481/3481/3481 3482/3482/3482 3483/3483/3483
f 3484/3484/3484 3485/3485/3485 3486/3486/3486
f 3487/3487/3487 3488/3488/3488 3489/3489/3489
f 3490/3490/3490 3491/3491/3491 3492/3492/3492
f 3493/3493/3493 3494/3494/3494 3495/3495/3495
f 3496/3496/3496 3497/3497/3497 3498/3498/3498
f 3499/3499/3499 3500/3500/3500 3501/3501/3501
f 3502/3502/3502 3503/3503/3503 3504/3504/3504
f 3505/3505/3505 3506/3506/3506 3507/3507/3507
f 3508/3508/3508 3509/3509/3509 3510/3510/3510
f 3511/3511/3511 3512/3512/3512 3513/3513/3513
f 3514/3514/3514 3515/3515/3515 3516/3516/3516
f 3517/3517/3517 3518/3518/3518 3519/3519/3519
f 3520/3520/3520 3521/3521/3521 3522/3522/3522
f 3523/3523/3523 3524/3524/3524 3525/3525/3525
f 3526/3526/3526 3527/3527/3527 3528/3528/3528
f 3529/3529/3529 3530/3530/3530 3531/3531/3531
f 3532/3532/3532 3533/3533/3533 3534/3534/3534
f 3535/3535/3535 3536/3536/3536 3537/3537/3537
f 3538/3538/3538 3539/3539/3539 3540/3540/3540
f 3541/3541/3541 3542/3542/3542 3543/3543/3543
f 3544/3544/3544 3545/3545/3545 3546/3546/3546
f 3547/3547/3547 3548/3548/3548 3549/3549/3549
f 3550/3550/3550 3551/3551/3551 3552/3552/3552
f 3553/3553/3553 3554/3554/3554 3555/3555/3555
f 3556/3556/3556 3557/3557/3557 3558/3558/3558
f 3559/3559/3559 3560/3560/3560 3561/3561/3561
f 3562/3562/3562 3563/3563/3563 3564/3564/3564
f 3565/3565/3565 3566/3566/3566 3567/3567/3567
f 3568/3568/3568 3569/3569/3569 3570/3570/3570
f 3571/3571/3571 3572/3572/3572 3573/3573/3573
f 3574/3574/3574 3575/3575/3575 3576/3576/3576
f 3577/3577/3577 3578/3578/3578 3579/3579/3579
f 3580/3580/3580 3581/3581/3581 3582/3582/3582
f 3583/3583/3583 3584/3584/3584 3585/3585/3585
f 3586/3586/3586 3587/3587/3587 3588/3588/3588
f 3589/3589/3589 3590/3590/3590 3591/3591/3591
f 3592/3592/3592 3593/3593/3593 3594/3594/3594
f 3595/3595/3595 3596/3596/3596 3597/3597/3597
f 3598/3598/3598 3599/3599/3599 3600/3600/3600
f 3601/3601/3601 3602/3602/3602 3603/3603/3603
f 3604/3604/3604 3605/3605/3605 3606/3606/3606
f 3607/3607/3607 3608/3608/3608 3609/3609/3609
f 3610/3610/3610 3611/3611/3611 3612/3612/3612
f 3613/3613/3613 3614/3614/3614 3615/3615/3615
f 3616/3616/3616 3617/3617/3617 3618/3618/3618
f 3619/3619/3619 3620/3620/3620 3621/3621/3621
f 3622/3622/3622 3623/3623/3623 3624/3624/3624
f 3625/3625/3625 3626/3626/3626 3627/3627/3627
f 3628/3628/3628 3629/3629/3629 3630/3630/3630
f 3631/3631/3631 3632/3632/3632 3633/3633/3633
f 3634/3634/3634 3635/3635/3635 3636/3636/3636
f 3637/3637/3637 3638/3638/3638 3639/3639/3639
f 3640/3640/3640 3641/3641/3641 3642/3642/3642
f 3643/3643/3643 3644/3644/3644 3645/3645/3645
f 3646/3646/3646 3647/3647/3647 3648/3648/3648
f 3649/3649/3649 3650/3650/3650 3651/3651/3651
f 3652/3652/3652 3653/3653/3653 3654/3654/3654
f 3655/3655/3655 3656/3656/3656 3657/3657/3657
f 3658/3658/3658 3659/3659/3659 3660/3660/3660
f 3661/3661/3661 3662/3662/3662 3663/3663/3663
f 3664/3664/3664 3665/3665/3665 3666/3666/3666
f 3667/3667/3667 3668/3668/3668 3669/3669/3669
f 3670/3670/3670 3671/3671/3671 3672/3672/3672
f 3673/3673/3673 3674/3674/3674 3675/3675/3675
f 3676/3676/3676 3677/3677/3677 3678/3678/3678
f 3679/3679/3679 3680/3680/3680 3681/3681/3681
f 3682/3682/3682 3683/3683/3683 3684/3684/3684
f 3685/3685/3685 3686/3686/3686 3687/3687/3687
f 3688/3688/3688 3689/3689/3689 3690/3690/3690
f 3691/3691/3691 3692/3692/3692 3693/3693/3693
f 3694/3694/3694 3695/3695/3695 3696/3696/3696
f 3697/3697/3697 3698/3698/3698 3699/3699/3699
f 3700/3700/3700 3701/3701/3701 3702/3702/3702
f 3703/3703/3703 3704/3704/3704 3705/3705/3705
f 3706/3706/3706 3707/3707/3707 3708/3708/3708
f 3709/3709/3709 3710/3710/3710 3711/3711/3711
f 3712/3712/3712 3713/3713/3713 3714/3714/3714
f 3715/3715/3715 3716/3716/3716 3717/3717/3717
f 3718/3718/3718 3719/3719/3719 3720/3720/3720
f 3721/3721/3721 3722/3722/3722 3723/3723/3723
f 3724/3724/3724 3725/3725/3725 3726/3726/3726
f 3727/3727/3727 3728/3728/3728 3729/3729/3729
f 3730/3730/3730 3731/3731/3731 3732/3732/3732
f 3733/3733/3733 3734/3734/3734 3735/3735/3735
f 3736/3736/3736 3737/3737/3737 3738/3738/3738