o Mesh
v 1.9509035348892212 46.09229278564453 12.0326509475708
v -5.867343588761287e-8 46.28443908691406 10.032649993896484
v -5.867343588761287e-8 46.28443908691406 12.0326509475708
v -5.867343588761287e-8 46.28443908691406 10.032649993896484
v 1.9509035348892212 46.09229278564453 12.0326509475708
v 1.9509035348892212 46.09229278564453 10.032649993896484
v 3.8268351554870605 45.523231506347656 12.0326509475708
v 1.9509035348892212 46.09229278564453 10.032649993896484
v 1.9509035348892212 46.09229278564453 12.0326509475708
v 1.9509035348892212 46.09229278564453 10.032649993896484
v 3.8268351554870605 45.523231506347656 12.0326509475708
v 3.8268351554870605 45.523231506347656 10.032649993896484
v 5.555703163146973 44.59913635253906 12.0326509475708
v 3.8268351554870605 45.523231506347656 10.032649993896484
v 3.8268351554870605 45.523231506347656 12.0326509475708
v 3.8268351554870605 45.523231506347656 10.032649993896484
v 5.555703163146973 44.59913635253906 12.0326509475708
v 5.555703163146973 44.59913635253906 10.032649993896484
v 7.07106876373291 43.355506896972656 12.032651901245117
v 5.555703163146973 44.59913635253906 10.032649993896484
v 5.555703163146973 44.59913635253906 12.0326509475708
v 5.555703163146973 44.59913635253906 10.032649993896484
v 7.07106876373291 43.355506896972656 12.032651901245117
v 7.07106876373291 43.355506896972656 10.032649993896484
v 8.314697265625 41.84014129638672 12.032651901245117
v 7.07106876373291 43.355506896972656 10.032649993896484
v 7.07106876373291 43.355506896972656 12.032651901245117
v 7.07106876373291 43.355506896972656 10.032649993896484
v 8.314697265625 41.84014129638672 12.032651901245117
v 8.314697265625 41.84014129638672 10.032649993896484
v 9.23879623413086 40.11126708984375 12.032651901245117
v 8.314697265625 41.84014129638672 10.032649993896484
v 8.314697265625 41.84014129638672 12.032651901245117
v 8.314697265625 41.84014129638672 10.032649993896484
v 9.23879623413086 40.11126708984375 12.032651901245117
v 9.23879623413086 40.11126708984375 10.032649993896484
v 9.807853698730469 38.23533630371094 12.032651901245117
v 9.23879623413086 40.11126708984375 10.032649993896484
v 9.23879623413086 40.11126708984375 12.032651901245117
v 9.23879623413086 40.11126708984375 10.032649993896484
v 9.807853698730469 38.23533630371094 12.032651901245117
v 9.807853698730469 38.23533630371094 10.0326509475708
v 10.000001907348633 36.28443908691406 12.032651901245117
v 9.807853698730469 38.23533630371094 10.0326509475708
v 9.807853698730469 38.23533630371094 12.032651901245117
v 9.807853698730469 38.23533630371094 10.0326509475708
v 10.000001907348633 36.28443908691406 12.032651901245117
v 10.000001907348633 36.28443908691406 10.0326509475708
v 9.807855606079102 34.333534240722656 12.032651901245117
v 10.000001907348633 36.28443908691406 10.0326509475708
v 10.000001907348633 36.28443908691406 12.032651901245117
v 10.000001907348633 36.28443908691406 10.0326509475708
v 9.807855606079102 34.333534240722656 12.032651901245117
v 9.807855606079102 34.333534240722656 10.0326509475708
v 9.238798141479492 32.457603454589844 12.032651901245117
v 9.807855606079102 34.333534240722656 10.0326509475708
v 9.807855606079102 34.333534240722656 12.032651901245117
v 9.807855606079102 34.333534240722656 10.0326509475708
v 9.238798141479492 32.457603454589844 12.032651901245117
v 9.238798141479492 32.457603454589844 10.032651901245117
v 8.314697265625 30.72873306274414 12.032651901245117
v 9.238798141479492 32.457603454589844 10.032651901245117
v 9.238798141479492 32.457603454589844 12.032651901245117
v 9.238798141479492 32.457603454589844 10.032651901245117
v 8.314697265625 30.72873306274414 12.032651901245117
v 8.314697265625 30.72873306274414 10.032651901245117
v 7.07106876373291 29.213367462158203 12.032651901245117
v 8.314697265625 30.72873306274414 10.032651901245117
v 8.314697265625 30.72873306274414 12.032651901245117
v 8.314697265625 30.72873306274414 10.032651901245117
v 7.07106876373291 29.213367462158203 12.032651901245117
v 7.07106876373291 29.213367462158203 10.032651901245117
v 5.5557026863098145 27.969738006591797 12.032652854919434
v 7.07106876373291 29.213367462158203 10.032651901245117
v 7.07106876373291 29.213367462158203 12.032651901245117
v 7.07106876373291 29.213367462158203 10.032651901245117
v 5.5557026863098145 27.969738006591797 12.032652854919434
v 5.5557026863098145 27.969738006591797 10.032651901245117
v 3.826833486557007 27.045639038085938 12.032652854919434
v 5.5557026863098145 27.969738006591797 10.032651901245117
v 5.5557026863098145 27.969738006591797 12.032652854919434
v 5.5557026863098145 27.969738006591797 10.032651901245117
v 3.826833486557007 27.045639038085938 12.032652854919434
v 3.826833486557007 27.045639038085938 10.032651901245117
v 1.9509011507034302 26.476581573486328 12.032652854919434
v 3.826833486557007 27.045639038085938 10.032651901245117
v 3.826833486557007 27.045639038085938 12.032652854919434
v 3.826833486557007 27.045639038085938 10.032651901245117
v 1.9509011507034302 26.476581573486328 12.032652854919434
v 1.9509011507034302 26.476581573486328 10.032651901245117
v -0.000003317087703180732 26.284435272216797 12.032652854919434
v 1.9509011507034302 26.476581573486328 10.032651901245117
v 1.9509011507034302 26.476581573486328 12.032652854919434
v 1.9509011507034302 26.476581573486328 10.032651901245117
v -0.000003317087703180732 26.284435272216797 12.032652854919434
v -0.000003317087703180732 26.284435272216797 10.032651901245117
v -1.9509077072143555 26.476581573486328 12.032652854919434
v -0.000003317087703180732 26.284435272216797 10.032651901245117
v -0.000003317087703180732 26.284435272216797 12.032652854919434
v -0.000003317087703180732 26.284435272216797 10.032651901245117
v -1.9509077072143555 26.476581573486328 12.032652854919434
v -1.9509077072143555 26.476581573486328 10.032651901245117
v -3.8268396854400635 27.045642852783203 12.032652854919434
v -1.9509077072143555 26.476581573486328 10.032651901245117
v -1.9509077072143555 26.476581573486328 12.032652854919434
v -1.9509077072143555 26.476581573486328 10.032651901245117
v -3.8268396854400635 27.045642852783203 12.032652854919434
v -3.8268396854400635 27.045642852783203 10.032651901245117
v -5.555708408355713 27.969741821289062 12.032652854919434
v -3.8268396854400635 27.045642852783203 10.032651901245117
v -3.8268396854400635 27.045642852783203 12.032652854919434
v -3.8268396854400635 27.045642852783203 10.032651901245117
v -5.555708408355713 27.969741821289062 12.032652854919434
v -5.555708408355713 27.969741821289062 10.032651901245117
v -7.07107400894165 29.21337127685547 12.032651901245117
v -5.555708408355713 27.969741821289062 10.032651901245117
v -5.555708408355713 27.969741821289062 12.032652854919434
v -5.555708408355713 27.969741821289062 10.032651901245117
v -7.07107400894165 29.21337127685547 12.032651901245117
v -7.07107400894165 29.21337127685547 10.032651901245117
v -8.314701080322266 30.728736877441406 12.032651901245117
v -7.07107400894165 29.21337127685547 10.032651901245117
v -7.07107400894165 29.21337127685547 12.032651901245117
v -7.07107400894165 29.21337127685547 10.032651901245117
v -8.314701080322266 30.728736877441406 12.032651901245117
v -8.314701080322266 30.728736877441406 10.032651901245117
v -9.238800048828125 32.457611083984375 12.032651901245117
v -8.314701080322266 30.728736877441406 10.032651901245117
v -8.314701080322266 30.728736877441406 12.032651901245117
v -8.314701080322266 30.728736877441406 10.032651901245117
v -9.238800048828125 32.457611083984375 12.032651901245117
v -9.238800048828125 32.457611083984375 10.032651901245117
v -9.807855606079102 34.33354187011719 12.032651901245117
v -9.238800048828125 32.457611083984375 10.032651901245117
v -9.238800048828125 32.457611083984375 12.032651901245117
v -9.238800048828125 32.457611083984375 10.032651901245117
v -9.807855606079102 34.33354187011719 12.032651901245117
v -9.807855606079102 34.33354187011719 10.0326509475708
v -10.000001907348633 36.284446716308594 12.032651901245117
v -9.807855606079102 34.33354187011719 10.0326509475708
v -9.807855606079102 34.33354187011719 12.032651901245117
v -9.807855606079102 34.33354187011719 10.0326509475708
v -10.000001907348633 36.284446716308594 12.032651901245117
v -10.000001907348633 36.284446716308594 10.0326509475708
v -9.807851791381836 38.2353515625 12.032651901245117
v -10.000001907348633 36.284446716308594 10.0326509475708
v -10.000001907348633 36.284446716308594 12.032651901245117
v -10.000001907348633 36.284446716308594 10.0326509475708
v -9.807851791381836 38.2353515625 12.032651901245117
v -9.807851791381836 38.2353515625 10.0326509475708
v -9.238792419433594 40.11128234863281 12.032651901245117
v -9.807851791381836 38.2353515625 10.0326509475708
v -9.807851791381836 38.2353515625 12.032651901245117
v -9.807851791381836 38.2353515625 10.0326509475708
v -9.238792419433594 40.11128234863281 12.032651901245117
v -9.238792419433594 40.11128234863281 10.032649993896484
v -8.314691543579102 41.84014892578125 12.032651901245117
v -9.238792419433594 40.11128234863281 10.032649993896484
v -9.238792419433594 40.11128234863281 12.032651901245117
v -9.238792419433594 40.11128234863281 10.032649993896484
v -8.314691543579102 41.84014892578125 12.032651901245117
v -8.314691543579102 41.84014892578125 10.032649993896484
v -7.0710601806640625 43.35551452636719 12.032651901245117
v -8.314691543579102 41.84014892578125 10.032649993896484
v -8.314691543579102 41.84014892578125 12.032651901245117
v -8.314691543579102 41.84014892578125 10.032649993896484
v -7.0710601806640625 43.35551452636719 12.032651901245117
v -7.0710601806640625 43.35551452636719 10.032649993896484
v -5.555692195892334 44.599143981933594 12.0326509475708
v -7.0710601806640625 43.35551452636719 10.032649993896484
v -7.0710601806640625 43.35551452636719 12.032651901245117
v -7.0710601806640625 43.35551452636719 10.032649993896484
v -5.555692195892334 44.599143981933594 12.0326509475708
v -5.555692195892334 44.599143981933594 10.032649993896484
v -3.826821804046631 45.52323913574219 12.0326509475708
v -5.555692195892334 44.599143981933594 10.032649993896484
v -5.555692195892334 44.599143981933594 12.0326509475708
v -5.555692195892334 44.599143981933594 10.032649993896484
v -3.826821804046631 45.52323913574219 12.0326509475708
v -3.826821804046631 45.52323913574219 10.032649993896484
v -10.000001907348633 36.284446716308594 12.032651901245117
v 1.9509035348892212 46.09229278564453 12.0326509475708
v -1.9508886337280273 46.09229278564453 12.0326509475708
v -10.000001907348633 36.284446716308594 12.032651901245117
v 9.23879623413086 40.11126708984375 12.032651901245117
v 1.9509035348892212 46.09229278564453 12.0326509475708
v -10.000001907348633 36.284446716308594 12.032651901245117
v -8.314701080322266 30.728736877441406 12.032651901245117
v -3.8268396854400635 27.045642852783203 12.032652854919434
v 7.07106876373291 29.213367462158203 12.032651901245117
v -10.000001907348633 36.284446716308594 12.032651901245117
v 1.9509011507034302 26.476581573486328 12.032652854919434
v 9.23879623413086 40.11126708984375 12.032651901245117
v 7.07106876373291 29.213367462158203 12.032651901245117
v 9.238798141479492 32.457603454589844 12.032651901245117
v 7.07106876373291 43.355506896972656 12.032651901245117
v 3.8268351554870605 45.523231506347656 12.0326509475708
v 1.9509035348892212 46.09229278564453 12.0326509475708
v -1.9508886337280273 46.09229278564453 12.0326509475708
v 1.9509035348892212 46.09229278564453 12.0326509475708
v -5.867343588761287e-8 46.28443908691406 12.0326509475708
v -1.9508886337280273 46.09229278564453 12.0326509475708
v -5.555692195892334 44.599143981933594 12.0326509475708
v -7.0710601806640625 43.35551452636719 12.032651901245117
v -5.555692195892334 44.599143981933594 12.0326509475708
v -1.9508886337280273 46.09229278564453 12.0326509475708
v -3.826821804046631 45.52323913574219 12.0326509475708
v -7.0710601806640625 43.35551452636719 12.032651901245117
v -10.000001907348633 36.284446716308594 12.032651901245117
v -1.9508886337280273 46.09229278564453 12.0326509475708
v -9.238792419433594 40.11128234863281 12.032651901245117
v -7.0710601806640625 43.35551452636719 12.032651901245117
v -8.314691543579102 41.84014892578125 12.032651901245117
v -10.000001907348633 36.284446716308594 12.032651901245117
v -7.0710601806640625 43.35551452636719 12.032651901245117
v -9.238792419433594 40.11128234863281 12.032651901245117
v -10.000001907348633 36.284446716308594 12.032651901245117
v -9.238792419433594 40.11128234863281 12.032651901245117
v -9.807851791381836 38.2353515625 12.032651901245117
v -8.314701080322266 30.728736877441406 12.032651901245117
v -10.000001907348633 36.284446716308594 12.032651901245117
v -9.807855606079102 34.33354187011719 12.032651901245117
v -8.314701080322266 30.728736877441406 12.032651901245117
v -9.807855606079102 34.33354187011719 12.032651901245117
v -9.238800048828125 32.457611083984375 12.032651901245117
v -8.314701080322266 30.728736877441406 12.032651901245117
v -5.555708408355713 27.969741821289062 12.032652854919434
v -3.8268396854400635 27.045642852783203 12.032652854919434
v -5.555708408355713 27.969741821289062 12.032652854919434
v -8.314701080322266 30.728736877441406 12.032651901245117
v -7.07107400894165 29.21337127685547 12.032651901245117
v 1.9509011507034302 26.476581573486328 12.032652854919434
v -10.000001907348633 36.284446716308594 12.032651901245117
v -3.8268396854400635 27.045642852783203 12.032652854919434
v 1.9509011507034302 26.476581573486328 12.032652854919434
v -3.8268396854400635 27.045642852783203 12.032652854919434
v -1.9509077072143555 26.476581573486328 12.032652854919434
v 1.9509011507034302 26.476581573486328 12.032652854919434
v -1.9509077072143555 26.476581573486328 12.032652854919434
v -0.000003317087703180732 26.284435272216797 12.032652854919434
v 5.5557026863098145 27.969738006591797 12.032652854919434
v 1.9509011507034302 26.476581573486328 12.032652854919434
v 3.826833486557007 27.045639038085938 12.032652854919434
v 7.07106876373291 29.213367462158203 12.032651901245117
v 1.9509011507034302 26.476581573486328 12.032652854919434
v 5.5557026863098145 27.969738006591797 12.032652854919434
v 7.07106876373291 29.213367462158203 12.032651901245117
v 9.23879623413086 40.11126708984375 12.032651901245117
v -10.000001907348633 36.284446716308594 12.032651901245117
v 9.238798141479492 32.457603454589844 12.032651901245117
v 7.07106876373291 29.213367462158203 12.032651901245117
v 8.314697265625 30.72873306274414 12.032651901245117
v 10.000001907348633 36.28443908691406 12.032651901245117
v 9.238798141479492 32.457603454589844 12.032651901245117
v 9.807855606079102 34.333534240722656 12.032651901245117
v 9.807853698730469 38.23533630371094 12.032651901245117
v 9.238798141479492 32.457603454589844 12.032651901245117
v 10.000001907348633 36.28443908691406 12.032651901245117
v 9.23879623413086 40.11126708984375 12.032651901245117
v 9.238798141479492 32.457603454589844 12.032651901245117
v 9.807853698730469 38.23533630371094 12.032651901245117
v 7.07106876373291 43.355506896972656 12.032651901245117
v 1.9509035348892212 46.09229278564453 12.0326509475708
v 9.23879623413086 40.11126708984375 12.032651901245117
v 7.07106876373291 43.355506896972656 12.032651901245117
v 9.23879623413086 40.11126708984375 12.032651901245117
v 8.314697265625 41.84014129638672 12.032651901245117
v 3.8268351554870605 45.523231506347656 12.0326509475708
v 7.07106876373291 43.355506896972656 12.032651901245117
v 5.555703163146973 44.59913635253906 12.0326509475708
v -1.9508886337280273 46.09229278564453 12.0326509475708
v -3.826821804046631 45.52323913574219 10.032649993896484
v -3.826821804046631 45.52323913574219 12.0326509475708
v -3.826821804046631 45.52323913574219 10.032649993896484
v -1.9508886337280273 46.09229278564453 12.0326509475708
v -1.9508886337280273 46.09229278564453 10.032649993896484
v -5.867343588761287e-8 46.28443908691406 12.0326509475708
v -1.9508886337280273 46.09229278564453 10.032649993896484
v -1.9508886337280273 46.09229278564453 12.0326509475708
v -1.9508886337280273 46.09229278564453 10.032649993896484
v -5.867343588761287e-8 46.28443908691406 12.0326509475708
v -5.867343588761287e-8 46.28443908691406 10.032649993896484
v 7.07106876373291 29.213367462158203 10.032651901245117
v -10.000001907348633 36.284446716308594 10.0326509475708
v 9.23879623413086 40.11126708984375 10.032649993896484
v 9.23879623413086 40.11126708984375 10.032649993896484
v -10.000001907348633 36.284446716308594 10.0326509475708
v 1.9509035348892212 46.09229278564453 10.032649993896484
v 9.23879623413086 40.11126708984375 10.032649993896484
v 1.9509035348892212 46.09229278564453 10.032649993896484
v 7.07106876373291 43.355506896972656 10.032649993896484
v -10.000001907348633 36.284446716308594 10.0326509475708
v 1.9509011507034302 26.476581573486328 10.032651901245117
v -3.8268396854400635 27.045642852783203 10.032651901245117
v -10.000001907348633 36.284446716308594 10.0326509475708
v -1.9508886337280273 46.09229278564453 10.032649993896484
v 1.9509035348892212 46.09229278564453 10.032649993896484
v 1.9509035348892212 46.09229278564453 10.032649993896484
v -1.9508886337280273 46.09229278564453 10.032649993896484
v -5.867343588761287e-8 46.28443908691406 10.032649993896484
v -1.9508886337280273 46.09229278564453 10.032649993896484
v -10.000001907348633 36.284446716308594 10.0326509475708
v -7.0710601806640625 43.35551452636719 10.032649993896484
v 7.07106876373291 43.355506896972656 10.032649993896484
v 1.9509035348892212 46.09229278564453 10.032649993896484
v 3.8268351554870605 45.523231506347656 10.032649993896484
v 7.07106876373291 43.355506896972656 10.032649993896484
v 3.8268351554870605 45.523231506347656 10.032649993896484
v 5.555703163146973 44.59913635253906 10.032649993896484
v 9.23879623413086 40.11126708984375 10.032649993896484
v 7.07106876373291 43.355506896972656 10.032649993896484
v 8.314697265625 41.84014129638672 10.032649993896484
v 9.238798141479492 32.457603454589844 10.032651901245117
v 9.23879623413086 40.11126708984375 10.032649993896484
v 9.807853698730469 38.23533630371094 10.0326509475708
v 9.238798141479492 32.457603454589844 10.032651901245117
v 9.807853698730469 38.23533630371094 10.0326509475708
v 10.000001907348633 36.28443908691406 10.0326509475708
v 9.238798141479492 32.457603454589844 10.032651901245117
v 10.000001907348633 36.28443908691406 10.0326509475708
v 9.807855606079102 34.333534240722656 10.0326509475708
v 7.07106876373291 29.213367462158203 10.032651901245117
v 9.23879623413086 40.11126708984375 10.032649993896484
v 9.238798141479492 32.457603454589844 10.032651901245117
v 7.07106876373291 29.213367462158203 10.032651901245117
v 9.238798141479492 32.457603454589844 10.032651901245117
v 8.314697265625 30.72873306274414 10.032651901245117
v 1.9509011507034302 26.476581573486328 10.032651901245117
v 7.07106876373291 29.213367462158203 10.032651901245117
v 5.5557026863098145 27.969738006591797 10.032651901245117
v 1.9509011507034302 26.476581573486328 10.032651901245117
v 5.5557026863098145 27.969738006591797 10.032651901245117
v 3.826833486557007 27.045639038085938 10.032651901245117
v -10.000001907348633 36.284446716308594 10.0326509475708
v 7.07106876373291 29.213367462158203 10.032651901245117
v 1.9509011507034302 26.476581573486328 10.032651901245117
v -1.9509077072143555 26.476581573486328 10.032651901245117
v 1.9509011507034302 26.476581573486328 10.032651901245117
v -0.000003317087703180732 26.284435272216797 10.032651901245117
v -3.8268396854400635 27.045642852783203 10.032651901245117
v 1.9509011507034302 26.476581573486328 10.032651901245117
v -1.9509077072143555 26.476581573486328 10.032651901245117
v -5.555708408355713 27.969741821289062 10.032651901245117
v -8.314701080322266 30.728736877441406 10.032651901245117
v -3.8268396854400635 27.045642852783203 10.032651901245117
v -8.314701080322266 30.728736877441406 10.032651901245117
v -5.555708408355713 27.969741821289062 10.032651901245117
v -7.07107400894165 29.21337127685547 10.032651901245117
v -8.314701080322266 30.728736877441406 10.032651901245117
v -10.000001907348633 36.284446716308594 10.0326509475708
v -3.8268396854400635 27.045642852783203 10.032651901245117
v -9.807855606079102 34.33354187011719 10.0326509475708
v -8.314701080322266 30.728736877441406 10.032651901245117
v -9.238800048828125 32.457611083984375 10.032651901245117
v -10.000001907348633 36.284446716308594 10.0326509475708
v -8.314701080322266 30.728736877441406 10.032651901245117
v -9.807855606079102 34.33354187011719 10.0326509475708
v -9.238792419433594 40.11128234863281 10.032649993896484
v -10.000001907348633 36.284446716308594 10.0326509475708
v -9.807851791381836 38.2353515625 10.0326509475708
v -7.0710601806640625 43.35551452636719 10.032649993896484
v -10.000001907348633 36.284446716308594 10.0326509475708
v -9.238792419433594 40.11128234863281 10.032649993896484
v -7.0710601806640625 43.35551452636719 10.032649993896484
v -9.238792419433594 40.11128234863281 10.032649993896484
v -8.314691543579102 41.84014892578125 10.032649993896484
v -5.555692195892334 44.599143981933594 10.032649993896484
v -1.9508886337280273 46.09229278564453 10.032649993896484
v -7.0710601806640625 43.35551452636719 10.032649993896484
v -1.9508886337280273 46.09229278564453 10.032649993896484
v -5.555692195892334 44.599143981933594 10.032649993896484
v -3.826821804046631 45.52323913574219 10.032649993896484
v -0.000003798507805186091 42.73802947998047 6.976533889770508
v -0.6783108115196228 37.06706237792969 18.47384262084961
v -0.000007882554200477898 37.10289764404297 18.50214195251465
v -0.6783108115196228 37.06706237792969 18.47384262084961
v -0.000003798507805186091 42.73802947998047 6.976533889770508
v -0.6783067584037781 42.692893981933594 6.969655990600586
v 0.6782950758934021 37.06706237792969 18.47384262084961
v 0.6782991290092468 42.692893981933594 6.969656944274902
v -0.000003798507805186091 42.73802947998047 6.976533889770508
v 0.6782950758934021 37.06706237792969 18.47384262084961
v -0.000003798507805186091 42.73802947998047 6.976533889770508
v -0.000007882554200477898 37.10289764404297 18.50214195251465
v 1.3289134502410889 36.962684631347656 18.39141273498535
v 1.3289176225662231 42.56140899658203 6.949623107910156
v 0.6782991290092468 42.692893981933594 6.969656944274902
v 1.3289134502410889 36.962684631347656 18.39141273498535
v 0.6782991290092468 42.692893981933594 6.969656944274902
v 0.6782950758934021 37.06706237792969 18.47384262084961
v 1.9458816051483154 36.79444885253906 18.258548736572266
v 1.9458857774734497 42.34947967529297 6.917331695556641
v 1.3289176225662231 42.56140899658203 6.949623107910156
v 1.9458816051483154 36.79444885253906 18.258548736572266
v 1.3289176225662231 42.56140899658203 6.949623107910156
v 1.3289134502410889 36.962684631347656 18.39141273498535
v 2.5232338905334473 36.56703186035156 18.078947067260742
v 2.523237705230713 42.06299591064453 6.873682975769043
v 1.9458857774734497 42.34947967529297 6.917331695556641
v 2.5232338905334473 36.56703186035156 18.078947067260742
v 1.9458857774734497 42.34947967529297 6.917331695556641
v 1.9458816051483154 36.79444885253906 18.258548736572266
v 3.055004358291626 36.28511047363281 17.856306076049805
v 3.0550084114074707 41.707862854003906 6.819572448730469
v 2.523237705230713 42.06299591064453 6.873682975769043
v 3.055004358291626 36.28511047363281 17.856306076049805
v 2.523237705230713 42.06299591064453 6.873682975769043
v 2.5232338905334473 36.56703186035156 18.078947067260742
v 3.5352277755737305 35.95337677001953 17.59432029724121
v 3.535231590270996 41.28997802734375 6.7559003829956055
v 3.0550084114074707 41.707862854003906 6.819572448730469
v 3.5352277755737305 35.95337677001953 17.59432029724121
v 3.0550084114074707 41.707862854003906 6.819572448730469
v 3.055004358291626 36.28511047363281 17.856306076049805
v 3.5352277755737305 35.95337677001953 17.59432029724121
v 3.957941770553589 40.81523132324219 6.683565139770508
v 3.535231590270996 41.28997802734375 6.7559003829956055
v 3.957941770553589 40.81523132324219 6.683565139770508
v 3.5352277755737305 35.95337677001953 17.59432029724121
v 3.9579384326934814 35.576499938964844 17.29669189453125
v 3.9579384326934814 35.576499938964844 17.29669189453125
v 4.317173480987549 40.289527893066406 6.603466033935547
v 3.957941770553589 40.81523132324219 6.683565139770508
v 4.317173480987549 40.289527893066406 6.603466033935547
v 3.9579384326934814 35.576499938964844 17.29669189453125
v 4.317169189453125 35.1591796875 16.96711540222168
v 4.317169189453125 35.1591796875 16.96711540222168
v 4.606959819793701 39.71876525878906 6.5164995193481445
v 4.317173480987549 40.289527893066406 6.603466033935547
v 4.606959819793701 39.71876525878906 6.5164995193481445
v 4.317169189453125 35.1591796875 16.96711540222168
v 4.606956481933594 34.706085205078125 16.60928726196289
v 4.606956481933594 34.706085205078125 16.60928726196289
v 4.82133674621582 39.10883331298828 6.423566818237305
v 4.606959819793701 39.71876525878906 6.5164995193481445
v 4.82133674621582 39.10883331298828 6.423566818237305
v 4.606956481933594 34.706085205078125 16.60928726196289
v 4.821332931518555 34.221900939941406 16.22690773010254
v 4.821332931518555 34.221900939941406 16.22690773010254
v 4.954338073730469 38.46563720703125 6.325565338134766
v 4.82133674621582 39.10883331298828 6.423566818237305
v 4.954338073730469 38.46563720703125 6.325565338134766
v 4.821332931518555 34.221900939941406 16.22690773010254
v 4.954334259033203 33.7113037109375 15.8236722946167
v 4.954334259033203 33.7113037109375 15.8236722946167
v 4.999997615814209 37.795074462890625 6.223394393920898
v 4.954338073730469 38.46563720703125 6.325565338134766
v 4.999997615814209 37.795074462890625 6.223394393920898
v 4.954334259033203 33.7113037109375 15.8236722946167
v 4.99999475479126 33.178985595703125 15.403278350830078
v 4.99999475479126 33.178985595703125 15.403278350830078
v 4.954338550567627 37.12451171875 6.121222496032715
v 4.999997615814209 37.795074462890625 6.223394393920898
v 4.954338550567627 37.12451171875 6.121222496032715
v 4.99999475479126 33.178985595703125 15.403278350830078
v 4.9543352127075195 32.64666748046875 14.982885360717773
v 4.9543352127075195 32.64666748046875 14.982885360717773
v 4.821337699890137 36.48131561279297 6.023221015930176
v 4.954338550567627 37.12451171875 6.121222496032715
v 4.821337699890137 36.48131561279297 6.023221015930176
v 4.9543352127075195 32.64666748046875 14.982885360717773
v 4.8213348388671875 32.136077880859375 14.579648971557617
v 4.8213348388671875 32.136077880859375 14.579648971557617
v 4.606961250305176 35.87139129638672 5.9302873611450195
v 4.821337699890137 36.48131561279297 6.023221015930176
v 4.606961250305176 35.87139129638672 5.9302873611450195
v 4.8213348388671875 32.136077880859375 14.579648971557617
v 4.60695743560791 31.651885986328125 14.197269439697266
v 4.60695743560791 31.651885986328125 14.197269439697266
v 4.317174434661865 35.300621032714844 5.843321800231934
v 4.606961250305176 35.87139129638672 5.9302873611450195
v 4.317174434661865 35.300621032714844 5.843321800231934
v 4.60695743560791 31.651885986328125 14.197269439697266
v 4.317171573638916 31.19879913330078 13.839442253112793
v 4.317171573638916 31.19879913330078 13.839442253112793
v 3.9579427242279053 34.77491760253906 5.763221740722656
v 4.317174434661865 35.300621032714844 5.843321800231934
v 3.9579427242279053 34.77491760253906 5.763221740722656
v 4.317171573638916 31.19879913330078 13.839442253112793
v 3.957939863204956 30.781471252441406 13.509864807128906
v 3.957939863204956 30.781471252441406 13.509864807128906
v 3.5352323055267334 34.30017852783203 5.690886497497559
v 3.9579427242279053 34.77491760253906 5.763221740722656
v 3.5352323055267334 34.30017852783203 5.690886497497559
v 3.957939863204956 30.781471252441406 13.509864807128906
v 3.535229206085205 30.40460205078125 13.212235450744629
v 3.5352323055267334 34.30017852783203 5.690886497497559
v 3.535229206085205 30.40460205078125 13.212235450744629
v 3.055006265640259 30.072864532470703 12.950250625610352
v 3.5352323055267334 34.30017852783203 5.690886497497559
v 3.055006265640259 30.072864532470703 12.950250625610352
v 3.055008888244629 33.882286071777344 5.627214431762695
v 3.055008888244629 33.882286071777344 5.627214431762695
v 3.055006265640259 30.072864532470703 12.950250625610352
v 2.523235559463501 29.79094696044922 12.727608680725098
v 3.055008888244629 33.882286071777344 5.627214431762695
v 2.523235559463501 29.79094696044922 12.727608680725098
v 2.523238182067871 33.52716064453125 5.573102951049805
v 2.523238182067871 33.52716064453125 5.573102951049805
v 2.523235559463501 29.79094696044922 12.727608680725098
v 1.9458835124969482 29.563533782958984 12.548006057739258
v 2.523238182067871 33.52716064453125 5.573102951049805
v 1.9458835124969482 29.563533782958984 12.548006057739258
v 1.9458860158920288 33.24067687988281 5.529452323913574
v 1.9458860158920288 33.24067687988281 5.529452323913574
v 1.9458835124969482 29.563533782958984 12.548006057739258
v 1.3289152383804321 29.39529037475586 12.415142059326172
v 1.9458860158920288 33.24067687988281 5.529452323913574
v 1.3289152383804321 29.39529037475586 12.415142059326172
v 1.3289179801940918 33.02873992919922 5.497160911560059
v 1.3289179801940918 33.02873992919922 5.497160911560059
v 1.3289152383804321 29.39529037475586 12.415142059326172
v 0.678296685218811 29.290912628173828 12.332710266113281
v 1.3289179801940918 33.02873992919922 5.497160911560059
v 0.678296685218811 29.290912628173828 12.332710266113281
v 0.6782993674278259 32.89726257324219 5.4771270751953125
v 0.6782993674278259 32.89726257324219 5.4771270751953125
v 0.678296685218811 29.290912628173828 12.332710266113281
v -0.000006263351224333746 29.255077362060547 12.304411888122559
v 0.6782993674278259 32.89726257324219 5.4771270751953125
v -0.000006263351224333746 29.255077362060547 12.304411888122559
v -0.000003636912879301235 32.85211944580078 5.470249176025391
v -0.000006263351224333746 29.255077362060547 12.304411888122559
v -0.678306519985199 32.89726257324219 5.477126121520996
v -0.000003636912879301235 32.85211944580078 5.470249176025391
v -0.678306519985199 32.89726257324219 5.477126121520996
v -0.000006263351224333746 29.255077362060547 12.304411888122559
v -0.6783092021942139 29.290912628173828 12.332710266113281
v -0.6783092021942139 29.290912628173828 12.332710266113281
v -1.3289250135421753 33.02873992919922 5.497159004211426
v -0.678306519985199 32.89726257324219 5.477126121520996
v -1.3289250135421753 33.02873992919922 5.497159004211426
v -0.6783092021942139 29.290912628173828 12.332710266113281
v -1.328927755355835 29.39529037475586 12.415140151977539
v -1.328927755355835 29.39529037475586 12.415140151977539
v -1.9458932876586914 33.24067687988281 5.529451370239258
v -1.3289250135421753 33.02873992919922 5.497159004211426
v -1.9458932876586914 33.24067687988281 5.529451370239258
v -1.328927755355835 29.39529037475586 12.415140151977539
v -1.945895791053772 29.56352996826172 12.548004150390625
v -1.945895791053772 29.56352996826172 12.548004150390625
v -2.523245334625244 33.52716064453125 5.5731000900268555
v -1.9458932876586914 33.24067687988281 5.529451370239258
v -2.523245334625244 33.52716064453125 5.5731000900268555
v -1.945895791053772 29.56352996826172 12.548004150390625
v -2.5232481956481934 29.79094696044922 12.727605819702148
v -2.5232481956481934 29.79094696044922 12.727605819702148
v -3.055016040802002 33.882286071777344 5.62721061706543
v -2.523245334625244 33.52716064453125 5.5731000900268555
v -3.055016040802002 33.882286071777344 5.62721061706543
v -2.5232481956481934 29.79094696044922 12.727605819702148
v -3.055018663406372 30.072864532470703 12.950247764587402
v -3.055018663406372 30.072864532470703 12.950247764587402
v -3.5352392196655273 34.30017852783203 5.690882682800293
v -3.055016040802002 33.882286071777344 5.62721061706543
v -3.5352392196655273 34.30017852783203 5.690882682800293
v -3.055018663406372 30.072864532470703 12.950247764587402
v -3.5352420806884766 30.40460205078125 13.212231636047363
v -3.5352392196655273 34.30017852783203 5.690882682800293
v -3.5352420806884766 30.40460205078125 13.212231636047363
v -3.9579527378082275 30.781475067138672 13.50986099243164
v -3.9579527378082275 30.781475067138672 13.50986099243164
v -3.95794939994812 34.77491760253906 5.763217926025391
v -3.5352392196655273 34.30017852783203 5.690882682800293
v -3.95794939994812 34.77491760253906 5.763217926025391
v -3.9579527378082275 30.781475067138672 13.50986099243164
v -4.317183494567871 31.19879913330078 13.839437484741211
v -4.317183494567871 31.19879913330078 13.839437484741211
v -4.31718111038208 35.300621032714844 5.843317031860352
v -3.95794939994812 34.77491760253906 5.763217926025391
v -4.31718111038208 35.300621032714844 5.843317031860352
v -4.317183494567871 31.19879913330078 13.839437484741211
v -4.60697078704834 31.651893615722656 14.197264671325684
v -4.60697078704834 31.651893615722656 14.197264671325684
v -4.606967449188232 35.87139129638672 5.930283546447754
v -4.31718111038208 35.300621032714844 5.843317031860352
v -4.606967449188232 35.87139129638672 5.930283546447754
v -4.60697078704834 31.651893615722656 14.197264671325684
v -4.821347236633301 32.136070251464844 14.579645156860352
v -4.821347236633301 32.136070251464844 14.579645156860352
v -4.821344375610352 36.48131561279297 6.023216247558594
v -4.606967449188232 35.87139129638672 5.930283546447754
v -4.821344375610352 36.48131561279297 6.023216247558594
v -4.821347236633301 32.136070251464844 14.579645156860352
v -4.954348564147949 32.64666748046875 14.982880592346191
v -4.954348564147949 32.64666748046875 14.982880592346191
v -4.954345703125 37.12451171875 6.121217727661133
v -4.821344375610352 36.48131561279297 6.023216247558594
v -4.954345703125 37.12451171875 6.121217727661133
v -4.954348564147949 32.64666748046875 14.982880592346191
v -5.000009059906006 33.178985595703125 15.403274536132812
v -5.000009059906006 33.178985595703125 15.403274536132812
v -5.000004768371582 37.795074462890625 6.223388671875
v -4.954345703125 37.12451171875 6.121217727661133
v -5.000004768371582 37.795074462890625 6.223388671875
v -5.000009059906006 33.178985595703125 15.403274536132812
v -4.954349517822266 33.71131134033203 15.823667526245117
v -4.954349517822266 33.71131134033203 15.823667526245117
v -4.954346179962158 38.46563720703125 6.325560569763184
v -5.000004768371582 37.795074462890625 6.223388671875
v -4.954346179962158 38.46563720703125 6.325560569763184
v -4.954349517822266 33.71131134033203 15.823667526245117
v -4.821349143981934 34.221900939941406 16.226903915405273
v -4.821349143981934 34.221900939941406 16.226903915405273
v -4.821345329284668 39.10883331298828 6.423562049865723
v -4.954346179962158 38.46563720703125 6.325560569763184
v -4.821345329284668 39.10883331298828 6.423562049865723
v -4.821349143981934 34.221900939941406 16.226903915405273
v -4.606971740722656 34.706092834472656 16.609283447265625
v -4.606971740722656 34.706092834472656 16.609283447265625
v -4.606968879699707 39.71876525878906 6.516495704650879
v -4.821345329284668 39.10883331298828 6.423562049865723
v -4.606968879699707 39.71876525878906 6.516495704650879
v -4.606971740722656 34.706092834472656 16.609283447265625
v -4.317185401916504 35.1591796875 16.967111587524414
v -4.317185401916504 35.1591796875 16.967111587524414
v -4.3171820640563965 40.289527893066406 6.603461265563965
v -4.606968879699707 39.71876525878906 6.516495704650879
v -4.3171820640563965 40.289527893066406 6.603461265563965
v -4.317185401916504 35.1591796875 16.967111587524414
v -3.957953929901123 35.576507568359375 17.296688079833984
v -3.957953929901123 35.576507568359375 17.296688079833984
v -3.9579503536224365 40.81523132324219 6.683561325073242
v -4.3171820640563965 40.289527893066406 6.603461265563965
v -3.9579503536224365 40.81523132324219 6.683561325073242
v -3.957953929901123 35.576507568359375 17.296688079833984
v -3.535243511199951 35.95337677001953 17.594318389892578
v -3.535243511199951 35.95337677001953 17.594318389892578
v -3.5352396965026855 41.28997802734375 6.75589656829834
v -3.9579503536224365 40.81523132324219 6.683561325073242
v -3.05501651763916 41.707862854003906 6.819568634033203
v -3.535243511199951 35.95337677001953 17.594318389892578
v -3.055020570755005 36.28511047363281 17.85630226135254
v -3.535243511199951 35.95337677001953 17.594318389892578
v -3.05501651763916 41.707862854003906 6.819568634033203
v -3.5352396965026855 41.28997802734375 6.75589656829834
v -2.5232458114624023 42.06299591064453 6.873680114746094
v -3.055020570755005 36.28511047363281 17.85630226135254
v -2.523249864578247 36.56703186035156 18.078943252563477
v -3.055020570755005 36.28511047363281 17.85630226135254
v -2.5232458114624023 42.06299591064453 6.873680114746094
v -3.05501651763916 41.707862854003906 6.819568634033203
v -1.9458935260772705 42.34947967529297 6.917329788208008
v -2.523249864578247 36.56703186035156 18.078943252563477
v -1.9458976984024048 36.79444885253906 18.258546829223633
v -2.523249864578247 36.56703186035156 18.078943252563477
v -1.9458935260772705 42.34947967529297 6.917329788208008
v -2.5232458114624023 42.06299591064453 6.873680114746094
v -1.328925371170044 42.56140899658203 6.94962215423584
v -1.9458976984024048 36.79444885253906 18.258546829223633
v -1.3289294242858887 36.962684631347656 18.39141082763672
v -1.9458976984024048 36.79444885253906 18.258546829223633
v -1.328925371170044 42.56140899658203 6.94962215423584
v -1.9458935260772705 42.34947967529297 6.917329788208008
v -0.6783067584037781 42.692893981933594 6.969655990600586
v -1.3289294242858887 36.962684631347656 18.39141082763672
v -0.6783108115196228 37.06706237792969 18.47384262084961
v -1.3289294242858887 36.962684631347656 18.39141082763672
v -0.6783067584037781 42.692893981933594 6.969655990600586
v -1.328925371170044 42.56140899658203 6.94962215423584
v -0.000003798507805186091 42.73802947998047 6.976533889770508
v -0.0000010118014870386105 41.000885009765625 -3.531705856323242
v -0.6783040761947632 40.96039581298828 -3.5106067657470703
v -0.000003798507805186091 42.73802947998047 6.976533889770508
v -0.6783040761947632 40.96039581298828 -3.5106067657470703
v -0.6783067584037781 42.692893981933594 6.969655990600586
v 0.6783020496368408 40.96039581298828 -3.5106067657470703
v -0.000003798507805186091 42.73802947998047 6.976533889770508
v 0.6782991290092468 42.692893981933594 6.969656944274902
v -0.000003798507805186091 42.73802947998047 6.976533889770508
v 0.6783020496368408 40.96039581298828 -3.5106067657470703
v -0.0000010118014870386105 41.000885009765625 -3.531705856323242
v 1.3289204835891724 40.842445373535156 -3.4491424560546875
v 0.6782991290092468 42.692893981933594 6.969656944274902
v 1.3289176225662231 42.56140899658203 6.949623107910156
v 0.6782991290092468 42.692893981933594 6.969656944274902
v 1.3289204835891724 40.842445373535156 -3.4491424560546875
v 0.6783020496368408 40.96039581298828 -3.5106067657470703
v 1.9458882808685303 40.65233612060547 -3.3500709533691406
v 1.3289176225662231 42.56140899658203 6.949623107910156
v 1.9458857774734497 42.34947967529297 6.917331695556641
v 1.3289176225662231 42.56140899658203 6.949623107910156
v 1.9458882808685303 40.65233612060547 -3.3500709533691406
v 1.3289204835891724 40.842445373535156 -3.4491424560546875
v 2.523240566253662 40.395355224609375 -3.216154098510742
v 1.9458857774734497 42.34947967529297 6.917331695556641
v 2.523237705230713 42.06299591064453 6.873682975769043
v 1.9458857774734497 42.34947967529297 6.917331695556641
v 2.523240566253662 40.395355224609375 -3.216154098510742
v 1.9458882808685303 40.65233612060547 -3.3500709533691406
v 3.0550107955932617 40.0767822265625 -3.050140380859375
v 2.523237705230713 42.06299591064453 6.873682975769043
v 3.0550084114074707 41.707862854003906 6.819572448730469
v 2.523237705230713 42.06299591064453 6.873682975769043
v 3.0550107955932617 40.0767822265625 -3.050140380859375
v 2.523240566253662 40.395355224609375 -3.216154098510742
v 3.535234212875366 39.70191955566406 -2.8547935485839844
v 3.0550084114074707 41.707862854003906 6.819572448730469
v 3.535231590270996 41.28997802734375 6.7559003829956055
v 3.0550084114074707 41.707862854003906 6.819572448730469
v 3.535234212875366 39.70191955566406 -2.8547935485839844
v 3.0550107955932617 40.0767822265625 -3.050140380859375
v 3.95794415473938 39.27604675292969 -2.6328678131103516
v 3.535231590270996 41.28997802734375 6.7559003829956055
v 3.957941770553589 40.81523132324219 6.683565139770508
v 3.535231590270996 41.28997802734375 6.7559003829956055
v 3.95794415473938 39.27604675292969 -2.6328678131103516
v 3.535234212875366 39.70191955566406 -2.8547935485839844
v 4.317174911499023 38.804466247558594 -2.3871192932128906
v 3.957941770553589 40.81523132324219 6.683565139770508
v 4.317173480987549 40.289527893066406 6.603466033935547
v 3.957941770553589 40.81523132324219 6.683565139770508
v 4.317174911499023 38.804466247558594 -2.3871192932128906
v 3.95794415473938 39.27604675292969 -2.6328678131103516
v 4.606962203979492 38.29246520996094 -2.1203079223632812
v 4.317173480987549 40.289527893066406 6.603466033935547
v 4.606959819793701 39.71876525878906 6.5164995193481445
v 4.317173480987549 40.289527893066406 6.603466033935547
v 4.606962203979492 38.29246520996094 -2.1203079223632812
v 4.317174911499023 38.804466247558594 -2.3871192932128906
v 4.821338653564453 37.745330810546875 -1.8351879119873047
v 4.606959819793701 39.71876525878906 6.5164995193481445
v 4.82133674621582 39.10883331298828 6.423566818237305
v 4.606959819793701 39.71876525878906 6.5164995193481445
v 4.821338653564453 37.745330810546875 -1.8351879119873047
v 4.606962203979492 38.29246520996094 -2.1203079223632812
v 4.954339981079102 37.16835021972656 -1.5345191955566406
v 4.82133674621582 39.10883331298828 6.423566818237305
v 4.954338073730469 38.46563720703125 6.325565338134766
v 4.82133674621582 39.10883331298828 6.423566818237305
v 4.954339981079102 37.16835021972656 -1.5345191955566406
v 4.821338653564453 37.745330810546875 -1.8351879119873047
v 4.999999523162842 36.56682586669922 -1.2210540771484375
v 4.954338073730469 38.46563720703125 6.325565338134766
v 4.999997615814209 37.795074462890625 6.223394393920898
v 4.954338073730469 38.46563720703125 6.325565338134766
v 4.999999523162842 36.56682586669922 -1.2210540771484375
v 4.954339981079102 37.16835021972656 -1.5345191955566406
v 4.954339981079102 35.965293884277344 -0.9075889587402344
v 4.999997615814209 37.795074462890625 6.223394393920898
v 4.954338550567627 37.12451171875 6.121222496032715
v 4.999997615814209 37.795074462890625 6.223394393920898
v 4.954339981079102 35.965293884277344 -0.9075889587402344
v 4.999999523162842 36.56682586669922 -1.2210540771484375
v 4.821339130401611 35.38832092285156 -0.6069183349609375
v 4.954338550567627 37.12451171875 6.121222496032715
v 4.821337699890137 36.48131561279297 6.023221015930176
v 4.954338550567627 37.12451171875 6.121222496032715
v 4.821339130401611 35.38832092285156 -0.6069183349609375
v 4.954339981079102 35.965293884277344 -0.9075889587402344
v 4.606961727142334 34.8411865234375 -0.32179927825927734
v 4.821337699890137 36.48131561279297 6.023221015930176
v 4.606961250305176 35.87139129638672 5.9302873611450195
v 4.821337699890137 36.48131561279297 6.023221015930176
v 4.606961727142334 34.8411865234375 -0.32179927825927734
v 4.821339130401611 35.38832092285156 -0.6069183349609375
v 4.317175388336182 34.329185485839844 -0.05498695373535156
v 4.606961250305176 35.87139129638672 5.9302873611450195
v 4.317174434661865 35.300621032714844 5.843321800231934
v 4.606961250305176 35.87139129638672 5.9302873611450195
v 4.317175388336182 34.329185485839844 -0.05498695373535156
v 4.606961727142334 34.8411865234375 -0.32179927825927734
v 3.957944393157959 33.85760498046875 0.19075870513916016
v 4.317174434661865 35.300621032714844 5.843321800231934
v 3.9579427242279053 34.77491760253906 5.763221740722656
v 4.317174434661865 35.300621032714844 5.843321800231934
v 3.957944393157959 33.85760498046875 0.19075870513916016
v 4.317175388336182 34.329185485839844 -0.05498695373535156
v 3.535233497619629 33.431739807128906 0.41268444061279297
v 3.9579427242279053 34.77491760253906 5.763221740722656
v 3.5352323055267334 34.30017852783203 5.690886497497559
v 3.9579427242279053 34.77491760253906 5.763221740722656
v 3.535233497619629 33.431739807128906 0.41268444061279297
v 3.957944393157959 33.85760498046875 0.19075870513916016
v 3.5352323055267334 34.30017852783203 5.690886497497559
v 3.0550100803375244 33.05687713623047 0.6080331802368164
v 3.535233497619629 33.431739807128906 0.41268444061279297
v 3.0550100803375244 33.05687713623047 0.6080331802368164
v 3.5352323055267334 34.30017852783203 5.690886497497559
v 3.055008888244629 33.882286071777344 5.627214431762695
v 3.055008888244629 33.882286071777344 5.627214431762695
v 2.5232396125793457 32.738304138183594 0.7740440368652344
v 3.0550100803375244 33.05687713623047 0.6080331802368164
v 2.5232396125793457 32.738304138183594 0.7740440368652344
v 3.055008888244629 33.882286071777344 5.627214431762695
v 2.523238182067871 33.52716064453125 5.573102951049805
v 2.523238182067871 33.52716064453125 5.573102951049805
v 1.9458873271942139 32.48131561279297 0.907963752746582
v 2.5232396125793457 32.738304138183594 0.7740440368652344
v 1.9458873271942139 32.48131561279297 0.907963752746582
v 2.523238182067871 33.52716064453125 5.573102951049805
v 1.9458860158920288 33.24067687988281 5.529452323913574
v 1.9458860158920288 33.24067687988281 5.529452323913574
v 1.3289192914962769 32.29120635986328 1.0070323944091797
v 1.9458873271942139 32.48131561279297 0.907963752746582
v 1.3289192914962769 32.29120635986328 1.0070323944091797
v 1.9458860158920288 33.24067687988281 5.529452323913574
v 1.3289179801940918 33.02873992919922 5.497160911560059
v 1.3289179801940918 33.02873992919922 5.497160911560059
v 0.6783007979393005 32.173255920410156 1.0684967041015625
v 1.3289192914962769 32.29120635986328 1.0070323944091797
v 0.6783007979393005 32.173255920410156 1.0684967041015625
v 1.3289179801940918 33.02873992919922 5.497160911560059
v 0.6782993674278259 32.89726257324219 5.4771270751953125
v 0.6782993674278259 32.89726257324219 5.4771270751953125
v -0.00000227442387767951 32.13276672363281 1.0895967483520508
v 0.6783007979393005 32.173255920410156 1.0684967041015625
v -0.00000227442387767951 32.13276672363281 1.0895967483520508
v 0.6782993674278259 32.89726257324219 5.4771270751953125
v -0.000003636912879301235 32.85211944580078 5.470249176025391
v -0.00000227442387767951 32.13276672363281 1.0895967483520508
v -0.000003636912879301235 32.85211944580078 5.470249176025391
v -0.678306519985199 32.89726257324219 5.477126121520996
v -0.00000227442387767951 32.13276672363281 1.0895967483520508
v -0.678306519985199 32.89726257324219 5.477126121520996
v -0.6783053278923035 32.173255920410156 1.0684967041015625
v -0.6783053278923035 32.173255920410156 1.0684967041015625
v -0.678306519985199 32.89726257324219 5.477126121520996
v -1.3289250135421753 33.02873992919922 5.497159004211426
v -0.6783053278923035 32.173255920410156 1.0684967041015625
v -1.3289250135421753 33.02873992919922 5.497159004211426
v -1.3289237022399902 32.29120635986328 1.0070323944091797
v -1.3289237022399902 32.29120635986328 1.0070323944091797
v -1.3289250135421753 33.02873992919922 5.497159004211426
v -1.9458932876586914 33.24067687988281 5.529451370239258
v -1.3289237022399902 32.29120635986328 1.0070323944091797
v -1.9458932876586914 33.24067687988281 5.529451370239258
v -1.9458916187286377 32.48131561279297 0.9079618453979492
v -1.9458916187286377 32.48131561279297 0.9079618453979492
v -1.9458932876586914 33.24067687988281 5.529451370239258
v -2.523245334625244 33.52716064453125 5.5731000900268555
v -1.9458916187286377 32.48131561279297 0.9079618453979492
v -2.523245334625244 33.52716064453125 5.5731000900268555
v -2.5232439041137695 32.738304138183594 0.774043083190918
v -2.5232439041137695 32.738304138183594 0.774043083190918
v -2.523245334625244 33.52716064453125 5.5731000900268555
v -3.055016040802002 33.882286071777344 5.62721061706543
v -3.055016040802002 33.882286071777344 5.62721061706543
v -3.055014133453369 33.05686950683594 0.6080312728881836
v -2.5232439041137695 32.738304138183594 0.774043083190918
v -3.055014133453369 33.05686950683594 0.6080312728881836
v -3.055016040802002 33.882286071777344 5.62721061706543
v -3.5352392196655273 34.30017852783203 5.690882682800293
v -3.5352392196655273 34.30017852783203 5.690882682800293
v -3.5352375507354736 33.431732177734375 0.41268444061279297
v -3.055014133453369 33.05686950683594 0.6080312728881836
v -3.5352375507354736 33.431732177734375 0.41268444061279297
v -3.5352392196655273 34.30017852783203 5.690882682800293
v -3.95794939994812 34.77491760253906 5.763217926025391
v -3.95794939994812 34.77491760253906 5.763217926025391
v -3.9579474925994873 33.85760498046875 0.19075775146484375
v -3.5352375507354736 33.431732177734375 0.41268444061279297
v -3.9579474925994873 33.85760498046875 0.19075775146484375
v -3.95794939994812 34.77491760253906 5.763217926025391
v -4.31718111038208 35.300621032714844 5.843317031860352
v -4.31718111038208 35.300621032714844 5.843317031860352
v -4.317178249359131 34.329185485839844 -0.05499076843261719
v -3.9579474925994873 33.85760498046875 0.19075775146484375
v -4.317178249359131 34.329185485839844 -0.05499076843261719
v -4.31718111038208 35.300621032714844 5.843317031860352
v -4.606967449188232 35.87139129638672 5.930283546447754
v -4.606967449188232 35.87139129638672 5.930283546447754
v -4.6069655418396 34.8411865234375 -0.32180118560791016
v -4.317178249359131 34.329185485839844 -0.05499076843261719
v -4.6069655418396 34.8411865234375 -0.32180118560791016
v -4.606967449188232 35.87139129638672 5.930283546447754
v -4.821344375610352 36.48131561279297 6.023216247558594
v -4.821344375610352 36.48131561279297 6.023216247558594
v -4.8213419914245605 35.38832092285156 -0.6069221496582031
v -4.6069655418396 34.8411865234375 -0.32180118560791016
v -4.8213419914245605 35.38832092285156 -0.6069221496582031
v -4.821344375610352 36.48131561279297 6.023216247558594
v -4.954345703125 37.12451171875 6.121217727661133
v -4.954345703125 37.12451171875 6.121217727661133
v -4.954342842102051 35.965301513671875 -0.9075908660888672
v -4.8213419914245605 35.38832092285156 -0.6069221496582031
v -4.954342842102051 35.965301513671875 -0.9075908660888672
v -4.954345703125 37.12451171875 6.121217727661133
v -5.000004768371582 37.795074462890625 6.223388671875
v -5.000004768371582 37.795074462890625 6.223388671875
v -5.000002861022949 36.56682586669922 -1.2210559844970703
v -4.954342842102051 35.965301513671875 -0.9075908660888672
v -5.000002861022949 36.56682586669922 -1.2210559844970703
v -5.000004768371582 37.795074462890625 6.223388671875
v -4.954346179962158 38.46563720703125 6.325560569763184
v -4.954346179962158 38.46563720703125 6.325560569763184
v -4.954343318939209 37.168357849121094 -1.5345211029052734
v -5.000002861022949 36.56682586669922 -1.2210559844970703
v -4.954343318939209 37.168357849121094 -1.5345211029052734
v -4.954346179962158 38.46563720703125 6.325560569763184
v -4.821345329284668 39.10883331298828 6.423562049865723
v -4.821345329284668 39.10883331298828 6.423562049865723
v -4.821342468261719 37.745330810546875 -1.8351917266845703
v -4.954343318939209 37.168357849121094 -1.5345211029052734
v -4.821342468261719 37.745330810546875 -1.8351917266845703
v -4.821345329284668 39.10883331298828 6.423562049865723
v -4.606968879699707 39.71876525878906 6.516495704650879
v -4.606968879699707 39.71876525878906 6.516495704650879
v -4.606965065002441 38.29246520996094 -2.120309829711914
v -4.821342468261719 37.745330810546875 -1.8351917266845703
v -4.606965065002441 38.29246520996094 -2.120309829711914
v -4.606968879699707 39.71876525878906 6.516495704650879
v -4.3171820640563965 40.289527893066406 6.603461265563965
v -4.3171820640563965 40.289527893066406 6.603461265563965
v -4.317178726196289 38.804466247558594 -2.3871231079101562
v -4.606965065002441 38.29246520996094 -2.120309829711914
v -4.317178726196289 38.804466247558594 -2.3871231079101562
v -4.3171820640563965 40.289527893066406 6.603461265563965
v -3.9579503536224365 40.81523132324219 6.683561325073242
v -3.9579503536224365 40.81523132324219 6.683561325073242
v -3.9579474925994873 39.27604675292969 -2.6328697204589844
v -4.317178726196289 38.804466247558594 -2.3871231079101562
v -3.9579474925994873 39.27604675292969 -2.6328697204589844
v -3.9579503536224365 40.81523132324219 6.683561325073242
v -3.5352396965026855 41.28997802734375 6.75589656829834
v -3.5352396965026855 41.28997802734375 6.75589656829834
v -3.5352365970611572 39.70191955566406 -2.854795455932617
v -3.9579474925994873 39.27604675292969 -2.6328697204589844
v -3.05501651763916 41.707862854003906 6.819568634033203
v -3.055013418197632 40.07677459716797 -3.050142288208008
v -3.5352365970611572 39.70191955566406 -2.854795455932617
v -3.05501651763916 41.707862854003906 6.819568634033203
v -3.5352365970611572 39.70191955566406 -2.854795455932617
v -3.5352396965026855 41.28997802734375 6.75589656829834
v -2.5232458114624023 42.06299591064453 6.873680114746094
v -2.523242950439453 40.395355224609375 -3.216154098510742
v -3.055013418197632 40.07677459716797 -3.050142288208008
v -2.5232458114624023 42.06299591064453 6.873680114746094
v -3.055013418197632 40.07677459716797 -3.050142288208008
v -3.05501651763916 41.707862854003906 6.819568634033203
v -1.9458935260772705 42.34947967529297 6.917329788208008
v -1.9458905458450317 40.65233612060547 -3.3500728607177734
v -2.523242950439453 40.395355224609375 -3.216154098510742
v -1.9458935260772705 42.34947967529297 6.917329788208008
v -2.523242950439453 40.395355224609375 -3.216154098510742
v -2.5232458114624023 42.06299591064453 6.873680114746094
v -1.328925371170044 42.56140899658203 6.94962215423584
v -1.3289225101470947 40.842445373535156 -3.4491424560546875
v -1.9458905458450317 40.65233612060547 -3.3500728607177734
v -1.328925371170044 42.56140899658203 6.94962215423584
v -1.9458905458450317 40.65233612060547 -3.3500728607177734
v -1.9458935260772705 42.34947967529297 6.917329788208008
v -0.6783067584037781 42.692893981933594 6.969655990600586
v -0.6783040761947632 40.96039581298828 -3.5106067657470703
v -1.3289225101470947 40.842445373535156 -3.4491424560546875
v -0.6783067584037781 42.692893981933594 6.969655990600586
v -1.3289225101470947 40.842445373535156 -3.4491424560546875
v -1.328925371170044 42.56140899658203 6.94962215423584
v -0.0000010118014870386105 41.000885009765625 -3.531705856323242
v 7.343021479755407e-7 33.487701416015625 -11.100833892822266
v -0.6783022880554199 33.462257385253906 -11.062929153442383
v -0.0000010118014870386105 41.000885009765625 -3.531705856323242
v -0.6783022880554199 33.462257385253906 -11.062929153442383
v -0.6783040761947632 40.96039581298828 -3.5106067657470703
v 0.6783035397529602 33.462257385253906 -11.062929153442383
v -0.0000010118014870386105 41.000885009765625 -3.531705856323242
v 0.6783020496368408 40.96039581298828 -3.5106067657470703
v -0.0000010118014870386105 41.000885009765625 -3.531705856323242
v 0.6783035397529602 33.462257385253906 -11.062929153442383
v 7.343021479755407e-7 33.487701416015625 -11.100833892822266
v 1.328921914100647 33.38810729980469 -10.9525146484375
v 0.6783020496368408 40.96039581298828 -3.5106067657470703
v 1.3289204835891724 40.842445373535156 -3.4491424560546875
v 0.6783020496368408 40.96039581298828 -3.5106067657470703
v 1.328921914100647 33.38810729980469 -10.9525146484375
v 0.6783035397529602 33.462257385253906 -11.062929153442383
v 1.945890188217163 33.268585205078125 -10.774547576904297
v 1.3289204835891724 40.842445373535156 -3.4491424560546875
v 1.9458882808685303 40.65233612060547 -3.3500709533691406
v 1.3289204835891724 40.842445373535156 -3.4491424560546875
v 1.945890188217163 33.268585205078125 -10.774547576904297
v 1.328921914100647 33.38810729980469 -10.9525146484375
v 2.523242235183716 33.107025146484375 -10.533973693847656
v 1.9458882808685303 40.65233612060547 -3.3500709533691406
v 2.523240566253662 40.395355224609375 -3.216154098510742
v 1.9458882808685303 40.65233612060547 -3.3500709533691406
v 2.523242235183716 33.107025146484375 -10.533973693847656
v 1.945890188217163 33.268585205078125 -10.774547576904297
v 3.0550124645233154 32.90675354003906 -10.235750198364258
v 2.523240566253662 40.395355224609375 -3.216154098510742
v 3.0550107955932617 40.0767822265625 -3.050140380859375
v 2.523240566253662 40.395355224609375 -3.216154098510742
v 3.0550124645233154 32.90675354003906 -10.235750198364258
v 2.523242235183716 33.107025146484375 -10.533973693847656
v 3.0550124645233154 32.90675354003906 -10.235750198364258
v 3.0550107955932617 40.0767822265625 -3.050140380859375
v 3.535234212875366 39.70191955566406 -2.8547935485839844
v 3.535234212875366 39.70191955566406 -2.8547935485839844
v 3.535236120223999 32.67108917236328 -9.884828567504883
v 3.0550124645233154 32.90675354003906 -10.235750198364258
v 3.535236120223999 32.67108917236328 -9.884828567504883
v 3.535234212875366 39.70191955566406 -2.8547935485839844
v 3.95794415473938 39.27604675292969 -2.6328678131103516
v 3.95794415473938 39.27604675292969 -2.6328678131103516
v 3.957946300506592 32.403358459472656 -9.486160278320312
v 3.535236120223999 32.67108917236328 -9.884828567504883
v 3.957946300506592 32.403358459472656 -9.486160278320312
v 3.95794415473938 39.27604675292969 -2.6328678131103516
v 4.317174911499023 38.804466247558594 -2.3871192932128906
v 4.317174911499023 38.804466247558594 -2.3871192932128906
v 4.3171772956848145 32.106895446777344 -9.044698715209961
v 3.957946300506592 32.403358459472656 -9.486160278320312
v 4.3171772956848145 32.106895446777344 -9.044698715209961
v 4.317174911499023 38.804466247558594 -2.3871192932128906
v 4.606962203979492 38.29246520996094 -2.1203079223632812
v 4.606962203979492 38.29246520996094 -2.1203079223632812
v 4.606964111328125 31.785018920898438 -8.56539535522461
v 4.3171772956848145 32.106895446777344 -9.044698715209961
v 4.606964111328125 31.785018920898438 -8.56539535522461
v 4.606962203979492 38.29246520996094 -2.1203079223632812
v 4.821338653564453 37.745330810546875 -1.8351879119873047
v 4.821338653564453 37.745330810546875 -1.8351879119873047
v 4.821340560913086 31.441055297851562 -8.053207397460938
v 4.606964111328125 31.785018920898438 -8.56539535522461
v 4.821340560913086 31.441055297851562 -8.053207397460938
v 4.821338653564453 37.745330810546875 -1.8351879119873047
v 4.954339981079102 37.16835021972656 -1.5345191955566406
v 4.954339981079102 37.16835021972656 -1.5345191955566406
v 4.954341411590576 31.078323364257812 -7.513082504272461
v 4.821340560913086 31.441055297851562 -8.053207397460938
v 4.954341411590576 31.078323364257812 -7.513082504272461
v 4.954339981079102 37.16835021972656 -1.5345191955566406
v 4.999999523162842 36.56682586669922 -1.2210540771484375
v 4.999999523162842 36.56682586669922 -1.2210540771484375
v 5.000000953674316 30.70016860961914 -6.949972152709961
v 4.954341411590576 31.078323364257812 -7.513082504272461
v 5.000000953674316 30.70016860961914 -6.949972152709961
v 4.999999523162842 36.56682586669922 -1.2210540771484375
v 4.954339981079102 35.965293884277344 -0.9075889587402344
v 4.954339981079102 35.965293884277344 -0.9075889587402344
v 4.954341411590576 30.322006225585938 -6.386865615844727
v 5.000000953674316 30.70016860961914 -6.949972152709961
v 4.954341411590576 30.322006225585938 -6.386865615844727
v 4.954339981079102 35.965293884277344 -0.9075889587402344
v 4.821339130401611 35.38832092285156 -0.6069183349609375
v 4.821339130401611 35.38832092285156 -0.6069183349609375
v 4.821340084075928 29.95928192138672 -5.84674072265625
v 4.954341411590576 30.322006225585938 -6.386865615844727
v 4.821340084075928 29.95928192138672 -5.84674072265625
v 4.821339130401611 35.38832092285156 -0.6069183349609375
v 4.606961727142334 34.8411865234375 -0.32179927825927734
v 4.606961727142334 34.8411865234375 -0.32179927825927734
v 4.606963157653809 29.61532211303711 -5.334550857543945
v 4.821340084075928 29.95928192138672 -5.84674072265625
v 4.606963157653809 29.61532211303711 -5.334550857543945
v 4.606961727142334 34.8411865234375 -0.32179927825927734
v 4.317175388336182 34.329185485839844 -0.05498695373535156
v 4.317175388336182 34.329185485839844 -0.05498695373535156
v 4.317176342010498 29.293437957763672 -4.855249404907227
v 4.606963157653809 29.61532211303711 -5.334550857543945
v 4.317176342010498 29.293437957763672 -4.855249404907227
v 4.317175388336182 34.329185485839844 -0.05498695373535156
v 3.957944393157959 33.85760498046875 0.19075870513916016
v 3.957944393157959 33.85760498046875 0.19075870513916016
v 3.9579451084136963 28.996978759765625 -4.413787841796875
v 4.317176342010498 29.293437957763672 -4.855249404907227
v 3.9579451084136963 28.996978759765625 -4.413787841796875
v 3.957944393157959 33.85760498046875 0.19075870513916016
v 3.535233497619629 33.431739807128906 0.41268444061279297
v 3.535233497619629 33.431739807128906 0.41268444061279297
v 3.5352344512939453 28.729244232177734 -4.0151214599609375
v 3.9579451084136963 28.996978759765625 -4.413787841796875
v 3.5352344512939453 28.729244232177734 -4.0151214599609375
v 3.535233497619629 33.431739807128906 0.41268444061279297
v 3.0550100803375244 33.05687713623047 0.6080331802368164
v 3.0550100803375244 33.05687713623047 0.6080331802368164
v 3.05501127243042 28.493579864501953 -3.6641979217529297
v 3.5352344512939453 28.729244232177734 -4.0151214599609375
v 3.05501127243042 28.493579864501953 -3.6641979217529297
v 3.0550100803375244 33.05687713623047 0.6080331802368164
v 2.5232396125793457 32.738304138183594 0.7740440368652344
v 2.5232396125793457 32.738304138183594 0.7740440368652344
v 2.523240327835083 28.29330825805664 -3.365976333618164
v 3.05501127243042 28.493579864501953 -3.6641979217529297
v 2.523240327835083 28.29330825805664 -3.365976333618164
v 2.5232396125793457 32.738304138183594 0.7740440368652344
v 1.9458873271942139 32.48131561279297 0.907963752746582
v 1.9458873271942139 32.48131561279297 0.907963752746582
v 1.9458879232406616 28.131752014160156 -3.1254024505615234
v 2.523240327835083 28.29330825805664 -3.365976333618164
v 1.9458879232406616 28.131752014160156 -3.1254024505615234
v 1.9458873271942139 32.48131561279297 0.907963752746582
v 1.3289192914962769 32.29120635986328 1.0070323944091797
v 1.9458879232406616 28.131752014160156 -3.1254024505615234
v 1.3289192914962769 32.29120635986328 1.0070323944091797
v 1.328919768333435 28.012237548828125 -2.9474334716796875
v 1.328919768333435 28.012237548828125 -2.9474334716796875
v 1.3289192914962769 32.29120635986328 1.0070323944091797
v 0.6783007979393005 32.173255920410156 1.0684967041015625
v 1.328919768333435 28.012237548828125 -2.9474334716796875
v 0.6783007979393005 32.173255920410156 1.0684967041015625
v 0.6783010959625244 27.93808364868164 -2.8370208740234375
v 0.6783010959625244 27.93808364868164 -2.8370208740234375
v 0.6783007979393005 32.173255920410156 1.0684967041015625
v -0.00000227442387767951 32.13276672363281 1.0895967483520508
v 0.6783010959625244 27.93808364868164 -2.8370208740234375
v -0.00000227442387767951 32.13276672363281 1.0895967483520508
v -0.0000018929924863186898 27.91263198852539 -2.799114227294922
v -0.00000227442387767951 32.13276672363281 1.0895967483520508
v -0.6783047318458557 27.93808364868164 -2.8370208740234375
v -0.0000018929924863186898 27.91263198852539 -2.799114227294922
v -0.6783047318458557 27.93808364868164 -2.8370208740234375
v -0.00000227442387767951 32.13276672363281 1.0895967483520508
v -0.6783053278923035 32.173255920410156 1.0684967041015625
v -0.6783053278923035 32.173255920410156 1.0684967041015625
v -1.3289231061935425 28.012229919433594 -2.9474334716796875
v -0.6783047318458557 27.93808364868164 -2.8370208740234375
v -1.3289231061935425 28.012229919433594 -2.9474334716796875
v -0.6783053278923035 32.173255920410156 1.0684967041015625
v -1.3289237022399902 32.29120635986328 1.0070323944091797
v -1.3289237022399902 32.29120635986328 1.0070323944091797
v -1.9458913803100586 28.131752014160156 -3.1254024505615234
v -1.3289231061935425 28.012229919433594 -2.9474334716796875
v -1.9458913803100586 28.131752014160156 -3.1254024505615234
v -1.3289237022399902 32.29120635986328 1.0070323944091797
v -1.9458916187286377 32.48131561279297 0.9079618453979492
v -1.9458916187286377 32.48131561279297 0.9079618453979492
v -2.5232434272766113 28.29330825805664 -3.365976333618164
v -1.9458913803100586 28.131752014160156 -3.1254024505615234
v -2.5232434272766113 28.29330825805664 -3.365976333618164
v -1.9458916187286377 32.48131561279297 0.9079618453979492
v -2.5232439041137695 32.738304138183594 0.774043083190918
v -2.5232439041137695 32.738304138183594 0.774043083190918
v -3.055013656616211 28.493587493896484 -3.6641998291015625
v -2.5232434272766113 28.29330825805664 -3.365976333618164
v -3.055013656616211 28.493587493896484 -3.6641998291015625
v -2.5232439041137695 32.738304138183594 0.774043083190918
v -3.055014133453369 33.05686950683594 0.6080312728881836
v -3.5352368354797363 28.729244232177734 -4.01512336730957
v -3.055014133453369 33.05686950683594 0.6080312728881836
v -3.5352375507354736 33.431732177734375 0.41268444061279297
v -3.055014133453369 33.05686950683594 0.6080312728881836
v -3.5352368354797363 28.729244232177734 -4.01512336730957
v -3.055013656616211 28.493587493896484 -3.6641998291015625
v -3.957947015762329 28.996978759765625 -4.413789749145508
v -3.5352375507354736 33.431732177734375 0.41268444061279297
v -3.9579474925994873 33.85760498046875 0.19075775146484375
v -3.5352375507354736 33.431732177734375 0.41268444061279297
v -3.957947015762329 28.996978759765625 -4.413789749145508
v -3.5352368354797363 28.729244232177734 -4.01512336730957
v -4.317177772521973 29.293437957763672 -4.855251312255859
v -3.9579474925994873 33.85760498046875 0.19075775146484375
v -4.317178249359131 34.329185485839844 -0.05499076843261719
v -3.9579474925994873 33.85760498046875 0.19075775146484375
v -4.317177772521973 29.293437957763672 -4.855251312255859
v -3.957947015762329 28.996978759765625 -4.413789749145508
v -4.606965065002441 29.61532211303711 -5.334552764892578
v -4.317178249359131 34.329185485839844 -0.05499076843261719
v -4.6069655418396 34.8411865234375 -0.32180118560791016
v -4.317178249359131 34.329185485839844 -0.05499076843261719
v -4.606965065002441 29.61532211303711 -5.334552764892578
v -4.317177772521973 29.293437957763672 -4.855251312255859
v -4.821341037750244 29.95928192138672 -5.846742630004883
v -4.6069655418396 34.8411865234375 -0.32180118560791016
v -4.8213419914245605 35.38832092285156 -0.6069221496582031
v -4.6069655418396 34.8411865234375 -0.32180118560791016
v -4.821341037750244 29.95928192138672 -5.846742630004883
v -4.606965065002441 29.61532211303711 -5.334552764892578
v -4.954342365264893 30.32201385498047 -6.386867523193359
v -4.8213419914245605 35.38832092285156 -0.6069221496582031
v -4.954342842102051 35.965301513671875 -0.9075908660888672
v -4.8213419914245605 35.38832092285156 -0.6069221496582031
v -4.954342365264893 30.32201385498047 -6.386867523193359
v -4.821341037750244 29.95928192138672 -5.846742630004883
v -5.000001907348633 30.70016860961914 -6.949975967407227
v -4.954342842102051 35.965301513671875 -0.9075908660888672
v -5.000002861022949 36.56682586669922 -1.2210559844970703
v -4.954342842102051 35.965301513671875 -0.9075908660888672
v -5.000001907348633 30.70016860961914 -6.949975967407227
v -4.954342365264893 30.32201385498047 -6.386867523193359
v -4.954342365264893 31.078330993652344 -7.513084411621094
v -5.000002861022949 36.56682586669922 -1.2210559844970703
v -4.954343318939209 37.168357849121094 -1.5345211029052734
v -5.000002861022949 36.56682586669922 -1.2210559844970703
v -4.954342365264893 31.078330993652344 -7.513084411621094
v -5.000001907348633 30.70016860961914 -6.949975967407227
v -4.821341037750244 31.441055297851562 -8.05320930480957
v -4.954343318939209 37.168357849121094 -1.5345211029052734
v -4.821342468261719 37.745330810546875 -1.8351917266845703
v -4.954343318939209 37.168357849121094 -1.5345211029052734
v -4.821341037750244 31.441055297851562 -8.05320930480957
v -4.954342365264893 31.078330993652344 -7.513084411621094
v -4.606964111328125 31.785011291503906 -8.565399169921875
v -4.821342468261719 37.745330810546875 -1.8351917266845703
v -4.606965065002441 38.29246520996094 -2.120309829711914
v -4.821342468261719 37.745330810546875 -1.8351917266845703
v -4.606964111328125 31.785011291503906 -8.565399169921875
v -4.821341037750244 31.441055297851562 -8.05320930480957
v -4.3171772956848145 32.106895446777344 -9.044700622558594
v -4.606965065002441 38.29246520996094 -2.120309829711914
v -4.317178726196289 38.804466247558594 -2.3871231079101562
v -4.606965065002441 38.29246520996094 -2.120309829711914
v -4.3171772956848145 32.106895446777344 -9.044700622558594
v -4.606964111328125 31.785011291503906 -8.565399169921875
v -3.9579458236694336 32.403358459472656 -9.486162185668945
v -4.317178726196289 38.804466247558594 -2.3871231079101562
v -3.9579474925994873 39.27604675292969 -2.6328697204589844
v -4.317178726196289 38.804466247558594 -2.3871231079101562
v -3.9579458236694336 32.403358459472656 -9.486162185668945
v -4.3171772956848145 32.106895446777344 -9.044700622558594
v -3.5352351665496826 32.67108917236328 -9.884828567504883
v -3.9579474925994873 39.27604675292969 -2.6328697204589844
v -3.5352365970611572 39.70191955566406 -2.854795455932617
v -3.9579474925994873 39.27604675292969 -2.6328697204589844
v -3.5352351665496826 32.67108917236328 -9.884828567504883
v -3.9579458236694336 32.403358459472656 -9.486162185668945
v -3.0550124645233154 32.90675354003906 -10.235750198364258
v -3.5352365970611572 39.70191955566406 -2.854795455932617
v -3.055013418197632 40.07677459716797 -3.050142288208008
v -3.5352365970611572 39.70191955566406 -2.854795455932617
v -3.0550124645233154 32.90675354003906 -10.235750198364258
v -3.5352351665496826 32.67108917236328 -9.884828567504883
v -2.523242950439453 40.395355224609375 -3.216154098510742
v -2.5232415199279785 33.107025146484375 -10.533973693847656
v -3.0550124645233154 32.90675354003906 -10.235750198364258
v -2.523242950439453 40.395355224609375 -3.216154098510742
v -3.0550124645233154 32.90675354003906 -10.235750198364258
v -3.055013418197632 40.07677459716797 -3.050142288208008
v -1.9458905458450317 40.65233612060547 -3.3500728607177734
v -1.9458891153335571 33.268585205078125 -10.774547576904297
v -2.5232415199279785 33.107025146484375 -10.533973693847656
v -1.9458905458450317 40.65233612060547 -3.3500728607177734
v -2.5232415199279785 33.107025146484375 -10.533973693847656
v -2.523242950439453 40.395355224609375 -3.216154098510742
v -1.3289225101470947 40.842445373535156 -3.4491424560546875
v -1.3289209604263306 33.388099670410156 -10.952518463134766
v -1.9458891153335571 33.268585205078125 -10.774547576904297
v -1.3289225101470947 40.842445373535156 -3.4491424560546875
v -1.9458891153335571 33.268585205078125 -10.774547576904297
v -1.9458905458450317 40.65233612060547 -3.3500728607177734
v -0.6783040761947632 40.96039581298828 -3.5106067657470703
v -0.6783022880554199 33.462257385253906 -11.062929153442383
v -1.3289209604263306 33.388099670410156 -10.952518463134766
v -0.6783040761947632 40.96039581298828 -3.5106067657470703
v -1.3289209604263306 33.388099670410156 -10.952518463134766
v -1.3289225101470947 40.842445373535156 -3.4491424560546875
v 0.0000015731261555629317 22.9049072265625 -15.751754760742188
v -0.6783022880554199 33.462257385253906 -11.062929153442383
v 7.343021479755407e-7 33.487701416015625 -11.100833892822266
v -0.6783022880554199 33.462257385253906 -11.062929153442383
v 0.0000015731261555629317 22.9049072265625 -15.751754760742188
v -0.6783015131950378 22.89117431640625 -15.708208084106445
v 0.6783035397529602 33.462257385253906 -11.062929153442383
v 0.6783044338226318 22.89117431640625 -15.708208084106445
v 0.0000015731261555629317 22.9049072265625 -15.751754760742188
v 0.6783035397529602 33.462257385253906 -11.062929153442383
v 0.0000015731261555629317 22.9049072265625 -15.751754760742188
v 7.343021479755407e-7 33.487701416015625 -11.100833892822266
v 1.328921914100647 33.38810729980469 -10.9525146484375
v 1.3289226293563843 22.851165771484375 -15.581367492675781
v 0.6783044338226318 22.89117431640625 -15.708208084106445
v 1.328921914100647 33.38810729980469 -10.9525146484375
v 0.6783044338226318 22.89117431640625 -15.708208084106445
v 0.6783035397529602 33.462257385253906 -11.062929153442383
v 1.945890188217163 33.268585205078125 -10.774547576904297
v 1.9458907842636108 22.786693572998047 -15.376916885375977
v 1.3289226293563843 22.851165771484375 -15.581367492675781
v 1.945890188217163 33.268585205078125 -10.774547576904297
v 1.3289226293563843 22.851165771484375 -15.581367492675781
v 1.328921914100647 33.38810729980469 -10.9525146484375
v 2.523242235183716 33.107025146484375 -10.533973693847656
v 2.523242950439453 22.699527740478516 -15.100547790527344
v 1.9458907842636108 22.786693572998047 -15.376916885375977
v 2.523242235183716 33.107025146484375 -10.533973693847656
v 1.9458907842636108 22.786693572998047 -15.376916885375977
v 1.945890188217163 33.268585205078125 -10.774547576904297
v 3.0550124645233154 32.90675354003906 -10.235750198364258
v 3.055013656616211 22.591480255126953 -14.757949829101562
v 2.523242950439453 22.699527740478516 -15.100547790527344
v 3.0550124645233154 32.90675354003906 -10.235750198364258
v 2.523242950439453 22.699527740478516 -15.100547790527344
v 2.523242235183716 33.107025146484375 -10.533973693847656
v 3.535236120223999 32.67108917236328 -9.884828567504883
v 3.5352368354797363 22.464340209960938 -14.354812622070312
v 3.055013656616211 22.591480255126953 -14.757949829101562
v 3.535236120223999 32.67108917236328 -9.884828567504883
v 3.055013656616211 22.591480255126953 -14.757949829101562
v 3.0550124645233154 32.90675354003906 -10.235750198364258
v 3.5352368354797363 22.464340209960938 -14.354812622070312
v 3.535236120223999 32.67108917236328 -9.884828567504883
v 3.957946300506592 32.403358459472656 -9.486160278320312
v 3.957946300506592 32.403358459472656 -9.486160278320312
v 3.957946538925171 22.319904327392578 -13.896825790405273
v 3.5352368354797363 22.464340209960938 -14.354812622070312
v 3.957946538925171 22.319904327392578 -13.896825790405273
v 3.957946300506592 32.403358459472656 -9.486160278320312
v 4.3171772956848145 32.106895446777344 -9.044698715209961
v 4.3171772956848145 32.106895446777344 -9.044698715209961
v 4.317177772521973 22.159961700439453 -13.389678955078125
v 3.957946538925171 22.319904327392578 -13.896825790405273
v 4.317177772521973 22.159961700439453 -13.389678955078125
v 4.3171772956848145 32.106895446777344 -9.044698715209961
v 4.606964111328125 31.785018920898438 -8.56539535522461
v 4.606964111328125 31.785018920898438 -8.56539535522461
v 4.606964588165283 21.986309051513672 -12.839061737060547
v 4.317177772521973 22.159961700439453 -13.389678955078125
v 4.606964588165283 21.986309051513672 -12.839061737060547
v 4.606964111328125 31.785018920898438 -8.56539535522461
v 4.821340560913086 31.441055297851562 -8.053207397460938
v 4.821340560913086 31.441055297851562 -8.053207397460938
v 4.821340560913086 21.800735473632812 -12.250661849975586
v 4.606964588165283 21.986309051513672 -12.839061737060547
v 4.821340560913086 21.800735473632812 -12.250661849975586
v 4.821340560913086 31.441055297851562 -8.053207397460938
v 4.954341411590576 31.078323364257812 -7.513082504272461
v 4.954341411590576 31.078323364257812 -7.513082504272461
v 4.954341888427734 21.60504913330078 -11.630168914794922
v 4.821340560913086 21.800735473632812 -12.250661849975586
v 4.954341888427734 21.60504913330078 -11.630168914794922
v 4.954341411590576 31.078323364257812 -7.513082504272461
v 5.000000953674316 30.70016860961914 -6.949972152709961
v 5.000000953674316 30.70016860961914 -6.949972152709961
v 5.000001430511475 21.40103530883789 -10.9832763671875
v 4.954341888427734 21.60504913330078 -11.630168914794922
v 5.000001430511475 21.40103530883789 -10.9832763671875
v 5.000000953674316 30.70016860961914 -6.949972152709961
v 4.954341411590576 30.322006225585938 -6.386865615844727
v 4.954341411590576 30.322006225585938 -6.386865615844727
v 4.954341888427734 21.197017669677734 -10.336381912231445
v 5.000001430511475 21.40103530883789 -10.9832763671875
v 4.954341888427734 21.197017669677734 -10.336381912231445
v 4.954341411590576 30.322006225585938 -6.386865615844727
v 4.821340084075928 29.95928192138672 -5.84674072265625
v 4.821340084075928 29.95928192138672 -5.84674072265625
v 4.821341037750244 21.001323699951172 -9.715887069702148
v 4.954341888427734 21.197017669677734 -10.336381912231445
v 4.821341037750244 21.001323699951172 -9.715887069702148
v 4.821340084075928 29.95928192138672 -5.84674072265625
v 4.606963157653809 29.61532211303711 -5.334550857543945
v 4.606963157653809 29.61532211303711 -5.334550857543945
v 4.606963634490967 20.815757751464844 -9.12748908996582
v 4.821341037750244 21.001323699951172 -9.715887069702148
v 4.606963634490967 20.815757751464844 -9.12748908996582
v 4.606963157653809 29.61532211303711 -5.334550857543945
v 4.317176342010498 29.293437957763672 -4.855249404907227
v 4.317176342010498 29.293437957763672 -4.855249404907227
v 4.317176818847656 20.642105102539062 -8.576871871948242
v 4.606963634490967 20.815757751464844 -9.12748908996582
v 4.317176818847656 20.642105102539062 -8.576871871948242
v 4.317176342010498 29.293437957763672 -4.855249404907227
v 3.9579451084136963 28.996978759765625 -4.413787841796875
v 3.9579451084136963 28.996978759765625 -4.413787841796875
v 3.9579451084136963 20.482162475585938 -8.069723129272461
v 4.317176818847656 20.642105102539062 -8.576871871948242
v 3.9579451084136963 20.482162475585938 -8.069723129272461
v 3.9579451084136963 28.996978759765625 -4.413787841796875
v 3.5352344512939453 28.729244232177734 -4.0151214599609375
v 3.5352344512939453 28.729244232177734 -4.0151214599609375
v 3.5352346897125244 20.337722778320312 -7.611736297607422
v 3.9579451084136963 20.482162475585938 -8.069723129272461
v 3.5352346897125244 20.337722778320312 -7.611736297607422
v 3.5352344512939453 28.729244232177734 -4.0151214599609375
v 3.05501127243042 28.493579864501953 -3.6641979217529297
v 3.05501127243042 28.493579864501953 -3.6641979217529297
v 3.055011034011841 20.210586547851562 -7.208600997924805
v 3.5352346897125244 20.337722778320312 -7.611736297607422
v 3.055011034011841 20.210586547851562 -7.208600997924805
v 3.05501127243042 28.493579864501953 -3.6641979217529297
v 2.523240327835083 28.29330825805664 -3.365976333618164
v 3.055011034011841 20.210586547851562 -7.208600997924805
v 2.523240327835083 28.29330825805664 -3.365976333618164
v 2.523240327835083 20.102535247802734 -6.866003036499023
v 2.523240327835083 20.102535247802734 -6.866003036499023
v 2.523240327835083 28.29330825805664 -3.365976333618164
v 1.9458879232406616 28.131752014160156 -3.1254024505615234
v 2.523240327835083 20.102535247802734 -6.866003036499023
v 1.9458879232406616 28.131752014160156 -3.1254024505615234
v 1.9458876848220825 20.01537322998047 -6.589635848999023
v 1.9458876848220825 20.01537322998047 -6.589635848999023
v 1.9458879232406616 28.131752014160156 -3.1254024505615234
v 1.328919768333435 28.012237548828125 -2.9474334716796875
v 1.9458876848220825 20.01537322998047 -6.589635848999023
v 1.328919768333435 28.012237548828125 -2.9474334716796875
v 1.3289196491241455 19.95090103149414 -6.385187149047852
v 1.3289196491241455 19.95090103149414 -6.385187149047852
v 1.328919768333435 28.012237548828125 -2.9474334716796875
v 0.6783010959625244 27.93808364868164 -2.8370208740234375
v 1.3289196491241455 19.95090103149414 -6.385187149047852
v 0.6783010959625244 27.93808364868164 -2.8370208740234375
v 0.6783009767532349 19.910892486572266 -6.258342742919922
v 0.6783009767532349 19.910892486572266 -6.258342742919922
v 0.6783010959625244 27.93808364868164 -2.8370208740234375
v -0.0000018929924863186898 27.91263198852539 -2.799114227294922
v 0.6783009767532349 19.910892486572266 -6.258342742919922
v -0.0000018929924863186898 27.91263198852539 -2.799114227294922
v -0.000002086312406390789 19.897159576416016 -6.2147979736328125
v -0.0000018929924863186898 27.91263198852539 -2.799114227294922
v -0.6783050298690796 19.910892486572266 -6.258342742919922
v -0.000002086312406390789 19.897159576416016 -6.2147979736328125
v -0.6783050298690796 19.910892486572266 -6.258342742919922
v -0.0000018929924863186898 27.91263198852539 -2.799114227294922
v -0.6783047318458557 27.93808364868164 -2.8370208740234375
v -0.6783047318458557 27.93808364868164 -2.8370208740234375
v -1.3289231061935425 19.95090103149414 -6.385187149047852
v -0.6783050298690796 19.910892486572266 -6.258342742919922
v -1.3289231061935425 19.95090103149414 -6.385187149047852
v -0.6783047318458557 27.93808364868164 -2.8370208740234375
v -1.3289231061935425 28.012229919433594 -2.9474334716796875
v -1.3289231061935425 28.012229919433594 -2.9474334716796875
v -1.9458913803100586 20.01537322998047 -6.589635848999023
v -1.3289231061935425 19.95090103149414 -6.385187149047852
v -1.9458913803100586 20.01537322998047 -6.589635848999023
v -1.3289231061935425 28.012229919433594 -2.9474334716796875
v -1.9458913803100586 28.131752014160156 -3.1254024505615234
v -1.9458913803100586 28.131752014160156 -3.1254024505615234
v -2.5232436656951904 20.1025390625 -6.866004943847656
v -1.9458913803100586 20.01537322998047 -6.589635848999023
v -2.5232436656951904 20.1025390625 -6.866004943847656
v -1.9458913803100586 28.131752014160156 -3.1254024505615234
v -2.5232434272766113 28.29330825805664 -3.365976333618164
v -2.5232434272766113 28.29330825805664 -3.365976333618164
v -3.055014133453369 20.210586547851562 -7.2086029052734375
v -2.5232436656951904 20.1025390625 -6.866004943847656
v -3.055014133453369 20.210586547851562 -7.2086029052734375
v -2.5232434272766113 28.29330825805664 -3.365976333618164
v -3.055013656616211 28.493587493896484 -3.6641998291015625
v -3.055013656616211 28.493587493896484 -3.6641998291015625
v -3.5352370738983154 20.337726593017578 -7.6117401123046875
v -3.055014133453369 20.210586547851562 -7.2086029052734375
v -3.5352370738983154 20.337726593017578 -7.6117401123046875
v -3.055013656616211 28.493587493896484 -3.6641998291015625
v -3.5352368354797363 28.729244232177734 -4.01512336730957
v -3.5352368354797363 28.729244232177734 -4.01512336730957
v -3.95794677734375 20.482162475585938 -8.069725036621094
v -3.5352370738983154 20.337726593017578 -7.6117401123046875
v -3.95794677734375 20.482162475585938 -8.069725036621094
v -3.5352368354797363 28.729244232177734 -4.01512336730957
v -3.957947015762329 28.996978759765625 -4.413789749145508
v -3.957947015762329 28.996978759765625 -4.413789749145508
v -4.317178249359131 20.642105102539062 -8.576873779296875
v -3.95794677734375 20.482162475585938 -8.069725036621094
v -4.317178249359131 20.642105102539062 -8.576873779296875
v -3.957947015762329 28.996978759765625 -4.413789749145508
v -4.317177772521973 29.293437957763672 -4.855251312255859
v -4.317177772521973 29.293437957763672 -4.855251312255859
v -4.606964588165283 20.815757751464844 -9.127492904663086
v -4.317178249359131 20.642105102539062 -8.576873779296875
v -4.606964588165283 20.815757751464844 -9.127492904663086
v -4.317177772521973 29.293437957763672 -4.855251312255859
v -4.606965065002441 29.61532211303711 -5.334552764892578
v -4.606965065002441 29.61532211303711 -5.334552764892578
v -4.821341037750244 21.001331329345703 -9.715890884399414
v -4.606964588165283 20.815757751464844 -9.127492904663086
v -4.821341037750244 21.001331329345703 -9.715890884399414
v -4.606965065002441 29.61532211303711 -5.334552764892578
v -4.821341037750244 29.95928192138672 -5.846742630004883
v -4.821341037750244 29.95928192138672 -5.846742630004883
v -4.954342365264893 21.197017669677734 -10.336385726928711
v -4.821341037750244 21.001331329345703 -9.715890884399414
v -4.954342365264893 21.197017669677734 -10.336385726928711
v -4.821341037750244 29.95928192138672 -5.846742630004883
v -4.954342365264893 30.32201385498047 -6.386867523193359
v -4.954342365264893 30.32201385498047 -6.386867523193359
v -5.000001907348633 21.401031494140625 -10.9832763671875
v -4.954342365264893 21.197017669677734 -10.336385726928711
v -5.000001907348633 21.401031494140625 -10.9832763671875
v -4.954342365264893 30.32201385498047 -6.386867523193359
v -5.000001907348633 30.70016860961914 -6.949975967407227
v -5.000001907348633 30.70016860961914 -6.949975967407227
v -4.954342365264893 21.60504913330078 -11.630172729492188
v -5.000001907348633 21.401031494140625 -10.9832763671875
v -4.954342365264893 21.60504913330078 -11.630172729492188
v -5.000001907348633 30.70016860961914 -6.949975967407227
v -4.954342365264893 31.078330993652344 -7.513084411621094
v -4.954342365264893 31.078330993652344 -7.513084411621094
v -4.821341037750244 21.800743103027344 -12.250665664672852
v -4.954342365264893 21.60504913330078 -11.630172729492188
v -4.821341037750244 21.800743103027344 -12.250665664672852
v -4.954342365264893 31.078330993652344 -7.513084411621094
v -4.821341037750244 31.441055297851562 -8.05320930480957
v -4.821341037750244 31.441055297851562 -8.05320930480957
v -4.606964111328125 21.986309051513672 -12.83906364440918
v -4.821341037750244 21.800743103027344 -12.250665664672852
v -4.606964111328125 21.986309051513672 -12.83906364440918
v -4.821341037750244 31.441055297851562 -8.05320930480957
v -4.606964111328125 31.785011291503906 -8.565399169921875
v -4.606964111328125 31.785011291503906 -8.565399169921875
v -4.3171772956848145 22.159961700439453 -13.38968276977539
v -4.606964111328125 21.986309051513672 -12.83906364440918
v -4.3171772956848145 22.159961700439453 -13.38968276977539
v -4.606964111328125 31.785011291503906 -8.565399169921875
v -4.3171772956848145 32.106895446777344 -9.044700622558594
v -4.3171772956848145 32.106895446777344 -9.044700622558594
v -3.9579453468322754 22.319904327392578 -13.896829605102539
v -4.3171772956848145 22.159961700439453 -13.38968276977539
v -3.9579453468322754 22.319904327392578 -13.896829605102539
v -4.3171772956848145 32.106895446777344 -9.044700622558594
v -3.9579458236694336 32.403358459472656 -9.486162185668945
v -3.9579458236694336 32.403358459472656 -9.486162185668945
v -3.5352349281311035 22.464344024658203 -14.354816436767578
v -3.9579453468322754 22.319904327392578 -13.896829605102539
v -3.5352349281311035 22.464344024658203 -14.354816436767578
v -3.9579458236694336 32.403358459472656 -9.486162185668945
v -3.5352351665496826 32.67108917236328 -9.884828567504883
v -3.055011749267578 22.591480255126953 -14.757951736450195
v -3.5352351665496826 32.67108917236328 -9.884828567504883
v -3.0550124645233154 32.90675354003906 -10.235750198364258
v -3.5352351665496826 32.67108917236328 -9.884828567504883
v -3.055011749267578 22.591480255126953 -14.757951736450195
v -3.5352349281311035 22.464344024658203 -14.354816436767578
v -2.5232410430908203 22.69953155517578 -15.100547790527344
v -3.0550124645233154 32.90675354003906 -10.235750198364258
v -2.5232415199279785 33.107025146484375 -10.533973693847656
v -3.0550124645233154 32.90675354003906 -10.235750198364258
v -2.5232410430908203 22.69953155517578 -15.100547790527344
v -3.055011749267578 22.591480255126953 -14.757951736450195
v -1.9458884000778198 22.786693572998047 -15.376916885375977
v -2.5232415199279785 33.107025146484375 -10.533973693847656
v -1.9458891153335571 33.268585205078125 -10.774547576904297
v -2.5232415199279785 33.107025146484375 -10.533973693847656
v -1.9458884000778198 22.786693572998047 -15.376916885375977
v -2.5232410430908203 22.69953155517578 -15.100547790527344
v -1.3289201259613037 22.851165771484375 -15.581367492675781
v -1.9458891153335571 33.268585205078125 -10.774547576904297
v -1.3289209604263306 33.388099670410156 -10.952518463134766
v -1.9458891153335571 33.268585205078125 -10.774547576904297
v -1.3289201259613037 22.851165771484375 -15.581367492675781
v -1.9458884000778198 22.786693572998047 -15.376916885375977
v -0.6783015131950378 22.89117431640625 -15.708208084106445
v -1.3289209604263306 33.388099670410156 -10.952518463134766
v -0.6783022880554199 33.462257385253906 -11.062929153442383
v -1.3289209604263306 33.388099670410156 -10.952518463134766
v -0.6783015131950378 22.89117431640625 -15.708208084106445
v -1.3289201259613037 22.851165771484375 -15.581367492675781
v 0.0000015040726566439844 10.517688751220703 -18.2994441986084
v -0.6783015131950378 22.89117431640625 -15.708208084106445
v 0.0000015731261555629317 22.9049072265625 -15.751754760742188
v -0.6783015131950378 22.89117431640625 -15.708208084106445
v 0.0000015040726566439844 10.517688751220703 -18.2994441986084
v -0.6783013939857483 10.511821746826172 -18.254159927368164
v 0.6783044338226318 22.89117431640625 -15.708208084106445
v 0.6783043146133423 10.511821746826172 -18.254159927368164
v 0.0000015040726566439844 10.517688751220703 -18.2994441986084
v 0.6783044338226318 22.89117431640625 -15.708208084106445
v 0.0000015040726566439844 10.517688751220703 -18.2994441986084
v 0.0000015731261555629317 22.9049072265625 -15.751754760742188
v 1.3289226293563843 22.851165771484375 -15.581367492675781
v 1.3289227485656738 10.494735717773438 -18.122262954711914
v 0.6783043146133423 10.511821746826172 -18.254159927368164
v 1.3289226293563843 22.851165771484375 -15.581367492675781
v 0.6783043146133423 10.511821746826172 -18.254159927368164
v 0.6783044338226318 22.89117431640625 -15.708208084106445
v 1.9458907842636108 22.786693572998047 -15.376916885375977
v 1.9458907842636108 10.46719741821289 -17.9096622467041
v 1.3289227485656738 10.494735717773438 -18.122262954711914
v 1.9458907842636108 22.786693572998047 -15.376916885375977
v 1.3289227485656738 10.494735717773438 -18.122262954711914
v 1.3289226293563843 22.851165771484375 -15.581367492675781
v 2.523242950439453 22.699527740478516 -15.100547790527344
v 2.523242473602295 10.429969787597656 -17.622278213500977
v 1.9458907842636108 10.46719741821289 -17.9096622467041
v 2.523242950439453 22.699527740478516 -15.100547790527344
v 1.9458907842636108 10.46719741821289 -17.9096622467041
v 1.9458907842636108 22.786693572998047 -15.376916885375977
v 3.055013656616211 22.591480255126953 -14.757949829101562
v 3.0550131797790527 10.383819580078125 -17.266023635864258
v 2.523242473602295 10.429969787597656 -17.622278213500977
v 3.055013656616211 22.591480255126953 -14.757949829101562
v 2.523242473602295 10.429969787597656 -17.622278213500977
v 2.523242950439453 22.699527740478516 -15.100547790527344
v 3.5352368354797363 22.464340209960938 -14.354812622070312
v 3.535236120223999 10.329517364501953 -16.846811294555664
v 3.0550131797790527 10.383819580078125 -17.266023635864258
v 3.5352368354797363 22.464340209960938 -14.354812622070312
v 3.0550131797790527 10.383819580078125 -17.266023635864258
v 3.055013656616211 22.591480255126953 -14.757949829101562
v 3.535236120223999 10.329517364501953 -16.846811294555664
v 3.5352368354797363 22.464340209960938 -14.354812622070312
v 3.957946538925171 22.319904327392578 -13.896825790405273
v 3.535236120223999 10.329517364501953 -16.846811294555664
v 3.957946538925171 22.319904327392578 -13.896825790405273
v 3.957946300506592 10.267822265625 -16.370567321777344
v 3.957946300506592 10.267822265625 -16.370567321777344
v 3.957946538925171 22.319904327392578 -13.896825790405273
v 4.317177772521973 22.159961700439453 -13.389678955078125
v 3.957946300506592 10.267822265625 -16.370567321777344
v 4.317177772521973 22.159961700439453 -13.389678955078125
v 4.3171772956848145 10.199504852294922 -15.843204498291016
v 4.3171772956848145 10.199504852294922 -15.843204498291016
v 4.317177772521973 22.159961700439453 -13.389678955078125
v 4.606964588165283 21.986309051513672 -12.839061737060547
v 4.3171772956848145 10.199504852294922 -15.843204498291016
v 4.606964588165283 21.986309051513672 -12.839061737060547
v 4.606964111328125 10.125335693359375 -15.270635604858398
v 4.606964111328125 10.125335693359375 -15.270635604858398
v 4.606964588165283 21.986309051513672 -12.839061737060547
v 4.821340560913086 21.800735473632812 -12.250661849975586
v 4.606964111328125 10.125335693359375 -15.270635604858398
v 4.821340560913086 21.800735473632812 -12.250661849975586
v 4.821340084075928 10.046073913574219 -14.658781051635742
v 4.821340084075928 10.046073913574219 -14.658781051635742
v 4.821340560913086 21.800735473632812 -12.250661849975586
v 4.954341888427734 21.60504913330078 -11.630168914794922
v 4.821340084075928 10.046073913574219 -14.658781051635742
v 4.954341888427734 21.60504913330078 -11.630168914794922
v 4.954340934753418 9.96249008178711 -14.013551712036133
v 4.954340934753418 9.96249008178711 -14.013551712036133
v 4.954341888427734 21.60504913330078 -11.630168914794922
v 5.000001430511475 21.40103530883789 -10.9832763671875
v 4.954340934753418 9.96249008178711 -14.013551712036133
v 5.000001430511475 21.40103530883789 -10.9832763671875
v 5.000000476837158 9.875350952148438 -13.340869903564453
v 5.000000476837158 9.875350952148438 -13.340869903564453
v 5.000001430511475 21.40103530883789 -10.9832763671875
v 4.954341888427734 21.197017669677734 -10.336381912231445
v 5.000000476837158 9.875350952148438 -13.340869903564453
v 4.954341888427734 21.197017669677734 -10.336381912231445
v 4.954341411590576 9.788211822509766 -12.668190002441406
v 4.954341411590576 9.788211822509766 -12.668190002441406
v 4.954341888427734 21.197017669677734 -10.336381912231445
v 4.821341037750244 21.001323699951172 -9.715887069702148
v 4.954341411590576 9.788211822509766 -12.668190002441406
v 4.821341037750244 21.001323699951172 -9.715887069702148
v 4.821340084075928 9.704627990722656 -12.022960662841797
v 4.821340084075928 9.704627990722656 -12.022960662841797
v 4.821341037750244 21.001323699951172 -9.715887069702148
v 4.606963634490967 20.815757751464844 -9.12748908996582
v 4.821340084075928 9.704627990722656 -12.022960662841797
v 4.606963634490967 20.815757751464844 -9.12748908996582
v 4.60696268081665 9.6253662109375 -11.41110610961914
v 4.60696268081665 9.6253662109375 -11.41110610961914
v 4.606963634490967 20.815757751464844 -9.12748908996582
v 4.317176818847656 20.642105102539062 -8.576871871948242
v 4.60696268081665 9.6253662109375 -11.41110610961914
v 4.317176818847656 20.642105102539062 -8.576871871948242
v 4.31717586517334 9.551197052001953 -10.838539123535156
v 4.31717586517334 9.551197052001953 -10.838539123535156
v 4.317176818847656 20.642105102539062 -8.576871871948242
v 3.9579451084136963 20.482162475585938 -8.069723129272461
v 4.31717586517334 9.551197052001953 -10.838539123535156
v 3.9579451084136963 20.482162475585938 -8.069723129272461
v 3.957944393157959 9.48288345336914 -10.311174392700195
v 3.957944393157959 9.48288345336914 -10.311174392700195
v 3.9579451084136963 20.482162475585938 -8.069723129272461
v 3.5352346897125244 20.337722778320312 -7.611736297607422
v 3.957944393157959 9.48288345336914 -10.311174392700195
v 3.5352346897125244 20.337722778320312 -7.611736297607422
v 3.535233736038208 9.421188354492188 -9.834930419921875
v 3.535233736038208 9.421188354492188 -9.834930419921875
v 3.5352346897125244 20.337722778320312 -7.611736297607422
v 3.055011034011841 20.210586547851562 -7.208600997924805
v 3.535233736038208 9.421188354492188 -9.834930419921875
v 3.055011034011841 20.210586547851562 -7.208600997924805
v 3.055011034011841 9.366886138916016 -9.415721893310547
v 3.055011034011841 9.366886138916016 -9.415721893310547
v 3.055011034011841 20.210586547851562 -7.208600997924805
v 2.523240327835083 20.102535247802734 -6.866003036499023
v 3.055011034011841 9.366886138916016 -9.415721893310547
v 2.523240327835083 20.102535247802734 -6.866003036499023
v 2.523239850997925 9.320735931396484 -9.059467315673828
v 2.523239850997925 9.320735931396484 -9.059467315673828
v 2.523240327835083 20.102535247802734 -6.866003036499023
v 1.9458876848220825 20.01537322998047 -6.589635848999023
v 2.523239850997925 9.320735931396484 -9.059467315673828
v 1.9458876848220825 20.01537322998047 -6.589635848999023
v 1.945887565612793 9.28350830078125 -8.772083282470703
v 1.945887565612793 9.28350830078125 -8.772083282470703
v 1.9458876848220825 20.01537322998047 -6.589635848999023
v 1.3289196491241455 19.95090103149414 -6.385187149047852
v 1.945887565612793 9.28350830078125 -8.772083282470703
v 1.3289196491241455 19.95090103149414 -6.385187149047852
v 1.3289189338684082 9.255966186523438 -8.55948257446289
v 1.3289189338684082 9.255966186523438 -8.55948257446289
v 1.3289196491241455 19.95090103149414 -6.385187149047852
v 0.6783009767532349 19.910892486572266 -6.258342742919922
v 1.3289189338684082 9.255966186523438 -8.55948257446289
v 0.6783009767532349 19.910892486572266 -6.258342742919922
v 0.6783006191253662 9.238880157470703 -8.427583694458008
v 0.6783006191253662 9.238880157470703 -8.427583694458008
v 0.6783009767532349 19.910892486572266 -6.258342742919922
v -0.000002086312406390789 19.897159576416016 -6.2147979736328125
v 0.6783006191253662 9.238880157470703 -8.427583694458008
v -0.000002086312406390789 19.897159576416016 -6.2147979736328125
v -0.000002314156972715864 9.233013153076172 -8.382303237915039
v -0.000002086312406390789 19.897159576416016 -6.2147979736328125
v -0.6783050894737244 9.238880157470703 -8.427583694458008
v -0.000002314156972715864 9.233013153076172 -8.382303237915039
v -0.6783050894737244 9.238880157470703 -8.427583694458008
v -0.000002086312406390789 19.897159576416016 -6.2147979736328125
v -0.6783050298690796 19.910892486572266 -6.258342742919922
v -0.6783050298690796 19.910892486572266 -6.258342742919922
v -1.3289234638214111 9.255966186523438 -8.559484481811523
v -0.6783050894737244 9.238880157470703 -8.427583694458008
v -1.3289234638214111 9.255966186523438 -8.559484481811523
v -0.6783050298690796 19.910892486572266 -6.258342742919922
v -1.3289231061935425 19.95090103149414 -6.385187149047852
v -1.3289231061935425 19.95090103149414 -6.385187149047852
v -1.9458914995193481 9.28350830078125 -8.772085189819336
v -1.3289234638214111 9.255966186523438 -8.559484481811523
v -1.9458914995193481 9.28350830078125 -8.772085189819336
v -1.3289231061935425 19.95090103149414 -6.385187149047852
v -1.9458913803100586 20.01537322998047 -6.589635848999023
v -1.9458913803100586 20.01537322998047 -6.589635848999023
v -2.5232434272766113 9.320732116699219 -9.059469223022461
v -1.9458914995193481 9.28350830078125 -8.772085189819336
v -2.5232434272766113 9.320732116699219 -9.059469223022461
v -1.9458913803100586 20.01537322998047 -6.589635848999023
v -2.5232436656951904 20.1025390625 -6.866004943847656
v -2.5232436656951904 20.1025390625 -6.866004943847656
v -3.05501389503479 9.366886138916016 -9.41572380065918
v -2.5232434272766113 9.320732116699219 -9.059469223022461
v -3.05501389503479 9.366886138916016 -9.41572380065918
v -2.5232436656951904 20.1025390625 -6.866004943847656
v -3.055014133453369 20.210586547851562 -7.2086029052734375
v -3.055014133453369 20.210586547851562 -7.2086029052734375
v -3.5352373123168945 9.421188354492188 -9.83493423461914
v -3.05501389503479 9.366886138916016 -9.41572380065918
v -3.5352373123168945 9.421188354492188 -9.83493423461914
v -3.055014133453369 20.210586547851562 -7.2086029052734375
v -3.5352370738983154 20.337726593017578 -7.6117401123046875
v -3.5352370738983154 20.337726593017578 -7.6117401123046875
v -3.9579474925994873 9.48288345336914 -10.311178207397461
v -3.5352373123168945 9.421188354492188 -9.83493423461914
v -3.9579474925994873 9.48288345336914 -10.311178207397461
v -3.5352370738983154 20.337726593017578 -7.6117401123046875
v -3.95794677734375 20.482162475585938 -8.069725036621094
v -3.95794677734375 20.482162475585938 -8.069725036621094
v -4.317178726196289 9.551197052001953 -10.838541030883789
v -3.9579474925994873 9.48288345336914 -10.311178207397461
v -4.317178726196289 9.551197052001953 -10.838541030883789
v -3.95794677734375 20.482162475585938 -8.069725036621094
v -4.317178249359131 20.642105102539062 -8.576873779296875
v -4.317178249359131 20.642105102539062 -8.576873779296875
v -4.606965065002441 9.6253662109375 -11.411109924316406
v -4.317178726196289 9.551197052001953 -10.838541030883789
v -4.606965065002441 9.6253662109375 -11.411109924316406
v -4.317178249359131 20.642105102539062 -8.576873779296875
v -4.606964588165283 20.815757751464844 -9.127492904663086
v -4.606964588165283 20.815757751464844 -9.127492904663086
v -4.821341514587402 9.704627990722656 -12.022964477539062
v -4.606965065002441 9.6253662109375 -11.411109924316406
v -4.821341514587402 9.704627990722656 -12.022964477539062
v -4.606964588165283 20.815757751464844 -9.127492904663086
v -4.821341037750244 21.001331329345703 -9.715890884399414
v -4.821341037750244 21.001331329345703 -9.715890884399414
v -4.954341888427734 9.788211822509766 -12.668193817138672
v -4.821341514587402 9.704627990722656 -12.022964477539062
v -4.954341888427734 9.788211822509766 -12.668193817138672
v -4.821341037750244 21.001331329345703 -9.715890884399414
v -4.954342365264893 21.197017669677734 -10.336385726928711
v -4.954342365264893 21.197017669677734 -10.336385726928711
v -5.000001907348633 9.875350952148438 -13.340875625610352
v -4.954341888427734 9.788211822509766 -12.668193817138672
v -5.000001907348633 9.875350952148438 -13.340875625610352
v -4.954342365264893 21.197017669677734 -10.336385726928711
v -5.000001907348633 21.401031494140625 -10.9832763671875
v -5.000001907348633 21.401031494140625 -10.9832763671875
v -4.954342365264893 9.96249008178711 -14.013555526733398
v -5.000001907348633 9.875350952148438 -13.340875625610352
v -4.954342365264893 9.96249008178711 -14.013555526733398
v -5.000001907348633 21.401031494140625 -10.9832763671875
v -4.954342365264893 21.60504913330078 -11.630172729492188
v -4.954342365264893 21.60504913330078 -11.630172729492188
v -4.821341037750244 10.046073913574219 -14.658784866333008
v -4.954342365264893 9.96249008178711 -14.013555526733398
v -4.821341037750244 10.046073913574219 -14.658784866333008
v -4.954342365264893 21.60504913330078 -11.630172729492188
v -4.821341037750244 21.800743103027344 -12.250665664672852
v -4.821341037750244 21.800743103027344 -12.250665664672852
v -4.606963634490967 10.125335693359375 -15.270639419555664
v -4.821341037750244 10.046073913574219 -14.658784866333008
v -4.606963634490967 10.125335693359375 -15.270639419555664
v -4.821341037750244 21.800743103027344 -12.250665664672852
v -4.606964111328125 21.986309051513672 -12.83906364440918
v -4.606964111328125 21.986309051513672 -12.83906364440918
v -4.3171772956848145 10.199504852294922 -15.843206405639648
v -4.606963634490967 10.125335693359375 -15.270639419555664
v -4.3171772956848145 10.199504852294922 -15.843206405639648
v -4.606964111328125 21.986309051513672 -12.83906364440918
v -4.3171772956848145 22.159961700439453 -13.38968276977539
v -4.3171772956848145 22.159961700439453 -13.38968276977539
v -3.9579455852508545 10.267822265625 -16.37057113647461
v -4.3171772956848145 10.199504852294922 -15.843206405639648
v -3.9579455852508545 10.267822265625 -16.37057113647461
v -4.3171772956848145 22.159961700439453 -13.38968276977539
v -3.9579453468322754 22.319904327392578 -13.896829605102539
v -3.9579453468322754 22.319904327392578 -13.896829605102539
v -3.5352349281311035 10.329513549804688 -16.84681510925293
v -3.9579455852508545 10.267822265625 -16.37057113647461
v -3.5352349281311035 10.329513549804688 -16.84681510925293
v -3.9579453468322754 22.319904327392578 -13.896829605102539
v -3.5352349281311035 22.464344024658203 -14.354816436767578
v -3.055011749267578 10.383819580078125 -17.266023635864258
v -3.5352349281311035 22.464344024658203 -14.354816436767578
v -3.055011749267578 22.591480255126953 -14.757951736450195
v -3.5352349281311035 22.464344024658203 -14.354816436767578
v -3.055011749267578 10.383819580078125 -17.266023635864258
v -3.5352349281311035 10.329513549804688 -16.84681510925293
v -2.523240804672241 10.42996597290039 -17.622278213500977
v -3.055011749267578 22.591480255126953 -14.757951736450195
v -2.5232410430908203 22.69953155517578 -15.100547790527344
v -3.055011749267578 22.591480255126953 -14.757951736450195
v -2.523240804672241 10.42996597290039 -17.622278213500977
v -3.055011749267578 10.383819580078125 -17.266023635864258
v -1.9458884000778198 10.46719741821289 -17.909666061401367
v -2.5232410430908203 22.69953155517578 -15.100547790527344
v -1.9458884000778198 22.786693572998047 -15.376916885375977
v -2.5232410430908203 22.69953155517578 -15.100547790527344
v -1.9458884000778198 10.46719741821289 -17.909666061401367
v -2.523240804672241 10.42996597290039 -17.622278213500977
v -1.328919768333435 10.494735717773438 -18.122262954711914
v -1.9458884000778198 22.786693572998047 -15.376916885375977
v -1.3289201259613037 22.851165771484375 -15.581367492675781
v -1.9458884000778198 22.786693572998047 -15.376916885375977
v -1.328919768333435 10.494735717773438 -18.122262954711914
v -1.9458884000778198 10.46719741821289 -17.909666061401367
v -0.6783013939857483 10.511821746826172 -18.254159927368164
v -1.3289201259613037 22.851165771484375 -15.581367492675781
v -0.6783015131950378 22.89117431640625 -15.708208084106445
v -1.3289201259613037 22.851165771484375 -15.581367492675781
v -0.6783013939857483 10.511821746826172 -18.254159927368164
v -1.328919768333435 10.494735717773438 -18.122262954711914
v 0.000001209531774293282 -2.7198104858398438 -19.042436599731445
v -0.6783013939857483 10.511821746826172 -18.254159927368164
v 0.0000015040726566439844 10.517688751220703 -18.2994441986084
v -0.6783013939857483 10.511821746826172 -18.254159927368164
v 0.000001209531774293282 -2.7198104858398438 -19.042436599731445
v -0.6783017516136169 -2.719362258911133 -18.99677848815918
v 0.6783043146133423 10.511821746826172 -18.254159927368164
v 0.678304135799408 -2.719362258911133 -18.99677848815918
v 0.000001209531774293282 -2.7198104858398438 -19.042436599731445
v 0.6783043146133423 10.511821746826172 -18.254159927368164
v 0.000001209531774293282 -2.7198104858398438 -19.042436599731445
v 0.0000015040726566439844 10.517688751220703 -18.2994441986084
v 1.3289227485656738 10.494735717773438 -18.122262954711914
v 1.3289222717285156 -2.7180633544921875 -18.86378288269043
v 0.678304135799408 -2.719362258911133 -18.99677848815918
v 1.3289227485656738 10.494735717773438 -18.122262954711914
v 0.678304135799408 -2.719362258911133 -18.99677848815918
v 0.6783043146133423 10.511821746826172 -18.254159927368164
v 1.9458907842636108 10.46719741821289 -17.9096622467041
v 1.9458905458450317 -2.7159690856933594 -18.649415969848633
v 1.3289222717285156 -2.7180633544921875 -18.86378288269043
v 1.9458907842636108 10.46719741821289 -17.9096622467041
v 1.3289222717285156 -2.7180633544921875 -18.86378288269043
v 1.3289227485656738 10.494735717773438 -18.122262954711914
v 2.523242473602295 10.429969787597656 -17.622278213500977
v 2.523242235183716 -2.713134765625 -18.359643936157227
v 1.9458905458450317 -2.7159690856933594 -18.649415969848633
v 2.523242473602295 10.429969787597656 -17.622278213500977
v 1.9458905458450317 -2.7159690856933594 -18.649415969848633
v 1.9458907842636108 10.46719741821289 -17.9096622467041
v 3.0550131797790527 10.383819580078125 -17.266023635864258
v 3.0550129413604736 -2.709623336791992 -18.000429153442383
v 2.523242235183716 -2.713134765625 -18.359643936157227
v 3.0550131797790527 10.383819580078125 -17.266023635864258
v 2.523242235183716 -2.713134765625 -18.359643936157227
v 2.523242473602295 10.429969787597656 -17.622278213500977
v 3.535236120223999 10.329517364501953 -16.846811294555664
v 3.53523588180542 -2.7054920196533203 -17.57773780822754
v 3.0550129413604736 -2.709623336791992 -18.000429153442383
v 3.535236120223999 10.329517364501953 -16.846811294555664
v 3.0550129413604736 -2.709623336791992 -18.000429153442383
v 3.0550131797790527 10.383819580078125 -17.266023635864258
v 3.53523588180542 -2.7054920196533203 -17.57773780822754
v 3.535236120223999 10.329517364501953 -16.846811294555664
v 3.957946300506592 10.267822265625 -16.370567321777344
v 3.53523588180542 -2.7054920196533203 -17.57773780822754
v 3.957946300506592 10.267822265625 -16.370567321777344
v 3.9579458236694336 -2.7008018493652344 -17.0975399017334
v 3.9579458236694336 -2.7008018493652344 -17.0975399017334
v 3.957946300506592 10.267822265625 -16.370567321777344
v 4.3171772956848145 10.199504852294922 -15.843204498291016
v 3.9579458236694336 -2.7008018493652344 -17.0975399017334
v 4.3171772956848145 10.199504852294922 -15.843204498291016
v 4.317176818847656 -2.6956043243408203 -16.565793991088867
v 4.317176818847656 -2.6956043243408203 -16.565793991088867
v 4.3171772956848145 10.199504852294922 -15.843204498291016
v 4.606964111328125 10.125335693359375 -15.270635604858398
v 4.317176818847656 -2.6956043243408203 -16.565793991088867
v 4.606964111328125 10.125335693359375 -15.270635604858398
v 4.606963634490967 -2.689962387084961 -15.988468170166016
v 4.606963634490967 -2.689962387084961 -15.988468170166016
v 4.606964111328125 10.125335693359375 -15.270635604858398
v 4.821340084075928 10.046073913574219 -14.658781051635742
v 4.606963634490967 -2.689962387084961 -15.988468170166016
v 4.821340084075928 10.046073913574219 -14.658781051635742
v 4.821340084075928 -2.6839332580566406 -15.371528625488281
v 4.821340084075928 -2.6839332580566406 -15.371528625488281
v 4.821340084075928 10.046073913574219 -14.658781051635742
v 4.954340934753418 9.96249008178711 -14.013551712036133
v 4.821340084075928 -2.6839332580566406 -15.371528625488281
v 4.954340934753418 9.96249008178711 -14.013551712036133
v 4.954340934753418 -2.6775741577148438 -14.720939636230469
v 4.954340934753418 -2.6775741577148438 -14.720939636230469
v 4.954340934753418 9.96249008178711 -14.013551712036133
v 5.000000476837158 9.875350952148438 -13.340869903564453
v 4.954340934753418 -2.6775741577148438 -14.720939636230469
v 5.000000476837158 9.875350952148438 -13.340869903564453
v 5.000000476837158 -2.6709461212158203 -14.042673110961914
v 5.000000476837158 -2.6709461212158203 -14.042673110961914
v 5.000000476837158 9.875350952148438 -13.340869903564453
v 4.954341411590576 9.788211822509766 -12.668190002441406
v 5.000000476837158 -2.6709461212158203 -14.042673110961914
v 4.954341411590576 9.788211822509766 -12.668190002441406
v 4.954340934753418 -2.664318084716797 -13.364400863647461
v 4.954340934753418 -2.664318084716797 -13.364400863647461
v 4.954341411590576 9.788211822509766 -12.668190002441406
v 4.821340084075928 9.704627990722656 -12.022960662841797
v 4.954340934753418 -2.664318084716797 -13.364400863647461
v 4.821340084075928 9.704627990722656 -12.022960662841797
v 4.821340084075928 -2.657957077026367 -12.713813781738281
v 4.821340084075928 -2.657957077026367 -12.713813781738281
v 4.821340084075928 9.704627990722656 -12.022960662841797
v 4.60696268081665 9.6253662109375 -11.41110610961914
v 4.821340084075928 -2.657957077026367 -12.713813781738281
v 4.60696268081665 9.6253662109375 -11.41110610961914
v 4.60696268081665 -2.6519298553466797 -12.09687614440918
v 4.60696268081665 -2.6519298553466797 -12.09687614440918
v 4.60696268081665 9.6253662109375 -11.41110610961914
v 4.31717586517334 9.551197052001953 -10.838539123535156
v 4.60696268081665 -2.6519298553466797 -12.09687614440918
v 4.31717586517334 9.551197052001953 -10.838539123535156
v 4.317175388336182 -2.6462879180908203 -11.519550323486328
v 4.317175388336182 -2.6462879180908203 -11.519550323486328
v 4.31717586517334 9.551197052001953 -10.838539123535156
v 3.957944393157959 9.48288345336914 -10.311174392700195
v 4.317175388336182 -2.6462879180908203 -11.519550323486328
v 3.957944393157959 9.48288345336914 -10.311174392700195
v 3.95794415473938 -2.6410903930664062 -10.98780632019043
v 3.95794415473938 -2.6410903930664062 -10.98780632019043
v 3.957944393157959 9.48288345336914 -10.311174392700195
v 3.535233736038208 9.421188354492188 -9.834930419921875
v 3.95794415473938 -2.6410903930664062 -10.98780632019043
v 3.535233736038208 9.421188354492188 -9.834930419921875
v 3.535233497619629 -2.6363983154296875 -10.507604598999023
v 3.535233497619629 -2.6363983154296875 -10.507604598999023
v 3.535233736038208 9.421188354492188 -9.834930419921875
v 3.055011034011841 9.366886138916016 -9.415721893310547
v 3.535233497619629 -2.6363983154296875 -10.507604598999023
v 3.055011034011841 9.366886138916016 -9.415721893310547
v 3.0550103187561035 -2.632265090942383 -10.084915161132812
v 3.0550103187561035 -2.632265090942383 -10.084915161132812
v 3.055011034011841 9.366886138916016 -9.415721893310547
v 2.523239850997925 9.320735931396484 -9.059467315673828
v 3.0550103187561035 -2.632265090942383 -10.084915161132812
v 2.523239850997925 9.320735931396484 -9.059467315673828
v 2.523239850997925 -2.6287574768066406 -9.725702285766602
v 2.523239850997925 -2.6287574768066406 -9.725702285766602
v 2.523239850997925 9.320735931396484 -9.059467315673828
v 1.945887565612793 9.28350830078125 -8.772083282470703
v 2.523239850997925 -2.6287574768066406 -9.725702285766602
v 1.945887565612793 9.28350830078125 -8.772083282470703
v 1.945887565612793 -2.6259231567382812 -9.435928344726562
v 1.945887565612793 -2.6259231567382812 -9.435928344726562
v 1.945887565612793 9.28350830078125 -8.772083282470703
v 1.3289189338684082 9.255966186523438 -8.55948257446289
v 1.945887565612793 -2.6259231567382812 -9.435928344726562
v 1.3289189338684082 9.255966186523438 -8.55948257446289
v 1.3289188146591187 -2.623828887939453 -9.221563339233398
v 1.3289188146591187 -2.623828887939453 -9.221563339233398
v 1.3289189338684082 9.255966186523438 -8.55948257446289
v 0.6783006191253662 9.238880157470703 -8.427583694458008
v 1.3289188146591187 -2.623828887939453 -9.221563339233398
v 0.6783006191253662 9.238880157470703 -8.427583694458008
v 0.6783003211021423 -2.622529983520508 -9.088567733764648
v 0.6783003211021423 -2.622529983520508 -9.088567733764648
v 0.6783006191253662 9.238880157470703 -8.427583694458008
v -0.000002314156972715864 9.233013153076172 -8.382303237915039
v 0.6783003211021423 -2.622529983520508 -9.088567733764648
v -0.000002314156972715864 9.233013153076172 -8.382303237915039
v -0.000002719286385399755 -2.622081756591797 -9.042909622192383
v -0.000002314156972715864 9.233013153076172 -8.382303237915039
v -0.6783056259155273 -2.622529983520508 -9.088567733764648
v -0.000002719286385399755 -2.622081756591797 -9.042909622192383
v -0.6783056259155273 -2.622529983520508 -9.088567733764648
v -0.000002314156972715864 9.233013153076172 -8.382303237915039
v -0.6783050894737244 9.238880157470703 -8.427583694458008
v -0.6783050894737244 9.238880157470703 -8.427583694458008
v -1.3289238214492798 -2.623828887939453 -9.221563339233398
v -0.6783056259155273 -2.622529983520508 -9.088567733764648
v -1.3289238214492798 -2.623828887939453 -9.221563339233398
v -0.6783050894737244 9.238880157470703 -8.427583694458008
v -1.3289234638214111 9.255966186523438 -8.559484481811523
v -1.3289234638214111 9.255966186523438 -8.559484481811523
v -1.9458918571472168 -2.6259231567382812 -9.435930252075195
v -1.3289238214492798 -2.623828887939453 -9.221563339233398
v -1.9458918571472168 -2.6259231567382812 -9.435930252075195
v -1.3289234638214111 9.255966186523438 -8.559484481811523
v -1.9458914995193481 9.28350830078125 -8.772085189819336
v -1.9458914995193481 9.28350830078125 -8.772085189819336
v -2.5232436656951904 -2.6287574768066406 -9.725702285766602
v -1.9458918571472168 -2.6259231567382812 -9.435930252075195
v -2.5232436656951904 -2.6287574768066406 -9.725702285766602
v -1.9458914995193481 9.28350830078125 -8.772085189819336
v -2.5232434272766113 9.320732116699219 -9.059469223022461
v -2.5232434272766113 9.320732116699219 -9.059469223022461
v -3.0550143718719482 -2.6322689056396484 -10.084915161132812
v -2.5232436656951904 -2.6287574768066406 -9.725702285766602
v -3.0550143718719482 -2.6322689056396484 -10.084915161132812
v -2.5232434272766113 9.320732116699219 -9.059469223022461
v -3.05501389503479 9.366886138916016 -9.41572380065918
v -3.05501389503479 9.366886138916016 -9.41572380065918
v -3.5352373123168945 -2.6364002227783203 -10.507608413696289
v -3.0550143718719482 -2.6322689056396484 -10.084915161132812
v -3.5352373123168945 -2.6364002227783203 -10.507608413696289
v -3.05501389503479 9.366886138916016 -9.41572380065918
v -3.5352373123168945 9.421188354492188 -9.83493423461914
v -3.5352373123168945 9.421188354492188 -9.83493423461914
v -3.957947254180908 -2.6410903930664062 -10.98780632019043
v -3.5352373123168945 -2.6364002227783203 -10.507608413696289
v -3.957947254180908 -2.6410903930664062 -10.98780632019043
v -3.5352373123168945 9.421188354492188 -9.83493423461914
v -3.9579474925994873 9.48288345336914 -10.311178207397461
v -3.9579474925994873 9.48288345336914 -10.311178207397461
v -4.317178249359131 -2.6462879180908203 -11.519552230834961
v -3.957947254180908 -2.6410903930664062 -10.98780632019043
v -4.317178249359131 -2.6462879180908203 -11.519552230834961
v -3.9579474925994873 9.48288345336914 -10.311178207397461
v -4.317178726196289 9.551197052001953 -10.838541030883789
v -4.317178726196289 9.551197052001953 -10.838541030883789
v -4.606965065002441 -2.6519298553466797 -12.09687614440918
v -4.317178249359131 -2.6462879180908203 -11.519552230834961
v -4.606965065002441 -2.6519298553466797 -12.09687614440918
v -4.317178726196289 9.551197052001953 -10.838541030883789
v -4.606965065002441 9.6253662109375 -11.411109924316406
v -4.606965065002441 9.6253662109375 -11.411109924316406
v -4.821341514587402 -2.657958984375 -12.713817596435547
v -4.606965065002441 -2.6519298553466797 -12.09687614440918
v -4.821341514587402 -2.657958984375 -12.713817596435547
v -4.606965065002441 9.6253662109375 -11.411109924316406
v -4.821341514587402 9.704627990722656 -12.022964477539062
v -4.821341514587402 9.704627990722656 -12.022964477539062
v -4.954342365264893 -2.664318084716797 -13.364404678344727
v -4.821341514587402 -2.657958984375 -12.713817596435547
v -4.954342365264893 -2.664318084716797 -13.364404678344727
v -4.821341514587402 9.704627990722656 -12.022964477539062
v -4.954341888427734 9.788211822509766 -12.668193817138672
v -4.954341888427734 9.788211822509766 -12.668193817138672
v -5.000001907348633 -2.6709461212158203 -14.042673110961914
v -4.954342365264893 -2.664318084716797 -13.364404678344727
v -5.000001907348633 -2.6709461212158203 -14.042673110961914
v -4.954341888427734 9.788211822509766 -12.668193817138672
v -5.000001907348633 9.875350952148438 -13.340875625610352
v -5.000001907348633 9.875350952148438 -13.340875625610352
v -4.954342365264893 -2.6775741577148438 -14.720943450927734
v -5.000001907348633 -2.6709461212158203 -14.042673110961914
v -4.954342365264893 -2.6775741577148438 -14.720943450927734
v -5.000001907348633 9.875350952148438 -13.340875625610352
v -4.954342365264893 9.96249008178711 -14.013555526733398
v -4.954342365264893 9.96249008178711 -14.013555526733398
v -4.821341514587402 -2.6839351654052734 -15.371532440185547
v -4.954342365264893 -2.6775741577148438 -14.720943450927734
v -4.821341514587402 -2.6839351654052734 -15.371532440185547
v -4.954342365264893 9.96249008178711 -14.013555526733398
v -4.821341037750244 10.046073913574219 -14.658784866333008
v -4.821341037750244 10.046073913574219 -14.658784866333008
v -4.606963634490967 -2.689962387084961 -15.988470077514648
v -4.821341514587402 -2.6839351654052734 -15.371532440185547
v -4.606963634490967 -2.689962387084961 -15.988470077514648
v -4.821341037750244 10.046073913574219 -14.658784866333008
v -4.606963634490967 10.125335693359375 -15.270639419555664
v -4.606963634490967 10.125335693359375 -15.270639419555664
v -4.317176818847656 -2.6956043243408203 -16.565793991088867
v -4.606963634490967 -2.689962387084961 -15.988470077514648
v -4.317176818847656 -2.6956043243408203 -16.565793991088867
v -4.606963634490967 10.125335693359375 -15.270639419555664
v -4.3171772956848145 10.199504852294922 -15.843206405639648
v -4.3171772956848145 10.199504852294922 -15.843206405639648
v -3.9579455852508545 -2.7008018493652344 -17.0975399017334
v -4.317176818847656 -2.6956043243408203 -16.565793991088867
v -3.9579455852508545 -2.7008018493652344 -17.0975399017334
v -4.3171772956848145 10.199504852294922 -15.843206405639648
v -3.9579455852508545 10.267822265625 -16.37057113647461
v -3.9579455852508545 10.267822265625 -16.37057113647461
v -3.5352349281311035 -2.705493927001953 -17.577741622924805
v -3.9579455852508545 -2.7008018493652344 -17.0975399017334
v -3.5352349281311035 -2.705493927001953 -17.577741622924805
v -3.9579455852508545 10.267822265625 -16.37057113647461
v -3.5352349281311035 10.329513549804688 -16.84681510925293
v -3.055011749267578 -2.709627151489258 -18.000429153442383
v -3.5352349281311035 10.329513549804688 -16.84681510925293
v -3.055011749267578 10.383819580078125 -17.266023635864258
v -3.5352349281311035 10.329513549804688 -16.84681510925293
v -3.055011749267578 -2.709627151489258 -18.000429153442383
v -3.5352349281311035 -2.705493927001953 -17.577741622924805
v -2.5232412815093994 -2.713134765625 -18.359643936157227
v -3.055011749267578 10.383819580078125 -17.266023635864258
v -2.523240804672241 10.42996597290039 -17.622278213500977
v -3.055011749267578 10.383819580078125 -17.266023635864258
v -2.5232412815093994 -2.713134765625 -18.359643936157227
v -3.055011749267578 -2.709627151489258 -18.000429153442383
v -1.9458889961242676 -2.7159690856933594 -18.649415969848633
v -2.523240804672241 10.42996597290039 -17.622278213500977
v -1.9458884000778198 10.46719741821289 -17.909666061401367
v -2.523240804672241 10.42996597290039 -17.622278213500977
v -1.9458889961242676 -2.7159690856933594 -18.649415969848633
v -2.5232412815093994 -2.713134765625 -18.359643936157227
v -1.3289203643798828 -2.7180633544921875 -18.86378288269043
v -1.9458884000778198 10.46719741821289 -17.909666061401367
v -1.328919768333435 10.494735717773438 -18.122262954711914
v -1.9458884000778198 10.46719741821289 -17.909666061401367
v -1.3289203643798828 -2.7180633544921875 -18.86378288269043
v -1.9458889961242676 -2.7159690856933594 -18.649415969848633
v -0.6783017516136169 -2.719362258911133 -18.99677848815918
v -1.328919768333435 10.494735717773438 -18.122262954711914
v -0.6783013939857483 10.511821746826172 -18.254159927368164
v -1.328919768333435 10.494735717773438 -18.122262954711914
v -0.6783017516136169 -2.719362258911133 -18.99677848815918
v -1.3289203643798828 -2.7180633544921875 -18.86378288269043
v 0.000001209531774293282 -2.7198104858398438 -19.042436599731445
v 7.909680448392464e-7 -15.788595199584961 -18.051000595092773
v -0.6783022284507751 -15.781684875488281 -18.0058650970459
v 0.000001209531774293282 -2.7198104858398438 -19.042436599731445
v -0.6783022284507751 -15.781684875488281 -18.0058650970459
v -0.6783017516136169 -2.719362258911133 -18.99677848815918
v 0.6783037781715393 -15.781684875488281 -18.0058650970459
v 0.000001209531774293282 -2.7198104858398438 -19.042436599731445
v 0.678304135799408 -2.719362258911133 -18.99677848815918
v 0.000001209531774293282 -2.7198104858398438 -19.042436599731445
v 0.6783037781715393 -15.781684875488281 -18.0058650970459
v 7.909680448392464e-7 -15.788595199584961 -18.051000595092773
v 1.328922152519226 -15.761556625366211 -17.874399185180664
v 0.678304135799408 -2.719362258911133 -18.99677848815918
v 1.3289222717285156 -2.7180633544921875 -18.86378288269043
v 0.678304135799408 -2.719362258911133 -18.99677848815918
v 1.328922152519226 -15.761556625366211 -17.874399185180664
v 0.6783037781715393 -15.781684875488281 -18.0058650970459
v 1.9458903074264526 -15.729114532470703 -17.66248893737793
v 1.3289222717285156 -2.7180633544921875 -18.86378288269043
v 1.9458905458450317 -2.7159690856933594 -18.649415969848633
v 1.3289222717285156 -2.7180633544921875 -18.86378288269043
v 1.9458903074264526 -15.729114532470703 -17.66248893737793
v 1.328922152519226 -15.761556625366211 -17.874399185180664
v 2.523242473602295 -15.685260772705078 -17.37604331970215
v 1.9458905458450317 -2.7159690856933594 -18.649415969848633
v 2.523242235183716 -2.713134765625 -18.359643936157227
v 1.9458905458450317 -2.7159690856933594 -18.649415969848633
v 2.523242473602295 -15.685260772705078 -17.37604331970215
v 1.9458903074264526 -15.729114532470703 -17.66248893737793
v 3.0550127029418945 -15.630897521972656 -17.02094841003418
v 2.523242235183716 -2.713134765625 -18.359643936157227
v 3.0550129413604736 -2.709623336791992 -18.000429153442383
v 2.523242235183716 -2.713134765625 -18.359643936157227
v 3.0550127029418945 -15.630897521972656 -17.02094841003418
v 2.523242473602295 -15.685260772705078 -17.37604331970215
v 3.53523588180542 -15.566926956176758 -16.60310173034668
v 3.0550129413604736 -2.709623336791992 -18.000429153442383
v 3.53523588180542 -2.7054920196533203 -17.57773780822754
v 3.0550129413604736 -2.709623336791992 -18.000429153442383
v 3.53523588180542 -15.566926956176758 -16.60310173034668
v 3.0550127029418945 -15.630897521972656 -17.02094841003418
v 3.53523588180542 -2.7054920196533203 -17.57773780822754
v 3.9579455852508545 -15.494255065917969 -16.1284122467041
v 3.53523588180542 -15.566926956176758 -16.60310173034668
v 3.9579455852508545 -15.494255065917969 -16.1284122467041
v 3.53523588180542 -2.7054920196533203 -17.57773780822754
v 3.9579458236694336 -2.7008018493652344 -17.0975399017334
v 3.9579458236694336 -2.7008018493652344 -17.0975399017334
v 4.317176818847656 -15.413780212402344 -15.602764129638672
v 3.9579455852508545 -15.494255065917969 -16.1284122467041
v 4.317176818847656 -15.413780212402344 -15.602764129638672
v 3.9579458236694336 -2.7008018493652344 -17.0975399017334
v 4.317176818847656 -2.6956043243408203 -16.565793991088867
v 4.317176818847656 -2.6956043243408203 -16.565793991088867
v 4.606963634490967 -15.326410293579102 -15.032062530517578
v 4.317176818847656 -15.413780212402344 -15.602764129638672
v 4.606963634490967 -15.326410293579102 -15.032062530517578
v 4.317176818847656 -2.6956043243408203 -16.565793991088867
v 4.606963634490967 -2.689962387084961 -15.988468170166016
v 4.606963634490967 -2.689962387084961 -15.988468170166016
v 4.821340084075928 -15.233043670654297 -14.422199249267578
v 4.606963634490967 -15.326410293579102 -15.032062530517578
v 4.821340084075928 -15.233043670654297 -14.422199249267578
v 4.606963634490967 -2.689962387084961 -15.988468170166016
v 4.821340084075928 -2.6839332580566406 -15.371528625488281
v 4.821340084075928 -2.6839332580566406 -15.371528625488281
v 4.954340934753418 -15.134584426879883 -13.779073715209961
v 4.821340084075928 -15.233043670654297 -14.422199249267578
v 4.954340934753418 -15.134584426879883 -13.779073715209961
v 4.821340084075928 -2.6839332580566406 -15.371528625488281
v 4.954340934753418 -2.6775741577148438 -14.720939636230469
v 4.954340934753418 -2.6775741577148438 -14.720939636230469
v 5.000000476837158 -15.03193473815918 -13.10858154296875
v 4.954340934753418 -15.134584426879883 -13.779073715209961
v 5.000000476837158 -15.03193473815918 -13.10858154296875
v 4.954340934753418 -2.6775741577148438 -14.720939636230469
v 5.000000476837158 -2.6709461212158203 -14.042673110961914
v 5.000000476837158 -2.6709461212158203 -14.042673110961914
v 4.954340934753418 -14.92928695678711 -12.438091278076172
v 5.000000476837158 -15.03193473815918 -13.10858154296875
v 4.954340934753418 -14.92928695678711 -12.438091278076172
v 5.000000476837158 -2.6709461212158203 -14.042673110961914
v 4.954340934753418 -2.664318084716797 -13.364400863647461
v 4.954340934753418 -2.664318084716797 -13.364400863647461
v 4.821340084075928 -14.830825805664062 -11.794965744018555
v 4.954340934753418 -14.92928695678711 -12.438091278076172
v 4.821340084075928 -14.830825805664062 -11.794965744018555
v 4.954340934753418 -2.664318084716797 -13.364400863647461
v 4.821340084075928 -2.657957077026367 -12.713813781738281
v 4.821340084075928 -2.657957077026367 -12.713813781738281
v 4.606962203979492 -14.73746109008789 -11.185104370117188
v 4.821340084075928 -14.830825805664062 -11.794965744018555
v 4.606962203979492 -14.73746109008789 -11.185104370117188
v 4.821340084075928 -2.657957077026367 -12.713813781738281
v 4.60696268081665 -2.6519298553466797 -12.09687614440918
v 4.60696268081665 -2.6519298553466797 -12.09687614440918
v 4.317175388336182 -14.650089263916016 -10.614400863647461
v 4.606962203979492 -14.73746109008789 -11.185104370117188
v 4.317175388336182 -14.650089263916016 -10.614400863647461
v 4.60696268081665 -2.6519298553466797 -12.09687614440918
v 4.317175388336182 -2.6462879180908203 -11.519550323486328
v 4.317175388336182 -2.6462879180908203 -11.519550323486328
v 3.95794415473938 -14.569616317749023 -10.088756561279297
v 4.317175388336182 -14.650089263916016 -10.614400863647461
v 3.95794415473938 -14.569616317749023 -10.088756561279297
v 4.317175388336182 -2.6462879180908203 -11.519550323486328
v 3.95794415473938 -2.6410903930664062 -10.98780632019043
v 3.95794415473938 -2.6410903930664062 -10.98780632019043
v 3.535233736038208 -14.496942520141602 -9.61406135559082
v 3.95794415473938 -14.569616317749023 -10.088756561279297
v 3.535233736038208 -14.496942520141602 -9.61406135559082
v 3.95794415473938 -2.6410903930664062 -10.98780632019043
v 3.535233497619629 -2.6363983154296875 -10.507604598999023
v 3.535233497619629 -2.6363983154296875 -10.507604598999023
v 3.0550103187561035 -14.432973861694336 -9.196222305297852
v 3.535233736038208 -14.496942520141602 -9.61406135559082
v 3.0550103187561035 -14.432973861694336 -9.196222305297852
v 3.535233497619629 -2.6363983154296875 -10.507604598999023
v 3.0550103187561035 -2.632265090942383 -10.084915161132812
v 3.0550103187561035 -2.632265090942383 -10.084915161132812
v 2.5232396125793457 -14.378610610961914 -8.841127395629883
v 3.0550103187561035 -14.432973861694336 -9.196222305297852
v 2.5232396125793457 -14.378610610961914 -8.841127395629883
v 3.0550103187561035 -2.632265090942383 -10.084915161132812
v 2.523239850997925 -2.6287574768066406 -9.725702285766602
v 2.523239850997925 -2.6287574768066406 -9.725702285766602
v 1.9458873271942139 -14.334756851196289 -8.554677963256836
v 2.5232396125793457 -14.378610610961914 -8.841127395629883
v 1.9458873271942139 -14.334756851196289 -8.554677963256836
v 2.523239850997925 -2.6287574768066406 -9.725702285766602
v 1.945887565612793 -2.6259231567382812 -9.435928344726562
v 1.945887565612793 -2.6259231567382812 -9.435928344726562
v 1.328918695449829 -14.302314758300781 -8.342769622802734
v 1.9458873271942139 -14.334756851196289 -8.554677963256836
v 1.328918695449829 -14.302314758300781 -8.342769622802734
v 1.945887565612793 -2.6259231567382812 -9.435928344726562
v 1.3289188146591187 -2.623828887939453 -9.221563339233398
v 1.3289188146591187 -2.623828887939453 -9.221563339233398
v 0.678300142288208 -14.282186508178711 -8.211301803588867
v 1.328918695449829 -14.302314758300781 -8.342769622802734
v 0.678300142288208 -14.282186508178711 -8.211301803588867
v 1.3289188146591187 -2.623828887939453 -9.221563339233398
v 0.6783003211021423 -2.622529983520508 -9.088567733764648
v 0.6783003211021423 -2.622529983520508 -9.088567733764648
v -0.0000028635358830797486 -14.275278091430664 -8.166168212890625
v 0.678300142288208 -14.282186508178711 -8.211301803588867
v -0.0000028635358830797486 -14.275278091430664 -8.166168212890625
v 0.6783003211021423 -2.622529983520508 -9.088567733764648
v -0.000002719286385399755 -2.622081756591797 -9.042909622192383
v -0.0000028635358830797486 -14.275278091430664 -8.166168212890625
v -0.000002719286385399755 -2.622081756591797 -9.042909622192383
v -0.6783056259155273 -2.622529983520508 -9.088567733764648
v -0.0000028635358830797486 -14.275278091430664 -8.166168212890625
v -0.6783056259155273 -2.622529983520508 -9.088567733764648
v -0.6783058643341064 -14.282186508178711 -8.211301803588867
v -0.6783058643341064 -14.282186508178711 -8.211301803588867
v -0.6783056259155273 -2.622529983520508 -9.088567733764648
v -1.3289238214492798 -2.623828887939453 -9.221563339233398
v -0.6783058643341064 -14.282186508178711 -8.211301803588867
v -1.3289238214492798 -2.623828887939453 -9.221563339233398
v -1.328924298286438 -14.302316665649414 -8.342769622802734
v -1.328924298286438 -14.302316665649414 -8.342769622802734
v -1.3289238214492798 -2.623828887939453 -9.221563339233398
v -1.9458918571472168 -2.6259231567382812 -9.435930252075195
v -1.328924298286438 -14.302316665649414 -8.342769622802734
v -1.9458918571472168 -2.6259231567382812 -9.435930252075195
v -1.9458922147750854 -14.334756851196289 -8.554679870605469
v -1.9458922147750854 -14.334756851196289 -8.554679870605469
v -1.9458918571472168 -2.6259231567382812 -9.435930252075195
v -2.5232436656951904 -2.6287574768066406 -9.725702285766602
v -1.9458922147750854 -14.334756851196289 -8.554679870605469
v -2.5232436656951904 -2.6287574768066406 -9.725702285766602
v -2.5232443809509277 -14.378610610961914 -8.841127395629883
v -2.5232443809509277 -14.378610610961914 -8.841127395629883
v -2.5232436656951904 -2.6287574768066406 -9.725702285766602
v -3.0550143718719482 -2.6322689056396484 -10.084915161132812
v -2.5232443809509277 -14.378610610961914 -8.841127395629883
v -3.0550143718719482 -2.6322689056396484 -10.084915161132812
v -3.0550146102905273 -14.432975769042969 -9.196222305297852
v -3.0550146102905273 -14.432975769042969 -9.196222305297852
v -3.0550143718719482 -2.6322689056396484 -10.084915161132812
v -3.5352373123168945 -2.6364002227783203 -10.507608413696289
v -3.0550146102905273 -14.432975769042969 -9.196222305297852
v -3.5352373123168945 -2.6364002227783203 -10.507608413696289
v -3.5352377891540527 -14.496944427490234 -9.614065170288086
v -3.5352377891540527 -14.496944427490234 -9.614065170288086
v -3.5352373123168945 -2.6364002227783203 -10.507608413696289
v -3.957947254180908 -2.6410903930664062 -10.98780632019043
v -3.5352377891540527 -14.496944427490234 -9.614065170288086
v -3.957947254180908 -2.6410903930664062 -10.98780632019043
v -3.9579474925994873 -14.569618225097656 -10.088756561279297
v -3.9579474925994873 -14.569618225097656 -10.088756561279297
v -3.957947254180908 -2.6410903930664062 -10.98780632019043
v -4.317178249359131 -2.6462879180908203 -11.519552230834961
v -3.9579474925994873 -14.569618225097656 -10.088756561279297
v -4.317178249359131 -2.6462879180908203 -11.519552230834961
v -4.317178726196289 -14.650091171264648 -10.614404678344727
v -4.317178726196289 -14.650091171264648 -10.614404678344727
v -4.317178249359131 -2.6462879180908203 -11.519552230834961
v -4.606965065002441 -2.6519298553466797 -12.09687614440918
v -4.317178726196289 -14.650091171264648 -10.614404678344727
v -4.606965065002441 -2.6519298553466797 -12.09687614440918
v -4.6069655418396 -14.737462997436523 -11.18510627746582
v -4.6069655418396 -14.737462997436523 -11.18510627746582
v -4.606965065002441 -2.6519298553466797 -12.09687614440918
v -4.821341514587402 -2.657958984375 -12.713817596435547
v -4.6069655418396 -14.737462997436523 -11.18510627746582
v -4.821341514587402 -2.657958984375 -12.713817596435547
v -4.8213419914245605 -14.830829620361328 -11.79496955871582
v -4.8213419914245605 -14.830829620361328 -11.79496955871582
v -4.821341514587402 -2.657958984375 -12.713817596435547
v -4.954342365264893 -2.664318084716797 -13.364404678344727
v -4.8213419914245605 -14.830829620361328 -11.79496955871582
v -4.954342365264893 -2.664318084716797 -13.364404678344727
v -4.954342842102051 -14.929288864135742 -12.438095092773438
v -4.954342842102051 -14.929288864135742 -12.438095092773438
v -4.954342365264893 -2.664318084716797 -13.364404678344727
v -5.000001907348633 -2.6709461212158203 -14.042673110961914
v -4.954342842102051 -14.929288864135742 -12.438095092773438
v -5.000001907348633 -2.6709461212158203 -14.042673110961914
v -5.000002384185791 -15.031938552856445 -13.108587265014648
v -5.000002384185791 -15.031938552856445 -13.108587265014648
v -5.000001907348633 -2.6709461212158203 -14.042673110961914
v -4.954342365264893 -2.6775741577148438 -14.720943450927734
v -5.000002384185791 -15.031938552856445 -13.108587265014648
v -4.954342365264893 -2.6775741577148438 -14.720943450927734
v -4.954342842102051 -15.134586334228516 -13.779077529907227
v -4.954342842102051 -15.134586334228516 -13.779077529907227
v -4.954342365264893 -2.6775741577148438 -14.720943450927734
v -4.821341514587402 -2.6839351654052734 -15.371532440185547
v -4.954342842102051 -15.134586334228516 -13.779077529907227
v -4.821341514587402 -2.6839351654052734 -15.371532440185547
v -4.8213419914245605 -15.23304557800293 -14.422203063964844
v -4.8213419914245605 -15.23304557800293 -14.422203063964844
v -4.821341514587402 -2.6839351654052734 -15.371532440185547
v -4.606963634490967 -2.689962387084961 -15.988470077514648
v -4.8213419914245605 -15.23304557800293 -14.422203063964844
v -4.606963634490967 -2.689962387084961 -15.988470077514648
v -4.606964111328125 -15.326412200927734 -15.032066345214844
v -4.606964111328125 -15.326412200927734 -15.032066345214844
v -4.606963634490967 -2.689962387084961 -15.988470077514648
v -4.317176818847656 -2.6956043243408203 -16.565793991088867
v -4.606964111328125 -15.326412200927734 -15.032066345214844
v -4.317176818847656 -2.6956043243408203 -16.565793991088867
v -4.3171772956848145 -15.41378402709961 -15.602767944335938
v -4.3171772956848145 -15.41378402709961 -15.602767944335938
v -4.317176818847656 -2.6956043243408203 -16.565793991088867
v -3.9579455852508545 -2.7008018493652344 -17.0975399017334
v -4.3171772956848145 -15.41378402709961 -15.602767944335938
v -3.9579455852508545 -2.7008018493652344 -17.0975399017334
v -3.9579460620880127 -15.494256973266602 -16.1284122467041
v -3.9579460620880127 -15.494256973266602 -16.1284122467041
v -3.9579455852508545 -2.7008018493652344 -17.0975399017334
v -3.5352349281311035 -2.705493927001953 -17.577741622924805
v -3.9579460620880127 -15.494256973266602 -16.1284122467041
v -3.5352349281311035 -2.705493927001953 -17.577741622924805
v -3.535235643386841 -15.566930770874023 -16.603105545043945
v -3.055011749267578 -2.709627151489258 -18.000429153442383
v -3.0550122261047363 -15.630899429321289 -17.02094841003418
v -3.535235643386841 -15.566930770874023 -16.603105545043945
v -3.055011749267578 -2.709627151489258 -18.000429153442383
v -3.535235643386841 -15.566930770874023 -16.603105545043945
v -3.5352349281311035 -2.705493927001953 -17.577741622924805
v -2.5232412815093994 -2.713134765625 -18.359643936157227
v -2.5232415199279785 -15.685260772705078 -17.37604331970215
v -3.0550122261047363 -15.630899429321289 -17.02094841003418
v -2.5232412815093994 -2.713134765625 -18.359643936157227
v -3.0550122261047363 -15.630899429321289 -17.02094841003418
v -3.055011749267578 -2.709627151489258 -18.000429153442383
v -1.9458889961242676 -2.7159690856933594 -18.649415969848633
v -1.9458892345428467 -15.729114532470703 -17.66248893737793
v -2.5232415199279785 -15.685260772705078 -17.37604331970215
v -1.9458889961242676 -2.7159690856933594 -18.649415969848633
v -2.5232415199279785 -15.685260772705078 -17.37604331970215
v -2.5232412815093994 -2.713134765625 -18.359643936157227
v -1.3289203643798828 -2.7180633544921875 -18.86378288269043
v -1.328920841217041 -15.761558532714844 -17.874399185180664
v -1.9458892345428467 -15.729114532470703 -17.66248893737793
v -1.3289203643798828 -2.7180633544921875 -18.86378288269043
v -1.9458892345428467 -15.729114532470703 -17.66248893737793
v -1.9458889961242676 -2.7159690856933594 -18.649415969848633
v -0.6783017516136169 -2.719362258911133 -18.99677848815918
v -0.6783022284507751 -15.781684875488281 -18.0058650970459
v -1.328920841217041 -15.761558532714844 -17.874399185180664
v -0.6783017516136169 -2.719362258911133 -18.99677848815918
v -1.328920841217041 -15.761558532714844 -17.874399185180664
v -1.3289203643798828 -2.7180633544921875 -18.86378288269043
v 7.909680448392464e-7 -15.788595199584961 -18.051000595092773
v 0.0000011796410035458393 -27.68845558166504 -15.265411376953125
v -0.6783021092414856 -27.673053741455078 -15.222431182861328
v 7.909680448392464e-7 -15.788595199584961 -18.051000595092773
v -0.6783021092414856 -27.673053741455078 -15.222431182861328
v -0.6783022284507751 -15.781684875488281 -18.0058650970459
v 0.6783040165901184 -27.673051834106445 -15.222431182861328
v 7.909680448392464e-7 -15.788595199584961 -18.051000595092773
v 0.6783037781715393 -15.781684875488281 -18.0058650970459
v 7.909680448392464e-7 -15.788595199584961 -18.051000595092773
v 0.6783040165901184 -27.673051834106445 -15.222431182861328
v 0.0000011796410035458393 -27.68845558166504 -15.265411376953125
v 1.3289226293563843 -27.628185272216797 -15.097225189208984
v 0.6783037781715393 -15.781684875488281 -18.0058650970459
v 1.328922152519226 -15.761556625366211 -17.874399185180664
v 0.6783037781715393 -15.781684875488281 -18.0058650970459
v 1.3289226293563843 -27.628185272216797 -15.097225189208984
v 0.6783040165901184 -27.673051834106445 -15.222431182861328
v 1.945890188217163 -27.555862426757812 -14.895416259765625
v 1.328922152519226 -15.761556625366211 -17.874399185180664
v 1.9458903074264526 -15.729114532470703 -17.66248893737793
v 1.328922152519226 -15.761556625366211 -17.874399185180664
v 1.945890188217163 -27.555862426757812 -14.895416259765625
v 1.3289226293563843 -27.628185272216797 -15.097225189208984
v 2.523242712020874 -27.45810317993164 -14.622617721557617
v 1.9458903074264526 -15.729114532470703 -17.66248893737793
v 2.523242473602295 -15.685260772705078 -17.37604331970215
v 1.9458903074264526 -15.729114532470703 -17.66248893737793
v 2.523242712020874 -27.45810317993164 -14.622617721557617
v 1.945890188217163 -27.555862426757812 -14.895416259765625
v 3.0550129413604736 -27.3369140625 -14.284444808959961
v 2.523242473602295 -15.685260772705078 -17.37604331970215
v 3.0550127029418945 -15.630897521972656 -17.02094841003418
v 2.523242473602295 -15.685260772705078 -17.37604331970215
v 3.0550129413604736 -27.3369140625 -14.284444808959961
v 2.523242712020874 -27.45810317993164 -14.622617721557617
v 3.535236120223999 -27.194311141967773 -13.886514663696289
v 3.0550127029418945 -15.630897521972656 -17.02094841003418
v 3.53523588180542 -15.566926956176758 -16.60310173034668
v 3.0550127029418945 -15.630897521972656 -17.02094841003418
v 3.535236120223999 -27.194311141967773 -13.886514663696289
v 3.0550129413604736 -27.3369140625 -14.284444808959961
v 3.53523588180542 -15.566926956176758 -16.60310173034668
v 3.9579458236694336 -27.032304763793945 -13.434442520141602
v 3.535236120223999 -27.194311141967773 -13.886514663696289
v 3.9579458236694336 -27.032304763793945 -13.434442520141602
v 3.53523588180542 -15.566926956176758 -16.60310173034668
v 3.9579455852508545 -15.494255065917969 -16.1284122467041
v 3.9579455852508545 -15.494255065917969 -16.1284122467041
v 4.317176818847656 -26.852909088134766 -12.933843612670898
v 3.9579458236694336 -27.032304763793945 -13.434442520141602
v 4.317176818847656 -26.852909088134766 -12.933843612670898
v 3.9579455852508545 -15.494255065917969 -16.1284122467041
v 4.317176818847656 -15.413780212402344 -15.602764129638672
v 4.317176818847656 -15.413780212402344 -15.602764129638672
v 4.606963634490967 -26.658138275146484 -12.390338897705078
v 4.317176818847656 -26.852909088134766 -12.933843612670898
v 4.606963634490967 -26.658138275146484 -12.390338897705078
v 4.317176818847656 -15.413780212402344 -15.602764129638672
v 4.606963634490967 -15.326410293579102 -15.032062530517578
v 4.606963634490967 -15.326410293579102 -15.032062530517578
v 4.821340560913086 -26.450000762939453 -11.809539794921875
v 4.606963634490967 -26.658138275146484 -12.390338897705078
v 4.821340560913086 -26.450000762939453 -11.809539794921875
v 4.606963634490967 -15.326410293579102 -15.032062530517578
v 4.821340084075928 -15.233043670654297 -14.422199249267578
v 4.821340084075928 -15.233043670654297 -14.422199249267578
v 4.954341411590576 -26.230512619018555 -11.197059631347656
v 4.821340560913086 -26.450000762939453 -11.809539794921875
v 4.954341411590576 -26.230512619018555 -11.197059631347656
v 4.821340084075928 -15.233043670654297 -14.422199249267578
v 4.954340934753418 -15.134584426879883 -13.779073715209961
v 4.954340934753418 -15.134584426879883 -13.779073715209961
v 5 -26.001684188842773 -10.558521270751953
v 4.954341411590576 -26.230512619018555 -11.197059631347656
v 5 -26.001684188842773 -10.558521270751953
v 4.954340934753418 -15.134584426879883 -13.779073715209961
v 5.000000476837158 -15.03193473815918 -13.10858154296875
v 5.000000476837158 -15.03193473815918 -13.10858154296875
v 4.954341411590576 -25.772855758666992 -9.919979095458984
v 5 -26.001684188842773 -10.558521270751953
v 4.954341411590576 -25.772855758666992 -9.919979095458984
v 5.000000476837158 -15.03193473815918 -13.10858154296875
v 4.954340934753418 -14.92928695678711 -12.438091278076172
v 4.954340934753418 -14.92928695678711 -12.438091278076172
v 4.821340084075928 -25.553367614746094 -9.307502746582031
v 4.954341411590576 -25.772855758666992 -9.919979095458984
v 4.821340084075928 -25.553367614746094 -9.307502746582031
v 4.954340934753418 -14.92928695678711 -12.438091278076172
v 4.821340084075928 -14.830825805664062 -11.794965744018555
v 4.821340084075928 -14.830825805664062 -11.794965744018555
v 4.60696268081665 -25.345230102539062 -8.726703643798828
v 4.821340084075928 -25.553367614746094 -9.307502746582031
v 4.60696268081665 -25.345230102539062 -8.726703643798828
v 4.821340084075928 -14.830825805664062 -11.794965744018555
v 4.606962203979492 -14.73746109008789 -11.185104370117188
v 4.606962203979492 -14.73746109008789 -11.185104370117188
v 4.31717586517334 -25.15045928955078 -8.183197021484375
v 4.60696268081665 -25.345230102539062 -8.726703643798828
v 4.31717586517334 -25.15045928955078 -8.183197021484375
v 4.606962203979492 -14.73746109008789 -11.185104370117188
v 4.317175388336182 -14.650089263916016 -10.614400863647461
v 4.317175388336182 -14.650089263916016 -10.614400863647461
v 3.95794415473938 -24.9710636138916 -7.682600021362305
v 4.31717586517334 -25.15045928955078 -8.183197021484375
v 3.95794415473938 -24.9710636138916 -7.682600021362305
v 4.317175388336182 -14.650089263916016 -10.614400863647461
v 3.95794415473938 -14.569616317749023 -10.088756561279297
v 3.95794415473938 -14.569616317749023 -10.088756561279297
v 3.535233497619629 -24.809059143066406 -7.23052978515625
v 3.95794415473938 -24.9710636138916 -7.682600021362305
v 3.535233497619629 -24.809059143066406 -7.23052978515625
v 3.95794415473938 -14.569616317749023 -10.088756561279297
v 3.535233736038208 -14.496942520141602 -9.61406135559082
v 3.535233736038208 -14.496942520141602 -9.61406135559082
v 3.0550100803375244 -24.66645622253418 -6.832597732543945
v 3.535233497619629 -24.809059143066406 -7.23052978515625
v 3.0550100803375244 -24.66645622253418 -6.832597732543945
v 3.535233736038208 -14.496942520141602 -9.61406135559082
v 3.0550103187561035 -14.432973861694336 -9.196222305297852
v 3.0550103187561035 -14.432973861694336 -9.196222305297852
v 2.5232393741607666 -24.545269012451172 -6.494426727294922
v 3.0550100803375244 -24.66645622253418 -6.832597732543945
v 2.5232393741607666 -24.545269012451172 -6.494426727294922
v 3.0550103187561035 -14.432973861694336 -9.196222305297852
v 2.5232396125793457 -14.378610610961914 -8.841127395629883
v 2.5232396125793457 -14.378610610961914 -8.841127395629883
v 1.9458869695663452 -24.447507858276367 -6.221628189086914
v 2.5232393741607666 -24.545269012451172 -6.494426727294922
v 1.9458869695663452 -24.447507858276367 -6.221628189086914
v 2.5232396125793457 -14.378610610961914 -8.841127395629883
v 1.9458873271942139 -14.334756851196289 -8.554677963256836
v 1.9458873271942139 -14.334756851196289 -8.554677963256836
v 1.3289185762405396 -24.375186920166016 -6.019817352294922
v 1.9458869695663452 -24.447507858276367 -6.221628189086914
v 1.3289185762405396 -24.375186920166016 -6.019817352294922
v 1.9458873271942139 -14.334756851196289 -8.554677963256836
v 1.328918695449829 -14.302314758300781 -8.342769622802734
v 1.328918695449829 -14.302314758300781 -8.342769622802734
v 0.678300142288208 -24.330318450927734 -5.894613265991211
v 1.3289185762405396 -24.375186920166016 -6.019817352294922
v 0.678300142288208 -24.330318450927734 -5.894613265991211
v 1.328918695449829 -14.302314758300781 -8.342769622802734
v 0.678300142288208 -14.282186508178711 -8.211301803588867
v 0.678300142288208 -14.282186508178711 -8.211301803588867
v -0.000003138536158076022 -24.31491470336914 -5.851631164550781
v 0.678300142288208 -24.330318450927734 -5.894613265991211
v -0.000003138536158076022 -24.31491470336914 -5.851631164550781
v 0.678300142288208 -14.282186508178711 -8.211301803588867
v -0.0000028635358830797486 -14.275278091430664 -8.166168212890625
v -0.000003138536158076022 -24.31491470336914 -5.851631164550781
v -0.0000028635358830797486 -14.275278091430664 -8.166168212890625
v -0.6783058643341064 -14.282186508178711 -8.211301803588867
v -0.000003138536158076022 -24.31491470336914 -5.851631164550781
v -0.6783058643341064 -14.282186508178711 -8.211301803588867
v -0.6783059239387512 -24.330318450927734 -5.894613265991211
v -0.6783059239387512 -24.330318450927734 -5.894613265991211
v -0.6783058643341064 -14.282186508178711 -8.211301803588867
v -1.328924298286438 -14.302316665649414 -8.342769622802734
v -0.6783059239387512 -24.330318450927734 -5.894613265991211
v -1.328924298286438 -14.302316665649414 -8.342769622802734
v -1.3289246559143066 -24.375186920166016 -6.019817352294922
v -1.3289246559143066 -24.375186920166016 -6.019817352294922
v -1.328924298286438 -14.302316665649414 -8.342769622802734
v -1.9458922147750854 -14.334756851196289 -8.554679870605469
v -1.3289246559143066 -24.375186920166016 -6.019817352294922
v -1.9458922147750854 -14.334756851196289 -8.554679870605469
v -1.945892333984375 -24.447509765625 -6.221628189086914
v -1.945892333984375 -24.447509765625 -6.221628189086914
v -1.9458922147750854 -14.334756851196289 -8.554679870605469
v -2.5232443809509277 -14.378610610961914 -8.841127395629883
v -1.945892333984375 -24.447509765625 -6.221628189086914
v -2.5232443809509277 -14.378610610961914 -8.841127395629883
v -2.523244857788086 -24.545269012451172 -6.494426727294922
v -2.523244857788086 -24.545269012451172 -6.494426727294922
v -2.5232443809509277 -14.378610610961914 -8.841127395629883
v -3.0550146102905273 -14.432975769042969 -9.196222305297852
v -2.523244857788086 -24.545269012451172 -6.494426727294922
v -3.0550146102905273 -14.432975769042969 -9.196222305297852
v -3.0550150871276855 -24.666458129882812 -6.832599639892578
v -3.0550150871276855 -24.666458129882812 -6.832599639892578
v -3.0550146102905273 -14.432975769042969 -9.196222305297852
v -3.5352377891540527 -14.496944427490234 -9.614065170288086
v -3.5352377891540527 -14.496944427490234 -9.614065170288086
v -3.535238265991211 -24.80906105041504 -7.23052978515625
v -3.0550150871276855 -24.666458129882812 -6.832599639892578
v -3.535238265991211 -24.80906105041504 -7.23052978515625
v -3.5352377891540527 -14.496944427490234 -9.614065170288086
v -3.9579474925994873 -14.569618225097656 -10.088756561279297
v -3.9579474925994873 -14.569618225097656 -10.088756561279297
v -3.9579479694366455 -24.971067428588867 -7.6826019287109375
v -3.535238265991211 -24.80906105041504 -7.23052978515625
v -3.9579479694366455 -24.971067428588867 -7.6826019287109375
v -3.9579474925994873 -14.569618225097656 -10.088756561279297
v -4.317178726196289 -14.650091171264648 -10.614404678344727
v -4.317178726196289 -14.650091171264648 -10.614404678344727
v -4.317179203033447 -25.150463104248047 -8.183198928833008
v -3.9579479694366455 -24.971067428588867 -7.6826019287109375
v -4.317179203033447 -25.150463104248047 -8.183198928833008
v -4.317178726196289 -14.650091171264648 -10.614404678344727
v -4.6069655418396 -14.737462997436523 -11.18510627746582
v -4.6069655418396 -14.737462997436523 -11.18510627746582
v -4.6069655418396 -25.345233917236328 -8.726705551147461
v -4.317179203033447 -25.150463104248047 -8.183198928833008
v -4.6069655418396 -25.345233917236328 -8.726705551147461
v -4.6069655418396 -14.737462997436523 -11.18510627746582
v -4.8213419914245605 -14.830829620361328 -11.79496955871582
v -4.8213419914245605 -14.830829620361328 -11.79496955871582
v -4.821342468261719 -25.55337142944336 -9.307506561279297
v -4.6069655418396 -25.345233917236328 -8.726705551147461
v -4.821342468261719 -25.55337142944336 -9.307506561279297
v -4.8213419914245605 -14.830829620361328 -11.79496955871582
v -4.954342842102051 -14.929288864135742 -12.438095092773438
v -4.954342842102051 -14.929288864135742 -12.438095092773438
v -4.954343318939209 -25.772859573364258 -9.91998291015625
v -4.821342468261719 -25.55337142944336 -9.307506561279297
v -4.954343318939209 -25.772859573364258 -9.91998291015625
v -4.954342842102051 -14.929288864135742 -12.438095092773438
v -5.000002384185791 -15.031938552856445 -13.108587265014648
v -5.000002384185791 -15.031938552856445 -13.108587265014648
v -5.000002384185791 -26.00168800354004 -10.558523178100586
v -4.954343318939209 -25.772859573364258 -9.91998291015625
v -5.000002384185791 -26.00168800354004 -10.558523178100586
v -5.000002384185791 -15.031938552856445 -13.108587265014648
v -4.954342842102051 -15.134586334228516 -13.779077529907227
v -4.954342842102051 -15.134586334228516 -13.779077529907227
v -4.954343318939209 -26.23051643371582 -11.197063446044922
v -5.000002384185791 -26.00168800354004 -10.558523178100586
v -4.954343318939209 -26.23051643371582 -11.197063446044922
v -4.954342842102051 -15.134586334228516 -13.779077529907227
v -4.8213419914245605 -15.23304557800293 -14.422203063964844
v -4.8213419914245605 -15.23304557800293 -14.422203063964844
v -4.8213419914245605 -26.45000457763672 -11.809539794921875
v -4.954343318939209 -26.23051643371582 -11.197063446044922
v -4.8213419914245605 -26.45000457763672 -11.809539794921875
v -4.8213419914245605 -15.23304557800293 -14.422203063964844
v -4.606964111328125 -15.326412200927734 -15.032066345214844
v -4.606964111328125 -15.326412200927734 -15.032066345214844
v -4.606964588165283 -26.65814208984375 -12.390340805053711
v -4.8213419914245605 -26.45000457763672 -11.809539794921875
v -4.606964588165283 -26.65814208984375 -12.390340805053711
v -4.606964111328125 -15.326412200927734 -15.032066345214844
v -4.3171772956848145 -15.41378402709961 -15.602767944335938
v -4.3171772956848145 -15.41378402709961 -15.602767944335938
v -4.317177772521973 -26.85291290283203 -12.933847427368164
v -4.606964588165283 -26.65814208984375 -12.390340805053711
v -4.317177772521973 -26.85291290283203 -12.933847427368164
v -4.3171772956848145 -15.41378402709961 -15.602767944335938
v -3.9579460620880127 -15.494256973266602 -16.1284122467041
v -3.9579460620880127 -15.494256973266602 -16.1284122467041
v -3.957946300506592 -27.03230857849121 -13.434442520141602
v -4.317177772521973 -26.85291290283203 -12.933847427368164
v -3.957946300506592 -27.03230857849121 -13.434442520141602
v -3.9579460620880127 -15.494256973266602 -16.1284122467041
v -3.535235643386841 -15.566930770874023 -16.603105545043945
v -3.535235643386841 -15.566930770874023 -16.603105545043945
v -3.535235643386841 -27.194313049316406 -13.886514663696289
v -3.957946300506592 -27.03230857849121 -13.434442520141602
v -3.0550122261047363 -15.630899429321289 -17.02094841003418
v -3.0550122261047363 -27.336915969848633 -14.284444808959961
v -3.535235643386841 -27.194313049316406 -13.886514663696289
v -3.0550122261047363 -15.630899429321289 -17.02094841003418
v -3.535235643386841 -27.194313049316406 -13.886514663696289
v -3.535235643386841 -15.566930770874023 -16.603105545043945
v -2.5232415199279785 -15.685260772705078 -17.37604331970215
v -2.5232415199279785 -27.45810317993164 -14.622617721557617
v -3.0550122261047363 -27.336915969848633 -14.284444808959961
v -2.5232415199279785 -15.685260772705078 -17.37604331970215
v -3.0550122261047363 -27.336915969848633 -14.284444808959961
v -3.0550122261047363 -15.630899429321289 -17.02094841003418
v -1.9458892345428467 -15.729114532470703 -17.66248893737793
v -1.9458889961242676 -27.555864334106445 -14.895416259765625
v -2.5232415199279785 -27.45810317993164 -14.622617721557617
v -1.9458892345428467 -15.729114532470703 -17.66248893737793
v -2.5232415199279785 -27.45810317993164 -14.622617721557617
v -2.5232415199279785 -15.685260772705078 -17.37604331970215
v -1.328920841217041 -15.761558532714844 -17.874399185180664
v -1.3289204835891724 -27.628185272216797 -15.097225189208984
v -1.9458889961242676 -27.555864334106445 -14.895416259765625
v -1.328920841217041 -15.761558532714844 -17.874399185180664
v -1.9458889961242676 -27.555864334106445 -14.895416259765625
v -1.9458892345428467 -15.729114532470703 -17.66248893737793
v -0.6783022284507751 -15.781684875488281 -18.0058650970459
v -0.6783021092414856 -27.673053741455078 -15.222431182861328
v -1.3289204835891724 -27.628185272216797 -15.097225189208984
v -0.6783022284507751 -15.781684875488281 -18.0058650970459
v -1.3289204835891724 -27.628185272216797 -15.097225189208984
v -1.328920841217041 -15.761558532714844 -17.874399185180664
v 0.0000011796410035458393 -27.68845558166504 -15.265411376953125
v 0.0000023582856556458864 -37.51190948486328 -10.305366516113281
v -0.6783007979393005 -37.483253479003906 -10.269815444946289
v 0.0000011796410035458393 -27.68845558166504 -15.265411376953125
v -0.6783007979393005 -37.483253479003906 -10.269815444946289
v -0.6783021092414856 -27.673053741455078 -15.222431182861328
v 0.6783053278923035 -37.483253479003906 -10.269815444946289
v 0.0000011796410035458393 -27.68845558166504 -15.265411376953125
v 0.6783040165901184 -27.673051834106445 -15.222431182861328
v 0.0000011796410035458393 -27.68845558166504 -15.265411376953125
v 0.6783053278923035 -37.483253479003906 -10.269815444946289
v 0.0000023582856556458864 -37.51190948486328 -10.305366516113281
v 1.3289238214492798 -37.3997917175293 -10.166261672973633
v 0.6783040165901184 -27.673051834106445 -15.222431182861328
v 1.3289226293563843 -27.628185272216797 -15.097225189208984
v 0.6783040165901184 -27.673051834106445 -15.222431182861328
v 1.3289238214492798 -37.3997917175293 -10.166261672973633
v 0.6783053278923035 -37.483253479003906 -10.269815444946289
v 1.9458917379379272 -37.265262603759766 -9.999347686767578
v 1.3289226293563843 -27.628185272216797 -15.097225189208984
v 1.945890188217163 -27.555862426757812 -14.895416259765625
v 1.3289226293563843 -27.628185272216797 -15.097225189208984
v 1.9458917379379272 -37.265262603759766 -9.999347686767578
v 1.3289238214492798 -37.3997917175293 -10.166261672973633
v 2.5232439041137695 -37.08341598510742 -9.773721694946289
v 1.945890188217163 -27.555862426757812 -14.895416259765625
v 2.523242712020874 -27.45810317993164 -14.622617721557617
v 1.945890188217163 -27.555862426757812 -14.895416259765625
v 2.5232439041137695 -37.08341598510742 -9.773721694946289
v 1.9458917379379272 -37.265262603759766 -9.999347686767578
v 3.055014133453369 -36.85798645019531 -9.494026184082031
v 2.523242712020874 -27.45810317993164 -14.622617721557617
v 3.0550129413604736 -27.3369140625 -14.284444808959961
v 2.523242712020874 -27.45810317993164 -14.622617721557617
v 3.055014133453369 -36.85798645019531 -9.494026184082031
v 2.5232439041137695 -37.08341598510742 -9.773721694946289
v 3.5352375507354736 -36.59272384643555 -9.164907455444336
v 3.0550129413604736 -27.3369140625 -14.284444808959961
v 3.535236120223999 -27.194311141967773 -13.886514663696289
v 3.0550129413604736 -27.3369140625 -14.284444808959961
v 3.5352375507354736 -36.59272384643555 -9.164907455444336
v 3.055014133453369 -36.85798645019531 -9.494026184082031
v 3.535236120223999 -27.194311141967773 -13.886514663696289
v 3.9579477310180664 -36.2913703918457 -8.791006088256836
v 3.5352375507354736 -36.59272384643555 -9.164907455444336
v 3.9579477310180664 -36.2913703918457 -8.791006088256836
v 3.535236120223999 -27.194311141967773 -13.886514663696289
v 3.9579458236694336 -27.032304763793945 -13.434442520141602
v 3.9579458236694336 -27.032304763793945 -13.434442520141602
v 4.317178249359131 -35.95766830444336 -8.376974105834961
v 3.9579477310180664 -36.2913703918457 -8.791006088256836
v 4.317178249359131 -35.95766830444336 -8.376974105834961
v 3.9579458236694336 -27.032304763793945 -13.434442520141602
v 4.317176818847656 -26.852909088134766 -12.933843612670898
v 4.317176818847656 -26.852909088134766 -12.933843612670898
v 4.606965065002441 -35.59536361694336 -7.927450180053711
v 4.317178249359131 -35.95766830444336 -8.376974105834961
v 4.606965065002441 -35.59536361694336 -7.927450180053711
v 4.317176818847656 -26.852909088134766 -12.933843612670898
v 4.606963634490967 -26.658138275146484 -12.390338897705078
v 4.606963634490967 -26.658138275146484 -12.390338897705078
v 4.821341514587402 -35.20819854736328 -7.44708251953125
v 4.606965065002441 -35.59536361694336 -7.927450180053711
v 4.821341514587402 -35.20819854736328 -7.44708251953125
v 4.606963634490967 -26.658138275146484 -12.390338897705078
v 4.821340560913086 -26.450000762939453 -11.809539794921875
v 4.821340560913086 -26.450000762939453 -11.809539794921875
v 4.954342365264893 -34.79991912841797 -6.940515518188477
v 4.821341514587402 -35.20819854736328 -7.44708251953125
v 4.954342365264893 -34.79991912841797 -6.940515518188477
v 4.821340560913086 -26.450000762939453 -11.809539794921875
v 4.954341411590576 -26.230512619018555 -11.197059631347656
v 4.954341411590576 -26.230512619018555 -11.197059631347656
v 5.000001430511475 -34.374263763427734 -6.412391662597656
v 4.954342365264893 -34.79991912841797 -6.940515518188477
v 5.000001430511475 -34.374263763427734 -6.412391662597656
v 4.954341411590576 -26.230512619018555 -11.197059631347656
v 5 -26.001684188842773 -10.558521270751953
v 5 -26.001684188842773 -10.558521270751953
v 4.954341888427734 -33.948612213134766 -5.884267807006836
v 5.000001430511475 -34.374263763427734 -6.412391662597656
v 4.954341888427734 -33.948612213134766 -5.884267807006836
v 5 -26.001684188842773 -10.558521270751953
v 4.954341411590576 -25.772855758666992 -9.919979095458984
v 4.954341411590576 -25.772855758666992 -9.919979095458984
v 4.821341037750244 -33.54032897949219 -5.3777008056640625
v 4.954341888427734 -33.948612213134766 -5.884267807006836
v 4.821341037750244 -33.54032897949219 -5.3777008056640625
v 4.954341411590576 -25.772855758666992 -9.919979095458984
v 4.821340084075928 -25.553367614746094 -9.307502746582031
v 4.821340084075928 -25.553367614746094 -9.307502746582031
v 4.606963634490967 -33.15316390991211 -4.897333145141602
v 4.821341037750244 -33.54032897949219 -5.3777008056640625
v 4.606963634490967 -33.15316390991211 -4.897333145141602
v 4.821340084075928 -25.553367614746094 -9.307502746582031
v 4.60696268081665 -25.345230102539062 -8.726703643798828
v 4.60696268081665 -25.345230102539062 -8.726703643798828
v 4.317176342010498 -32.79085922241211 -4.447811126708984
v 4.606963634490967 -33.15316390991211 -4.897333145141602
v 4.317176342010498 -32.79085922241211 -4.447811126708984
v 4.60696268081665 -25.345230102539062 -8.726703643798828
v 4.31717586517334 -25.15045928955078 -8.183197021484375
v 4.31717586517334 -25.15045928955078 -8.183197021484375
v 3.9579451084136963 -32.45716094970703 -4.033777236938477
v 4.317176342010498 -32.79085922241211 -4.447811126708984
v 3.9579451084136963 -32.45716094970703 -4.033777236938477
v 4.31717586517334 -25.15045928955078 -8.183197021484375
v 3.95794415473938 -24.9710636138916 -7.682600021362305
v 3.95794415473938 -24.9710636138916 -7.682600021362305
v 3.535234212875366 -32.15580749511719 -3.6598777770996094
v 3.9579451084136963 -32.45716094970703 -4.033777236938477
v 3.535234212875366 -32.15580749511719 -3.6598777770996094
v 3.95794415473938 -24.9710636138916 -7.682600021362305
v 3.535233497619629 -24.809059143066406 -7.23052978515625
v 3.535233497619629 -24.809059143066406 -7.23052978515625
v 3.0550105571746826 -31.89054298400879 -3.330759048461914
v 3.535234212875366 -32.15580749511719 -3.6598777770996094
v 3.0550105571746826 -31.89054298400879 -3.330759048461914
v 3.535233497619629 -24.809059143066406 -7.23052978515625
v 3.0550100803375244 -24.66645622253418 -6.832597732543945
v 3.0550100803375244 -24.66645622253418 -6.832597732543945
v 2.5232396125793457 -31.665117263793945 -3.0510635375976562
v 3.0550105571746826 -31.89054298400879 -3.330759048461914
v 2.5232396125793457 -31.665117263793945 -3.0510635375976562
v 3.0550100803375244 -24.66645622253418 -6.832597732543945
v 2.5232393741607666 -24.545269012451172 -6.494426727294922
v 2.5232393741607666 -24.545269012451172 -6.494426727294922
v 1.9458872079849243 -31.483266830444336 -2.8254356384277344
v 2.5232396125793457 -31.665117263793945 -3.0510635375976562
v 1.9458872079849243 -31.483266830444336 -2.8254356384277344
v 2.5232393741607666 -24.545269012451172 -6.494426727294922
v 1.9458869695663452 -24.447507858276367 -6.221628189086914
v 1.9458869695663452 -24.447507858276367 -6.221628189086914
v 1.3289190530776978 -31.348739624023438 -2.6585254669189453
v 1.9458872079849243 -31.483266830444336 -2.8254356384277344
v 1.3289190530776978 -31.348739624023438 -2.6585254669189453
v 1.9458869695663452 -24.447507858276367 -6.221628189086914
v 1.3289185762405396 -24.375186920166016 -6.019817352294922
v 1.3289185762405396 -24.375186920166016 -6.019817352294922
v 0.678300142288208 -31.26527976989746 -2.554971694946289
v 1.3289190530776978 -31.348739624023438 -2.6585254669189453
v 0.678300142288208 -31.26527976989746 -2.554971694946289
v 1.3289185762405396 -24.375186920166016 -6.019817352294922
v 0.678300142288208 -24.330318450927734 -5.894613265991211
v 0.678300142288208 -24.330318450927734 -5.894613265991211
v -0.0000029873915536882123 -31.23662567138672 -2.519420623779297
v 0.678300142288208 -31.26527976989746 -2.554971694946289
v -0.0000029873915536882123 -31.23662567138672 -2.519420623779297
v 0.678300142288208 -24.330318450927734 -5.894613265991211
v -0.000003138536158076022 -24.31491470336914 -5.851631164550781
v -0.0000029873915536882123 -31.23662567138672 -2.519420623779297
v -0.000003138536158076022 -24.31491470336914 -5.851631164550781
v -0.6783059239387512 -24.330318450927734 -5.894613265991211
v -0.0000029873915536882123 -31.23662567138672 -2.519420623779297
v -0.6783059239387512 -24.330318450927734 -5.894613265991211
v -0.678305983543396 -31.26527976989746 -2.554971694946289
v -0.678305983543396 -31.26527976989746 -2.554971694946289
v -0.6783059239387512 -24.330318450927734 -5.894613265991211
v -1.3289246559143066 -24.375186920166016 -6.019817352294922
v -0.678305983543396 -31.26527976989746 -2.554971694946289
v -1.3289246559143066 -24.375186920166016 -6.019817352294922
v -1.328924298286438 -31.34874153137207 -2.6585254669189453
v -1.328924298286438 -31.34874153137207 -2.6585254669189453
v -1.3289246559143066 -24.375186920166016 -6.019817352294922
v -1.945892333984375 -24.447509765625 -6.221628189086914
v -1.328924298286438 -31.34874153137207 -2.6585254669189453
v -1.945892333984375 -24.447509765625 -6.221628189086914
v -1.9458924531936646 -31.48326873779297 -2.825437545776367
v -1.9458924531936646 -31.48326873779297 -2.825437545776367
v -1.945892333984375 -24.447509765625 -6.221628189086914
v -2.523244857788086 -24.545269012451172 -6.494426727294922
v -2.523244857788086 -24.545269012451172 -6.494426727294922
v -2.523244619369507 -31.665119171142578 -3.0510635375976562
v -1.9458924531936646 -31.48326873779297 -2.825437545776367
v -2.523244619369507 -31.665119171142578 -3.0510635375976562
v -2.523244857788086 -24.545269012451172 -6.494426727294922
v -3.0550150871276855 -24.666458129882812 -6.832599639892578
v -3.0550150871276855 -24.666458129882812 -6.832599639892578
v -3.0550148487091064 -31.890546798706055 -3.330760955810547
v -2.523244619369507 -31.665119171142578 -3.0510635375976562
v -3.0550148487091064 -31.890546798706055 -3.330760955810547
v -3.0550150871276855 -24.666458129882812 -6.832599639892578
v -3.535238265991211 -24.80906105041504 -7.23052978515625
v -3.535238265991211 -24.80906105041504 -7.23052978515625
v -3.535238265991211 -32.15581130981445 -3.659879684448242
v -3.0550148487091064 -31.890546798706055 -3.330760955810547
v -3.535238265991211 -32.15581130981445 -3.659879684448242
v -3.535238265991211 -24.80906105041504 -7.23052978515625
v -3.9579479694366455 -24.971067428588867 -7.6826019287109375
v -3.9579479694366455 -24.971067428588867 -7.6826019287109375
v -3.9579484462738037 -32.4571647644043 -4.033779144287109
v -3.535238265991211 -32.15581130981445 -3.659879684448242
v -3.9579484462738037 -32.4571647644043 -4.033779144287109
v -3.9579479694366455 -24.971067428588867 -7.6826019287109375
v -4.317179203033447 -25.150463104248047 -8.183198928833008
v -4.317179203033447 -25.150463104248047 -8.183198928833008
v -4.317179203033447 -32.790863037109375 -4.447813034057617
v -3.9579484462738037 -32.4571647644043 -4.033779144287109
v -4.317179203033447 -32.790863037109375 -4.447813034057617
v -4.317179203033447 -25.150463104248047 -8.183198928833008
v -4.6069655418396 -25.345233917236328 -8.726705551147461
v -4.6069655418396 -25.345233917236328 -8.726705551147461
v -4.6069655418396 -33.153167724609375 -4.897335052490234
v -4.317179203033447 -32.790863037109375 -4.447813034057617
v -4.6069655418396 -33.153167724609375 -4.897335052490234
v -4.6069655418396 -25.345233917236328 -8.726705551147461
v -4.821342468261719 -25.55337142944336 -9.307506561279297
v -4.821342468261719 -25.55337142944336 -9.307506561279297
v -4.821342468261719 -33.54033279418945 -5.377702713012695
v -4.6069655418396 -33.153167724609375 -4.897335052490234
v -4.821342468261719 -33.54033279418945 -5.377702713012695
v -4.821342468261719 -25.55337142944336 -9.307506561279297
v -4.954343318939209 -25.772859573364258 -9.91998291015625
v -4.954343318939209 -25.772859573364258 -9.91998291015625
v -4.954342842102051 -33.94861602783203 -5.884271621704102
v -4.821342468261719 -33.54033279418945 -5.377702713012695
v -4.954342842102051 -33.94861602783203 -5.884271621704102
v -4.954343318939209 -25.772859573364258 -9.91998291015625
v -5.000002384185791 -26.00168800354004 -10.558523178100586
v -5.000002384185791 -26.00168800354004 -10.558523178100586
v -5.000002384185791 -34.374267578125 -6.412395477294922
v -4.954342842102051 -33.94861602783203 -5.884271621704102
v -5.000002384185791 -34.374267578125 -6.412395477294922
v -5.000002384185791 -26.00168800354004 -10.558523178100586
v -4.954343318939209 -26.23051643371582 -11.197063446044922
v -4.954343318939209 -26.23051643371582 -11.197063446044922
v -4.954342842102051 -34.799922943115234 -6.940517425537109
v -5.000002384185791 -34.374267578125 -6.412395477294922
v -4.954342842102051 -34.799922943115234 -6.940517425537109
v -4.954343318939209 -26.23051643371582 -11.197063446044922
v -4.8213419914245605 -26.45000457763672 -11.809539794921875
v -4.8213419914245605 -26.45000457763672 -11.809539794921875
v -4.821341514587402 -35.20820617675781 -7.447086334228516
v -4.954342842102051 -34.799922943115234 -6.940517425537109
v -4.821341514587402 -35.20820617675781 -7.447086334228516
v -4.8213419914245605 -26.45000457763672 -11.809539794921875
v -4.606964588165283 -26.65814208984375 -12.390340805053711
v -4.606964588165283 -26.65814208984375 -12.390340805053711
v -4.606964111328125 -35.59537124633789 -7.927452087402344
v -4.821341514587402 -35.20820617675781 -7.447086334228516
v -4.606964111328125 -35.59537124633789 -7.927452087402344
v -4.606964588165283 -26.65814208984375 -12.390340805053711
v -4.317177772521973 -26.85291290283203 -12.933847427368164
v -4.317177772521973 -26.85291290283203 -12.933847427368164
v -4.3171772956848145 -35.957672119140625 -8.376976013183594
v -4.606964111328125 -35.59537124633789 -7.927452087402344
v -4.3171772956848145 -35.957672119140625 -8.376976013183594
v -4.317177772521973 -26.85291290283203 -12.933847427368164
v -3.957946300506592 -27.03230857849121 -13.434442520141602
v -3.957946300506592 -27.03230857849121 -13.434442520141602
v -3.9579458236694336 -36.29137420654297 -8.791009902954102
v -4.3171772956848145 -35.957672119140625 -8.376976013183594
v -3.9579458236694336 -36.29137420654297 -8.791009902954102
v -3.957946300506592 -27.03230857849121 -13.434442520141602
v -3.535235643386841 -27.194313049316406 -13.886514663696289
v -3.535235643386841 -27.194313049316406 -13.886514663696289
v -3.5352349281311035 -36.59272766113281 -9.164907455444336
v -3.9579458236694336 -36.29137420654297 -8.791009902954102
v -3.0550122261047363 -27.336915969848633 -14.284444808959961
v -3.05501127243042 -36.85799026489258 -9.494028091430664
v -3.5352349281311035 -36.59272766113281 -9.164907455444336
v -3.0550122261047363 -27.336915969848633 -14.284444808959961
v -3.5352349281311035 -36.59272766113281 -9.164907455444336
v -3.535235643386841 -27.194313049316406 -13.886514663696289
v -2.5232415199279785 -27.45810317993164 -14.622617721557617
v -2.523240327835083 -37.08341598510742 -9.773723602294922
v -3.05501127243042 -36.85799026489258 -9.494028091430664
v -2.5232415199279785 -27.45810317993164 -14.622617721557617
v -3.05501127243042 -36.85799026489258 -9.494028091430664
v -3.0550122261047363 -27.336915969848633 -14.284444808959961
v -1.9458889961242676 -27.555864334106445 -14.895416259765625
v -1.9458879232406616 -37.26526641845703 -9.999349594116211
v -2.523240327835083 -37.08341598510742 -9.773723602294922
v -1.9458889961242676 -27.555864334106445 -14.895416259765625
v -2.523240327835083 -37.08341598510742 -9.773723602294922
v -2.5232415199279785 -27.45810317993164 -14.622617721557617
v -1.3289204835891724 -27.628185272216797 -15.097225189208984
v -1.3289196491241455 -37.39979553222656 -10.166261672973633
v -1.9458879232406616 -37.26526641845703 -9.999349594116211
v -1.3289204835891724 -27.628185272216797 -15.097225189208984
v -1.9458879232406616 -37.26526641845703 -9.999349594116211
v -1.9458889961242676 -27.555864334106445 -14.895416259765625
v -0.6783021092414856 -27.673053741455078 -15.222431182861328
v -0.6783007979393005 -37.483253479003906 -10.269815444946289
v -1.3289196491241455 -37.39979553222656 -10.166261672973633
v -0.6783021092414856 -27.673053741455078 -15.222431182861328
v -1.3289196491241455 -37.39979553222656 -10.166261672973633
v -1.3289204835891724 -27.628185272216797 -15.097225189208984
v 0.000004426192845130572 -43.7103271484375 -2.2000045776367188
v -0.6783007979393005 -37.483253479003906 -10.269815444946289
v 0.0000023582856556458864 -37.51190948486328 -10.305366516113281
v -0.6783007979393005 -37.483253479003906 -10.269815444946289
v 0.000004426192845130572 -43.7103271484375 -2.2000045776367188
v -0.6782984733581543 -43.66679763793945 -2.1862144470214844
v 0.6783053278923035 -37.483253479003906 -10.269815444946289
v 0.678307294845581 -43.66679763793945 -2.186216354370117
v 0.000004426192845130572 -43.7103271484375 -2.2000045776367188
v 0.6783053278923035 -37.483253479003906 -10.269815444946289
v 0.000004426192845130572 -43.7103271484375 -2.2000045776367188
v 0.0000023582856556458864 -37.51190948486328 -10.305366516113281
v 1.3289238214492798 -37.3997917175293 -10.166261672973633
v 1.3289258480072021 -43.54000473022461 -2.1460533142089844
v 0.678307294845581 -43.66679763793945 -2.186216354370117
v 1.3289238214492798 -37.3997917175293 -10.166261672973633
v 0.678307294845581 -43.66679763793945 -2.186216354370117
v 0.6783053278923035 -37.483253479003906 -10.269815444946289
v 1.9458917379379272 -37.265262603759766 -9.999347686767578
v 1.94589364528656 -43.335636138916016 -2.0813159942626953
v 1.3289258480072021 -43.54000473022461 -2.1460533142089844
v 1.9458917379379272 -37.265262603759766 -9.999347686767578
v 1.3289258480072021 -43.54000473022461 -2.1460533142089844
v 1.3289238214492798 -37.3997917175293 -10.166261672973633
v 2.5232439041137695 -37.08341598510742 -9.773721694946289
v 2.523245334625244 -43.05937576293945 -1.9938068389892578
v 1.94589364528656 -43.335636138916016 -2.0813159942626953
v 2.5232439041137695 -37.08341598510742 -9.773721694946289
v 1.94589364528656 -43.335636138916016 -2.0813159942626953
v 1.9458917379379272 -37.265262603759766 -9.999347686767578
v 3.055014133453369 -36.85798645019531 -9.494026184082031
v 3.055016040802002 -42.7169189453125 -1.8853263854980469
v 2.523245334625244 -43.05937576293945 -1.9938068389892578
v 3.055014133453369 -36.85798645019531 -9.494026184082031
v 2.523245334625244 -43.05937576293945 -1.9938068389892578
v 2.5232439041137695 -37.08341598510742 -9.773721694946289
v 3.5352389812469482 -42.313941955566406 -1.7576770782470703
v 3.055014133453369 -36.85798645019531 -9.494026184082031
v 3.5352375507354736 -36.59272384643555 -9.164907455444336
v 3.055014133453369 -36.85798645019531 -9.494026184082031
v 3.5352389812469482 -42.313941955566406 -1.7576770782470703
v 3.055016040802002 -42.7169189453125 -1.8853263854980469
v 3.957948923110962 -41.856136322021484 -1.6126594543457031
v 3.5352375507354736 -36.59272384643555 -9.164907455444336
v 3.9579477310180664 -36.2913703918457 -8.791006088256836
v 3.5352375507354736 -36.59272384643555 -9.164907455444336
v 3.957948923110962 -41.856136322021484 -1.6126594543457031
v 3.5352389812469482 -42.313941955566406 -1.7576770782470703
v 4.317180156707764 -41.34918975830078 -1.4520759582519531
v 3.9579477310180664 -36.2913703918457 -8.791006088256836
v 4.317178249359131 -35.95766830444336 -8.376974105834961
v 3.9579477310180664 -36.2913703918457 -8.791006088256836
v 4.317180156707764 -41.34918975830078 -1.4520759582519531
v 3.957948923110962 -41.856136322021484 -1.6126594543457031
v 4.606966972351074 -40.798789978027344 -1.2777290344238281
v 4.317178249359131 -35.95766830444336 -8.376974105834961
v 4.606965065002441 -35.59536361694336 -7.927450180053711
v 4.317178249359131 -35.95766830444336 -8.376974105834961
v 4.606966972351074 -40.798789978027344 -1.2777290344238281
v 4.317180156707764 -41.34918975830078 -1.4520759582519531
v 4.821342468261719 -40.21062469482422 -1.0914173126220703
v 4.606965065002441 -35.59536361694336 -7.927450180053711
v 4.821341514587402 -35.20819854736328 -7.44708251953125
v 4.606965065002441 -35.59536361694336 -7.927450180053711
v 4.821342468261719 -40.21062469482422 -1.0914173126220703
v 4.606966972351074 -40.798789978027344 -1.2777290344238281
v 4.954343318939209 -39.59038162231445 -0.8949451446533203
v 4.821341514587402 -35.20819854736328 -7.44708251953125
v 4.954342365264893 -34.79991912841797 -6.940515518188477
v 4.821341514587402 -35.20819854736328 -7.44708251953125
v 4.954343318939209 -39.59038162231445 -0.8949451446533203
v 4.821342468261719 -40.21062469482422 -1.0914173126220703
v 5.000002861022949 -38.943748474121094 -0.6901111602783203
v 4.954342365264893 -34.79991912841797 -6.940515518188477
v 5.000001430511475 -34.374263763427734 -6.412391662597656
v 4.954342365264893 -34.79991912841797 -6.940515518188477
v 5.000002861022949 -38.943748474121094 -0.6901111602783203
v 4.954343318939209 -39.59038162231445 -0.8949451446533203
v 4.954343318939209 -38.29711151123047 -0.4852781295776367
v 5.000001430511475 -34.374263763427734 -6.412391662597656
v 4.954341888427734 -33.948612213134766 -5.884267807006836
v 5.000001430511475 -34.374263763427734 -6.412391662597656
v 4.954343318939209 -38.29711151123047 -0.4852781295776367
v 5.000002861022949 -38.943748474121094 -0.6901111602783203
v 4.8213419914245605 -37.67686462402344 -0.2888050079345703
v 4.954341888427734 -33.948612213134766 -5.884267807006836
v 4.821341037750244 -33.54032897949219 -5.3777008056640625
v 4.954341888427734 -33.948612213134766 -5.884267807006836
v 4.8213419914245605 -37.67686462402344 -0.2888050079345703
v 4.954343318939209 -38.29711151123047 -0.4852781295776367
v 4.606964111328125 -37.08870315551758 -0.1024942398071289
v 4.821341037750244 -33.54032897949219 -5.3777008056640625
v 4.606963634490967 -33.15316390991211 -4.897333145141602
v 4.821341037750244 -33.54032897949219 -5.3777008056640625
v 4.606964111328125 -37.08870315551758 -0.1024942398071289
v 4.8213419914245605 -37.67686462402344 -0.2888050079345703
v 4.3171772956848145 -36.53830337524414 0.0718536376953125
v 4.606963634490967 -33.15316390991211 -4.897333145141602
v 4.317176342010498 -32.79085922241211 -4.447811126708984
v 4.606963634490967 -33.15316390991211 -4.897333145141602
v 4.3171772956848145 -36.53830337524414 0.0718536376953125
v 4.606964111328125 -37.08870315551758 -0.1024942398071289
v 3.9579458236694336 -36.0313606262207 0.2324371337890625
v 4.317176342010498 -32.79085922241211 -4.447811126708984
v 3.9579451084136963 -32.45716094970703 -4.033777236938477
v 4.317176342010498 -32.79085922241211 -4.447811126708984
v 3.9579458236694336 -36.0313606262207 0.2324371337890625
v 4.3171772956848145 -36.53830337524414 0.0718536376953125
v 3.5352349281311035 -35.57355499267578 0.3774538040161133
v 3.9579451084136963 -32.45716094970703 -4.033777236938477
v 3.535234212875366 -32.15580749511719 -3.6598777770996094
v 3.9579451084136963 -32.45716094970703 -4.033777236938477
v 3.5352349281311035 -35.57355499267578 0.3774538040161133
v 3.9579458236694336 -36.0313606262207 0.2324371337890625
v 3.05501127243042 -35.17058181762695 0.5051050186157227
v 3.535234212875366 -32.15580749511719 -3.6598777770996094
v 3.0550105571746826 -31.89054298400879 -3.330759048461914
v 3.535234212875366 -32.15580749511719 -3.6598777770996094
v 3.05501127243042 -35.17058181762695 0.5051050186157227
v 3.5352349281311035 -35.57355499267578 0.3774538040161133
v 3.05501127243042 -35.17058181762695 0.5051050186157227
v 3.0550105571746826 -31.89054298400879 -3.330759048461914
v 2.5232396125793457 -31.665117263793945 -3.0510635375976562
v 3.05501127243042 -35.17058181762695 0.5051050186157227
v 2.5232396125793457 -31.665117263793945 -3.0510635375976562
v 2.523240566253662 -34.828121185302734 0.6135854721069336
v 2.523240566253662 -34.828121185302734 0.6135854721069336
v 2.5232396125793457 -31.665117263793945 -3.0510635375976562
v 1.9458872079849243 -31.483266830444336 -2.8254356384277344
v 2.523240566253662 -34.828121185302734 0.6135854721069336
v 1.9458872079849243 -31.483266830444336 -2.8254356384277344
v 1.9458879232406616 -34.55186080932617 0.7010936737060547
v 1.9458879232406616 -34.55186080932617 0.7010936737060547
v 1.9458872079849243 -31.483266830444336 -2.8254356384277344
v 1.3289190530776978 -31.348739624023438 -2.6585254669189453
v 1.9458879232406616 -34.55186080932617 0.7010936737060547
v 1.3289190530776978 -31.348739624023438 -2.6585254669189453
v 1.328919768333435 -34.347496032714844 0.7658319473266602
v 1.328919768333435 -34.347496032714844 0.7658319473266602
v 1.3289190530776978 -31.348739624023438 -2.6585254669189453
v 0.678300142288208 -31.26527976989746 -2.554971694946289
v 1.328919768333435 -34.347496032714844 0.7658319473266602
v 0.678300142288208 -31.26527976989746 -2.554971694946289
v 0.6783009171485901 -34.220703125 0.805994987487793
v 0.6783009171485901 -34.220703125 0.805994987487793
v 0.678300142288208 -31.26527976989746 -2.554971694946289
v -0.0000029873915536882123 -31.23662567138672 -2.519420623779297
v 0.6783009171485901 -34.220703125 0.805994987487793
v -0.0000029873915536882123 -31.23662567138672 -2.519420623779297
v -0.000001969764753084746 -34.17717361450195 0.8197841644287109
v -0.0000029873915536882123 -31.23662567138672 -2.519420623779297
v -0.6783048510551453 -34.220703125 0.8059959411621094
v -0.000001969764753084746 -34.17717361450195 0.8197841644287109
v -0.6783048510551453 -34.220703125 0.8059959411621094
v -0.0000029873915536882123 -31.23662567138672 -2.519420623779297
v -0.678305983543396 -31.26527976989746 -2.554971694946289
v -0.678305983543396 -31.26527976989746 -2.554971694946289
v -1.3289233446121216 -34.347496032714844 0.7658329010009766
v -0.6783048510551453 -34.220703125 0.8059959411621094
v -1.3289233446121216 -34.347496032714844 0.7658329010009766
v -0.678305983543396 -31.26527976989746 -2.554971694946289
v -1.328924298286438 -31.34874153137207 -2.6585254669189453
v -1.328924298286438 -31.34874153137207 -2.6585254669189453
v -1.9458911418914795 -34.55186462402344 0.7010946273803711
v -1.3289233446121216 -34.347496032714844 0.7658329010009766
v -1.9458911418914795 -34.55186462402344 0.7010946273803711
v -1.328924298286438 -31.34874153137207 -2.6585254669189453
v -1.9458924531936646 -31.48326873779297 -2.825437545776367
v -1.9458924531936646 -31.48326873779297 -2.825437545776367
v -2.523242950439453 -34.828125 0.61358642578125
v -1.9458911418914795 -34.55186462402344 0.7010946273803711
v -2.523242950439453 -34.828125 0.61358642578125
v -1.9458924531936646 -31.48326873779297 -2.825437545776367
v -2.523244619369507 -31.665119171142578 -3.0510635375976562
v -2.523244619369507 -31.665119171142578 -3.0510635375976562
v -3.055013656616211 -35.17058563232422 0.5051059722900391
v -2.523242950439453 -34.828125 0.61358642578125
v -3.055013656616211 -35.17058563232422 0.5051059722900391
v -2.523244619369507 -31.665119171142578 -3.0510635375976562
v -3.0550148487091064 -31.890546798706055 -3.330760955810547
v -3.055013656616211 -35.17058563232422 0.5051059722900391
v -3.0550148487091064 -31.890546798706055 -3.330760955810547
v -3.535238265991211 -32.15581130981445 -3.659879684448242
v -3.535238265991211 -32.15581130981445 -3.659879684448242
v -3.535236120223999 -35.57356262207031 0.3774566650390625
v -3.055013656616211 -35.17058563232422 0.5051059722900391
v -3.535236120223999 -35.57356262207031 0.3774566650390625
v -3.535238265991211 -32.15581130981445 -3.659879684448242
v -3.9579484462738037 -32.4571647644043 -4.033779144287109
v -3.9579484462738037 -32.4571647644043 -4.033779144287109
v -3.957946300506592 -36.03136444091797 0.23243999481201172
v -3.535236120223999 -35.57356262207031 0.3774566650390625
v -3.957946300506592 -36.03136444091797 0.23243999481201172
v -3.9579484462738037 -32.4571647644043 -4.033779144287109
v -4.317179203033447 -32.790863037109375 -4.447813034057617
v -4.317179203033447 -32.790863037109375 -4.447813034057617
v -4.3171772956848145 -36.53831100463867 0.07185554504394531
v -3.957946300506592 -36.03136444091797 0.23243999481201172
v -4.3171772956848145 -36.53831100463867 0.07185554504394531
v -4.317179203033447 -32.790863037109375 -4.447813034057617
v -4.6069655418396 -33.153167724609375 -4.897335052490234
v -4.6069655418396 -33.153167724609375 -4.897335052490234
v -4.606964111328125 -37.088706970214844 -0.1024923324584961
v -4.3171772956848145 -36.53831100463867 0.07185554504394531
v -4.606964111328125 -37.088706970214844 -0.1024923324584961
v -4.6069655418396 -33.153167724609375 -4.897335052490234
v -4.821342468261719 -33.54033279418945 -5.377702713012695
v -4.821342468261719 -33.54033279418945 -5.377702713012695
v -4.8213396072387695 -37.67687225341797 -0.2888031005859375
v -4.606964111328125 -37.088706970214844 -0.1024923324584961
v -4.8213396072387695 -37.67687225341797 -0.2888031005859375
v -4.821342468261719 -33.54033279418945 -5.377702713012695
v -4.954342842102051 -33.94861602783203 -5.884271621704102
v -4.954342842102051 -33.94861602783203 -5.884271621704102
v -4.95434045791626 -38.297119140625 -0.4852762222290039
v -4.8213396072387695 -37.67687225341797 -0.2888031005859375
v -4.95434045791626 -38.297119140625 -0.4852762222290039
v -4.954342842102051 -33.94861602783203 -5.884271621704102
v -5.000002384185791 -34.374267578125 -6.412395477294922
v -5.000002384185791 -34.374267578125 -6.412395477294922
v -5 -38.94375228881836 -0.6901092529296875
v -4.95434045791626 -38.297119140625 -0.4852762222290039
v -5 -38.94375228881836 -0.6901092529296875
v -5.000002384185791 -34.374267578125 -6.412395477294922
v -4.954342842102051 -34.799922943115234 -6.940517425537109
v -4.954342842102051 -34.799922943115234 -6.940517425537109
v -4.95434045791626 -39.590389251708984 -0.8949413299560547
v -5 -38.94375228881836 -0.6901092529296875
v -4.95434045791626 -39.590389251708984 -0.8949413299560547
v -4.954342842102051 -34.799922943115234 -6.940517425537109
v -4.821341514587402 -35.20820617675781 -7.447086334228516
v -4.821341514587402 -35.20820617675781 -7.447086334228516
v -4.821339130401611 -40.21063232421875 -1.0914154052734375
v -4.95434045791626 -39.590389251708984 -0.8949413299560547
v -4.821339130401611 -40.21063232421875 -1.0914154052734375
v -4.821341514587402 -35.20820617675781 -7.447086334228516
v -4.606964111328125 -35.59537124633789 -7.927452087402344
v -4.606964111328125 -35.59537124633789 -7.927452087402344
v -4.606961250305176 -40.798797607421875 -1.2777252197265625
v -4.821339130401611 -40.21063232421875 -1.0914154052734375
v -4.606961250305176 -40.798797607421875 -1.2777252197265625
v -4.606964111328125 -35.59537124633789 -7.927452087402344
v -4.3171772956848145 -35.957672119140625 -8.376976013183594
v -4.3171772956848145 -35.957672119140625 -8.376976013183594
v -4.317174911499023 -41.34919738769531 -1.4520740509033203
v -4.606961250305176 -40.798797607421875 -1.2777252197265625
v -4.317174911499023 -41.34919738769531 -1.4520740509033203
v -4.3171772956848145 -35.957672119140625 -8.376976013183594
v -3.9579458236694336 -36.29137420654297 -8.791009902954102
v -3.9579458236694336 -36.29137420654297 -8.791009902954102
v -3.9579429626464844 -41.85614013671875 -1.6126575469970703
v -4.317174911499023 -41.34919738769531 -1.4520740509033203
v -3.9579429626464844 -41.85614013671875 -1.6126575469970703
v -3.9579458236694336 -36.29137420654297 -8.791009902954102
v -3.5352349281311035 -36.59272766113281 -9.164907455444336
v -3.5352349281311035 -36.59272766113281 -9.164907455444336
v -3.5352320671081543 -42.31394577026367 -1.7576751708984375
v -3.9579429626464844 -41.85614013671875 -1.6126575469970703
v -3.5352320671081543 -42.31394577026367 -1.7576751708984375
v -3.5352349281311035 -36.59272766113281 -9.164907455444336
v -3.05501127243042 -36.85799026489258 -9.494028091430664
v -3.05501127243042 -36.85799026489258 -9.494028091430664
v -3.05500864982605 -42.7169189453125 -1.885324478149414
v -3.5352320671081543 -42.31394577026367 -1.7576751708984375
v -2.523238182067871 -43.05937957763672 -1.993804931640625
v -3.05501127243042 -36.85799026489258 -9.494028091430664
v -2.523240327835083 -37.08341598510742 -9.773723602294922
v -3.05501127243042 -36.85799026489258 -9.494028091430664
v -2.523238182067871 -43.05937957763672 -1.993804931640625
v -3.05500864982605 -42.7169189453125 -1.885324478149414
v -1.945885419845581 -43.33563995361328 -2.0813140869140625
v -2.523240327835083 -37.08341598510742 -9.773723602294922
v -1.9458879232406616 -37.26526641845703 -9.999349594116211
v -2.523240327835083 -37.08341598510742 -9.773723602294922
v -1.945885419845581 -43.33563995361328 -2.0813140869140625
v -2.523238182067871 -43.05937957763672 -1.993804931640625
v -1.3289172649383545 -43.54000473022461 -2.1460514068603516
v -1.9458879232406616 -37.26526641845703 -9.999349594116211
v -1.3289196491241455 -37.39979553222656 -10.166261672973633
v -1.9458879232406616 -37.26526641845703 -9.999349594116211
v -1.3289172649383545 -43.54000473022461 -2.1460514068603516
v -1.945885419845581 -43.33563995361328 -2.0813140869140625
v -0.6782984733581543 -43.66679763793945 -2.1862144470214844
v -1.3289196491241455 -37.39979553222656 -10.166261672973633
v -0.6783007979393005 -37.483253479003906 -10.269815444946289
v -1.3289196491241455 -37.39979553222656 -10.166261672973633
v -0.6782984733581543 -43.66679763793945 -2.1862144470214844
v -1.3289172649383545 -43.54000473022461 -2.1460514068603516
v 0.000004426192845130572 -43.7103271484375 -2.2000045776367188
v 0.000008239964699896518 -43.19507598876953 8.319246292114258
v -0.6782949566841125 -43.15224075317383 8.303441047668457
v 0.000004426192845130572 -43.7103271484375 -2.2000045776367188
v -0.6782949566841125 -43.15224075317383 8.303441047668457
v -0.6782984733581543 -43.66679763793945 -2.1862144470214844
v 0.678311288356781 -43.15223693847656 8.30344009399414
v 0.000004426192845130572 -43.7103271484375 -2.2000045776367188
v 0.678307294845581 -43.66679763793945 -2.186216354370117
v 0.000004426192845130572 -43.7103271484375 -2.2000045776367188
v 0.678311288356781 -43.15223693847656 8.30344009399414
v 0.000008239964699896518 -43.19507598876953 8.319246292114258
v 1.3289296627044678 -43.027462005615234 8.257399559020996
v 0.678307294845581 -43.66679763793945 -2.186216354370117
v 1.3289258480072021 -43.54000473022461 -2.1460533142089844
v 0.678307294845581 -43.66679763793945 -2.186216354370117
v 1.3289296627044678 -43.027462005615234 8.257399559020996
v 0.678311288356781 -43.15223693847656 8.30344009399414
v 1.9458976984024048 -42.82633972167969 8.183188438415527
v 1.3289258480072021 -43.54000473022461 -2.1460533142089844
v 1.94589364528656 -43.335636138916016 -2.0813159942626953
v 1.3289258480072021 -43.54000473022461 -2.1460533142089844
v 1.9458976984024048 -42.82633972167969 8.183188438415527
v 1.3289296627044678 -43.027462005615234 8.257399559020996
v 2.523250102996826 -42.554466247558594 8.082874298095703
v 1.94589364528656 -43.335636138916016 -2.0813159942626953
v 2.523245334625244 -43.05937576293945 -1.9938068389892578
v 1.94589364528656 -43.335636138916016 -2.0813159942626953
v 2.523250102996826 -42.554466247558594 8.082874298095703
v 1.9458976984024048 -42.82633972167969 8.183188438415527
v 3.0550198554992676 -42.217445373535156 7.958520412445068
v 2.523245334625244 -43.05937576293945 -1.9938068389892578
v 3.055016040802002 -42.7169189453125 -1.8853263854980469
v 2.523245334625244 -43.05937576293945 -1.9938068389892578
v 3.0550198554992676 -42.217445373535156 7.958520412445068
v 2.523250102996826 -42.554466247558594 8.082874298095703
v 3.5352425575256348 -41.82086944580078 7.812192440032959
v 3.055016040802002 -42.7169189453125 -1.8853263854980469
v 3.5352389812469482 -42.313941955566406 -1.7576770782470703
v 3.055016040802002 -42.7169189453125 -1.8853263854980469
v 3.5352425575256348 -41.82086944580078 7.812192440032959
v 3.0550198554992676 -42.217445373535156 7.958520412445068
v 3.5352425575256348 -41.82086944580078 7.812192440032959
v 3.5352389812469482 -42.313941955566406 -1.7576770782470703
v 3.957948923110962 -41.856136322021484 -1.6126594543457031
v 3.5352425575256348 -41.82086944580078 7.812192440032959
v 3.957948923110962 -41.856136322021484 -1.6126594543457031
v 3.9579527378082275 -41.370338439941406 7.6459550857543945
v 3.9579527378082275 -41.370338439941406 7.6459550857543945
v 3.957948923110962 -41.856136322021484 -1.6126594543457031
v 4.317180156707764 -41.34918975830078 -1.4520759582519531
v 3.9579527378082275 -41.370338439941406 7.6459550857543945
v 4.317180156707764 -41.34918975830078 -1.4520759582519531
v 4.317183971405029 -40.87144470214844 7.461874485015869
v 4.317183971405029 -40.87144470214844 7.461874485015869
v 4.317180156707764 -41.34918975830078 -1.4520759582519531
v 4.606966972351074 -40.798789978027344 -1.2777290344238281
v 4.317183971405029 -40.87144470214844 7.461874485015869
v 4.606966972351074 -40.798789978027344 -1.2777290344238281
v 4.606969833374023 -40.32978820800781 7.262014389038086
v 4.606969833374023 -40.32978820800781 7.262014389038086
v 4.606966972351074 -40.798789978027344 -1.2777290344238281
v 4.821342468261719 -40.21062469482422 -1.0914173126220703
v 4.606969833374023 -40.32978820800781 7.262014389038086
v 4.821342468261719 -40.21062469482422 -1.0914173126220703
v 4.821346759796143 -39.75096130371094 7.048440933227539
v 4.821346759796143 -39.75096130371094 7.048440933227539
v 4.821342468261719 -40.21062469482422 -1.0914173126220703
v 4.954343318939209 -39.59038162231445 -0.8949451446533203
v 4.821346759796143 -39.75096130371094 7.048440933227539
v 4.954343318939209 -39.59038162231445 -0.8949451446533203
v 4.954347133636475 -39.140567779541016 6.823219299316406
v 4.954347133636475 -39.140567779541016 6.823219299316406
v 4.954343318939209 -39.59038162231445 -0.8949451446533203
v 5.000002861022949 -38.943748474121094 -0.6901111602783203
v 4.954347133636475 -39.140567779541016 6.823219299316406
v 5.000002861022949 -38.943748474121094 -0.6901111602783203
v 5.000005722045898 -38.50420379638672 6.588413238525391
v 5.000005722045898 -38.50420379638672 6.588413238525391
v 5.000002861022949 -38.943748474121094 -0.6901111602783203
v 4.954343318939209 -38.29711151123047 -0.4852781295776367
v 5.000005722045898 -38.50420379638672 6.588413238525391
v 4.954343318939209 -38.29711151123047 -0.4852781295776367
v 4.954346179962158 -37.867835998535156 6.353609085083008
v 4.954346179962158 -37.867835998535156 6.353609085083008
v 4.954343318939209 -38.29711151123047 -0.4852781295776367
v 4.8213419914245605 -37.67686462402344 -0.2888050079345703
v 4.954346179962158 -37.867835998535156 6.353609085083008
v 4.8213419914245605 -37.67686462402344 -0.2888050079345703
v 4.82134485244751 -37.2574462890625 6.128387451171875
v 4.82134485244751 -37.2574462890625 6.128387451171875
v 4.8213419914245605 -37.67686462402344 -0.2888050079345703
v 4.606964111328125 -37.08870315551758 -0.1024942398071289
v 4.82134485244751 -37.2574462890625 6.128387451171875
v 4.606964111328125 -37.08870315551758 -0.1024942398071289
v 4.606967449188232 -36.67862319946289 5.914813995361328
v 4.606967449188232 -36.67862319946289 5.914813995361328
v 4.606964111328125 -37.08870315551758 -0.1024942398071289
v 4.3171772956848145 -36.53830337524414 0.0718536376953125
v 4.606967449188232 -36.67862319946289 5.914813995361328
v 4.3171772956848145 -36.53830337524414 0.0718536376953125
v 4.317180156707764 -36.136962890625 5.714954376220703
v 4.317180156707764 -36.136962890625 5.714954376220703
v 4.3171772956848145 -36.53830337524414 0.0718536376953125
v 3.9579458236694336 -36.0313606262207 0.2324371337890625
v 4.317180156707764 -36.136962890625 5.714954376220703
v 3.9579458236694336 -36.0313606262207 0.2324371337890625
v 3.9579479694366455 -35.6380729675293 5.530874252319336
v 3.9579479694366455 -35.6380729675293 5.530874252319336
v 3.9579458236694336 -36.0313606262207 0.2324371337890625
v 3.5352349281311035 -35.57355499267578 0.3774538040161133
v 3.9579479694366455 -35.6380729675293 5.530874252319336
v 3.5352349281311035 -35.57355499267578 0.3774538040161133
v 3.5352370738983154 -35.187538146972656 5.36463737487793
v 3.5352349281311035 -35.57355499267578 0.3774538040161133
v 3.05501389503479 -34.79096603393555 5.218310356140137
v 3.5352370738983154 -35.187538146972656 5.36463737487793
v 3.05501389503479 -34.79096603393555 5.218310356140137
v 3.5352349281311035 -35.57355499267578 0.3774538040161133
v 3.05501127243042 -35.17058181762695 0.5051050186157227
v 3.05501127243042 -35.17058181762695 0.5051050186157227
v 2.523242712020874 -34.45394515991211 5.093957901000977
v 3.05501389503479 -34.79096603393555 5.218310356140137
v 2.523242712020874 -34.45394515991211 5.093957901000977
v 3.05501127243042 -35.17058181762695 0.5051050186157227
v 2.523240566253662 -34.828121185302734 0.6135854721069336
v 2.523240566253662 -34.828121185302734 0.6135854721069336
v 1.945890188217163 -34.18207550048828 4.993644714355469
v 2.523242712020874 -34.45394515991211 5.093957901000977
v 1.945890188217163 -34.18207550048828 4.993644714355469
v 2.523240566253662 -34.828121185302734 0.6135854721069336
v 1.9458879232406616 -34.55186080932617 0.7010936737060547
v 1.9458879232406616 -34.55186080932617 0.7010936737060547
v 1.3289215564727783 -33.98094940185547 4.919434547424316
v 1.945890188217163 -34.18207550048828 4.993644714355469
v 1.3289215564727783 -33.98094940185547 4.919434547424316
v 1.9458879232406616 -34.55186080932617 0.7010936737060547
v 1.328919768333435 -34.347496032714844 0.7658319473266602
v 1.328919768333435 -34.347496032714844 0.7658319473266602
v 0.6783027648925781 -33.85617446899414 4.873394966125488
v 1.3289215564727783 -33.98094940185547 4.919434547424316
v 0.6783027648925781 -33.85617446899414 4.873394966125488
v 1.328919768333435 -34.347496032714844 0.7658319473266602
v 0.6783009171485901 -34.220703125 0.805994987487793
v 0.6783009171485901 -34.220703125 0.805994987487793
v -4.0262733591589495e-7 -33.81333541870117 4.857588768005371
v 0.6783027648925781 -33.85617446899414 4.873394966125488
v -4.0262733591589495e-7 -33.81333541870117 4.857588768005371
v 0.6783009171485901 -34.220703125 0.805994987487793
v -0.000001969764753084746 -34.17717361450195 0.8197841644287109
v -4.0262733591589495e-7 -33.81333541870117 4.857588768005371
v -0.000001969764753084746 -34.17717361450195 0.8197841644287109
v -0.6783048510551453 -34.220703125 0.8059959411621094
v -4.0262733591589495e-7 -33.81333541870117 4.857588768005371
v -0.6783048510551453 -34.220703125 0.8059959411621094
v -0.6783035397529602 -33.85617446899414 4.873394966125488
v -0.6783035397529602 -33.85617446899414 4.873394966125488
v -0.6783048510551453 -34.220703125 0.8059959411621094
v -1.3289233446121216 -34.347496032714844 0.7658329010009766
v -0.6783035397529602 -33.85617446899414 4.873394966125488
v -1.3289233446121216 -34.347496032714844 0.7658329010009766
v -1.3289217948913574 -33.980953216552734 4.919436454772949
v -1.3289217948913574 -33.980953216552734 4.919436454772949
v -1.3289233446121216 -34.347496032714844 0.7658329010009766
v -1.9458911418914795 -34.55186462402344 0.7010946273803711
v -1.3289217948913574 -33.980953216552734 4.919436454772949
v -1.9458911418914795 -34.55186462402344 0.7010946273803711
v -1.9458897113800049 -34.18207550048828 4.993646621704102
v -1.9458897113800049 -34.18207550048828 4.993646621704102
v -1.9458911418914795 -34.55186462402344 0.7010946273803711
v -2.523242950439453 -34.828125 0.61358642578125
v -1.9458897113800049 -34.18207550048828 4.993646621704102
v -2.523242950439453 -34.828125 0.61358642578125
v -2.5232419967651367 -34.45394515991211 5.093961715698242
v -2.5232419967651367 -34.45394515991211 5.093961715698242
v -2.523242950439453 -34.828125 0.61358642578125
v -3.055013656616211 -35.17058563232422 0.5051059722900391
v -2.5232419967651367 -34.45394515991211 5.093961715698242
v -3.055013656616211 -35.17058563232422 0.5051059722900391
v -3.0550119876861572 -34.79096603393555 5.218315124511719
v -3.535236120223999 -35.57356262207031 0.3774566650390625
v -3.5352349281311035 -35.18754196166992 5.364643096923828
v -3.0550119876861572 -34.79096603393555 5.218315124511719
v -3.535236120223999 -35.57356262207031 0.3774566650390625
v -3.0550119876861572 -34.79096603393555 5.218315124511719
v -3.055013656616211 -35.17058563232422 0.5051059722900391
v -3.535236120223999 -35.57356262207031 0.3774566650390625
v -3.9579451084136963 -35.63807678222656 5.530880928039551
v -3.5352349281311035 -35.18754196166992 5.364643096923828
v -3.9579451084136963 -35.63807678222656 5.530880928039551
v -3.535236120223999 -35.57356262207031 0.3774566650390625
v -3.957946300506592 -36.03136444091797 0.23243999481201172
v -3.957946300506592 -36.03136444091797 0.23243999481201172
v -4.317176342010498 -36.13697052001953 5.714961051940918
v -3.9579451084136963 -35.63807678222656 5.530880928039551
v -4.317176342010498 -36.13697052001953 5.714961051940918
v -3.957946300506592 -36.03136444091797 0.23243999481201172
v -4.3171772956848145 -36.53831100463867 0.07185554504394531
v -4.3171772956848145 -36.53831100463867 0.07185554504394531
v -4.606962203979492 -36.678627014160156 5.914821624755859
v -4.317176342010498 -36.13697052001953 5.714961051940918
v -4.606962203979492 -36.678627014160156 5.914821624755859
v -4.3171772956848145 -36.53831100463867 0.07185554504394531
v -4.606964111328125 -37.088706970214844 -0.1024923324584961
v -4.606964111328125 -37.088706970214844 -0.1024923324584961
v -4.821339130401611 -37.257450103759766 6.128395080566406
v -4.606962203979492 -36.678627014160156 5.914821624755859
v -4.821339130401611 -37.257450103759766 6.128395080566406
v -4.606964111328125 -37.088706970214844 -0.1024923324584961
v -4.8213396072387695 -37.67687225341797 -0.2888031005859375
v -4.8213396072387695 -37.67687225341797 -0.2888031005859375
v -4.954339504241943 -37.86784362792969 6.353615760803223
v -4.821339130401611 -37.257450103759766 6.128395080566406
v -4.954339504241943 -37.86784362792969 6.353615760803223
v -4.8213396072387695 -37.67687225341797 -0.2888031005859375
v -4.95434045791626 -38.297119140625 -0.4852762222290039
v -4.95434045791626 -38.297119140625 -0.4852762222290039
v -4.999998092651367 -38.50421142578125 6.588421821594238
v -4.954339504241943 -37.86784362792969 6.353615760803223
v -4.999998092651367 -38.50421142578125 6.588421821594238
v -4.95434045791626 -38.297119140625 -0.4852762222290039
v -5 -38.94375228881836 -0.6901092529296875
v -5 -38.94375228881836 -0.6901092529296875
v -4.954338550567627 -39.14057540893555 6.8232269287109375
v -4.999998092651367 -38.50421142578125 6.588421821594238
v -4.954338550567627 -39.14057540893555 6.8232269287109375
v -5 -38.94375228881836 -0.6901092529296875
v -4.95434045791626 -39.590389251708984 -0.8949413299560547
v -4.95434045791626 -39.590389251708984 -0.8949413299560547
v -4.8213372230529785 -39.75096893310547 7.04844856262207
v -4.954338550567627 -39.14057540893555 6.8232269287109375
v -4.8213372230529785 -39.75096893310547 7.04844856262207
v -4.95434045791626 -39.590389251708984 -0.8949413299560547
v -4.821339130401611 -40.21063232421875 -1.0914154052734375
v -4.821339130401611 -40.21063232421875 -1.0914154052734375
v -4.606959819793701 -40.32979202270508 7.262021064758301
v -4.8213372230529785 -39.75096893310547 7.04844856262207
v -4.606959819793701 -40.32979202270508 7.262021064758301
v -4.821339130401611 -40.21063232421875 -1.0914154052734375
v -4.606961250305176 -40.798797607421875 -1.2777252197265625
v -4.606961250305176 -40.798797607421875 -1.2777252197265625
v -4.317172527313232 -40.8714485168457 7.461881160736084
v -4.606959819793701 -40.32979202270508 7.262021064758301
v -4.317172527313232 -40.8714485168457 7.461881160736084
v -4.606961250305176 -40.798797607421875 -1.2777252197265625
v -4.317174911499023 -41.34919738769531 -1.4520740509033203
v -4.317174911499023 -41.34919738769531 -1.4520740509033203
v -3.9579403400421143 -41.37034225463867 7.645961284637451
v -4.317172527313232 -40.8714485168457 7.461881160736084
v -3.9579403400421143 -41.37034225463867 7.645961284637451
v -4.317174911499023 -41.34919738769531 -1.4520740509033203
v -3.9579429626464844 -41.85614013671875 -1.6126575469970703
v -3.9579429626464844 -41.85614013671875 -1.6126575469970703
v -3.535229444503784 -41.82087326049805 7.812197685241699
v -3.9579403400421143 -41.37034225463867 7.645961284637451
v -3.535229444503784 -41.82087326049805 7.812197685241699
v -3.9579429626464844 -41.85614013671875 -1.6126575469970703
v -3.5352320671081543 -42.31394577026367 -1.7576751708984375
v -3.05500864982605 -42.7169189453125 -1.885324478149414
v -3.0550057888031006 -42.21744918823242 7.95852518081665
v -3.535229444503784 -41.82087326049805 7.812197685241699
v -3.05500864982605 -42.7169189453125 -1.885324478149414
v -3.535229444503784 -41.82087326049805 7.812197685241699
v -3.5352320671081543 -42.31394577026367 -1.7576751708984375
v -2.523238182067871 -43.05937957763672 -1.993804931640625
v -2.5232348442077637 -42.55447006225586 8.082878112792969
v -3.0550057888031006 -42.21744918823242 7.95852518081665
v -2.523238182067871 -43.05937957763672 -1.993804931640625
v -3.0550057888031006 -42.21744918823242 7.95852518081665
v -3.05500864982605 -42.7169189453125 -1.885324478149414
v -1.945885419845581 -43.33563995361328 -2.0813140869140625
v -1.9458822011947632 -42.82633972167969 8.183191299438477
v -2.5232348442077637 -42.55447006225586 8.082878112792969
v -1.945885419845581 -43.33563995361328 -2.0813140869140625
v -2.5232348442077637 -42.55447006225586 8.082878112792969
v -2.523238182067871 -43.05937957763672 -1.993804931640625
v -1.3289172649383545 -43.54000473022461 -2.1460514068603516
v -1.3289138078689575 -43.027462005615234 8.257401466369629
v -1.9458822011947632 -42.82633972167969 8.183191299438477
v -1.3289172649383545 -43.54000473022461 -2.1460514068603516
v -1.9458822011947632 -42.82633972167969 8.183191299438477
v -1.945885419845581 -43.33563995361328 -2.0813140869140625
v -0.6782984733581543 -43.66679763793945 -2.1862144470214844
v -0.6782949566841125 -43.15224075317383 8.303441047668457
v -1.3289138078689575 -43.027462005615234 8.257401466369629
v -0.6782984733581543 -43.66679763793945 -2.1862144470214844
v -1.3289138078689575 -43.027462005615234 8.257401466369629
v -1.3289172649383545 -43.54000473022461 -2.1460514068603516
v 0.000008239964699896518 -43.19507598876953 8.319246292114258
v 0.000013133018001099117 -35.2784309387207 19.042436599731445
v -0.6782898306846619 -35.24711990356445 19.009204864501953
v 0.000008239964699896518 -43.19507598876953 8.319246292114258
v -0.6782898306846619 -35.24711990356445 19.009204864501953
v -0.6782949566841125 -43.15224075317383 8.303441047668457
v 0.678316056728363 -35.24711990356445 19.00920295715332
v 0.000008239964699896518 -43.19507598876953 8.319246292114258
v 0.678311288356781 -43.15223693847656 8.30344009399414
v 0.000008239964699896518 -43.19507598876953 8.319246292114258
v 0.678316056728363 -35.24711990356445 19.00920295715332
v 0.000013133018001099117 -35.2784309387207 19.042436599731445
v 1.3289343118667603 -35.15591049194336 18.912399291992188
v 0.678311288356781 -43.15223693847656 8.30344009399414
v 1.3289296627044678 -43.027462005615234 8.257399559020996
v 0.678311288356781 -43.15223693847656 8.30344009399414
v 1.3289343118667603 -35.15591049194336 18.912399291992188
v 0.678316056728363 -35.24711990356445 19.00920295715332
v 1.9459021091461182 -35.0088996887207 18.75636863708496
v 1.3289296627044678 -43.027462005615234 8.257399559020996
v 1.9458976984024048 -42.82633972167969 8.183188438415527
v 1.3289296627044678 -43.027462005615234 8.257399559020996
v 1.9459021091461182 -35.0088996887207 18.75636863708496
v 1.3289343118667603 -35.15591049194336 18.912399291992188
v 2.523254156112671 -34.810176849365234 18.545452117919922
v 1.9458976984024048 -42.82633972167969 8.183188438415527
v 2.523250102996826 -42.554466247558594 8.082874298095703
v 1.9458976984024048 -42.82633972167969 8.183188438415527
v 2.523254156112671 -34.810176849365234 18.545452117919922
v 1.9459021091461182 -35.0088996887207 18.75636863708496
v 3.0550243854522705 -34.5638313293457 18.283992767333984
v 2.523250102996826 -42.554466247558594 8.082874298095703
v 3.0550198554992676 -42.217445373535156 7.958520412445068
v 2.523250102996826 -42.554466247558594 8.082874298095703
v 3.0550243854522705 -34.5638313293457 18.283992767333984
v 2.523254156112671 -34.810176849365234 18.545452117919922
v 3.0550243854522705 -34.5638313293457 18.283992767333984
v 3.0550198554992676 -42.217445373535156 7.958520412445068
v 3.5352425575256348 -41.82086944580078 7.812192440032959
v 3.0550243854522705 -34.5638313293457 18.283992767333984
v 3.5352425575256348 -41.82086944580078 7.812192440032959
v 3.535247325897217 -34.273956298828125 17.976329803466797
v 3.535247325897217 -34.273956298828125 17.976329803466797
v 3.5352425575256348 -41.82086944580078 7.812192440032959
v 3.9579527378082275 -41.370338439941406 7.6459550857543945
v 3.535247325897217 -34.273956298828125 17.976329803466797
v 3.9579527378082275 -41.370338439941406 7.6459550857543945
v 3.9579567909240723 -33.94464111328125 17.626808166503906
v 3.9579567909240723 -33.94464111328125 17.626808166503906
v 3.9579527378082275 -41.370338439941406 7.6459550857543945
v 4.317183971405029 -40.87144470214844 7.461874485015869
v 3.9579567909240723 -33.94464111328125 17.626808166503906
v 4.317183971405029 -40.87144470214844 7.461874485015869
v 4.317187309265137 -33.57997512817383 17.23976707458496
v 4.317187309265137 -33.57997512817383 17.23976707458496
v 4.317183971405029 -40.87144470214844 7.461874485015869
v 4.606969833374023 -40.32978820800781 7.262014389038086
v 4.317187309265137 -33.57997512817383 17.23976707458496
v 4.606969833374023 -40.32978820800781 7.262014389038086
v 4.606973648071289 -33.184051513671875 16.819551467895508
v 4.606973648071289 -33.184051513671875 16.819551467895508
v 4.606969833374023 -40.32978820800781 7.262014389038086
v 4.821346759796143 -39.75096130371094 7.048440933227539
v 4.606973648071289 -33.184051513671875 16.819551467895508
v 4.821346759796143 -39.75096130371094 7.048440933227539
v 4.821349620819092 -32.760963439941406 16.370502471923828
v 4.821349620819092 -32.760963439941406 16.370502471923828
v 4.821346759796143 -39.75096130371094 7.048440933227539
v 4.954347133636475 -39.140567779541016 6.823219299316406
v 4.821349620819092 -32.760963439941406 16.370502471923828
v 4.954347133636475 -39.140567779541016 6.823219299316406
v 4.954350471496582 -32.314796447753906 15.896961212158203
v 4.954350471496582 -32.314796447753906 15.896961212158203
v 4.954347133636475 -39.140567779541016 6.823219299316406
v 5.000005722045898 -38.50420379638672 6.588413238525391
v 4.954350471496582 -32.314796447753906 15.896961212158203
v 5.000005722045898 -38.50420379638672 6.588413238525391
v 5.000009059906006 -31.849647521972656 15.403270721435547
v 5.000009059906006 -31.849647521972656 15.403270721435547
v 5.000005722045898 -38.50420379638672 6.588413238525391
v 4.954346179962158 -37.867835998535156 6.353609085083008
v 5.000009059906006 -31.849647521972656 15.403270721435547
v 4.954346179962158 -37.867835998535156 6.353609085083008
v 4.954349040985107 -31.384496688842773 14.90958023071289
v 4.954349040985107 -31.384496688842773 14.90958023071289
v 4.954346179962158 -37.867835998535156 6.353609085083008
v 4.82134485244751 -37.2574462890625 6.128387451171875
v 4.954349040985107 -31.384496688842773 14.90958023071289
v 4.82134485244751 -37.2574462890625 6.128387451171875
v 4.821347713470459 -30.938331604003906 14.436039924621582
v 4.821347713470459 -30.938331604003906 14.436039924621582
v 4.82134485244751 -37.2574462890625 6.128387451171875
v 4.606967449188232 -36.67862319946289 5.914813995361328
v 4.821347713470459 -30.938331604003906 14.436039924621582
v 4.606967449188232 -36.67862319946289 5.914813995361328
v 4.606969833374023 -30.515243530273438 13.986991882324219
v 4.606969833374023 -30.515243530273438 13.986991882324219
v 4.606967449188232 -36.67862319946289 5.914813995361328
v 4.317180156707764 -36.136962890625 5.714954376220703
v 4.606969833374023 -30.515243530273438 13.986991882324219
v 4.317180156707764 -36.136962890625 5.714954376220703
v 4.317182540893555 -30.119319915771484 13.566776275634766
v 4.317182540893555 -30.119319915771484 13.566776275634766
v 4.317180156707764 -36.136962890625 5.714954376220703
v 3.9579479694366455 -35.6380729675293 5.530874252319336
v 4.317182540893555 -30.119319915771484 13.566776275634766
v 3.9579479694366455 -35.6380729675293 5.530874252319336
v 3.957951545715332 -29.754653930664062 13.179737091064453
v 3.957951545715332 -29.754653930664062 13.179737091064453
v 3.9579479694366455 -35.6380729675293 5.530874252319336
v 3.5352370738983154 -35.187538146972656 5.36463737487793
v 3.957951545715332 -29.754653930664062 13.179737091064453
v 3.5352370738983154 -35.187538146972656 5.36463737487793
v 3.535240650177002 -29.425338745117188 12.830216407775879
v 3.535240650177002 -29.425338745117188 12.830216407775879
v 3.5352370738983154 -35.187538146972656 5.36463737487793
v 3.05501389503479 -34.79096603393555 5.218310356140137
v 3.535240650177002 -29.425338745117188 12.830216407775879
v 3.05501389503479 -34.79096603393555 5.218310356140137
v 3.0550169944763184 -29.13546371459961 12.522555351257324
v 3.05501389503479 -34.79096603393555 5.218310356140137
v 2.5232458114624023 -28.889118194580078 12.26109504699707
v 3.0550169944763184 -29.13546371459961 12.522555351257324
v 2.5232458114624023 -28.889118194580078 12.26109504699707
v 3.05501389503479 -34.79096603393555 5.218310356140137
v 2.523242712020874 -34.45394515991211 5.093957901000977
v 2.523242712020874 -34.45394515991211 5.093957901000977
v 1.9458931684494019 -28.69039535522461 12.050180435180664
v 2.5232458114624023 -28.889118194580078 12.26109504699707
v 1.9458931684494019 -28.69039535522461 12.050180435180664
v 2.523242712020874 -34.45394515991211 5.093957901000977
v 1.945890188217163 -34.18207550048828 4.993644714355469
v 1.945890188217163 -34.18207550048828 4.993644714355469
v 1.3289247751235962 -28.543386459350586 11.894150733947754
v 1.9458931684494019 -28.69039535522461 12.050180435180664
v 1.3289247751235962 -28.543386459350586 11.894150733947754
v 1.945890188217163 -34.18207550048828 4.993644714355469
v 1.3289215564727783 -33.98094940185547 4.919434547424316
v 1.3289215564727783 -33.98094940185547 4.919434547424316
v 0.6783059239387512 -28.452178955078125 11.797348976135254
v 1.3289247751235962 -28.543386459350586 11.894150733947754
v 0.6783059239387512 -28.452178955078125 11.797348976135254
v 1.3289215564727783 -33.98094940185547 4.919434547424316
v 0.6783027648925781 -33.85617446899414 4.873394966125488
v 0.6783027648925781 -33.85617446899414 4.873394966125488
v 0.0000029202365112723783 -28.420867919921875 11.764117240905762
v 0.6783059239387512 -28.452178955078125 11.797348976135254
v 0.0000029202365112723783 -28.420867919921875 11.764117240905762
v 0.6783027648925781 -33.85617446899414 4.873394966125488
v -4.0262733591589495e-7 -33.81333541870117 4.857588768005371
v 0.0000029202365112723783 -28.420867919921875 11.764117240905762
v -4.0262733591589495e-7 -33.81333541870117 4.857588768005371
v -0.6783035397529602 -33.85617446899414 4.873394966125488
v 0.0000029202365112723783 -28.420867919921875 11.764117240905762
v -0.6783035397529602 -33.85617446899414 4.873394966125488
v -0.6782999634742737 -28.452178955078125 11.79734992980957
v -0.6782999634742737 -28.452178955078125 11.79734992980957
v -0.6783035397529602 -33.85617446899414 4.873394966125488
v -1.3289217948913574 -33.980953216552734 4.919436454772949
v -0.6782999634742737 -28.452178955078125 11.79734992980957
v -1.3289217948913574 -33.980953216552734 4.919436454772949
v -1.328918218612671 -28.543384552001953 11.894153594970703
v -1.328918218612671 -28.543384552001953 11.894153594970703
v -1.3289217948913574 -33.980953216552734 4.919436454772949
v -1.9458897113800049 -34.18207550048828 4.993646621704102
v -1.9458897113800049 -34.18207550048828 4.993646621704102
v -1.9458860158920288 -28.69039535522461 12.05018424987793
v -1.328918218612671 -28.543384552001953 11.894153594970703
v -1.9458860158920288 -28.69039535522461 12.05018424987793
v -1.9458897113800049 -34.18207550048828 4.993646621704102
v -2.5232419967651367 -34.45394515991211 5.093961715698242
v -2.5232419967651367 -34.45394515991211 5.093961715698242
v -2.523237943649292 -28.88912010192871 12.261100769042969
v -1.9458860158920288 -28.69039535522461 12.05018424987793
v -2.523237943649292 -28.88912010192871 12.261100769042969
v -2.5232419967651367 -34.45394515991211 5.093961715698242
v -3.0550119876861572 -34.79096603393555 5.218315124511719
v -3.0550119876861572 -34.79096603393555 5.218315124511719
v -3.0550081729888916 -29.135465621948242 12.522561073303223
v -2.523237943649292 -28.88912010192871 12.261100769042969
v -3.0550119876861572 -34.79096603393555 5.218315124511719
v -3.535231590270996 -29.42534065246582 12.83022403717041
v -3.0550081729888916 -29.135465621948242 12.522561073303223
v -3.535231590270996 -29.42534065246582 12.83022403717041
v -3.0550119876861572 -34.79096603393555 5.218315124511719
v -3.5352349281311035 -35.18754196166992 5.364643096923828
v -3.5352349281311035 -35.18754196166992 5.364643096923828
v -3.9579410552978516 -29.754657745361328 13.1797456741333
v -3.535231590270996 -29.42534065246582 12.83022403717041
v -3.9579410552978516 -29.754657745361328 13.1797456741333
v -3.5352349281311035 -35.18754196166992 5.364643096923828
v -3.9579451084136963 -35.63807678222656 5.530880928039551
v -3.9579451084136963 -35.63807678222656 5.530880928039551
v -4.317172050476074 -30.119321823120117 13.56678581237793
v -3.9579410552978516 -29.754657745361328 13.1797456741333
v -4.317172050476074 -30.119321823120117 13.56678581237793
v -3.9579451084136963 -35.63807678222656 5.530880928039551
v -4.317176342010498 -36.13697052001953 5.714961051940918
v -4.317176342010498 -36.13697052001953 5.714961051940918
v -4.606957912445068 -30.51524543762207 13.987001419067383
v -4.317172050476074 -30.119321823120117 13.56678581237793
v -4.606957912445068 -30.51524543762207 13.987001419067383
v -4.317176342010498 -36.13697052001953 5.714961051940918
v -4.606962203979492 -36.678627014160156 5.914821624755859
v -4.606962203979492 -36.678627014160156 5.914821624755859
v -4.821333885192871 -30.938335418701172 14.436051368713379
v -4.606957912445068 -30.51524543762207 13.987001419067383
v -4.821333885192871 -30.938335418701172 14.436051368713379
v -4.606962203979492 -36.678627014160156 5.914821624755859
v -4.821339130401611 -37.257450103759766 6.128395080566406
v -4.821339130401611 -37.257450103759766 6.128395080566406
v -4.954334735870361 -31.38450050354004 14.909591674804688
v -4.821333885192871 -30.938335418701172 14.436051368713379
v -4.954334735870361 -31.38450050354004 14.909591674804688
v -4.821339130401611 -37.257450103759766 6.128395080566406
v -4.954339504241943 -37.86784362792969 6.353615760803223
v -4.954339504241943 -37.86784362792969 6.353615760803223
v -4.999993324279785 -31.84964942932129 15.403282165527344
v -4.954334735870361 -31.38450050354004 14.909591674804688
v -4.999993324279785 -31.84964942932129 15.403282165527344
v -4.954339504241943 -37.86784362792969 6.353615760803223
v -4.999998092651367 -38.50421142578125 6.588421821594238
v -4.999998092651367 -38.50421142578125 6.588421821594238
v -4.954333305358887 -32.31480026245117 15.89697265625
v -4.999993324279785 -31.84964942932129 15.403282165527344
v -4.954333305358887 -32.31480026245117 15.89697265625
v -4.999998092651367 -38.50421142578125 6.588421821594238
v -4.954338550567627 -39.14057540893555 6.8232269287109375
v -4.954338550567627 -39.14057540893555 6.8232269287109375
v -4.821331977844238 -32.76096725463867 16.370512008666992
v -4.954333305358887 -32.31480026245117 15.89697265625
v -4.821331977844238 -32.76096725463867 16.370512008666992
v -4.954338550567627 -39.14057540893555 6.8232269287109375
v -4.8213372230529785 -39.75096893310547 7.04844856262207
v -4.8213372230529785 -39.75096893310547 7.04844856262207
v -4.606954574584961 -33.18405532836914 16.819561004638672
v -4.821331977844238 -32.76096725463867 16.370512008666992
v -4.606954574584961 -33.18405532836914 16.819561004638672
v -4.8213372230529785 -39.75096893310547 7.04844856262207
v -4.606959819793701 -40.32979202270508 7.262021064758301
v -4.606959819793701 -40.32979202270508 7.262021064758301
v -4.317166805267334 -33.579978942871094 17.239776611328125
v -4.606954574584961 -33.18405532836914 16.819561004638672
v -4.317166805267334 -33.579978942871094 17.239776611328125
v -4.606959819793701 -40.32979202270508 7.262021064758301
v -4.317172527313232 -40.8714485168457 7.461881160736084
v -4.317172527313232 -40.8714485168457 7.461881160736084
v -3.9579358100891113 -33.94464111328125 17.626815795898438
v -4.317166805267334 -33.579978942871094 17.239776611328125
v -3.9579358100891113 -33.94464111328125 17.626815795898438
v -4.317172527313232 -40.8714485168457 7.461881160736084
v -3.9579403400421143 -41.37034225463867 7.645961284637451
v -3.9579403400421143 -41.37034225463867 7.645961284637451
v -3.5352249145507812 -34.27396011352539 17.976337432861328
v -3.9579358100891113 -33.94464111328125 17.626815795898438
v -3.5352249145507812 -34.27396011352539 17.976337432861328
v -3.9579403400421143 -41.37034225463867 7.645961284637451
v -3.535229444503784 -41.82087326049805 7.812197685241699
v -3.535229444503784 -41.82087326049805 7.812197685241699
v -3.0550007820129395 -34.56383514404297 18.283998489379883
v -3.5352249145507812 -34.27396011352539 17.976337432861328
v -3.0550007820129395 -34.56383514404297 18.283998489379883
v -3.535229444503784 -41.82087326049805 7.812197685241699
v -3.0550057888031006 -42.21744918823242 7.95852518081665
v -2.5232348442077637 -42.55447006225586 8.082878112792969
v -2.5232298374176025 -34.8101806640625 18.54545783996582
v -3.0550007820129395 -34.56383514404297 18.283998489379883
v -2.5232348442077637 -42.55447006225586 8.082878112792969
v -3.0550007820129395 -34.56383514404297 18.283998489379883
v -3.0550057888031006 -42.21744918823242 7.95852518081665
v -1.9458822011947632 -42.82633972167969 8.183191299438477
v -1.9458770751953125 -35.00890350341797 18.756372451782227
v -2.5232298374176025 -34.8101806640625 18.54545783996582
v -1.9458822011947632 -42.82633972167969 8.183191299438477
v -2.5232298374176025 -34.8101806640625 18.54545783996582
v -2.5232348442077637 -42.55447006225586 8.082878112792969
v -1.3289138078689575 -43.027462005615234 8.257401466369629
v -1.3289086818695068 -35.15591049194336 18.912403106689453
v -1.9458770751953125 -35.00890350341797 18.756372451782227
v -1.3289138078689575 -43.027462005615234 8.257401466369629
v -1.9458770751953125 -35.00890350341797 18.756372451782227
v -1.9458822011947632 -42.82633972167969 8.183191299438477
v -0.6782949566841125 -43.15224075317383 8.303441047668457
v -0.6782898306846619 -35.24711990356445 19.009204864501953
v -1.3289086818695068 -35.15591049194336 18.912403106689453
v -0.6782949566841125 -43.15224075317383 8.303441047668457
v -1.3289086818695068 -35.15591049194336 18.912403106689453
v -1.3289138078689575 -43.027462005615234 8.257401466369629
v 1.9509035348892212 -26.476581573486328 12.0326509475708
v -5.867343588761287e-8 -26.284435272216797 10.032649993896484
v -5.867343588761287e-8 -26.284435272216797 12.0326509475708
v -5.867343588761287e-8 -26.284435272216797 10.032649993896484
v 1.9509035348892212 -26.476581573486328 12.0326509475708
v 1.9509035348892212 -26.476581573486328 10.032649993896484
v 3.8268351554870605 -27.045639038085938 12.0326509475708
v 1.9509035348892212 -26.476581573486328 10.032649993896484
v 1.9509035348892212 -26.476581573486328 12.0326509475708
v 1.9509035348892212 -26.476581573486328 10.032649993896484
v 3.8268351554870605 -27.045639038085938 12.0326509475708
v 3.8268351554870605 -27.045639038085938 10.032649993896484
v 5.555703163146973 -27.96973991394043 12.0326509475708
v 3.8268351554870605 -27.045639038085938 10.032649993896484
v 3.8268351554870605 -27.045639038085938 12.0326509475708
v 3.8268351554870605 -27.045639038085938 10.032649993896484
v 5.555703163146973 -27.96973991394043 12.0326509475708
v 5.555703163146973 -27.96973991394043 10.032649993896484
v 7.07106876373291 -29.213367462158203 12.032651901245117
v 5.555703163146973 -27.96973991394043 10.032649993896484
v 5.555703163146973 -27.96973991394043 12.0326509475708
v 5.555703163146973 -27.96973991394043 10.032649993896484
v 7.07106876373291 -29.213367462158203 12.032651901245117
v 7.07106876373291 -29.213367462158203 10.032649993896484
v 8.314697265625 -30.72873306274414 12.032651901245117
v 7.07106876373291 -29.213367462158203 10.032649993896484
v 7.07106876373291 -29.213367462158203 12.032651901245117
v 7.07106876373291 -29.213367462158203 10.032649993896484
v 8.314697265625 -30.72873306274414 12.032651901245117
v 8.314697265625 -30.72873306274414 10.032649993896484
v 9.23879623413086 -32.457603454589844 12.032651901245117
v 8.314697265625 -30.72873306274414 10.032649993896484
v 8.314697265625 -30.72873306274414 12.032651901245117
v 8.314697265625 -30.72873306274414 10.032649993896484
v 9.23879623413086 -32.457603454589844 12.032651901245117
v 9.23879623413086 -32.457603454589844 10.032649993896484
v 9.807853698730469 -34.333534240722656 12.032651901245117
v 9.23879623413086 -32.457603454589844 10.032649993896484
v 9.23879623413086 -32.457603454589844 12.032651901245117
v 9.23879623413086 -32.457603454589844 10.032649993896484
v 9.807853698730469 -34.333534240722656 12.032651901245117
v 9.807853698730469 -34.333534240722656 10.0326509475708
v 10.000001907348633 -36.2844352722168 12.032651901245117
v 9.807853698730469 -34.333534240722656 10.0326509475708
v 9.807853698730469 -34.333534240722656 12.032651901245117
v 9.807853698730469 -34.333534240722656 10.0326509475708
v 10.000001907348633 -36.2844352722168 12.032651901245117
v 10.000001907348633 -36.2844352722168 10.0326509475708
v 9.807855606079102 -38.2353401184082 12.032651901245117
v 10.000001907348633 -36.2844352722168 10.0326509475708
v 10.000001907348633 -36.2844352722168 12.032651901245117
v 10.000001907348633 -36.2844352722168 10.0326509475708
v 9.807855606079102 -38.2353401184082 12.032651901245117
v 9.807855606079102 -38.2353401184082 10.0326509475708
v 9.238798141479492 -40.111270904541016 12.032651901245117
v 9.807855606079102 -38.2353401184082 10.0326509475708
v 9.807855606079102 -38.2353401184082 12.032651901245117
v 9.807855606079102 -38.2353401184082 10.0326509475708
v 9.238798141479492 -40.111270904541016 12.032651901245117
v 9.238798141479492 -40.111270904541016 10.032651901245117
v 8.314697265625 -41.84014129638672 12.032651901245117
v 9.238798141479492 -40.111270904541016 10.032651901245117
v 9.238798141479492 -40.111270904541016 12.032651901245117
v 9.238798141479492 -40.111270904541016 10.032651901245117
v 8.314697265625 -41.84014129638672 12.032651901245117
v 8.314697265625 -41.84014129638672 10.032651901245117
v 7.07106876373291 -43.355506896972656 12.032651901245117
v 8.314697265625 -41.84014129638672 10.032651901245117
v 8.314697265625 -41.84014129638672 12.032651901245117
v 8.314697265625 -41.84014129638672 10.032651901245117
v 7.07106876373291 -43.355506896972656 12.032651901245117
v 7.07106876373291 -43.355506896972656 10.032651901245117
v 5.5557026863098145 -44.59913635253906 12.032652854919434
v 7.07106876373291 -43.355506896972656 10.032651901245117
v 7.07106876373291 -43.355506896972656 12.032651901245117
v 7.07106876373291 -43.355506896972656 10.032651901245117
v 5.5557026863098145 -44.59913635253906 12.032652854919434
v 5.5557026863098145 -44.59913635253906 10.032651901245117
v 3.826833486557007 -45.52323532104492 12.032652854919434
v 5.5557026863098145 -44.59913635253906 10.032651901245117
v 5.5557026863098145 -44.59913635253906 12.032652854919434
v 5.5557026863098145 -44.59913635253906 10.032651901245117
v 3.826833486557007 -45.52323532104492 12.032652854919434
v 3.826833486557007 -45.52323532104492 10.032651901245117
v 1.9509011507034302 -46.09229278564453 12.032652854919434
v 3.826833486557007 -45.52323532104492 10.032651901245117
v 3.826833486557007 -45.52323532104492 12.032652854919434
v 3.826833486557007 -45.52323532104492 10.032651901245117
v 1.9509011507034302 -46.09229278564453 12.032652854919434
v 1.9509011507034302 -46.09229278564453 10.032651901245117
v -0.000003317087703180732 -46.28443908691406 12.032652854919434
v 1.9509011507034302 -46.09229278564453 10.032651901245117
v 1.9509011507034302 -46.09229278564453 12.032652854919434
v 1.9509011507034302 -46.09229278564453 10.032651901245117
v -0.000003317087703180732 -46.28443908691406 12.032652854919434
v -0.000003317087703180732 -46.28443908691406 10.032651901245117
v -1.9509077072143555 -46.09229278564453 12.032652854919434
v -0.000003317087703180732 -46.28443908691406 10.032651901245117
v -0.000003317087703180732 -46.28443908691406 12.032652854919434
v -0.000003317087703180732 -46.28443908691406 10.032651901245117
v -1.9509077072143555 -46.09229278564453 12.032652854919434
v -1.9509077072143555 -46.09229278564453 10.032651901245117
v -3.8268396854400635 -45.523231506347656 12.032652854919434
v -1.9509077072143555 -46.09229278564453 10.032651901245117
v -1.9509077072143555 -46.09229278564453 12.032652854919434
v -1.9509077072143555 -46.09229278564453 10.032651901245117
v -3.8268396854400635 -45.523231506347656 12.032652854919434
v -3.8268396854400635 -45.523231506347656 10.032651901245117
v -5.555708408355713 -44.5991325378418 12.032652854919434
v -3.8268396854400635 -45.523231506347656 10.032651901245117
v -3.8268396854400635 -45.523231506347656 12.032652854919434
v -3.8268396854400635 -45.523231506347656 10.032651901245117
v -5.555708408355713 -44.5991325378418 12.032652854919434
v -5.555708408355713 -44.5991325378418 10.032651901245117
v -7.07107400894165 -43.355499267578125 12.032651901245117
v -5.555708408355713 -44.5991325378418 10.032651901245117
v -5.555708408355713 -44.5991325378418 12.032652854919434
v -5.555708408355713 -44.5991325378418 10.032651901245117
v -7.07107400894165 -43.355499267578125 12.032651901245117
v -7.07107400894165 -43.35550308227539 10.032651901245117
v -8.314701080322266 -41.84013366699219 12.032651901245117
v -7.07107400894165 -43.35550308227539 10.032651901245117
v -7.07107400894165 -43.355499267578125 12.032651901245117
v -7.07107400894165 -43.35550308227539 10.032651901245117
v -8.314701080322266 -41.84013366699219 12.032651901245117
v -8.314701080322266 -41.84013366699219 10.032651901245117
v -9.238800048828125 -40.111263275146484 12.032651901245117
v -8.314701080322266 -41.84013366699219 10.032651901245117
v -8.314701080322266 -41.84013366699219 12.032651901245117
v -8.314701080322266 -41.84013366699219 10.032651901245117
v -9.238800048828125 -40.111263275146484 12.032651901245117
v -9.238800048828125 -40.111263275146484 10.032651901245117
v -9.807855606079102 -38.23533248901367 12.032651901245117
v -9.238800048828125 -40.111263275146484 10.032651901245117
v -9.238800048828125 -40.111263275146484 12.032651901245117
v -9.238800048828125 -40.111263275146484 10.032651901245117
v -9.807855606079102 -38.23533248901367 12.032651901245117
v -9.807855606079102 -38.23533248901367 10.0326509475708
v -10.000001907348633 -36.284427642822266 12.032651901245117
v -9.807855606079102 -38.23533248901367 10.0326509475708
v -9.807855606079102 -38.23533248901367 12.032651901245117
v -9.807855606079102 -38.23533248901367 10.0326509475708
v -10.000001907348633 -36.284427642822266 12.032651901245117
v -10.000001907348633 -36.284427642822266 10.0326509475708
v -9.807851791381836 -34.33352279663086 12.032651901245117
v -10.000001907348633 -36.284427642822266 10.0326509475708
v -10.000001907348633 -36.284427642822266 12.032651901245117
v -10.000001907348633 -36.284427642822266 10.0326509475708
v -9.807851791381836 -34.33352279663086 12.032651901245117
v -9.807851791381836 -34.33352279663086 10.0326509475708
v -9.238792419433594 -32.45759201049805 12.032651901245117
v -9.807851791381836 -34.33352279663086 10.0326509475708
v -9.807851791381836 -34.33352279663086 12.032651901245117
v -9.807851791381836 -34.33352279663086 10.0326509475708
v -9.238792419433594 -32.45759201049805 12.032651901245117
v -9.238792419433594 -32.45759201049805 10.032649993896484
v -8.314691543579102 -30.728723526000977 12.032651901245117
v -9.238792419433594 -32.45759201049805 10.032649993896484
v -9.238792419433594 -32.45759201049805 12.032651901245117
v -9.238792419433594 -32.45759201049805 10.032649993896484
v -8.314691543579102 -30.728723526000977 12.032651901245117
v -8.314691543579102 -30.728723526000977 10.032649993896484
v -7.0710601806640625 -29.213359832763672 12.032651901245117
v -8.314691543579102 -30.728723526000977 10.032649993896484
v -8.314691543579102 -30.728723526000977 12.032651901245117
v -8.314691543579102 -30.728723526000977 10.032649993896484
v -7.0710601806640625 -29.213359832763672 12.032651901245117
v -7.0710601806640625 -29.213359832763672 10.032649993896484
v -5.555692195892334 -27.969730377197266 12.0326509475708
v -7.0710601806640625 -29.213359832763672 10.032649993896484
v -7.0710601806640625 -29.213359832763672 12.032651901245117
v -7.0710601806640625 -29.213359832763672 10.032649993896484
v -5.555692195892334 -27.969730377197266 12.0326509475708
v -5.555692195892334 -27.9697322845459 10.032649993896484
v -3.826821804046631 -27.04563331604004 12.0326509475708
v -5.555692195892334 -27.9697322845459 10.032649993896484
v -5.555692195892334 -27.969730377197266 12.0326509475708
v -5.555692195892334 -27.9697322845459 10.032649993896484
v -3.826821804046631 -27.04563331604004 12.0326509475708
v -3.826821804046631 -27.045635223388672 10.032649993896484
v -10.000001907348633 -36.284427642822266 12.032651901245117
v 1.9509035348892212 -26.476581573486328 12.0326509475708
v -1.9508886337280273 -26.476579666137695 12.0326509475708
v -10.000001907348633 -36.284427642822266 12.032651901245117
v 9.23879623413086 -32.457603454589844 12.032651901245117
v 1.9509035348892212 -26.476581573486328 12.0326509475708
v -10.000001907348633 -36.284427642822266 12.032651901245117
v -8.314701080322266 -41.84013366699219 12.032651901245117
v -3.8268396854400635 -45.523231506347656 12.032652854919434
v 7.07106876373291 -43.355506896972656 12.032651901245117
v -10.000001907348633 -36.284427642822266 12.032651901245117
v 1.9509011507034302 -46.09229278564453 12.032652854919434
v 9.23879623413086 -32.457603454589844 12.032651901245117
v 7.07106876373291 -43.355506896972656 12.032651901245117
v 9.238798141479492 -40.111270904541016 12.032651901245117
v 7.07106876373291 -29.213367462158203 12.032651901245117
v 3.8268351554870605 -27.045639038085938 12.0326509475708
v 1.9509035348892212 -26.476581573486328 12.0326509475708
v -1.9508886337280273 -26.476579666137695 12.0326509475708
v 1.9509035348892212 -26.476581573486328 12.0326509475708
v -5.867343588761287e-8 -26.284435272216797 12.0326509475708
v -1.9508886337280273 -26.476579666137695 12.0326509475708
v -5.555692195892334 -27.969730377197266 12.0326509475708
v -7.0710601806640625 -29.213359832763672 12.032651901245117
v -5.555692195892334 -27.969730377197266 12.0326509475708
v -1.9508886337280273 -26.476579666137695 12.0326509475708
v -3.826821804046631 -27.04563331604004 12.0326509475708
v -7.0710601806640625 -29.213359832763672 12.032651901245117
v -10.000001907348633 -36.284427642822266 12.032651901245117
v -1.9508886337280273 -26.476579666137695 12.0326509475708
v -9.238792419433594 -32.45759201049805 12.032651901245117
v -7.0710601806640625 -29.213359832763672 12.032651901245117
v -8.314691543579102 -30.728723526000977 12.032651901245117
v -10.000001907348633 -36.284427642822266 12.032651901245117
v -7.0710601806640625 -29.213359832763672 12.032651901245117
v -9.238792419433594 -32.45759201049805 12.032651901245117
v -10.000001907348633 -36.284427642822266 12.032651901245117
v -9.238792419433594 -32.45759201049805 12.032651901245117
v -9.807851791381836 -34.33352279663086 12.032651901245117
v -8.314701080322266 -41.84013366699219 12.032651901245117
v -10.000001907348633 -36.284427642822266 12.032651901245117
v -9.807855606079102 -38.23533248901367 12.032651901245117
v -8.314701080322266 -41.84013366699219 12.032651901245117
v -9.807855606079102 -38.23533248901367 12.032651901245117
v -9.238800048828125 -40.111263275146484 12.032651901245117
v -8.314701080322266 -41.84013366699219 12.032651901245117
v -5.555708408355713 -44.5991325378418 12.032652854919434
v -3.8268396854400635 -45.523231506347656 12.032652854919434
v -5.555708408355713 -44.5991325378418 12.032652854919434
v -8.314701080322266 -41.84013366699219 12.032651901245117
v -7.07107400894165 -43.355499267578125 12.032651901245117
v 1.9509011507034302 -46.09229278564453 12.032652854919434
v -10.000001907348633 -36.284427642822266 12.032651901245117
v -3.8268396854400635 -45.523231506347656 12.032652854919434
v 1.9509011507034302 -46.09229278564453 12.032652854919434
v -3.8268396854400635 -45.523231506347656 12.032652854919434
v -1.9509077072143555 -46.09229278564453 12.032652854919434
v 1.9509011507034302 -46.09229278564453 12.032652854919434
v -1.9509077072143555 -46.09229278564453 12.032652854919434
v -0.000003317087703180732 -46.28443908691406 12.032652854919434
v 5.5557026863098145 -44.59913635253906 12.032652854919434
v 1.9509011507034302 -46.09229278564453 12.032652854919434
v 3.826833486557007 -45.52323532104492 12.032652854919434
v 7.07106876373291 -43.355506896972656 12.032651901245117
v 1.9509011507034302 -46.09229278564453 12.032652854919434
v 5.5557026863098145 -44.59913635253906 12.032652854919434
v 7.07106876373291 -43.355506896972656 12.032651901245117
v 9.23879623413086 -32.457603454589844 12.032651901245117
v -10.000001907348633 -36.284427642822266 12.032651901245117
v 9.238798141479492 -40.111270904541016 12.032651901245117
v 7.07106876373291 -43.355506896972656 12.032651901245117
v 8.314697265625 -41.84014129638672 12.032651901245117
v 10.000001907348633 -36.2844352722168 12.032651901245117
v 9.238798141479492 -40.111270904541016 12.032651901245117
v 9.807855606079102 -38.2353401184082 12.032651901245117
v 9.807853698730469 -34.333534240722656 12.032651901245117
v 9.238798141479492 -40.111270904541016 12.032651901245117
v 10.000001907348633 -36.2844352722168 12.032651901245117
v 9.23879623413086 -32.457603454589844 12.032651901245117
v 9.238798141479492 -40.111270904541016 12.032651901245117
v 9.807853698730469 -34.333534240722656 12.032651901245117
v 7.07106876373291 -29.213367462158203 12.032651901245117
v 1.9509035348892212 -26.476581573486328 12.0326509475708
v 9.23879623413086 -32.457603454589844 12.032651901245117
v 7.07106876373291 -29.213367462158203 12.032651901245117
v 9.23879623413086 -32.457603454589844 12.032651901245117
v 8.314697265625 -30.72873306274414 12.032651901245117
v 3.8268351554870605 -27.045639038085938 12.0326509475708
v 7.07106876373291 -29.213367462158203 12.032651901245117
v 5.555703163146973 -27.96973991394043 12.0326509475708
v -1.9508886337280273 -26.476579666137695 12.0326509475708
v -3.826821804046631 -27.045635223388672 10.032649993896484
v -3.826821804046631 -27.04563331604004 12.0326509475708
v -3.826821804046631 -27.045635223388672 10.032649993896484
v -1.9508886337280273 -26.476579666137695 12.0326509475708
v -1.9508886337280273 -26.476579666137695 10.032649993896484
v -5.867343588761287e-8 -26.284435272216797 12.0326509475708
v -1.9508886337280273 -26.476579666137695 10.032649993896484
v -1.9508886337280273 -26.476579666137695 12.0326509475708
v -1.9508886337280273 -26.476579666137695 10.032649993896484
v -5.867343588761287e-8 -26.284435272216797 12.0326509475708
v -5.867343588761287e-8 -26.284435272216797 10.032649993896484
v 7.07106876373291 -43.355506896972656 10.032651901245117
v -10.000001907348633 -36.284427642822266 10.0326509475708
v 9.23879623413086 -32.457603454589844 10.032649993896484
v 9.23879623413086 -32.457603454589844 10.032649993896484
v -10.000001907348633 -36.284427642822266 10.0326509475708
v 1.9509035348892212 -26.476581573486328 10.032649993896484
v 9.23879623413086 -32.457603454589844 10.032649993896484
v 1.9509035348892212 -26.476581573486328 10.032649993896484
v 7.07106876373291 -29.213367462158203 10.032649993896484
v -10.000001907348633 -36.284427642822266 10.0326509475708
v 1.9509011507034302 -46.09229278564453 10.032651901245117
v -3.8268396854400635 -45.523231506347656 10.032651901245117
v -10.000001907348633 -36.284427642822266 10.0326509475708
v -1.9508886337280273 -26.476579666137695 10.032649993896484
v 1.9509035348892212 -26.476581573486328 10.032649993896484
v 1.9509035348892212 -26.476581573486328 10.032649993896484
v -1.9508886337280273 -26.476579666137695 10.032649993896484
v -5.867343588761287e-8 -26.284435272216797 10.032649993896484
v -1.9508886337280273 -26.476579666137695 10.032649993896484
v -10.000001907348633 -36.284427642822266 10.0326509475708
v -7.0710601806640625 -29.213359832763672 10.032649993896484
v 7.07106876373291 -29.213367462158203 10.032649993896484
v 1.9509035348892212 -26.476581573486328 10.032649993896484
v 3.8268351554870605 -27.045639038085938 10.032649993896484
v 7.07106876373291 -29.213367462158203 10.032649993896484
v 3.8268351554870605 -27.045639038085938 10.032649993896484
v 5.555703163146973 -27.96973991394043 10.032649993896484
v 9.23879623413086 -32.457603454589844 10.032649993896484
v 7.07106876373291 -29.213367462158203 10.032649993896484
v 8.314697265625 -30.72873306274414 10.032649993896484
v 9.238798141479492 -40.111270904541016 10.032651901245117
v 9.23879623413086 -32.457603454589844 10.032649993896484
v 9.807853698730469 -34.333534240722656 10.0326509475708
v 9.238798141479492 -40.111270904541016 10.032651901245117
v 9.807853698730469 -34.333534240722656 10.0326509475708
v 10.000001907348633 -36.2844352722168 10.0326509475708
v 9.238798141479492 -40.111270904541016 10.032651901245117
v 10.000001907348633 -36.2844352722168 10.0326509475708
v 9.807855606079102 -38.2353401184082 10.0326509475708
v 7.07106876373291 -43.355506896972656 10.032651901245117
v 9.23879623413086 -32.457603454589844 10.032649993896484
v 9.238798141479492 -40.111270904541016 10.032651901245117
v 7.07106876373291 -43.355506896972656 10.032651901245117
v 9.238798141479492 -40.111270904541016 10.032651901245117
v 8.314697265625 -41.84014129638672 10.032651901245117
v 1.9509011507034302 -46.09229278564453 10.032651901245117
v 7.07106876373291 -43.355506896972656 10.032651901245117
v 5.5557026863098145 -44.59913635253906 10.032651901245117
v 1.9509011507034302 -46.09229278564453 10.032651901245117
v 5.5557026863098145 -44.59913635253906 10.032651901245117
v 3.826833486557007 -45.52323532104492 10.032651901245117
v -10.000001907348633 -36.284427642822266 10.0326509475708
v 7.07106876373291 -43.355506896972656 10.032651901245117
v 1.9509011507034302 -46.09229278564453 10.032651901245117
v -1.9509077072143555 -46.09229278564453 10.032651901245117
v 1.9509011507034302 -46.09229278564453 10.032651901245117
v -0.000003317087703180732 -46.28443908691406 10.032651901245117
v -3.8268396854400635 -45.523231506347656 10.032651901245117
v 1.9509011507034302 -46.09229278564453 10.032651901245117
v -1.9509077072143555 -46.09229278564453 10.032651901245117
v -5.555708408355713 -44.5991325378418 10.032651901245117
v -8.314701080322266 -41.84013366699219 10.032651901245117
v -3.8268396854400635 -45.523231506347656 10.032651901245117
v -8.314701080322266 -41.84013366699219 10.032651901245117
v -5.555708408355713 -44.5991325378418 10.032651901245117
v -7.07107400894165 -43.35550308227539 10.032651901245117
v -8.314701080322266 -41.84013366699219 10.032651901245117
v -10.000001907348633 -36.284427642822266 10.0326509475708
v -3.8268396854400635 -45.523231506347656 10.032651901245117
v -9.807855606079102 -38.23533248901367 10.0326509475708
v -8.314701080322266 -41.84013366699219 10.032651901245117
v -9.238800048828125 -40.111263275146484 10.032651901245117
v -10.000001907348633 -36.284427642822266 10.0326509475708
v -8.314701080322266 -41.84013366699219 10.032651901245117
v -9.807855606079102 -38.23533248901367 10.0326509475708
v -9.238792419433594 -32.45759201049805 10.032649993896484
v -10.000001907348633 -36.284427642822266 10.0326509475708
v -9.807851791381836 -34.33352279663086 10.0326509475708
v -7.0710601806640625 -29.213359832763672 10.032649993896484
v -10.000001907348633 -36.284427642822266 10.0326509475708
v -9.238792419433594 -32.45759201049805 10.032649993896484
v -7.0710601806640625 -29.213359832763672 10.032649993896484
v -9.238792419433594 -32.45759201049805 10.032649993896484
v -8.314691543579102 -30.728723526000977 10.032649993896484
v -5.555692195892334 -27.9697322845459 10.032649993896484
v -1.9508886337280273 -26.476579666137695 10.032649993896484
v -7.0710601806640625 -29.213359832763672 10.032649993896484
v -1.9508886337280273 -26.476579666137695 10.032649993896484
v -5.555692195892334 -27.9697322845459 10.032649993896484
v -3.826821804046631 -27.045635223388672 10.032649993896484

vn 0.09801729023456573 0.9951847195625305 -7.513435917871902e-8
vn 0.09801729023456573 0.9951847195625305 -7.513435917871902e-8
vn 0.09801729023456573 0.9951847195625305 -7.513435917871902e-8
vn 0.09801729023456573 0.9951847195625305 -7.513435917871902e-8
vn 0.09801729023456573 0.9951847195625305 -7.513435917871902e-8
vn 0.09801729023456573 0.9951847195625305 -7.513435917871902e-8
vn 0.2902846336364746 0.9569403529167175 -7.224699061225692e-8
vn 0.2902846336364746 0.9569403529167175 -7.224699061225692e-8
vn 0.2902846336364746 0.9569403529167175 -7.224699061225692e-8
vn 0.2902846336364746 0.9569403529167175 -7.224699061225692e-8
vn 0.2902846336364746 0.9569403529167175 -7.224699061225692e-8
vn 0.2902846336364746 0.9569403529167175 -7.224699061225692e-8
vn 0.47139671444892883 0.8819212913513184 -6.658320472752166e-8
vn 0.47139671444892883 0.8819212913513184 -6.658320472752166e-8
vn 0.47139671444892883 0.8819212913513184 -6.658320472752166e-8
vn 0.47139671444892883 0.8819212913513184 -6.658320472752166e-8
vn 0.47139671444892883 0.8819212913513184 -6.658320472752166e-8
vn 0.47139671444892883 0.8819212913513184 -6.658320472752166e-8
vn 0.6343933343887329 0.7730103731155396 -5.836066208075863e-8
vn 0.6343933343887329 0.7730103731155396 -5.836066208075863e-8
vn 0.6343933343887329 0.7730103731155396 -5.836066208075863e-8
vn 0.6343933343887329 0.7730103731155396 -5.836066208075863e-8
vn 0.6343933343887329 0.7730103731155396 -5.836066208075863e-8
vn 0.6343933343887329 0.7730103731155396 -5.836066208075863e-8
vn 0.7730103731155396 0.6343933343887329 -4.78953658955561e-8
vn 0.7730103731155396 0.6343933343887329 -4.78953658955561e-8
vn 0.7730103731155396 0.6343933343887329 -4.78953658955561e-8
vn 0.7730103731155396 0.6343933343887329 -4.78953658955561e-8
vn 0.7730103731155396 0.6343933343887329 -4.78953658955561e-8
vn 0.7730103731155396 0.6343933343887329 -4.78953658955561e-8
vn 0.8819214105606079 0.4713965058326721 -3.558944783321749e-8
vn 0.8819214105606079 0.4713965058326721 -3.558944783321749e-8
vn 0.8819214105606079 0.4713965058326721 -3.558944783321749e-8
vn 0.8819214105606079 0.4713965058326721 -3.558944783321749e-8
vn 0.8819214105606079 0.4713965058326721 -3.558944783321749e-8
vn 0.8819214105606079 0.4713965058326721 -3.558944783321749e-8
vn 0.9569402933120728 0.29028475284576416 -2.191588954758572e-8
vn 0.9569402933120728 0.29028475284576416 -2.191588954758572e-8
vn 0.9569402933120728 0.29028475284576416 -2.191588954758572e-8
vn 0.9569402933120728 0.29028475284576416 -2.191588954758572e-8
vn 0.9569402933120728 0.29028475284576416 -2.191588954758572e-8
vn 0.9569402933120728 0.29028475284576416 -2.191588954758572e-8
vn 0.9951847195625305 0.09801731258630753 -7.400101420529381e-9
vn 0.9951847195625305 0.09801731258630753 -7.400101420529381e-9
vn 0.9951847195625305 0.09801731258630753 -7.400101420529381e-9
vn 0.9951847195625305 0.09801731258630753 -7.400101420529381e-9
vn 0.9951847195625305 0.09801731258630753 -7.400101420529381e-9
vn 0.9951847195625305 0.09801731258630753 -7.400101420529381e-9
vn 0.9951847195625305 -0.09801700711250305 7.400078327890469e-9
vn 0.9951847195625305 -0.09801700711250305 7.400078327890469e-9
vn 0.9951847195625305 -0.09801700711250305 7.400078327890469e-9
vn 0.9951847195625305 -0.09801700711250305 7.400078327890469e-9
vn 0.9951847195625305 -0.09801700711250305 7.400078327890469e-9
vn 0.9951847195625305 -0.09801700711250305 7.400078327890469e-9
vn 0.9569403529167175 -0.2902846932411194 2.1915885994872042e-8
vn 0.9569403529167175 -0.2902846932411194 2.1915885994872042e-8
vn 0.9569403529167175 -0.2902846932411194 2.1915885994872042e-8
vn 0.9569403529167175 -0.2902846932411194 2.1915885994872042e-8
vn 0.9569403529167175 -0.2902846932411194 2.1915885994872042e-8
vn 0.9569403529167175 -0.2902846932411194 2.1915885994872042e-8
vn 0.8819213509559631 -0.4713965058326721 3.558944783321749e-8
vn 0.8819213509559631 -0.4713965058326721 3.558944783321749e-8
vn 0.8819213509559631 -0.4713965058326721 3.558944783321749e-8
vn 0.8819213509559631 -0.4713965058326721 3.558944783321749e-8
vn 0.8819213509559631 -0.4713965058326721 3.558944783321749e-8
vn 0.8819213509559631 -0.4713965058326721 3.558944783321749e-8
vn 0.7730103731155396 -0.6343933343887329 4.78953658955561e-8
vn 0.7730103731155396 -0.6343933343887329 4.78953658955561e-8
vn 0.7730103731155396 -0.6343933343887329 4.78953658955561e-8
vn 0.7730103731155396 -0.6343933343887329 4.78953658955561e-8
vn 0.7730103731155396 -0.6343933343887329 4.78953658955561e-8
vn 0.7730103731155396 -0.6343933343887329 4.78953658955561e-8
vn 0.6343933343887329 -0.7730103731155396 5.836066208075863e-8
vn 0.6343933343887329 -0.7730103731155396 5.836066208075863e-8
vn 0.6343933343887329 -0.7730103731155396 5.836066208075863e-8
vn 0.6343933343887329 -0.7730103731155396 5.836066208075863e-8
vn 0.6343933343887329 -0.7730103731155396 5.836066208075863e-8
vn 0.6343933343887329 -0.7730103731155396 5.836066208075863e-8
vn 0.47139671444892883 -0.8819212913513184 6.658320472752166e-8
vn 0.47139671444892883 -0.8819212913513184 6.658320472752166e-8
vn 0.47139671444892883 -0.8819212913513184 6.658320472752166e-8
vn 0.47139671444892883 -0.8819212913513184 6.658320472752166e-8
vn 0.47139671444892883 -0.8819212913513184 6.658320472752166e-8
vn 0.47139671444892883 -0.8819212913513184 6.658320472752166e-8
vn 0.29028427600860596 -0.9569404721260071 7.224699771768428e-8
vn 0.29028427600860596 -0.9569404721260071 7.224699771768428e-8
vn 0.29028427600860596 -0.9569404721260071 7.224699771768428e-8
vn 0.29028427600860596 -0.9569404721260071 7.224699771768428e-8
vn 0.29028427600860596 -0.9569404721260071 7.224699771768428e-8
vn 0.29028427600860596 -0.9569404721260071 7.224699771768428e-8
vn 0.09801725298166275 -0.9951847195625305 7.513435917871902e-8
vn 0.09801725298166275 -0.9951847195625305 7.513435917871902e-8
vn 0.09801725298166275 -0.9951847195625305 7.513435917871902e-8
vn 0.09801725298166275 -0.9951847195625305 7.513435917871902e-8
vn 0.09801725298166275 -0.9951847195625305 7.513435917871902e-8
vn 0.09801725298166275 -0.9951847195625305 7.513435917871902e-8
vn -0.09801784157752991 -0.9951846599578857 7.513435207329167e-8
vn -0.09801784157752991 -0.9951846599578857 7.513435207329167e-8
vn -0.09801784157752991 -0.9951846599578857 7.513435207329167e-8
vn -0.09801784157752991 -0.9951846599578857 7.513435207329167e-8
vn -0.09801784157752991 -0.9951846599578857 7.513435207329167e-8
vn -0.09801784157752991 -0.9951846599578857 7.513435207329167e-8
vn -0.2902851700782776 -0.9569401741027832 7.224697640140221e-8
vn -0.2902851700782776 -0.9569401741027832 7.224697640140221e-8
vn -0.2902851700782776 -0.9569401741027832 7.224697640140221e-8
vn -0.2902851700782776 -0.9569401741027832 7.224697640140221e-8
vn -0.2902851700782776 -0.9569401741027832 7.224697640140221e-8
vn -0.2902851700782776 -0.9569401741027832 7.224697640140221e-8
vn -0.4713970720767975 -0.881921112537384 6.658319051666695e-8
vn -0.4713970720767975 -0.881921112537384 6.658319051666695e-8
vn -0.4713970720767975 -0.881921112537384 6.658319051666695e-8
vn -0.4713970720767975 -0.881921112537384 6.658319051666695e-8
vn -0.4713970720767975 -0.881921112537384 6.658319051666695e-8
vn -0.4713970720767975 -0.881921112537384 6.658319051666695e-8
vn -0.6343936920166016 -0.7730101346969604 5.836064076447656e-8
vn -0.6343936920166016 -0.7730101346969604 5.836064076447656e-8
vn -0.6343936920166016 -0.7730101346969604 5.836064076447656e-8
vn -0.6343936920166016 -0.7730101346969604 5.836064076447656e-8
vn -0.6343936920166016 -0.7730101346969604 5.836064076447656e-8
vn -0.6343936920166016 -0.7730101346969604 5.836064076447656e-8
vn -0.7730109095573425 -0.6343926787376404 4.7895316157564594e-8
vn -0.7730109095573425 -0.6343926787376404 4.7895316157564594e-8
vn -0.7730109095573425 -0.6343926787376404 4.7895316157564594e-8
vn -0.7730109095573425 -0.6343926787376404 4.7895316157564594e-8
vn -0.7730109095573425 -0.6343926787376404 4.7895316157564594e-8
vn -0.7730109095573425 -0.6343926787376404 4.7895316157564594e-8
vn -0.8819215893745422 -0.47139617800712585 3.558942296422174e-8
vn -0.8819215893745422 -0.47139617800712585 3.558942296422174e-8
vn -0.8819215893745422 -0.47139617800712585 3.558942296422174e-8
vn -0.8819215893745422 -0.47139617800712585 3.558942296422174e-8
vn -0.8819215893745422 -0.47139617800712585 3.558942296422174e-8
vn -0.8819215893745422 -0.47139617800712585 3.558942296422174e-8
vn -0.9569406509399414 -0.2902836501598358 2.1915807835171108e-8
vn -0.9569406509399414 -0.2902836501598358 2.1915807835171108e-8
vn -0.9569406509399414 -0.2902836501598358 2.1915807835171108e-8
vn -0.9569406509399414 -0.2902836501598358 2.1915807835171108e-8
vn -0.9569406509399414 -0.2902836501598358 2.1915807835171108e-8
vn -0.9569406509399414 -0.2902836501598358 2.1915807835171108e-8
vn -0.9951848387718201 -0.09801603853702545 7.400005053170844e-9
vn -0.9951848387718201 -0.09801603853702545 7.400005053170844e-9
vn -0.9951848387718201 -0.09801603853702545 7.400005053170844e-9
vn -0.9951848387718201 -0.09801603853702545 7.400005053170844e-9
vn -0.9951848387718201 -0.09801603853702545 7.400005053170844e-9
vn -0.9951848387718201 -0.09801603853702545 7.400005053170844e-9
vn -0.9951846599578857 0.0980178564786911 -7.4001422767366876e-9
vn -0.9951846599578857 0.0980178564786911 -7.4001422767366876e-9
vn -0.9951846599578857 0.0980178564786911 -7.4001422767366876e-9
vn -0.9951846599578857 0.0980178564786911 -7.4001422767366876e-9
vn -0.9951846599578857 0.0980178564786911 -7.4001422767366876e-9
vn -0.9951846599578857 0.0980178564786911 -7.4001422767366876e-9
vn -0.9569399952888489 0.29028579592704773 -2.1915967707286654e-8
vn -0.9569399952888489 0.29028579592704773 -2.1915967707286654e-8
vn -0.9569399952888489 0.29028579592704773 -2.1915967707286654e-8
vn -0.9569399952888489 0.29028579592704773 -2.1915967707286654e-8
vn -0.9569399952888489 0.29028579592704773 -2.1915967707286654e-8
vn -0.9569399952888489 0.29028579592704773 -2.1915967707286654e-8
vn -0.8819208145141602 0.47139760851860046 -3.5589529545632104e-8
vn -0.8819208145141602 0.47139760851860046 -3.5589529545632104e-8
vn -0.8819208145141602 0.47139760851860046 -3.5589529545632104e-8
vn -0.8819208145141602 0.47139760851860046 -3.5589529545632104e-8
vn -0.8819208145141602 0.47139760851860046 -3.5589529545632104e-8
vn -0.8819208145141602 0.47139760851860046 -3.5589529545632104e-8
vn -0.7730095982551575 0.6343943476676941 -4.789544050254335e-8
vn -0.7730095982551575 0.6343943476676941 -4.789544050254335e-8
vn -0.7730095982551575 0.6343943476676941 -4.789544050254335e-8
vn -0.7730095982551575 0.6343943476676941 -4.789544050254335e-8
vn -0.7730095982551575 0.6343943476676941 -4.789544050254335e-8
vn -0.7730095982551575 0.6343943476676941 -4.789544050254335e-8
vn -0.6343923807144165 0.7730112075805664 -5.836072247689117e-8
vn -0.6343923807144165 0.7730112075805664 -5.836072247689117e-8
vn -0.6343923807144165 0.7730112075805664 -5.836072247689117e-8
vn -0.6343923807144165 0.7730112075805664 -5.836072247689117e-8
vn -0.6343923807144165 0.7730112075805664 -5.836072247689117e-8
vn -0.6343923807144165 0.7730112075805664 -5.836072247689117e-8
vn -0.4713955223560333 0.8819219470024109 -6.658325446551316e-8
vn -0.4713955223560333 0.8819219470024109 -6.658325446551316e-8
vn -0.4713955223560333 0.8819219470024109 -6.658325446551316e-8
vn -0.4713955223560333 0.8819219470024109 -6.658325446551316e-8
vn -0.4713955223560333 0.8819219470024109 -6.658325446551316e-8
vn -0.4713955223560333 0.8819219470024109 -6.658325446551316e-8
vn -1.9095218739551e-9 7.549790126404332e-8 1
vn -1.9095218739551e-9 7.549790126404332e-8 1
vn -1.9095218739551e-9 7.549790126404332e-8 1
vn -1.9095218739551e-9 7.549790126404332e-8 1
vn -1.9095218739551e-9 7.549790126404332e-8 1
vn -1.9095218739551e-9 7.549790126404332e-8 1
vn -1.9095218739551e-9 7.549790126404332e-8 1
vn -1.9095218739551e-9 7.549790126404332e-8 1
vn -1.9095218739551e-9 7.549790126404332e-8 1
vn -1.9095218739551e-9 7.549790126404332e-8 1
vn -1.9095218739551e-9 7.549790126404332e-8 1
vn -1.9095218739551e-9 7.549790126404332e-8 1
vn -1.9095218739551e-9 7.549790126404332e-8 1
vn -1.9095218739551e-9 7.549790126404332e-8 1
vn -1.9095218739551e-9 7.549790126404332e-8 1
vn -1.9095218739551e-9 7.549790126404332e-8 1
vn -1.9095218739551e-9 7.549790126404332e-8 1
vn -1.9095218739551e-9 7.549790126404332e-8 1
vn -1.9095218739551e-9 7.549790126404332e-8 1
vn -1.9095218739551e-9 7.549790126404332e-8 1
vn -1.9095218739551e-9 7.549790126404332e-8 1
vn -1.9095218739551e-9 7.549790126404332e-8 1
vn -1.9095218739551e-9 7.549790126404332e-8 1
vn -1.9095218739551e-9 7.549790126404332e-8 1
vn -1.9095218739551e-9 7.549790126404332e-8 1
vn -1.9095218739551e-9 7.549790126404332e-8 1
vn -1.9095218739551e-9 7.549790126404332e-8 1
vn -1.9095218739551e-9 7.549790126404332e-8 1
vn -1.9095218739551e-9 7.549790126404332e-8 1
vn -1.9095218739551e-9 7.549790126404332e-8 1
vn -1.9095218739551e-9 7.549790126404332e-8 1
vn -1.9095218739551e-9 7.549790126404332e-8 1
vn -1.9095218739551e-9 7.549790126404332e-8 1
vn -1.9095218739551e-9 7.549790126404332e-8 1
vn -1.9095218739551e-9 7.549790126404332e-8 1
vn -1.9095218739551e-9 7.549790126404332e-8 1
vn -1.9095218739551e-9 7.549790126404332e-8 1
vn -1.9095218739551e-9 7.549790126404332e-8 1
vn -1.9095218739551e-9 7.549790126404332e-8 1
vn -1.9095218739551e-9 7.549790126404332e-8 1
vn -1.9095218739551e-9 7.549790126404332e-8 1
vn -1.9095218739551e-9 7.549790126404332e-8 1
vn -1.9095218739551e-9 7.549790126404332e-8 1
vn -1.9095218739551e-9 7.549790126404332e-8 1
vn -1.9095218739551e-9 7.549790126404332e-8 1
vn -1.9095218739551e-9 7.549790126404332e-8 1
vn -1.9095218739551e-9 7.549790126404332e-8 1
vn -1.9095218739551e-9 7.549790126404332e-8 1
vn -1.9095218739551e-9 7.549790126404332e-8 1
vn -1.9095218739551e-9 7.549790126404332e-8 1
vn -1.9095218739551e-9 7.549790126404332e-8 1
vn -1.9095218739551e-9 7.549790126404332e-8 1
vn -1.9095218739551e-9 7.549790126404332e-8 1
vn -1.9095218739551e-9 7.549790126404332e-8 1
vn -1.9095218739551e-9 7.549790126404332e-8 1
vn -1.9095218739551e-9 7.549790126404332e-8 1
vn -1.9095218739551e-9 7.549790126404332e-8 1
vn -1.9095218739551e-9 7.549790126404332e-8 1
vn -1.9095218739551e-9 7.549790126404332e-8 1
vn -1.9095218739551e-9 7.549790126404332e-8 1
vn -1.9095218739551e-9 7.549790126404332e-8 1
vn -1.9095218739551e-9 7.549790126404332e-8 1
vn -1.9095218739551e-9 7.549790126404332e-8 1
vn -1.9095218739551e-9 7.549790126404332e-8 1
vn -1.9095218739551e-9 7.549790126404332e-8 1
vn -1.9095218739551e-9 7.549790126404332e-8 1
vn -1.9095218739551e-9 7.549790126404332e-8 1
vn -1.9095218739551e-9 7.549790126404332e-8 1
vn -1.9095218739551e-9 7.549790126404332e-8 1
vn -1.9095218739551e-9 7.549790126404332e-8 1
vn -1.9095218739551e-9 7.549790126404332e-8 1
vn -1.9095218739551e-9 7.549790126404332e-8 1
vn -1.9095218739551e-9 7.549790126404332e-8 1
vn -1.9095218739551e-9 7.549790126404332e-8 1
vn -1.9095218739551e-9 7.549790126404332e-8 1
vn -1.9095218739551e-9 7.549790126404332e-8 1
vn -1.9095218739551e-9 7.549790126404332e-8 1
vn -1.9095218739551e-9 7.549790126404332e-8 1
vn -1.9095218739551e-9 7.549790126404332e-8 1
vn -1.9095218739551e-9 7.549790126404332e-8 1
vn -1.9095218739551e-9 7.549790126404332e-8 1
vn -1.9095218739551e-9 7.549790126404332e-8 1
vn -1.9095218739551e-9 7.549790126404332e-8 1
vn -1.9095218739551e-9 7.549790126404332e-8 1
vn -1.9095218739551e-9 7.549790126404332e-8 1
vn -1.9095218739551e-9 7.549790126404332e-8 1
vn -1.9095218739551e-9 7.549790126404332e-8 1
vn -1.9095218739551e-9 7.549790126404332e-8 1
vn -1.9095218739551e-9 7.549790126404332e-8 1
vn -1.9095218739551e-9 7.549790126404332e-8 1
vn -0.2902830243110657 0.9569408297538757 -7.224702613939371e-8
vn -0.2902830243110657 0.9569408297538757 -7.224702613939371e-8
vn -0.2902830243110657 0.9569408297538757 -7.224702613939371e-8
vn -0.2902830243110657 0.9569408297538757 -7.224702613939371e-8
vn -0.2902830243110657 0.9569408297538757 -7.224702613939371e-8
vn -0.2902830243110657 0.9569408297538757 -7.224702613939371e-8
vn -0.09801653027534485 0.9951847791671753 -7.513436628414638e-8
vn -0.09801653027534485 0.9951847791671753 -7.513436628414638e-8
vn -0.09801653027534485 0.9951847791671753 -7.513436628414638e-8
vn -0.09801653027534485 0.9951847791671753 -7.513436628414638e-8
vn -0.09801653027534485 0.9951847791671753 -7.513436628414638e-8
vn -0.09801653027534485 0.9951847791671753 -7.513436628414638e-8
vn 6.683324560441406e-9 -7.549790126404332e-8 -1
vn 6.683324560441406e-9 -7.549790126404332e-8 -1
vn 6.683324560441406e-9 -7.549790126404332e-8 -1
vn 6.683324560441406e-9 -7.549790126404332e-8 -1
vn 6.683324560441406e-9 -7.549790126404332e-8 -1
vn 6.683324560441406e-9 -7.549790126404332e-8 -1
vn 6.683324560441406e-9 -7.549790126404332e-8 -1
vn 6.683324560441406e-9 -7.549790126404332e-8 -1
vn 6.683324560441406e-9 -7.549790126404332e-8 -1
vn 6.683324560441406e-9 -7.549790126404332e-8 -1
vn 6.683324560441406e-9 -7.549790126404332e-8 -1
vn 6.683324560441406e-9 -7.549790126404332e-8 -1
vn 6.683324560441406e-9 -7.549790126404332e-8 -1
vn 6.683324560441406e-9 -7.549790126404332e-8 -1
vn 6.683324560441406e-9 -7.549790126404332e-8 -1
vn 6.683324560441406e-9 -7.549790126404332e-8 -1
vn 6.683324560441406e-9 -7.549790126404332e-8 -1
vn 6.683324560441406e-9 -7.549790126404332e-8 -1
vn 6.683324560441406e-9 -7.549790126404332e-8 -1
vn 6.683324560441406e-9 -7.549790126404332e-8 -1
vn 6.683324560441406e-9 -7.549790126404332e-8 -1
vn 6.683324560441406e-9 -7.549790126404332e-8 -1
vn 6.683324560441406e-9 -7.549790126404332e-8 -1
vn 6.683324560441406e-9 -7.549790126404332e-8 -1
vn 6.683324560441406e-9 -7.549790126404332e-8 -1
vn 6.683324560441406e-9 -7.549790126404332e-8 -1
vn 6.683324560441406e-9 -7.549790126404332e-8 -1
vn 6.683324560441406e-9 -7.549790126404332e-8 -1
vn 6.683324560441406e-9 -7.549790126404332e-8 -1
vn 6.683324560441406e-9 -7.549790126404332e-8 -1
vn 6.683324560441406e-9 -7.549790126404332e-8 -1
vn 6.683324560441406e-9 -7.549790126404332e-8 -1
vn 6.683324560441406e-9 -7.549790126404332e-8 -1
vn 6.683324560441406e-9 -7.549790126404332e-8 -1
vn 6.683324560441406e-9 -7.549790126404332e-8 -1
vn 6.683324560441406e-9 -7.549790126404332e-8 -1
vn 6.683324560441406e-9 -7.549790126404332e-8 -1
vn 6.683324560441406e-9 -7.549790126404332e-8 -1
vn 6.683324560441406e-9 -7.549790126404332e-8 -1
vn 6.683324560441406e-9 -7.549790126404332e-8 -1
vn 6.683324560441406e-9 -7.549790126404332e-8 -1
vn 6.683324560441406e-9 -7.549790126404332e-8 -1
vn 6.683324560441406e-9 -7.549790126404332e-8 -1
vn 6.683324560441406e-9 -7.549790126404332e-8 -1
vn 6.683324560441406e-9 -7.549790126404332e-8 -1
vn 6.683324560441406e-9 -7.549790126404332e-8 -1
vn 6.683324560441406e-9 -7.549790126404332e-8 -1
vn 6.683324560441406e-9 -7.549790126404332e-8 -1
vn 6.683324560441406e-9 -7.549790126404332e-8 -1
vn 6.683324560441406e-9 -7.549790126404332e-8 -1
vn 6.683324560441406e-9 -7.549790126404332e-8 -1
vn 6.683324560441406e-9 -7.549790126404332e-8 -1
vn 6.683324560441406e-9 -7.549790126404332e-8 -1
vn 6.683324560441406e-9 -7.549790126404332e-8 -1
vn 6.683324560441406e-9 -7.549790126404332e-8 -1
vn 6.683324560441406e-9 -7.549790126404332e-8 -1
vn 6.683324560441406e-9 -7.549790126404332e-8 -1
vn 6.683324560441406e-9 -7.549790126404332e-8 -1
vn 6.683324560441406e-9 -7.549790126404332e-8 -1
vn 6.683324560441406e-9 -7.549790126404332e-8 -1
vn 6.683324560441406e-9 -7.549790126404332e-8 -1
vn 6.683324560441406e-9 -7.549790126404332e-8 -1
vn 6.683324560441406e-9 -7.549790126404332e-8 -1
vn 6.683324560441406e-9 -7.549790126404332e-8 -1
vn 6.683324560441406e-9 -7.549790126404332e-8 -1
vn 6.683324560441406e-9 -7.549790126404332e-8 -1
vn 6.683324560441406e-9 -7.549790126404332e-8 -1
vn 6.683324560441406e-9 -7.549790126404332e-8 -1
vn 6.683324560441406e-9 -7.549790126404332e-8 -1
vn 6.683324560441406e-9 -7.549790126404332e-8 -1
vn 6.683324560441406e-9 -7.549790126404332e-8 -1
vn 6.683324560441406e-9 -7.549790126404332e-8 -1
vn 6.683324560441406e-9 -7.549790126404332e-8 -1
vn 6.683324560441406e-9 -7.549790126404332e-8 -1
vn 6.683324560441406e-9 -7.549790126404332e-8 -1
vn 6.683324560441406e-9 -7.549790126404332e-8 -1
vn 6.683324560441406e-9 -7.549790126404332e-8 -1
vn 6.683324560441406e-9 -7.549790126404332e-8 -1
vn 6.683324560441406e-9 -7.549790126404332e-8 -1
vn 6.683324560441406e-9 -7.549790126404332e-8 -1
vn 6.683324560441406e-9 -7.549790126404332e-8 -1
vn 6.683324560441406e-9 -7.549790126404332e-8 -1
vn 6.683324560441406e-9 -7.549790126404332e-8 -1
vn 6.683324560441406e-9 -7.549790126404332e-8 -1
vn 6.683324560441406e-9 -7.549790126404332e-8 -1
vn 6.683324560441406e-9 -7.549790126404332e-8 -1
vn 6.683324560441406e-9 -7.549790126404332e-8 -1
vn 6.683324560441406e-9 -7.549790126404332e-8 -1
vn 6.683324560441406e-9 -7.549790126404332e-8 -1
vn 6.683324560441406e-9 -7.549790126404332e-8 -1
vn -8.564892084450548e-8 0.9894277453422546 0.1450265496969223
vn -0.12836496531963348 0.8908936977386475 0.4356958568096161
vn -1.0098754188447856e-7 0.898359477519989 0.4392610490322113
vn -0.12836496531963348 0.8908936977386475 0.4356958568096161
vn -8.564892084450548e-8 0.9894277453422546 0.1450265496969223
vn -0.1330624222755432 0.9806329011917114 0.14371342957019806
vn 0.12836477160453796 0.8908936977386475 0.4356958866119385
vn 0.13306225836277008 0.9806329011917114 0.14371344447135925
vn -8.564892084450548e-8 0.9894277453422546 0.1450265496969223
vn 0.12836477160453796 0.8908936977386475 0.4356958866119385
vn -8.564892084450548e-8 0.9894277453422546 0.1450265496969223
vn -1.0098754188447856e-7 0.898359477519989 0.4392610490322113
vn 0.25419220328330994 0.8687218427658081 0.4250984191894531
vn 0.2630182206630707 0.9545935392379761 0.13990207016468048
vn 0.13306225836277008 0.9806329011917114 0.14371344447135925
vn 0.25419220328330994 0.8687218427658081 0.4250984191894531
vn 0.13306225836277008 0.9806329011917114 0.14371344447135925
vn 0.12836477160453796 0.8908936977386475 0.4356958866119385
vn 0.3748030662536621 0.8325873613357544 0.40782469511032104
vn 0.38667935132980347 0.9124658107757568 0.1337355673313141
vn 0.2630182206630707 0.9545935392379761 0.13990207016468048
vn 0.3748030662536621 0.8325873613357544 0.40782469511032104
vn 0.2630182206630707 0.9545935392379761 0.13990207016468048
vn 0.25419220328330994 0.8687218427658081 0.4250984191894531
vn 0.4884970486164093 0.7834083437919617 0.38424211740493774
vn 0.5020663738250732 0.8556889891624451 0.12540221214294434
vn 0.38667935132980347 0.9124658107757568 0.1337355673313141
vn 0.4884970486164093 0.7834083437919617 0.38424211740493774
vn 0.38667935132980347 0.9124658107757568 0.1337355673313141
vn 0.3748030662536621 0.8325873613357544 0.40782469511032104
vn 0.5940215587615967 0.7220183610916138 0.354722261428833
vn 0.6078495979309082 0.7856542468070984 0.11517927795648575
vn 0.5020663738250732 0.8556889891624451 0.12540221214294434
vn 0.5940215587615967 0.7220183610916138 0.354722261428833
vn 0.5020663738250732 0.8556889891624451 0.12540221214294434
vn 0.4884970486164093 0.7834083437919617 0.38424211740493774
vn 0.6903785467147827 0.6490554809570312 0.31953784823417664
vn 0.7031316757202148 0.7035285234451294 0.10321597009897232
vn 0.6078495979309082 0.7856542468070984 0.11517927795648575
vn 0.6903785467147827 0.6490554809570312 0.31953784823417664
vn 0.6078495979309082 0.7856542468070984 0.11517927795648575
vn 0.5940215587615967 0.7220183610916138 0.354722261428833
vn 0.6903785467147827 0.6490554809570312 0.31953784823417664
vn 0.7870892882347107 0.6102918386459351 0.08963485062122345
vn 0.7031316757202148 0.7035285234451294 0.10321597009897232
vn 0.7870892882347107 0.6102918386459351 0.08963485062122345
vn 0.6903785467147827 0.6490554809570312 0.31953784823417664
vn 0.7765423655509949 0.565010666847229 0.2788277566432953
vn 0.7765423655509949 0.565010666847229 0.2788277566432953
vn 0.8588923215866089 0.5067047476768494 0.07452712953090668
vn 0.7870892882347107 0.6102918386459351 0.08963485062122345
vn 0.8588923215866089 0.5067047476768494 0.07452712953090668
vn 0.7765423655509949 0.565010666847229 0.2788277566432953
vn 0.8512390851974487 0.470330148935318 0.23276935517787933
vn 0.8512390851974487 0.470330148935318 0.23276935517787933
vn 0.9174214601516724 0.3936602771282196 0.05804656445980072
vn 0.8588923215866089 0.5067047476768494 0.07452712953090668
vn 0.9174214601516724 0.3936602771282196 0.05804656445980072
vn 0.8512390851974487 0.470330148935318 0.23276935517787933
vn 0.9128499031066895 0.3657076954841614 0.181556835770607
vn 0.9128499031066895 0.3657076954841614 0.181556835770607
vn 0.9613616466522217 0.2723248600959778 0.040285706520080566
vn 0.9174214601516724 0.3936602771282196 0.05804656445980072
vn 0.9613616466522217 0.2723248600959778 0.040285706520080566
vn 0.9128499031066895 0.3657076954841614 0.181556835770607
vn 0.959460437297821 0.25227120518684387 0.12567785382270813
vn 0.959460437297821 0.25227120518684387 0.12567785382270813
vn 0.9892624020576477 0.14456698298454285 0.021454695612192154
vn 0.9613616466522217 0.2723248600959778 0.040285706520080566
vn 0.9892624020576477 0.14456698298454285 0.021454695612192154
vn 0.959460437297821 0.25227120518684387 0.12567785382270813
vn 0.9890521168708801 0.13199372589588165 0.06598164141178131
vn 0.9890521168708801 0.13199372589588165 0.06598164141178131
vn 0.999910831451416 0.01321462169289589 0.0019227461889386177
vn 0.9892624020576477 0.14456698298454285 0.021454695612192154
vn 0.999910831451416 0.01321462169289589 0.0019227461889386177
vn 0.9890521168708801 0.13199372589588165 0.06598164141178131
vn 0.9999598860740662 0.008026611991226673 0.003967565018683672
vn 0.9999598860740662 0.008026611991226673 0.003967565018683672
vn 0.9927958250045776 -0.11847620457410812 -0.017884287983179092
vn 0.999910831451416 0.01321462169289589 0.0019227461889386177
vn 0.9927958250045776 -0.11847620457410812 -0.017884287983179092
vn 0.9999598860740662 0.008026611991226673 0.003967565018683672
vn 0.9915098547935486 -0.11603415757417679 -0.05868846923112869
vn 0.9915098547935486 -0.11603415757417679 -0.05868846923112869
vn 0.968114972114563 -0.2476593554019928 -0.03766002878546715
vn 0.9927958250045776 -0.11847620457410812 -0.017884287983179092
vn 0.968114972114563 -0.2476593554019928 -0.03766002878546715
vn 0.9915098547935486 -0.11603415757417679 -0.05868846923112869
vn 0.964073657989502 -0.23682954907417297 -0.12030693888664246
vn 0.964073657989502 -0.23682954907417297 -0.12030693888664246
vn 0.9268826246261597 -0.37101542949676514 -0.056886736303567886
vn 0.968114972114563 -0.2476593554019928 -0.03766002878546715
vn 0.9268826246261597 -0.37101542949676514 -0.056886736303567886
vn 0.964073657989502 -0.23682954907417297 -0.12030693888664246
vn 0.9191184639930725 -0.3509105145931244 -0.17911754548549652
vn 0.9191184639930725 -0.3509105145931244 -0.17911754548549652
vn 0.870411217212677 -0.48653900623321533 -0.07526058703660965
vn 0.9268826246261597 -0.37101542949676514 -0.056886736303567886
vn 0.870411217212677 -0.48653900623321533 -0.07526058703660965
vn 0.9191184639930725 -0.3509105145931244 -0.17911754548549652
vn 0.858563244342804 -0.45619937777519226 -0.23398983478546143
vn 0.858563244342804 -0.45619937777519226 -0.23398983478546143
vn 0.7999679446220398 -0.5928648710250854 -0.09253399074077606
vn 0.870411217212677 -0.48653900623321533 -0.07526058703660965
vn 0.7999679446220398 -0.5928648710250854 -0.09253399074077606
vn 0.858563244342804 -0.45619937777519226 -0.23398983478546143
vn 0.7843713164329529 -0.5513578653335571 -0.284193754196167
vn 0.7843713164329529 -0.5513578653335571 -0.284193754196167
vn 0.7166542410850525 -0.6889426112174988 -0.1084655299782753
vn 0.7999679446220398 -0.5928648710250854 -0.09253399074077606
vn 0.7166542410850525 -0.6889426112174988 -0.1084655299782753
vn 0.7843713164329529 -0.5513578653335571 -0.284193754196167
vn 0.6982107162475586 -0.6357079148292542 -0.3292069733142853
vn 0.7166542410850525 -0.6889426112174988 -0.1084655299782753
vn 0.6982107162475586 -0.6357079148292542 -0.3292069733142853
vn 0.6013914942741394 -0.7088208794593811 -0.36864784359931946
vn 0.7166542410850525 -0.6889426112174988 -0.1084655299782753
vn 0.6013914942741394 -0.7088208794593811 -0.36864784359931946
vn 0.6212435364723206 -0.7739296555519104 -0.12283867597579956
vn 0.6212435364723206 -0.7739296555519104 -0.12283867597579956
vn 0.6013914942741394 -0.7088208794593811 -0.36864784359931946
vn 0.4949928820133209 -0.7702464461326599 -0.40212246775627136
vn 0.6212435364723206 -0.7739296555519104 -0.12283867597579956
vn 0.4949928820133209 -0.7702464461326599 -0.40212246775627136
vn 0.5144615173339844 -0.8467540740966797 -0.13541346788406372
vn 0.5144615173339844 -0.8467540740966797 -0.13541346788406372
vn 0.4949928820133209 -0.7702464461326599 -0.40212246775627136
vn 0.38009053468704224 -0.819358229637146 -0.4291658401489258
vn 0.5144615173339844 -0.8467540740966797 -0.13541346788406372
vn 0.38009053468704224 -0.819358229637146 -0.4291658401489258
vn 0.3971782624721527 -0.9060874581336975 -0.14579066634178162
vn 0.3971782624721527 -0.9060874581336975 -0.14579066634178162
vn 0.38009053468704224 -0.819358229637146 -0.4291658401489258
vn 0.2579522728919983 -0.8554050922393799 -0.44915786385536194
vn 0.3971782624721527 -0.9060874581336975 -0.14579066634178162
vn 0.2579522728919983 -0.8554050922393799 -0.44915786385536194
vn 0.27067360281944275 -0.9503329396247864 -0.15363292396068573
vn 0.27067360281944275 -0.9503329396247864 -0.15363292396068573
vn 0.2579522728919983 -0.8554050922393799 -0.44915786385536194
vn 0.13031800091266632 -0.877524733543396 -0.46148407459259033
vn 0.27067360281944275 -0.9503329396247864 -0.15363292396068573
vn 0.13031800091266632 -0.877524733543396 -0.46148407459259033
vn 0.13712407648563385 -0.9777828454971313 -0.15854865312576294
vn 0.13712407648563385 -0.9777828454971313 -0.15854865312576294
vn 0.13031800091266632 -0.877524733543396 -0.46148407459259033
vn 1.0196928457162358e-7 -0.8849632143974304 -0.4656608998775482
vn 0.13712407648563385 -0.9777828454971313 -0.15854865312576294
vn 1.0196928457162358e-7 -0.8849632143974304 -0.4656608998775482
vn 8.661918826646797e-8 -0.987080454826355 -0.16022546589374542
vn 1.0196928457162358e-7 -0.8849632143974304 -0.4656608998775482
vn -0.13712389767169952 -0.9777829051017761 -0.15854866802692413
vn 8.661918826646797e-8 -0.987080454826355 -0.16022546589374542
vn -0.13712389767169952 -0.9777829051017761 -0.15854866802692413
vn 1.0196928457162358e-7 -0.8849632143974304 -0.4656608998775482
vn -0.1303178071975708 -0.877524733543396 -0.4614841043949127
vn -0.1303178071975708 -0.877524733543396 -0.4614841043949127
vn -0.2706734240055084 -0.9503329992294312 -0.1536329686641693
vn -0.13712389767169952 -0.9777829051017761 -0.15854866802692413
vn -0.2706734240055084 -0.9503329992294312 -0.1536329686641693
vn -0.1303178071975708 -0.877524733543396 -0.4614841043949127
vn -0.25795209407806396 -0.8554050922393799 -0.4491578936576843
vn -0.25795209407806396 -0.8554050922393799 -0.4491578936576843
vn -0.39717811346054077 -0.9060875177383423 -0.1457907259464264
vn -0.2706734240055084 -0.9503329992294312 -0.1536329686641693
vn -0.39717811346054077 -0.9060875177383423 -0.1457907259464264
vn -0.25795209407806396 -0.8554050922393799 -0.4491578936576843
vn -0.3800903260707855 -0.8193582892417908 -0.42916586995124817
vn -0.3800903260707855 -0.8193582892417908 -0.42916586995124817
vn -0.5144613981246948 -0.8467541933059692 -0.13541355729103088
vn -0.39717811346054077 -0.9060875177383423 -0.1457907259464264
vn -0.5144613981246948 -0.8467541933059692 -0.13541355729103088
vn -0.3800903260707855 -0.8193582892417908 -0.42916586995124817
vn -0.4949927031993866 -0.7702465057373047 -0.4021225571632385
vn -0.4949927031993866 -0.7702465057373047 -0.4021225571632385
vn -0.621243417263031 -0.7739297747612 -0.12283876538276672
vn -0.5144613981246948 -0.8467541933059692 -0.13541355729103088
vn -0.621243417263031 -0.7739297747612 -0.12283876538276672
vn -0.4949927031993866 -0.7702465057373047 -0.4021225571632385
vn -0.6013913750648499 -0.7088209390640259 -0.3686479330062866
vn -0.6013913750648499 -0.7088209390640259 -0.3686479330062866
vn -0.7166541218757629 -0.6889427304267883 -0.10846564173698425
vn -0.621243417263031 -0.7739297747612 -0.12283876538276672
vn -0.7166541218757629 -0.6889427304267883 -0.10846564173698425
vn -0.6013913750648499 -0.7088209390640259 -0.3686479330062866
vn -0.6982105374336243 -0.6357080340385437 -0.32920709252357483
vn -0.7166541218757629 -0.6889427304267883 -0.10846564173698425
vn -0.6982105374336243 -0.6357080340385437 -0.32920709252357483
vn -0.7843711972236633 -0.5513579845428467 -0.28419387340545654
vn -0.7843711972236633 -0.5513579845428467 -0.28419387340545654
vn -0.7999678254127502 -0.592864990234375 -0.09253410995006561
vn -0.7166541218757629 -0.6889427304267883 -0.10846564173698425
vn -0.7999678254127502 -0.592864990234375 -0.09253410995006561
vn -0.7843711972236633 -0.5513579845428467 -0.28419387340545654
vn -0.8585631847381592 -0.4561994969844818 -0.23398996889591217
vn -0.8585631847381592 -0.4561994969844818 -0.23398996889591217
vn -0.8704110980033875 -0.4865391254425049 -0.0752607211470604
vn -0.7999678254127502 -0.592864990234375 -0.09253410995006561
vn -0.8704110980033875 -0.4865391254425049 -0.0752607211470604
vn -0.8585631847381592 -0.4561994969844818 -0.23398996889591217
vn -0.919118344783783 -0.35091063380241394 -0.17911767959594727
vn -0.919118344783783 -0.35091063380241394 -0.17911767959594727
vn -0.9268825650215149 -0.3710155785083771 -0.05688687413930893
vn -0.8704110980033875 -0.4865391254425049 -0.0752607211470604
vn -0.9268825650215149 -0.3710155785083771 -0.05688687413930893
vn -0.919118344783783 -0.35091063380241394 -0.17911767959594727
vn -0.9640735983848572 -0.2368296980857849 -0.1203070804476738
vn -0.9640735983848572 -0.2368296980857849 -0.1203070804476738
vn -0.9681149125099182 -0.24765950441360474 -0.03766017407178879
vn -0.9268825650215149 -0.3710155785083771 -0.05688687413930893
vn -0.9681149125099182 -0.24765950441360474 -0.03766017407178879
vn -0.9640735983848572 -0.2368296980857849 -0.1203070804476738
vn -0.9915097951889038 -0.11603430658578873 -0.05868861824274063
vn -0.9915097951889038 -0.11603430658578873 -0.05868861824274063
vn -0.9927958250045776 -0.11847635358572006 -0.01788443885743618
vn -0.9681149125099182 -0.24765950441360474 -0.03766017407178879
vn -0.9927958250045776 -0.11847635358572006 -0.01788443885743618
vn -0.9915097951889038 -0.11603430658578873 -0.05868861824274063
vn -0.9999599456787109 0.008026461116969585 0.003967413678765297
vn -0.9999599456787109 0.008026461116969585 0.003967413678765297
vn -0.999910831451416 0.013214470818638802 0.0019225951982662082
vn -0.9927958250045776 -0.11847635358572006 -0.01788443885743618
vn -0.999910831451416 0.013214470818638802 0.0019225951982662082
vn -0.9999599456787109 0.008026461116969585 0.003967413678765297
vn -0.9890521168708801 0.13199357688426971 0.06598149240016937
vn -0.9890521168708801 0.13199357688426971 0.06598149240016937
vn -0.9892624020576477 0.1445668339729309 0.021454546600580215
vn -0.999910831451416 0.013214470818638802 0.0019225951982662082
vn -0.9892624020576477 0.1445668339729309 0.021454546600580215
vn -0.9890521168708801 0.13199357688426971 0.06598149240016937
vn -0.9594604969024658 0.25227105617523193 0.1256777048110962
vn -0.9594604969024658 0.25227105617523193 0.1256777048110962
vn -0.9613617062568665 0.27232471108436584 0.040285561233758926
vn -0.9892624020576477 0.1445668339729309 0.021454546600580215
vn -0.9613617062568665 0.27232471108436584 0.040285561233758926
vn -0.9594604969024658 0.25227105617523193 0.1256777048110962
vn -0.912850022315979 0.3657075762748718 0.18155670166015625
vn -0.912850022315979 0.3657075762748718 0.18155670166015625
vn -0.9174215197563171 0.39366015791893005 0.05804642662405968
vn -0.9613617062568665 0.27232471108436584 0.040285561233758926
vn -0.9174215197563171 0.39366015791893005 0.05804642662405968
vn -0.912850022315979 0.3657075762748718 0.18155670166015625
vn -0.8512392044067383 0.47033002972602844 0.2327692210674286
vn -0.8512392044067383 0.47033002972602844 0.2327692210674286
vn -0.8588924407958984 0.506704568862915 0.07452699542045593
vn -0.9174215197563171 0.39366015791893005 0.05804642662405968
vn -0.8588924407958984 0.506704568862915 0.07452699542045593
vn -0.8512392044067383 0.47033002972602844 0.2327692210674286
vn -0.7765424847602844 0.5650105476379395 0.27882763743400574
vn -0.7765424847602844 0.5650105476379395 0.27882763743400574
vn -0.7870893478393555 0.6102917194366455 0.0896347314119339
vn -0.8588924407958984 0.506704568862915 0.07452699542045593
vn -0.7870893478393555 0.6102917194366455 0.0896347314119339
vn -0.7765424847602844 0.5650105476379395 0.27882763743400574
vn -0.690378725528717 0.6490553617477417 0.3195377290248871
vn -0.690378725528717 0.6490553617477417 0.3195377290248871
vn -0.7031317949295044 0.7035284042358398 0.10321586579084396
vn -0.7870893478393555 0.6102917194366455 0.0896347314119339
vn -0.6078497767448425 0.7856541275978088 0.11517918854951859
vn -0.690378725528717 0.6490553617477417 0.3195377290248871
vn -0.594021737575531 0.7220182418823242 0.35472217202186584
vn -0.690378725528717 0.6490553617477417 0.3195377290248871
vn -0.6078497767448425 0.7856541275978088 0.11517918854951859
vn -0.7031317949295044 0.7035284042358398 0.10321586579084396
vn -0.5020664930343628 0.8556889295578003 0.12540213763713837
vn -0.594021737575531 0.7220182418823242 0.35472217202186584
vn -0.48849722743034363 0.7834082841873169 0.38424205780029297
vn -0.594021737575531 0.7220182418823242 0.35472217202186584
vn -0.5020664930343628 0.8556889295578003 0.12540213763713837
vn -0.6078497767448425 0.7856541275978088 0.11517918854951859
vn -0.3866795003414154 0.9124657511711121 0.1337355077266693
vn -0.48849722743034363 0.7834082841873169 0.38424205780029297
vn -0.37480324506759644 0.8325873017311096 0.40782463550567627
vn -0.48849722743034363 0.7834082841873169 0.38424205780029297
vn -0.3866795003414154 0.9124657511711121 0.1337355077266693
vn -0.5020664930343628 0.8556889295578003 0.12540213763713837
vn -0.263018399477005 0.9545934796333313 0.1399020254611969
vn -0.37480324506759644 0.8325873017311096 0.40782463550567627
vn -0.25419238209724426 0.8687218427658081 0.42509838938713074
vn -0.37480324506759644 0.8325873017311096 0.40782463550567627
vn -0.263018399477005 0.9545934796333313 0.1399020254611969
vn -0.3866795003414154 0.9124657511711121 0.1337355077266693
vn -0.1330624222755432 0.9806329011917114 0.14371342957019806
vn -0.25419238209724426 0.8687218427658081 0.42509838938713074
vn -0.12836496531963348 0.8908936977386475 0.4356958568096161
vn -0.25419238209724426 0.8687218427658081 0.42509838938713074
vn -0.1330624222755432 0.9806329011917114 0.14371342957019806
vn -0.263018399477005 0.9545934796333313 0.1399020254611969
vn -8.564892084450548e-8 0.9894277453422546 0.1450265496969223
vn -3.282908878077251e-8 0.8902691602706909 -0.45543473958969116
vn -0.13318540155887604 0.8823378086090088 -0.4513775408267975
vn -8.564892084450548e-8 0.9894277453422546 0.1450265496969223
vn -0.13318540155887604 0.8823378086090088 -0.4513775408267975
vn -0.1330624222755432 0.9806329011917114 0.14371342957019806
vn 0.13318534195423126 0.8823378086090088 -0.4513775110244751
vn -8.564892084450548e-8 0.9894277453422546 0.1450265496969223
vn 0.13306225836277008 0.9806329011917114 0.14371344447135925
vn -8.564892084450548e-8 0.9894277453422546 0.1450265496969223
vn 0.13318534195423126 0.8823378086090088 -0.4513775110244751
vn -3.282908878077251e-8 0.8902691602706909 -0.45543473958969116
vn 0.2632623016834259 0.8588529825210571 -0.4393911063671112
vn 0.13306225836277008 0.9806329011917114 0.14371344447135925
vn 0.2630182206630707 0.9545935392379761 0.13990207016468048
vn 0.13306225836277008 0.9806329011917114 0.14371344447135925
vn 0.2632623016834259 0.8588529825210571 -0.4393911063671112
vn 0.13318534195423126 0.8823378086090088 -0.4513775110244751
vn 0.38698911666870117 0.82088702917099 -0.41998085379600525
vn 0.2630182206630707 0.9545935392379761 0.13990207016468048
vn 0.38667935132980347 0.9124658107757568 0.1337355673313141
vn 0.2630182206630707 0.9545935392379761 0.13990207016468048
vn 0.38698911666870117 0.82088702917099 -0.41998085379600525
vn 0.2632623016834259 0.8588529825210571 -0.4393911063671112
vn 0.5024398565292358 0.7696978449821472 -0.3938520550727844
vn 0.38667935132980347 0.9124658107757568 0.1337355673313141
vn 0.5020663738250732 0.8556889891624451 0.12540221214294434
vn 0.38667935132980347 0.9124658107757568 0.1337355673313141
vn 0.5024398565292358 0.7696978449821472 -0.3938520550727844
vn 0.38698911666870117 0.82088702917099 -0.41998085379600525
vn 0.6082434058189392 0.7065756916999817 -0.3616499602794647
vn 0.5020663738250732 0.8556889891624451 0.12540221214294434
vn 0.6078495979309082 0.7856542468070984 0.11517927795648575
vn 0.5020663738250732 0.8556889891624451 0.12540221214294434
vn 0.6082434058189392 0.7065756916999817 -0.3616499602794647
vn 0.5024398565292358 0.7696978449821472 -0.3938520550727844
vn 0.7034735083580017 0.6326074004173279 -0.323933482170105
vn 0.6078495979309082 0.7856542468070984 0.11517927795648575
vn 0.7031316757202148 0.7035285234451294 0.10321597009897232
vn 0.6078495979309082 0.7856542468070984 0.11517927795648575
vn 0.7034735083580017 0.6326074004173279 -0.323933482170105
vn 0.6082434058189392 0.7065756916999817 -0.3616499602794647
vn 0.7873985171318054 0.5486153960227966 -0.2811134159564972
vn 0.7031316757202148 0.7035285234451294 0.10321597009897232
vn 0.7870892882347107 0.6102918386459351 0.08963485062122345
vn 0.7031316757202148 0.7035285234451294 0.10321597009897232
vn 0.7873985171318054 0.5486153960227966 -0.2811134159564972
vn 0.7034735083580017 0.6326074004173279 -0.323933482170105
vn 0.8591417670249939 0.4553442597389221 -0.23353169858455658
vn 0.7870892882347107 0.6102918386459351 0.08963485062122345
vn 0.8588923215866089 0.5067047476768494 0.07452712953090668
vn 0.7870892882347107 0.6102918386459351 0.08963485062122345
vn 0.8591417670249939 0.4553442597389221 -0.23353169858455658
vn 0.7873985171318054 0.5486153960227966 -0.2811134159564972
vn 0.9175912141799927 0.35362640023231506 -0.18158936500549316
vn 0.8588923215866089 0.5067047476768494 0.07452712953090668
vn 0.9174214601516724 0.3936602771282196 0.05804656445980072
vn 0.8588923215866089 0.5067047476768494 0.07452712953090668
vn 0.9175912141799927 0.35362640023231506 -0.18158936500549316
vn 0.8591417670249939 0.4553442597389221 -0.23353169858455658
vn 0.961441695690155 0.2445492446422577 -0.12579947710037231
vn 0.9174214601516724 0.3936602771282196 0.05804656445980072
vn 0.9613616466522217 0.2723248600959778 0.040285706520080566
vn 0.9174214601516724 0.3936602771282196 0.05804656445980072
vn 0.961441695690155 0.2445492446422577 -0.12579947710037231
vn 0.9175912141799927 0.35362640023231506 -0.18158936500549316
vn 0.9892810583114624 0.12979839742183685 -0.06689809262752533
vn 0.9613616466522217 0.2723248600959778 0.040285706520080566
vn 0.9892624020576477 0.14456698298454285 0.021454695612192154
vn 0.9613616466522217 0.2723248600959778 0.040285706520080566
vn 0.9892810583114624 0.12979839742183685 -0.06689809262752533
vn 0.961441695690155 0.2445492446422577 -0.12579947710037231
vn 0.9999099969863892 0.01193283125758171 -0.0061341542750597
vn 0.9892624020576477 0.14456698298454285 0.021454695612192154
vn 0.999910831451416 0.01321462169289589 0.0019227461889386177
vn 0.9892624020576477 0.14456698298454285 0.021454695612192154
vn 0.9999099969863892 0.01193283125758171 -0.0061341542750597
vn 0.9892810583114624 0.12979839742183685 -0.06689809262752533
vn 0.9928334951400757 -0.10605231672525406 0.05508628115057945
vn 0.999910831451416 0.01321462169289589 0.0019227461889386177
vn 0.9927958250045776 -0.11847620457410812 -0.017884287983179092
vn 0.999910831451416 0.01321462169289589 0.0019227461889386177
vn 0.9928334951400757 -0.10605231672525406 0.05508628115057945
vn 0.9999099969863892 0.01193283125758171 -0.0061341542750597
vn 0.9682603478431702 -0.2216322273015976 0.11554674059152603
vn 0.9927958250045776 -0.11847620457410812 -0.017884287983179092
vn 0.968114972114563 -0.2476593554019928 -0.03766002878546715
vn 0.9927958250045776 -0.11847620457410812 -0.017884287983179092
vn 0.9682603478431702 -0.2216322273015976 0.11554674059152603
vn 0.9928334951400757 -0.10605231672525406 0.05508628115057945
vn 0.9271901845932007 -0.33186084032058716 0.1737433224916458
vn 0.968114972114563 -0.2476593554019928 -0.03766002878546715
vn 0.9268826246261597 -0.37101542949676514 -0.056886736303567886
vn 0.968114972114563 -0.2476593554019928 -0.03766002878546715
vn 0.9271901845932007 -0.33186084032058716 0.1737433224916458
vn 0.9682603478431702 -0.2216322273015976 0.11554674059152603
vn 0.8709269762039185 -0.4349293112754822 0.2287416011095047
vn 0.9268826246261597 -0.37101542949676514 -0.056886736303567886
vn 0.870411217212677 -0.48653900623321533 -0.07526058703660965
vn 0.9268826246261597 -0.37101542949676514 -0.056886736303567886
vn 0.8709269762039185 -0.4349293112754822 0.2287416011095047
vn 0.9271901845932007 -0.33186084032058716 0.1737433224916458
vn 0.8007251620292664 -0.529655933380127 0.27982813119888306
vn 0.870411217212677 -0.48653900623321533 -0.07526058703660965
vn 0.7999679446220398 -0.5928648710250854 -0.09253399074077606
vn 0.870411217212677 -0.48653900623321533 -0.07526058703660965
vn 0.8007251620292664 -0.529655933380127 0.27982813119888306
vn 0.8709269762039185 -0.4349293112754822 0.2287416011095047
vn 0.7176100015640259 -0.6151857972145081 0.32646942138671875
vn 0.7999679446220398 -0.5928648710250854 -0.09253399074077606
vn 0.7166542410850525 -0.6889426112174988 -0.1084655299782753
vn 0.7999679446220398 -0.5928648710250854 -0.09253399074077606
vn 0.7176100015640259 -0.6151857972145081 0.32646942138671875
vn 0.8007251620292664 -0.529655933380127 0.27982813119888306
vn 0.7166542410850525 -0.6889426112174988 -0.1084655299782753
vn 0.6223418116569519 -0.6907651424407959 0.3681497275829315
vn 0.7176100015640259 -0.6151857972145081 0.32646942138671875
vn 0.6223418116569519 -0.6907651424407959 0.3681497275829315
vn 0.7166542410850525 -0.6889426112174988 -0.1084655299782753
vn 0.6212435364723206 -0.7739296555519104 -0.12283867597579956
vn 0.6212435364723206 -0.7739296555519104 -0.12283867597579956
vn 0.5156154632568359 -0.7554932832717896 0.404191255569458
vn 0.6223418116569519 -0.6907651424407959 0.3681497275829315
vn 0.5156154632568359 -0.7554932832717896 0.404191255569458
vn 0.6212435364723206 -0.7739296555519104 -0.12283867597579956
vn 0.5144615173339844 -0.8467540740966797 -0.13541346788406372
vn 0.5144615173339844 -0.8467540740966797 -0.13541346788406372
vn 0.3982173204421997 -0.8082150220870972 0.43383345007896423
vn 0.5156154632568359 -0.7554932832717896 0.404191255569458
vn 0.3982173204421997 -0.8082150220870972 0.43383345007896423
vn 0.5144615173339844 -0.8467540740966797 -0.13541346788406372
vn 0.3971782624721527 -0.9060874581336975 -0.14579066634178162
vn 0.3971782624721527 -0.9060874581336975 -0.14579066634178162
vn 0.2714979350566864 -0.847515344619751 0.4560774266719818
vn 0.3982173204421997 -0.8082150220870972 0.43383345007896423
vn 0.2714979350566864 -0.847515344619751 0.4560774266719818
vn 0.3971782624721527 -0.9060874581336975 -0.14579066634178162
vn 0.27067360281944275 -0.9503329396247864 -0.15363292396068573
vn 0.27067360281944275 -0.9503329396247864 -0.15363292396068573
vn 0.13757985830307007 -0.8718984127044678 0.4699626863002777
vn 0.2714979350566864 -0.847515344619751 0.4560774266719818
vn 0.13757985830307007 -0.8718984127044678 0.4699626863002777
vn 0.27067360281944275 -0.9503329396247864 -0.15363292396068573
vn 0.13712407648563385 -0.9777828454971313 -0.15854865312576294
vn 0.13712407648563385 -0.9777828454971313 -0.15854865312576294
vn 3.061485287503274e-8 -0.8801681399345398 0.47466206550598145
vn 0.13757985830307007 -0.8718984127044678 0.4699626863002777
vn 3.061485287503274e-8 -0.8801681399345398 0.47466206550598145
vn 0.13712407648563385 -0.9777828454971313 -0.15854865312576294
vn 8.661918826646797e-8 -0.987080454826355 -0.16022546589374542
vn 3.061485287503274e-8 -0.8801681399345398 0.47466206550598145
vn 8.661918826646797e-8 -0.987080454826355 -0.16022546589374542
vn -0.13712389767169952 -0.9777829051017761 -0.15854866802692413
vn 3.061485287503274e-8 -0.8801681399345398 0.47466206550598145
vn -0.13712389767169952 -0.9777829051017761 -0.15854866802692413
vn -0.1375797986984253 -0.8718984127044678 0.4699626863002777
vn -0.1375797986984253 -0.8718984127044678 0.4699626863002777
vn -0.13712389767169952 -0.9777829051017761 -0.15854866802692413
vn -0.2706734240055084 -0.9503329992294312 -0.1536329686641693
vn -0.1375797986984253 -0.8718984127044678 0.4699626863002777
vn -0.2706734240055084 -0.9503329992294312 -0.1536329686641693
vn -0.2714978754520416 -0.8475154042243958 0.4560773968696594
vn -0.2714978754520416 -0.8475154042243958 0.4560773968696594
vn -0.2706734240055084 -0.9503329992294312 -0.1536329686641693
vn -0.39717811346054077 -0.9060875177383423 -0.1457907259464264
vn -0.2714978754520416 -0.8475154042243958 0.4560773968696594
vn -0.39717811346054077 -0.9060875177383423 -0.1457907259464264
vn -0.39821726083755493 -0.8082150816917419 0.43383339047431946
vn -0.39821726083755493 -0.8082150816917419 0.43383339047431946
vn -0.39717811346054077 -0.9060875177383423 -0.1457907259464264
vn -0.5144613981246948 -0.8467541933059692 -0.13541355729103088
vn -0.39821726083755493 -0.8082150816917419 0.43383339047431946
vn -0.5144613981246948 -0.8467541933059692 -0.13541355729103088
vn -0.5156154036521912 -0.7554934024810791 0.40419119596481323
vn -0.5156154036521912 -0.7554934024810791 0.40419119596481323
vn -0.5144613981246948 -0.8467541933059692 -0.13541355729103088
vn -0.621243417263031 -0.7739297747612 -0.12283876538276672
vn -0.621243417263031 -0.7739297747612 -0.12283876538276672
vn -0.6223417520523071 -0.6907652020454407 0.36814963817596436
vn -0.5156154036521912 -0.7554934024810791 0.40419119596481323
vn -0.6223417520523071 -0.6907652020454407 0.36814963817596436
vn -0.621243417263031 -0.7739297747612 -0.12283876538276672
vn -0.7166541218757629 -0.6889427304267883 -0.10846564173698425
vn -0.7166541218757629 -0.6889427304267883 -0.10846564173698425
vn -0.7176100015640259 -0.6151859164237976 0.3264693021774292
vn -0.6223417520523071 -0.6907652020454407 0.36814963817596436
vn -0.7176100015640259 -0.6151859164237976 0.3264693021774292
vn -0.7166541218757629 -0.6889427304267883 -0.10846564173698425
vn -0.7999678254127502 -0.592864990234375 -0.09253410995006561
vn -0.7999678254127502 -0.592864990234375 -0.09253410995006561
vn -0.8007251024246216 -0.5296560525894165 0.2798280119895935
vn -0.7176100015640259 -0.6151859164237976 0.3264693021774292
vn -0.8007251024246216 -0.5296560525894165 0.2798280119895935
vn -0.7999678254127502 -0.592864990234375 -0.09253410995006561
vn -0.8704110980033875 -0.4865391254425049 -0.0752607211470604
vn -0.8704110980033875 -0.4865391254425049 -0.0752607211470604
vn -0.8709269165992737 -0.43492943048477173 0.22874146699905396
vn -0.8007251024246216 -0.5296560525894165 0.2798280119895935
vn -0.8709269165992737 -0.43492943048477173 0.22874146699905396
vn -0.8704110980033875 -0.4865391254425049 -0.0752607211470604
vn -0.9268825650215149 -0.3710155785083771 -0.05688687413930893
vn -0.9268825650215149 -0.3710155785083771 -0.05688687413930893
vn -0.9271901845932007 -0.3318609595298767 0.17374317348003387
vn -0.8709269165992737 -0.43492943048477173 0.22874146699905396
vn -0.9271901845932007 -0.3318609595298767 0.17374317348003387
vn -0.9268825650215149 -0.3710155785083771 -0.05688687413930893
vn -0.9681149125099182 -0.24765950441360474 -0.03766017407178879
vn -0.9681149125099182 -0.24765950441360474 -0.03766017407178879
vn -0.9682603478431702 -0.22163237631320953 0.11554659157991409
vn -0.9271901845932007 -0.3318609595298767 0.17374317348003387
vn -0.9682603478431702 -0.22163237631320953 0.11554659157991409
vn -0.9681149125099182 -0.24765950441360474 -0.03766017407178879
vn -0.9927958250045776 -0.11847635358572006 -0.01788443885743618
vn -0.9927958250045776 -0.11847635358572006 -0.01788443885743618
vn -0.9928334951400757 -0.106052465736866 0.055086132138967514
vn -0.9682603478431702 -0.22163237631320953 0.11554659157991409
vn -0.9928334951400757 -0.106052465736866 0.055086132138967514
vn -0.9927958250045776 -0.11847635358572006 -0.01788443885743618
vn -0.999910831451416 0.013214470818638802 0.0019225951982662082
vn -0.999910831451416 0.013214470818638802 0.0019225951982662082
vn -0.9999099969863892 0.011932680383324623 -0.006134305149316788
vn -0.9928334951400757 -0.106052465736866 0.055086132138967514
vn -0.9999099969863892 0.011932680383324623 -0.006134305149316788
vn -0.999910831451416 0.013214470818638802 0.0019225951982662082
vn -0.9892624020576477 0.1445668339729309 0.021454546600580215
vn -0.9892624020576477 0.1445668339729309 0.021454546600580215
vn -0.9892810583114624 0.12979824841022491 -0.06689824163913727
vn -0.9999099969863892 0.011932680383324623 -0.006134305149316788
vn -0.9892810583114624 0.12979824841022491 -0.06689824163913727
vn -0.9892624020576477 0.1445668339729309 0.021454546600580215
vn -0.9613617062568665 0.27232471108436584 0.040285561233758926
vn -0.9613617062568665 0.27232471108436584 0.040285561233758926
vn -0.9614417552947998 0.24454909563064575 -0.12579961121082306
vn -0.9892810583114624 0.12979824841022491 -0.06689824163913727
vn -0.9614417552947998 0.24454909563064575 -0.12579961121082306
vn -0.9613617062568665 0.27232471108436584 0.040285561233758926
vn -0.9174215197563171 0.39366015791893005 0.05804642662405968
vn -0.9174215197563171 0.39366015791893005 0.05804642662405968
vn -0.9175912737846375 0.3536262810230255 -0.1815894991159439
vn -0.9614417552947998 0.24454909563064575 -0.12579961121082306
vn -0.9175912737846375 0.3536262810230255 -0.1815894991159439
vn -0.9174215197563171 0.39366015791893005 0.05804642662405968
vn -0.8588924407958984 0.506704568862915 0.07452699542045593
vn -0.8588924407958984 0.506704568862915 0.07452699542045593
vn -0.8591417670249939 0.45534414052963257 -0.23353183269500732
vn -0.9175912737846375 0.3536262810230255 -0.1815894991159439
vn -0.8591417670249939 0.45534414052963257 -0.23353183269500732
vn -0.8588924407958984 0.506704568862915 0.07452699542045593
vn -0.7870893478393555 0.6102917194366455 0.0896347314119339
vn -0.7870893478393555 0.6102917194366455 0.0896347314119339
vn -0.7873985171318054 0.5486152768135071 -0.28111353516578674
vn -0.8591417670249939 0.45534414052963257 -0.23353183269500732
vn -0.7873985171318054 0.5486152768135071 -0.28111353516578674
vn -0.7870893478393555 0.6102917194366455 0.0896347314119339
vn -0.7031317949295044 0.7035284042358398 0.10321586579084396
vn -0.7031317949295044 0.7035284042358398 0.10321586579084396
vn -0.7034735679626465 0.6326072812080383 -0.32393360137939453
vn -0.7873985171318054 0.5486152768135071 -0.28111353516578674
vn -0.6078497767448425 0.7856541275978088 0.11517918854951859
vn -0.608243465423584 0.7065756320953369 -0.3616500794887543
vn -0.7034735679626465 0.6326072812080383 -0.32393360137939453
vn -0.6078497767448425 0.7856541275978088 0.11517918854951859
vn -0.7034735679626465 0.6326072812080383 -0.32393360137939453
vn -0.7031317949295044 0.7035284042358398 0.10321586579084396
vn -0.5020664930343628 0.8556889295578003 0.12540213763713837
vn -0.5024399161338806 0.7696977257728577 -0.3938521146774292
vn -0.608243465423584 0.7065756320953369 -0.3616500794887543
vn -0.5020664930343628 0.8556889295578003 0.12540213763713837
vn -0.608243465423584 0.7065756320953369 -0.3616500794887543
vn -0.6078497767448425 0.7856541275978088 0.11517918854951859
vn -0.3866795003414154 0.9124657511711121 0.1337355077266693
vn -0.38698917627334595 0.8208869695663452 -0.41998091340065
vn -0.5024399161338806 0.7696977257728577 -0.3938521146774292
vn -0.3866795003414154 0.9124657511711121 0.1337355077266693
vn -0.5024399161338806 0.7696977257728577 -0.3938521146774292
vn -0.5020664930343628 0.8556889295578003 0.12540213763713837
vn -0.263018399477005 0.9545934796333313 0.1399020254611969
vn -0.2632554769515991 0.8588609099388123 -0.43937963247299194
vn -0.38698917627334595 0.8208869695663452 -0.41998091340065
vn -0.263018399477005 0.9545934796333313 0.1399020254611969
vn -0.38698917627334595 0.8208869695663452 -0.41998091340065
vn -0.3866795003414154 0.9124657511711121 0.1337355077266693
vn -0.1330624222755432 0.9806329011917114 0.14371342957019806
vn -0.13318540155887604 0.8823378086090088 -0.4513775408267975
vn -0.2632554769515991 0.8588609099388123 -0.43937963247299194
vn -0.1330624222755432 0.9806329011917114 0.14371342957019806
vn -0.2632554769515991 0.8588609099388123 -0.43937963247299194
vn -0.263018399477005 0.9545934796333313 0.1399020254611969
vn -3.282908878077251e-8 0.8902691602706909 -0.45543473958969116
vn 1.952749961731115e-8 0.5658551454544067 -0.8245046734809875
vn -0.13242435455322266 0.5608579516410828 -0.8172528147697449
vn -3.282908878077251e-8 0.8902691602706909 -0.45543473958969116
vn -0.13242435455322266 0.5608579516410828 -0.8172528147697449
vn -0.13318540155887604 0.8823378086090088 -0.4513775408267975
vn 0.13242439925670624 0.5608579516410828 -0.8172527551651001
vn -3.282908878077251e-8 0.8902691602706909 -0.45543473958969116
vn 0.13318534195423126 0.8823378086090088 -0.4513775110244751
vn -3.282908878077251e-8 0.8902691602706909 -0.45543473958969116
vn 0.13242439925670624 0.5608579516410828 -0.8172527551651001
vn 1.952749961731115e-8 0.5658551454544067 -0.8245046734809875
vn 0.2618221342563629 0.546014666557312 -0.7958122491836548
vn 0.13318534195423126 0.8823378086090088 -0.4513775110244751
vn 0.2632623016834259 0.8588529825210571 -0.4393911063671112
vn 0.13318534195423126 0.8823378086090088 -0.4513775110244751
vn 0.2618221342563629 0.546014666557312 -0.7958122491836548
vn 0.13242439925670624 0.5608579516410828 -0.8172527551651001
vn 0.3851257264614105 0.5219752192497253 -0.7610650658607483
vn 0.2632623016834259 0.8588529825210571 -0.4393911063671112
vn 0.38698911666870117 0.82088702917099 -0.41998085379600525
vn 0.2632623016834259 0.8588529825210571 -0.4393911063671112
vn 0.3851257264614105 0.5219752192497253 -0.7610650658607483
vn 0.2618221342563629 0.546014666557312 -0.7958122491836548
vn 0.5003371238708496 0.4895332157611847 -0.7141568660736084
vn 0.38698911666870117 0.82088702917099 -0.41998085379600525
vn 0.5024398565292358 0.7696978449821472 -0.3938520550727844
vn 0.38698911666870117 0.82088702917099 -0.41998085379600525
vn 0.5003371238708496 0.4895332157611847 -0.7141568660736084
vn 0.3851257264614105 0.5219752192497253 -0.7610650658607483
vn 0.606210470199585 0.4494314193725586 -0.6561404466629028
vn 0.5024398565292358 0.7696978449821472 -0.3938520550727844
vn 0.6082434058189392 0.7065756916999817 -0.3616499602794647
vn 0.5024398565292358 0.7696978449821472 -0.3938520550727844
vn 0.606210470199585 0.4494314193725586 -0.6561404466629028
vn 0.5003371238708496 0.4895332157611847 -0.7141568660736084
vn 0.606210470199585 0.4494314193725586 -0.6561404466629028
vn 0.6082434058189392 0.7065756916999817 -0.3616499602794647
vn 0.7034735083580017 0.6326074004173279 -0.323933482170105
vn 0.7034735083580017 0.6326074004173279 -0.323933482170105
vn 0.7017860412597656 0.40230244398117065 -0.587919294834137
vn 0.606210470199585 0.4494314193725586 -0.6561404466629028
vn 0.7017860412597656 0.40230244398117065 -0.587919294834137
vn 0.7034735083580017 0.6326074004173279 -0.323933482170105
vn 0.7873985171318054 0.5486153960227966 -0.2811134159564972
vn 0.7873985171318054 0.5486153960227966 -0.2811134159564972
vn 0.7862409949302673 0.34865376353263855 -0.510162353515625
vn 0.7017860412597656 0.40230244398117065 -0.587919294834137
vn 0.7862409949302673 0.34865376353263855 -0.510162353515625
vn 0.7873985171318054 0.5486153960227966 -0.2811134159564972
vn 0.8591417670249939 0.4553442597389221 -0.23353169858455658
vn 0.8591417670249939 0.4553442597389221 -0.23353169858455658
vn 0.8586055636405945 0.2889283299446106 -0.4234582185745239
vn 0.7862409949302673 0.34865376353263855 -0.510162353515625
vn 0.8586055636405945 0.2889283299446106 -0.4234582185745239
vn 0.8591417670249939 0.4553442597389221 -0.23353169858455658
vn 0.9175912141799927 0.35362640023231506 -0.18158936500549316
vn 0.9175912141799927 0.35362640023231506 -0.18158936500549316
vn 0.9176750779151917 0.22364312410354614 -0.3284146189689636
vn 0.8586055636405945 0.2889283299446106 -0.4234582185745239
vn 0.9176750779151917 0.22364312410354614 -0.3284146189689636
vn 0.9175912141799927 0.35362640023231506 -0.18158936500549316
vn 0.961441695690155 0.2445492446422577 -0.12579947710037231
vn 0.961441695690155 0.2445492446422577 -0.12579947710037231
vn 0.9619281888008118 0.15360218286514282 -0.2260541319847107
vn 0.9176750779151917 0.22364312410354614 -0.3284146189689636
vn 0.9619281888008118 0.15360218286514282 -0.2260541319847107
vn 0.961441695690155 0.2445492446422577 -0.12579947710037231
vn 0.9892810583114624 0.12979839742183685 -0.06689809262752533
vn 0.9892810583114624 0.12979839742183685 -0.06689809262752533
vn 0.9898062348365784 0.07989994436502457 -0.11789649724960327
vn 0.9619281888008118 0.15360218286514282 -0.2260541319847107
vn 0.9898062348365784 0.07989994436502457 -0.11789649724960327
vn 0.9892810583114624 0.12979839742183685 -0.06689809262752533
vn 0.9999099969863892 0.01193283125758171 -0.0061341542750597
vn 0.9999099969863892 0.01193283125758171 -0.0061341542750597
vn 0.9999696016311646 0.00439487537369132 -0.0064395274966955185
vn 0.9898062348365784 0.07989994436502457 -0.11789649724960327
vn 0.9999696016311646 0.00439487537369132 -0.0064395274966955185
vn 0.9999099969863892 0.01193283125758171 -0.0061341542750597
vn 0.9928334951400757 -0.10605231672525406 0.05508628115057945
vn 0.9928334951400757 -0.10605231672525406 0.05508628115057945
vn 0.9918838739395142 -0.07086621224880219 0.10556703060865402
vn 0.9999696016311646 0.00439487537369132 -0.0064395274966955185
vn 0.9918838739395142 -0.07086621224880219 0.10556703060865402
vn 0.9928334951400757 -0.10605231672525406 0.05508628115057945
vn 0.9682603478431702 -0.2216322273015976 0.11554674059152603
vn 0.9682603478431702 -0.2216322273015976 0.11554674059152603
vn 0.9658078551292419 -0.14414170384407043 0.2154955416917801
vn 0.9918838739395142 -0.07086621224880219 0.10556703060865402
vn 0.9658078551292419 -0.14414170384407043 0.2154955416917801
vn 0.9682603478431702 -0.2216322273015976 0.11554674059152603
vn 0.9271901845932007 -0.33186084032058716 0.1737433224916458
vn 0.9271901845932007 -0.33186084032058716 0.1737433224916458
vn 0.9228933453559875 -0.21344953775405884 0.3204796612262726
vn 0.9658078551292419 -0.14414170384407043 0.2154955416917801
vn 0.9228933453559875 -0.21344953775405884 0.3204796612262726
vn 0.9271901845932007 -0.33186084032058716 0.1737433224916458
vn 0.8709269762039185 -0.4349293112754822 0.2287416011095047
vn 0.8709269762039185 -0.4349293112754822 0.2287416011095047
vn 0.8646420836448669 -0.277603417634964 0.41872477531433105
vn 0.9228933453559875 -0.21344953775405884 0.3204796612262726
vn 0.8646420836448669 -0.277603417634964 0.41872477531433105
vn 0.8709269762039185 -0.4349293112754822 0.2287416011095047
vn 0.8007251620292664 -0.529655933380127 0.27982813119888306
vn 0.8007251620292664 -0.529655933380127 0.27982813119888306
vn 0.7925554513931274 -0.33586472272872925 0.5089702606201172
vn 0.8646420836448669 -0.277603417634964 0.41872477531433105
vn 0.7925554513931274 -0.33586472272872925 0.5089702606201172
vn 0.8007251620292664 -0.529655933380127 0.27982813119888306
vn 0.7176100015640259 -0.6151857972145081 0.32646942138671875
vn 0.7176100015640259 -0.6151857972145081 0.32646942138671875
vn 0.707965612411499 -0.38775283098220825 0.5902816653251648
vn 0.7925554513931274 -0.33586472272872925 0.5089702606201172
vn 0.707965612411499 -0.38775283098220825 0.5902816653251648
vn 0.7176100015640259 -0.6151857972145081 0.32646942138671875
vn 0.6223418116569519 -0.6907651424407959 0.3681497275829315
vn 0.6223418116569519 -0.6907651424407959 0.3681497275829315
vn 0.6118822693824768 -0.4329473376274109 0.6619340777397156
vn 0.707965612411499 -0.38775283098220825 0.5902816653251648
vn 0.6118822693824768 -0.4329473376274109 0.6619340777397156
vn 0.6223418116569519 -0.6907651424407959 0.3681497275829315
vn 0.5156154632568359 -0.7554932832717896 0.404191255569458
vn 0.5156154632568359 -0.7554932832717896 0.404191255569458
vn 0.5052475929260254 -0.4710659086704254 0.723064124584198
vn 0.6118822693824768 -0.4329473376274109 0.6619340777397156
vn 0.5052475929260254 -0.4710659086704254 0.723064124584198
vn 0.5156154632568359 -0.7554932832717896 0.404191255569458
vn 0.3982173204421997 -0.8082150220870972 0.43383345007896423
vn 0.3982173204421997 -0.8082150220870972 0.43383345007896423
vn 0.3889992833137512 -0.501676619052887 0.7726578116416931
vn 0.5052475929260254 -0.4710659086704254 0.723064124584198
vn 0.3889992833137512 -0.501676619052887 0.7726578116416931
vn 0.3982173204421997 -0.8082150220870972 0.43383345007896423
vn 0.2714979350566864 -0.847515344619751 0.4560774266719818
vn 0.3889992833137512 -0.501676619052887 0.7726578116416931
vn 0.2714979350566864 -0.847515344619751 0.4560774266719818
vn 0.26454153656959534 -0.5241999626159668 0.809464156627655
vn 0.26454153656959534 -0.5241999626159668 0.809464156627655
vn 0.2714979350566864 -0.847515344619751 0.4560774266719818
vn 0.13757985830307007 -0.8718984127044678 0.4699626863002777
vn 0.26454153656959534 -0.5241999626159668 0.809464156627655
vn 0.13757985830307007 -0.8718984127044678 0.4699626863002777
vn 0.13382568955421448 -0.5380495190620422 0.8322219848632812
vn 0.13382568955421448 -0.5380495190620422 0.8322219848632812
vn 0.13757985830307007 -0.8718984127044678 0.4699626863002777
vn 3.061485287503274e-8 -0.8801681399345398 0.47466206550598145
vn 0.13382568955421448 -0.5380495190620422 0.8322219848632812
vn 3.061485287503274e-8 -0.8801681399345398 0.47466206550598145
vn -2.2437536273400838e-8 -0.5427197217941284 0.8399139046669006
vn 3.061485287503274e-8 -0.8801681399345398 0.47466206550598145
vn -0.13382573425769806 -0.5380495190620422 0.8322219252586365
vn -2.2437536273400838e-8 -0.5427197217941284 0.8399139046669006
vn -0.13382573425769806 -0.5380495190620422 0.8322219252586365
vn 3.061485287503274e-8 -0.8801681399345398 0.47466206550598145
vn -0.1375797986984253 -0.8718984127044678 0.4699626863002777
vn -0.1375797986984253 -0.8718984127044678 0.4699626863002777
vn -0.2645415663719177 -0.5241999626159668 0.8094640970230103
vn -0.13382573425769806 -0.5380495190620422 0.8322219252586365
vn -0.2645415663719177 -0.5241999626159668 0.8094640970230103
vn -0.1375797986984253 -0.8718984127044678 0.4699626863002777
vn -0.2714978754520416 -0.8475154042243958 0.4560773968696594
vn -0.2714978754520416 -0.8475154042243958 0.4560773968696594
vn -0.388999342918396 -0.5016766786575317 0.7726577520370483
vn -0.2645415663719177 -0.5241999626159668 0.8094640970230103
vn -0.388999342918396 -0.5016766786575317 0.7726577520370483
vn -0.2714978754520416 -0.8475154042243958 0.4560773968696594
vn -0.39821726083755493 -0.8082150816917419 0.43383339047431946
vn -0.39821726083755493 -0.8082150816917419 0.43383339047431946
vn -0.5052476525306702 -0.4710659980773926 0.7230640649795532
vn -0.388999342918396 -0.5016766786575317 0.7726577520370483
vn -0.5052476525306702 -0.4710659980773926 0.7230640649795532
vn -0.39821726083755493 -0.8082150816917419 0.43383339047431946
vn -0.5156154036521912 -0.7554934024810791 0.40419119596481323
vn -0.5156154036521912 -0.7554934024810791 0.40419119596481323
vn -0.6118822693824768 -0.43294742703437805 0.661933958530426
vn -0.5052476525306702 -0.4710659980773926 0.7230640649795532
vn -0.6118822693824768 -0.43294742703437805 0.661933958530426
vn -0.5156154036521912 -0.7554934024810791 0.40419119596481323
vn -0.6223417520523071 -0.6907652020454407 0.36814963817596436
vn -0.707965612411499 -0.3877529203891754 0.59028160572052
vn -0.6223417520523071 -0.6907652020454407 0.36814963817596436
vn -0.7176100015640259 -0.6151859164237976 0.3264693021774292
vn -0.6223417520523071 -0.6907652020454407 0.36814963817596436
vn -0.707965612411499 -0.3877529203891754 0.59028160572052
vn -0.6118822693824768 -0.43294742703437805 0.661933958530426
vn -0.792567789554596 -0.33587005734443665 0.5089475512504578
vn -0.7176100015640259 -0.6151859164237976 0.3264693021774292
vn -0.8007251024246216 -0.5296560525894165 0.2798280119895935
vn -0.7176100015640259 -0.6151859164237976 0.3264693021774292
vn -0.792567789554596 -0.33587005734443665 0.5089475512504578
vn -0.707965612411499 -0.3877529203891754 0.59028160572052
vn -0.8646420836448669 -0.27760353684425354 0.4187246263027191
vn -0.8007251024246216 -0.5296560525894165 0.2798280119895935
vn -0.8709269165992737 -0.43492943048477173 0.22874146699905396
vn -0.8007251024246216 -0.5296560525894165 0.2798280119895935
vn -0.8646420836448669 -0.27760353684425354 0.4187246263027191
vn -0.792567789554596 -0.33587005734443665 0.5089475512504578
vn -0.9228933453559875 -0.21344967186450958 0.32047951221466064
vn -0.8709269165992737 -0.43492943048477173 0.22874146699905396
vn -0.9271901845932007 -0.3318609595298767 0.17374317348003387
vn -0.8709269165992737 -0.43492943048477173 0.22874146699905396
vn -0.9228933453559875 -0.21344967186450958 0.32047951221466064
vn -0.8646420836448669 -0.27760353684425354 0.4187246263027191
vn -0.9658078551292419 -0.14414185285568237 0.21549539268016815
vn -0.9271901845932007 -0.3318609595298767 0.17374317348003387
vn -0.9682603478431702 -0.22163237631320953 0.11554659157991409
vn -0.9271901845932007 -0.3318609595298767 0.17374317348003387
vn -0.9658078551292419 -0.14414185285568237 0.21549539268016815
vn -0.9228933453559875 -0.21344967186450958 0.32047951221466064
vn -0.9918838739395142 -0.07086636126041412 0.10556688159704208
vn -0.9682603478431702 -0.22163237631320953 0.11554659157991409
vn -0.9928334951400757 -0.106052465736866 0.055086132138967514
vn -0.9682603478431702 -0.22163237631320953 0.11554659157991409
vn -0.9918838739395142 -0.07086636126041412 0.10556688159704208
vn -0.9658078551292419 -0.14414185285568237 0.21549539268016815
vn -0.9999696016311646 0.004394724499434233 -0.006439678370952606
vn -0.9928334951400757 -0.106052465736866 0.055086132138967514
vn -0.9999099969863892 0.011932680383324623 -0.006134305149316788
vn -0.9928334951400757 -0.106052465736866 0.055086132138967514
vn -0.9999696016311646 0.004394724499434233 -0.006439678370952606
vn -0.9918838739395142 -0.07086636126041412 0.10556688159704208
vn -0.9898062348365784 0.07989979535341263 -0.11789664626121521
vn -0.9999099969863892 0.011932680383324623 -0.006134305149316788
vn -0.9892810583114624 0.12979824841022491 -0.06689824163913727
vn -0.9999099969863892 0.011932680383324623 -0.006134305149316788
vn -0.9898062348365784 0.07989979535341263 -0.11789664626121521
vn -0.9999696016311646 0.004394724499434233 -0.006439678370952606
vn -0.9619281888008118 0.15360204875469208 -0.22605428099632263
vn -0.9892810583114624 0.12979824841022491 -0.06689824163913727
vn -0.9614417552947998 0.24454909563064575 -0.12579961121082306
vn -0.9892810583114624 0.12979824841022491 -0.06689824163913727
vn -0.9619281888008118 0.15360204875469208 -0.22605428099632263
vn -0.9898062348365784 0.07989979535341263 -0.11789664626121521
vn -0.9176750779151917 0.2236429899930954 -0.32841476798057556
vn -0.9614417552947998 0.24454909563064575 -0.12579961121082306
vn -0.9175912737846375 0.3536262810230255 -0.1815894991159439
vn -0.9614417552947998 0.24454909563064575 -0.12579961121082306
vn -0.9176750779151917 0.2236429899930954 -0.32841476798057556
vn -0.9619281888008118 0.15360204875469208 -0.22605428099632263
vn -0.8586055636405945 0.28892821073532104 -0.42345836758613586
vn -0.9175912737846375 0.3536262810230255 -0.1815894991159439
vn -0.8591417670249939 0.45534414052963257 -0.23353183269500732
vn -0.9175912737846375 0.3536262810230255 -0.1815894991159439
vn -0.8586055636405945 0.28892821073532104 -0.42345836758613586
vn -0.9176750779151917 0.2236429899930954 -0.32841476798057556
vn -0.7862409949302673 0.348653644323349 -0.5101624727249146
vn -0.8591417670249939 0.45534414052963257 -0.23353183269500732
vn -0.7873985171318054 0.5486152768135071 -0.28111353516578674
vn -0.8591417670249939 0.45534414052963257 -0.23353183269500732
vn -0.7862409949302673 0.348653644323349 -0.5101624727249146
vn -0.8586055636405945 0.28892821073532104 -0.42345836758613586
vn -0.7017859816551208 0.4023023247718811 -0.5879194140434265
vn -0.7873985171318054 0.5486152768135071 -0.28111353516578674
vn -0.7034735679626465 0.6326072812080383 -0.32393360137939453
vn -0.7873985171318054 0.5486152768135071 -0.28111353516578674
vn -0.7017859816551208 0.4023023247718811 -0.5879194140434265
vn -0.7862409949302673 0.348653644323349 -0.5101624727249146
vn -0.6062104105949402 0.44943130016326904 -0.6561405658721924
vn -0.7034735679626465 0.6326072812080383 -0.32393360137939453
vn -0.608243465423584 0.7065756320953369 -0.3616500794887543
vn -0.7034735679626465 0.6326072812080383 -0.32393360137939453
vn -0.6062104105949402 0.44943130016326904 -0.6561405658721924
vn -0.7017859816551208 0.4023023247718811 -0.5879194140434265
vn -0.5024399161338806 0.7696977257728577 -0.3938521146774292
vn -0.5003370642662048 0.48953312635421753 -0.7141569256782532
vn -0.6062104105949402 0.44943130016326904 -0.6561405658721924
vn -0.5024399161338806 0.7696977257728577 -0.3938521146774292
vn -0.6062104105949402 0.44943130016326904 -0.6561405658721924
vn -0.608243465423584 0.7065756320953369 -0.3616500794887543
vn -0.38698917627334595 0.8208869695663452 -0.41998091340065
vn -0.38512569665908813 0.5219751596450806 -0.7610651254653931
vn -0.5003370642662048 0.48953312635421753 -0.7141569256782532
vn -0.38698917627334595 0.8208869695663452 -0.41998091340065
vn -0.5003370642662048 0.48953312635421753 -0.7141569256782532
vn -0.5024399161338806 0.7696977257728577 -0.3938521146774292
vn -0.2632554769515991 0.8588609099388123 -0.43937963247299194
vn -0.2618221044540405 0.546014666557312 -0.7958123087882996
vn -0.38512569665908813 0.5219751596450806 -0.7610651254653931
vn -0.2632554769515991 0.8588609099388123 -0.43937963247299194
vn -0.38512569665908813 0.5219751596450806 -0.7610651254653931
vn -0.38698917627334595 0.8208869695663452 -0.41998091340065
vn -0.13318540155887604 0.8823378086090088 -0.4513775408267975
vn -0.13242435455322266 0.5608579516410828 -0.8172528147697449
vn -0.2618221044540405 0.546014666557312 -0.7958123087882996
vn -0.13318540155887604 0.8823378086090088 -0.4513775408267975
vn -0.2618221044540405 0.546014666557312 -0.7958123087882996
vn -0.2632554769515991 0.8588609099388123 -0.43937963247299194
vn 4.9018552772395196e-8 0.303546279668808 -0.9528167247772217
vn -0.13242435455322266 0.5608579516410828 -0.8172528147697449
vn 1.952749961731115e-8 0.5658551454544067 -0.8245046734809875
vn -0.13242435455322266 0.5608579516410828 -0.8172528147697449
vn 4.9018552772395196e-8 0.303546279668808 -0.9528167247772217
vn -0.1331866979598999 0.3008299171924591 -0.9443318843841553
vn 0.13242439925670624 0.5608579516410828 -0.8172527551651001
vn 0.13318680226802826 0.3008299171924591 -0.9443318247795105
vn 4.9018552772395196e-8 0.303546279668808 -0.9528167247772217
vn 0.13242439925670624 0.5608579516410828 -0.8172527551651001
vn 4.9018552772395196e-8 0.303546279668808 -0.9528167247772217
vn 1.952749961731115e-8 0.5658551454544067 -0.8245046734809875
vn 0.2618221342563629 0.546014666557312 -0.7958122491836548
vn 0.2632538378238678 0.2927958369255066 -0.9192214012145996
vn 0.13318680226802826 0.3008299171924591 -0.9443318247795105
vn 0.2618221342563629 0.546014666557312 -0.7958122491836548
vn 0.13318680226802826 0.3008299171924591 -0.9443318247795105
vn 0.13242439925670624 0.5608579516410828 -0.8172527551651001
vn 0.3851257264614105 0.5219752192497253 -0.7610650658607483
vn 0.3870725929737091 0.2797677516937256 -0.878581166267395
vn 0.2632538378238678 0.2927958369255066 -0.9192214012145996
vn 0.3851257264614105 0.5219752192497253 -0.7610650658607483
vn 0.2632538378238678 0.2927958369255066 -0.9192214012145996
vn 0.2618221342563629 0.546014666557312 -0.7958122491836548
vn 0.5003371238708496 0.4895332157611847 -0.7141568660736084
vn 0.5026623606681824 0.26219627261161804 -0.8237618803977966
vn 0.3870725929737091 0.2797677516937256 -0.878581166267395
vn 0.5003371238708496 0.4895332157611847 -0.7141568660736084
vn 0.3870725929737091 0.2797677516937256 -0.878581166267395
vn 0.3851257264614105 0.5219752192497253 -0.7610650658607483
vn 0.606210470199585 0.4494314193725586 -0.6561404466629028
vn 0.6087284088134766 0.24051885306835175 -0.7560425996780396
vn 0.5026623606681824 0.26219627261161804 -0.8237618803977966
vn 0.606210470199585 0.4494314193725586 -0.6561404466629028
vn 0.5026623606681824 0.26219627261161804 -0.8237618803977966
vn 0.5003371238708496 0.4895332157611847 -0.7141568660736084
vn 0.7017860412597656 0.40230244398117065 -0.587919294834137
vn 0.7043167352676392 0.21509771049022675 -0.6765137910842896
vn 0.6087284088134766 0.24051885306835175 -0.7560425996780396
vn 0.7017860412597656 0.40230244398117065 -0.587919294834137
vn 0.6087284088134766 0.24051885306835175 -0.7560425996780396
vn 0.606210470199585 0.4494314193725586 -0.6561404466629028
vn 0.7043167352676392 0.21509771049022675 -0.6765137910842896
vn 0.7017860412597656 0.40230244398117065 -0.587919294834137
vn 0.7862409949302673 0.34865376353263855 -0.510162353515625
vn 0.7862409949302673 0.34865376353263855 -0.510162353515625
vn 0.7886144518852234 0.18616676330566406 -0.5860283374786377
vn 0.7043167352676392 0.21509771049022675 -0.6765137910842896
vn 0.7886144518852234 0.18616676330566406 -0.5860283374786377
vn 0.7862409949302673 0.34865376353263855 -0.510162353515625
vn 0.8586055636405945 0.2889283299446106 -0.4234582185745239
vn 0.8586055636405945 0.2889283299446106 -0.4234582185745239
vn 0.8606789112091064 0.1540316939353943 -0.48528963327407837
vn 0.7886144518852234 0.18616676330566406 -0.5860283374786377
vn 0.8606789112091064 0.1540316939353943 -0.48528963327407837
vn 0.8586055636405945 0.2889283299446106 -0.4234582185745239
vn 0.9176750779151917 0.22364312410354614 -0.3284146189689636
vn 0.9176750779151917 0.22364312410354614 -0.3284146189689636
vn 0.9193015694618225 0.11896419525146484 -0.37514281272888184
vn 0.8606789112091064 0.1540316939353943 -0.48528963327407837
vn 0.9193015694618225 0.11896419525146484 -0.37514281272888184
vn 0.9176750779151917 0.22364312410354614 -0.3284146189689636
vn 0.9619281888008118 0.15360218286514282 -0.2260541319847107
vn 0.9619281888008118 0.15360218286514282 -0.2260541319847107
vn 0.9630236625671387 0.08133292198181152 -0.25684693455696106
vn 0.9193015694618225 0.11896419525146484 -0.37514281272888184
vn 0.9630236625671387 0.08133292198181152 -0.25684693455696106
vn 0.9619281888008118 0.15360218286514282 -0.2260541319847107
vn 0.9898062348365784 0.07989994436502457 -0.11789649724960327
vn 0.9898062348365784 0.07989994436502457 -0.11789649724960327
vn 0.9903397560119629 0.0418110266327858 -0.13220800459384918
vn 0.9630236625671387 0.08133292198181152 -0.25684693455696106
vn 0.9903397560119629 0.0418110266327858 -0.13220800459384918
vn 0.9898062348365784 0.07989994436502457 -0.11789649724960327
vn 0.9999696016311646 0.00439487537369132 -0.0064395274966955185
vn 0.9999696016311646 0.00439487537369132 -0.0064395274966955185
vn 0.9999902248382568 0.0013429177924990654 -0.004211566410958767
vn 0.9903397560119629 0.0418110266327858 -0.13220800459384918
vn 0.9999902248382568 0.0013429177924990654 -0.004211566410958767
vn 0.9999696016311646 0.00439487537369132 -0.0064395274966955185
vn 0.9918838739395142 -0.07086621224880219 0.10556703060865402
vn 0.9918838739395142 -0.07086621224880219 0.10556703060865402
vn 0.9915221333503723 -0.03903334587812424 0.12393652647733688
vn 0.9999902248382568 0.0013429177924990654 -0.004211566410958767
vn 0.9915221333503723 -0.03903334587812424 0.12393652647733688
vn 0.9918838739395142 -0.07086621224880219 0.10556703060865402
vn 0.9658078551292419 -0.14414170384407043 0.2154955416917801
vn 0.9658078551292419 -0.14414170384407043 0.2154955416917801
vn 0.9652578830718994 -0.07843399792909622 0.24924950301647186
vn 0.9915221333503723 -0.03903334587812424 0.12393652647733688
vn 0.9652578830718994 -0.07843399792909622 0.24924950301647186
vn 0.9658078551292419 -0.14414170384407043 0.2154955416917801
vn 0.9228933453559875 -0.21344953775405884 0.3204796612262726
vn 0.9228933453559875 -0.21344953775405884 0.3204796612262726
vn 0.922355592250824 -0.11579031497240067 0.368582159280777
vn 0.9652578830718994 -0.07843399792909622 0.24924950301647186
vn 0.922355592250824 -0.11579031497240067 0.368582159280777
vn 0.9228933453559875 -0.21344953775405884 0.3204796612262726
vn 0.8646420836448669 -0.277603417634964 0.41872477531433105
vn 0.8646420836448669 -0.277603417634964 0.41872477531433105
vn 0.8643184304237366 -0.15052318572998047 0.47989213466644287
vn 0.922355592250824 -0.11579031497240067 0.368582159280777
vn 0.8643184304237366 -0.15052318572998047 0.47989213466644287
vn 0.8646420836448669 -0.277603417634964 0.41872477531433105
vn 0.7925554513931274 -0.33586472272872925 0.5089702606201172
vn 0.7925554513931274 -0.33586472272872925 0.5089702606201172
vn 0.7925617694854736 -0.18226258456707 0.5819159746170044
vn 0.8643184304237366 -0.15052318572998047 0.47989213466644287
vn 0.7925617694854736 -0.18226258456707 0.5819159746170044
vn 0.7925554513931274 -0.33586472272872925 0.5089702606201172
vn 0.707965612411499 -0.38775283098220825 0.5902816653251648
vn 0.707965612411499 -0.38775283098220825 0.5902816653251648
vn 0.7083243727684021 -0.21067525446414948 0.6737154722213745
vn 0.7925617694854736 -0.18226258456707 0.5819159746170044
vn 0.7083243727684021 -0.21067525446414948 0.6737154722213745
vn 0.707965612411499 -0.38775283098220825 0.5902816653251648
vn 0.6118822693824768 -0.4329473376274109 0.6619340777397156
vn 0.6118822693824768 -0.4329473376274109 0.6619340777397156
vn 0.6125860214233398 -0.2356099635362625 0.7544708847999573
vn 0.7083243727684021 -0.21067525446414948 0.6737154722213745
vn 0.6125860214233398 -0.2356099635362625 0.7544708847999573
vn 0.6118822693824768 -0.4329473376274109 0.6619340777397156
vn 0.5052475929260254 -0.4710659086704254 0.723064124584198
vn 0.6125860214233398 -0.2356099635362625 0.7544708847999573
vn 0.5052475929260254 -0.4710659086704254 0.723064124584198
vn 0.5061241984367371 -0.25681591033935547 0.8233370184898376
vn 0.5061241984367371 -0.25681591033935547 0.8233370184898376
vn 0.5052475929260254 -0.4710659086704254 0.723064124584198
vn 0.3889992833137512 -0.501676619052887 0.7726578116416931
vn 0.5061241984367371 -0.25681591033935547 0.8233370184898376
vn 0.3889992833137512 -0.501676619052887 0.7726578116416931
vn 0.38991138339042664 -0.27393898367881775 0.8791624307632446
vn 0.38991138339042664 -0.27393898367881775 0.8791624307632446
vn 0.3889992833137512 -0.501676619052887 0.7726578116416931
vn 0.26454153656959534 -0.5241999626159668 0.809464156627655
vn 0.38991138339042664 -0.27393898367881775 0.8791624307632446
vn 0.26454153656959534 -0.5241999626159668 0.809464156627655
vn 0.26530125737190247 -0.28663402795791626 0.9205738306045532
vn 0.26530125737190247 -0.28663402795791626 0.9205738306045532
vn 0.26454153656959534 -0.5241999626159668 0.809464156627655
vn 0.13382568955421448 -0.5380495190620422 0.8322219848632812
vn 0.26530125737190247 -0.28663402795791626 0.9205738306045532
vn 0.13382568955421448 -0.5380495190620422 0.8322219848632812
vn 0.1342531144618988 -0.29447802901268005 0.9461811780929565
vn 0.1342531144618988 -0.29447802901268005 0.9461811780929565
vn 0.13382568955421448 -0.5380495190620422 0.8322219848632812
vn -2.2437536273400838e-8 -0.5427197217941284 0.8399139046669006
vn 0.1342531144618988 -0.29447802901268005 0.9461811780929565
vn -2.2437536273400838e-8 -0.5427197217941284 0.8399139046669006
vn -4.965829347725048e-8 -0.29710179567337036 0.9548457860946655
vn -2.2437536273400838e-8 -0.5427197217941284 0.8399139046669006
vn -0.13425321877002716 -0.29447805881500244 0.9461811184883118
vn -4.965829347725048e-8 -0.29710179567337036 0.9548457860946655
vn -0.13425321877002716 -0.29447805881500244 0.9461811184883118
vn -2.2437536273400838e-8 -0.5427197217941284 0.8399139046669006
vn -0.13382573425769806 -0.5380495190620422 0.8322219252586365
vn -0.13382573425769806 -0.5380495190620422 0.8322219252586365
vn -0.26530134677886963 -0.28663408756256104 0.9205737709999084
vn -0.13425321877002716 -0.29447805881500244 0.9461811184883118
vn -0.26530134677886963 -0.28663408756256104 0.9205737709999084
vn -0.13382573425769806 -0.5380495190620422 0.8322219252586365
vn -0.2645415663719177 -0.5241999626159668 0.8094640970230103
vn -0.2645415663719177 -0.5241999626159668 0.8094640970230103
vn -0.3899114727973938 -0.2739390432834625 0.8791623711585999
vn -0.26530134677886963 -0.28663408756256104 0.9205737709999084
vn -0.3899114727973938 -0.2739390432834625 0.8791623711585999
vn -0.2645415663719177 -0.5241999626159668 0.8094640970230103
vn -0.388999342918396 -0.5016766786575317 0.7726577520370483
vn -0.388999342918396 -0.5016766786575317 0.7726577520370483
vn -0.5061243176460266 -0.25681599974632263 0.8233369588851929
vn -0.3899114727973938 -0.2739390432834625 0.8791623711585999
vn -0.5061243176460266 -0.25681599974632263 0.8233369588851929
vn -0.388999342918396 -0.5016766786575317 0.7726577520370483
vn -0.5052476525306702 -0.4710659980773926 0.7230640649795532
vn -0.5052476525306702 -0.4710659980773926 0.7230640649795532
vn -0.6125860810279846 -0.23561005294322968 0.7544708251953125
vn -0.5061243176460266 -0.25681599974632263 0.8233369588851929
vn -0.6125860810279846 -0.23561005294322968 0.7544708251953125
vn -0.5052476525306702 -0.4710659980773926 0.7230640649795532
vn -0.6118822693824768 -0.43294742703437805 0.661933958530426
vn -0.6118822693824768 -0.43294742703437805 0.661933958530426
vn -0.7083244323730469 -0.21067535877227783 0.673715353012085
vn -0.6125860810279846 -0.23561005294322968 0.7544708251953125
vn -0.7083244323730469 -0.21067535877227783 0.673715353012085
vn -0.6118822693824768 -0.43294742703437805 0.661933958530426
vn -0.707965612411499 -0.3877529203891754 0.59028160572052
vn -0.707965612411499 -0.3877529203891754 0.59028160572052
vn -0.7925618290901184 -0.18226270377635956 0.5819158554077148
vn -0.7083244323730469 -0.21067535877227783 0.673715353012085
vn -0.7925618290901184 -0.18226270377635956 0.5819158554077148
vn -0.707965612411499 -0.3877529203891754 0.59028160572052
vn -0.792567789554596 -0.33587005734443665 0.5089475512504578
vn -0.792567789554596 -0.33587005734443665 0.5089475512504578
vn -0.8643184304237366 -0.1505233198404312 0.47989198565483093
vn -0.7925618290901184 -0.18226270377635956 0.5819158554077148
vn -0.8643184304237366 -0.1505233198404312 0.47989198565483093
vn -0.792567789554596 -0.33587005734443665 0.5089475512504578
vn -0.8646420836448669 -0.27760353684425354 0.4187246263027191
vn -0.8646420836448669 -0.27760353684425354 0.4187246263027191
vn -0.9223659634590149 -0.11579176038503647 0.3685556650161743
vn -0.8643184304237366 -0.1505233198404312 0.47989198565483093
vn -0.9223659634590149 -0.11579176038503647 0.3685556650161743
vn -0.8646420836448669 -0.27760353684425354 0.4187246263027191
vn -0.9228933453559875 -0.21344967186450958 0.32047951221466064
vn -0.9228933453559875 -0.21344967186450958 0.32047951221466064
vn -0.9652579426765442 -0.07843413949012756 0.24924936890602112
vn -0.9223659634590149 -0.11579176038503647 0.3685556650161743
vn -0.9652579426765442 -0.07843413949012756 0.24924936890602112
vn -0.9228933453559875 -0.21344967186450958 0.32047951221466064
vn -0.9658078551292419 -0.14414185285568237 0.21549539268016815
vn -0.9658078551292419 -0.14414185285568237 0.21549539268016815
vn -0.9915221333503723 -0.039033494889736176 0.12393637746572495
vn -0.9652579426765442 -0.07843413949012756 0.24924936890602112
vn -0.9915221333503723 -0.039033494889736176 0.12393637746572495
vn -0.9658078551292419 -0.14414185285568237 0.21549539268016815
vn -0.9918838739395142 -0.07086636126041412 0.10556688159704208
vn -0.9918838739395142 -0.07086636126041412 0.10556688159704208
vn -0.9999902248382568 0.0013427668018266559 -0.004211717285215855
vn -0.9915221333503723 -0.039033494889736176 0.12393637746572495
vn -0.9999902248382568 0.0013427668018266559 -0.004211717285215855
vn -0.9918838739395142 -0.07086636126041412 0.10556688159704208
vn -0.9999696016311646 0.004394724499434233 -0.006439678370952606
vn -0.9999696016311646 0.004394724499434233 -0.006439678370952606
vn -0.9903397560119629 0.04181087762117386 -0.13220815360546112
vn -0.9999902248382568 0.0013427668018266559 -0.004211717285215855
vn -0.9903397560119629 0.04181087762117386 -0.13220815360546112
vn -0.9999696016311646 0.004394724499434233 -0.006439678370952606
vn -0.9898062348365784 0.07989979535341263 -0.11789664626121521
vn -0.9898062348365784 0.07989979535341263 -0.11789664626121521
vn -0.9630236625671387 0.08133277297019958 -0.256847083568573
vn -0.9903397560119629 0.04181087762117386 -0.13220815360546112
vn -0.9630236625671387 0.08133277297019958 -0.256847083568573
vn -0.9898062348365784 0.07989979535341263 -0.11789664626121521
vn -0.9619281888008118 0.15360204875469208 -0.22605428099632263
vn -0.9619281888008118 0.15360204875469208 -0.22605428099632263
vn -0.9193015098571777 0.1189640536904335 -0.3751429617404938
vn -0.9630236625671387 0.08133277297019958 -0.256847083568573
vn -0.9193015098571777 0.1189640536904335 -0.3751429617404938
vn -0.9619281888008118 0.15360204875469208 -0.22605428099632263
vn -0.9176750779151917 0.2236429899930954 -0.32841476798057556
vn -0.9176750779151917 0.2236429899930954 -0.32841476798057556
vn -0.8606788516044617 0.15403157472610474 -0.4852897524833679
vn -0.9193015098571777 0.1189640536904335 -0.3751429617404938
vn -0.8606788516044617 0.15403157472610474 -0.4852897524833679
vn -0.9176750779151917 0.2236429899930954 -0.32841476798057556
vn -0.8586055636405945 0.28892821073532104 -0.42345836758613586
vn -0.8586055636405945 0.28892821073532104 -0.42345836758613586
vn -0.7886143922805786 0.1861666440963745 -0.5860284566879272
vn -0.8606788516044617 0.15403157472610474 -0.4852897524833679
vn -0.7886143922805786 0.1861666440963745 -0.5860284566879272
vn -0.8586055636405945 0.28892821073532104 -0.42345836758613586
vn -0.7862409949302673 0.348653644323349 -0.5101624727249146
vn -0.7862409949302673 0.348653644323349 -0.5101624727249146
vn -0.7043166756629944 0.2150976061820984 -0.6765139102935791
vn -0.7886143922805786 0.1861666440963745 -0.5860284566879272
vn -0.7043166756629944 0.2150976061820984 -0.6765139102935791
vn -0.7862409949302673 0.348653644323349 -0.5101624727249146
vn -0.7017859816551208 0.4023023247718811 -0.5879194140434265
vn -0.6087090969085693 0.24052323400974274 -0.7560567259788513
vn -0.7017859816551208 0.4023023247718811 -0.5879194140434265
vn -0.6062104105949402 0.44943130016326904 -0.6561405658721924
vn -0.7017859816551208 0.4023023247718811 -0.5879194140434265
vn -0.6087090969085693 0.24052323400974274 -0.7560567259788513
vn -0.7043166756629944 0.2150976061820984 -0.6765139102935791
vn -0.5026622414588928 0.2621961832046509 -0.8237619996070862
vn -0.6062104105949402 0.44943130016326904 -0.6561405658721924
vn -0.5003370642662048 0.48953312635421753 -0.7141569256782532
vn -0.6062104105949402 0.44943130016326904 -0.6561405658721924
vn -0.5026622414588928 0.2621961832046509 -0.8237619996070862
vn -0.6087090969085693 0.24052323400974274 -0.7560567259788513
vn -0.38707250356674194 0.2797676920890808 -0.8785812258720398
vn -0.5003370642662048 0.48953312635421753 -0.7141569256782532
vn -0.38512569665908813 0.5219751596450806 -0.7610651254653931
vn -0.5003370642662048 0.48953312635421753 -0.7141569256782532
vn -0.38707250356674194 0.2797676920890808 -0.8785812258720398
vn -0.5026622414588928 0.2621961832046509 -0.8237619996070862
vn -0.26325374841690063 0.2927958071231842 -0.9192214608192444
vn -0.38512569665908813 0.5219751596450806 -0.7610651254653931
vn -0.2618221044540405 0.546014666557312 -0.7958123087882996
vn -0.38512569665908813 0.5219751596450806 -0.7610651254653931
vn -0.26325374841690063 0.2927958071231842 -0.9192214608192444
vn -0.38707250356674194 0.2797676920890808 -0.8785812258720398
vn -0.1331866979598999 0.3008299171924591 -0.9443318843841553
vn -0.2618221044540405 0.546014666557312 -0.7958123087882996
vn -0.13242435455322266 0.5608579516410828 -0.8172528147697449
vn -0.2618221044540405 0.546014666557312 -0.7958123087882996
vn -0.1331866979598999 0.3008299171924591 -0.9443318843841553
vn -0.26325374841690063 0.2927958071231842 -0.9192214608192444
vn 6.512217964882439e-8 0.12906648218631744 -0.9916359186172485
vn -0.1331866979598999 0.3008299171924591 -0.9443318843841553
vn 4.9018552772395196e-8 0.303546279668808 -0.9528167247772217
vn -0.1331866979598999 0.3008299171924591 -0.9443318843841553
vn 6.512217964882439e-8 0.12906648218631744 -0.9916359186172485
vn -0.13352255523204803 0.12790703773498535 -0.9827570915222168
vn 0.13318680226802826 0.3008299171924591 -0.9443318247795105
vn 0.13352268934249878 0.12790706753730774 -0.9827570915222168
vn 6.512217964882439e-8 0.12906648218631744 -0.9916359186172485
vn 0.13318680226802826 0.3008299171924591 -0.9443318247795105
vn 6.512217964882439e-8 0.12906648218631744 -0.9916359186172485
vn 4.9018552772395196e-8 0.303546279668808 -0.9528167247772217
vn 0.2632538378238678 0.2927958369255066 -0.9192214012145996
vn 0.2639024257659912 0.1244891807436943 -0.9564820528030396
vn 0.13352268934249878 0.12790706753730774 -0.9827570915222168
vn 0.2632538378238678 0.2927958369255066 -0.9192214012145996
vn 0.13352268934249878 0.12790706753730774 -0.9827570915222168
vn 0.13318680226802826 0.3008299171924591 -0.9443318247795105
vn 0.3870725929737091 0.2797677516937256 -0.878581166267395
vn 0.3879643380641937 0.11893464624881744 -0.9139683842658997
vn 0.2639024257659912 0.1244891807436943 -0.9564820528030396
vn 0.3870725929737091 0.2797677516937256 -0.878581166267395
vn 0.2639024257659912 0.1244891807436943 -0.9564820528030396
vn 0.2632538378238678 0.2927958369255066 -0.9192214012145996
vn 0.5026623606681824 0.26219627261161804 -0.8237618803977966
vn 0.5037210583686829 0.1114565059542656 -0.8566461205482483
vn 0.3879643380641937 0.11893464624881744 -0.9139683842658997
vn 0.5026623606681824 0.26219627261161804 -0.8237618803977966
vn 0.3879643380641937 0.11893464624881744 -0.9139683842658997
vn 0.3870725929737091 0.2797677516937256 -0.878581166267395
vn 0.6087284088134766 0.24051885306835175 -0.7560425996780396
vn 0.6098588705062866 0.10220778733491898 -0.7858916521072388
vn 0.5037210583686829 0.1114565059542656 -0.8566461205482483
vn 0.6087284088134766 0.24051885306835175 -0.7560425996780396
vn 0.5037210583686829 0.1114565059542656 -0.8566461205482483
vn 0.5026623606681824 0.26219627261161804 -0.8237618803977966
vn 0.7043167352676392 0.21509771049022675 -0.6765137910842896
vn 0.7054446339607239 0.09137366712093353 -0.7028504610061646
vn 0.6098588705062866 0.10220778733491898 -0.7858916521072388
vn 0.7043167352676392 0.21509771049022675 -0.6765137910842896
vn 0.6098588705062866 0.10220778733491898 -0.7858916521072388
vn 0.6087284088134766 0.24051885306835175 -0.7560425996780396
vn 0.7054446339607239 0.09137366712093353 -0.7028504610061646
vn 0.7043167352676392 0.21509771049022675 -0.6765137910842896
vn 0.7886144518852234 0.18616676330566406 -0.5860283374786377
vn 0.7054446339607239 0.09137366712093353 -0.7028504610061646
vn 0.7886144518852234 0.18616676330566406 -0.5860283374786377
vn 0.7896561622619629 0.07907554507255554 -0.6084325909614563
vn 0.7896561622619629 0.07907554507255554 -0.6084325909614563
vn 0.7886144518852234 0.18616676330566406 -0.5860283374786377
vn 0.8606789112091064 0.1540316939353943 -0.48528963327407837
vn 0.7896561622619629 0.07907554507255554 -0.6084325909614563
vn 0.8606789112091064 0.1540316939353943 -0.48528963327407837
vn 0.8615639805793762 0.06540323793888092 -0.5034182071685791
vn 0.8615639805793762 0.06540323793888092 -0.5034182071685791
vn 0.8606789112091064 0.1540316939353943 -0.48528963327407837
vn 0.9193015694618225 0.11896419525146484 -0.37514281272888184
vn 0.8615639805793762 0.06540323793888092 -0.5034182071685791
vn 0.9193015694618225 0.11896419525146484 -0.37514281272888184
vn 0.9199708104133606 0.05047883093357086 -0.3887229859828949
vn 0.9199708104133606 0.05047883093357086 -0.3887229859828949
vn 0.9193015694618225 0.11896419525146484 -0.37514281272888184
vn 0.9630236625671387 0.08133292198181152 -0.25684693455696106
vn 0.9199708104133606 0.05047883093357086 -0.3887229859828949
vn 0.9630236625671387 0.08133292198181152 -0.25684693455696106
vn 0.9634647369384766 0.034456394612789154 -0.26560965180397034
vn 0.9634647369384766 0.034456394612789154 -0.26560965180397034
vn 0.9630236625671387 0.08133292198181152 -0.25684693455696106
vn 0.9903397560119629 0.0418110266327858 -0.13220800459384918
vn 0.9634647369384766 0.034456394612789154 -0.26560965180397034
vn 0.9903397560119629 0.0418110266327858 -0.13220800459384918
vn 0.9905528426170349 0.017640015110373497 -0.13599225878715515
vn 0.9905528426170349 0.017640015110373497 -0.13599225878715515
vn 0.9903397560119629 0.0418110266327858 -0.13220800459384918
vn 0.9999902248382568 0.0013429177924990654 -0.004211566410958767
vn 0.9905528426170349 0.017640015110373497 -0.13599225878715515
vn 0.9999902248382568 0.0013429177924990654 -0.004211566410958767
vn 0.9999951720237732 0.0003968263044953346 -0.0030823731794953346
vn 0.9999951720237732 0.0003968263044953346 -0.0030823731794953346
vn 0.9999902248382568 0.0013429177924990654 -0.004211566410958767
vn 0.9915221333503723 -0.03903334587812424 0.12393652647733688
vn 0.9999951720237732 0.0003968263044953346 -0.0030823731794953346
vn 0.9915221333503723 -0.03903334587812424 0.12393652647733688
vn 0.9913779497146606 -0.016815874725580215 0.12994980812072754
vn 0.9913779497146606 -0.016815874725580215 0.12994980812072754
vn 0.9915221333503723 -0.03903334587812424 0.12393652647733688
vn 0.9652578830718994 -0.07843399792909622 0.24924950301647186
vn 0.9913779497146606 -0.016815874725580215 0.12994980812072754
vn 0.9652578830718994 -0.07843399792909622 0.24924950301647186
vn 0.96504145860672 -0.03363187238574028 0.25993043184280396
vn 0.96504145860672 -0.03363187238574028 0.25993043184280396
vn 0.9652578830718994 -0.07843399792909622 0.24924950301647186
vn 0.922355592250824 -0.11579031497240067 0.368582159280777
vn 0.96504145860672 -0.03363187238574028 0.25993043184280396
vn 0.922355592250824 -0.11579031497240067 0.368582159280777
vn 0.9221422672271729 -0.04959388077259064 0.38365888595581055
vn 0.9221422672271729 -0.04959388077259064 0.38365888595581055
vn 0.922355592250824 -0.11579031497240067 0.368582159280777
vn 0.8643184304237366 -0.15052318572998047 0.47989213466644287
vn 0.9221422672271729 -0.04959388077259064 0.38365888595581055
vn 0.8643184304237366 -0.15052318572998047 0.47989213466644287
vn 0.8641523718833923 -0.06448709964752197 0.4990812838077545
vn 0.8641523718833923 -0.06448709964752197 0.4990812838077545
vn 0.8643184304237366 -0.15052318572998047 0.47989213466644287
vn 0.7925617694854736 -0.18226258456707 0.5819159746170044
vn 0.8641523718833923 -0.06448709964752197 0.4990812838077545
vn 0.7925617694854736 -0.18226258456707 0.5819159746170044
vn 0.7925071716308594 -0.0781000629067421 0.6048411130905151
vn 0.7925071716308594 -0.0781000629067421 0.6048411130905151
vn 0.7925617694854736 -0.18226258456707 0.5819159746170044
vn 0.7083243727684021 -0.21067525446414948 0.6737154722213745
vn 0.7925071716308594 -0.0781000629067421 0.6048411130905151
vn 0.7083243727684021 -0.21067525446414948 0.6737154722213745
vn 0.7083842754364014 -0.09033717960119247 0.7000220417976379
vn 0.7083842754364014 -0.09033717960119247 0.7000220417976379
vn 0.7083243727684021 -0.21067525446414948 0.6737154722213745
vn 0.6125860214233398 -0.2356099635362625 0.7544708847999573
vn 0.7083842754364014 -0.09033717960119247 0.7000220417976379
vn 0.6125860214233398 -0.2356099635362625 0.7544708847999573
vn 0.6127023100852966 -0.10107935965061188 0.7838231921195984
vn 0.6127023100852966 -0.10107935965061188 0.7838231921195984
vn 0.6125860214233398 -0.2356099635362625 0.7544708847999573
vn 0.5061241984367371 -0.25681591033935547 0.8233370184898376
vn 0.6127023100852966 -0.10107935965061188 0.7838231921195984
vn 0.5061241984367371 -0.25681591033935547 0.8233370184898376
vn 0.5063137412071228 -0.11026589572429657 0.8552706241607666
vn 0.5063137412071228 -0.11026589572429657 0.8552706241607666
vn 0.5061241984367371 -0.25681591033935547 0.8233370184898376
vn 0.38991138339042664 -0.27393898367881775 0.8791624307632446
vn 0.5063137412071228 -0.11026589572429657 0.8552706241607666
vn 0.38991138339042664 -0.27393898367881775 0.8791624307632446
vn 0.3901210427284241 -0.11768024414777756 0.9132124185562134
vn 0.3901210427284241 -0.11768024414777756 0.9132124185562134
vn 0.38991138339042664 -0.27393898367881775 0.8791624307632446
vn 0.26530125737190247 -0.28663402795791626 0.9205738306045532
vn 0.3901210427284241 -0.11768024414777756 0.9132124185562134
vn 0.26530125737190247 -0.28663402795791626 0.9205738306045532
vn 0.26545456051826477 -0.12317483127117157 0.9562227129936218
vn 0.26545456051826477 -0.12317483127117157 0.9562227129936218
vn 0.26530125737190247 -0.28663402795791626 0.9205738306045532
vn 0.1342531144618988 -0.29447802901268005 0.9461811780929565
vn 0.26545456051826477 -0.12317483127117157 0.9562227129936218
vn 0.1342531144618988 -0.29447802901268005 0.9461811780929565
vn 0.134346142411232 -0.12659427523612976 0.9828148484230042
vn 0.134346142411232 -0.12659427523612976 0.9828148484230042
vn 0.1342531144618988 -0.29447802901268005 0.9461811780929565
vn -4.965829347725048e-8 -0.29710179567337036 0.9548457860946655
vn 0.134346142411232 -0.12659427523612976 0.9828148484230042
vn -4.965829347725048e-8 -0.29710179567337036 0.9548457860946655
vn -6.523679019210249e-8 -0.12772247195243835 0.9918099641799927
vn -4.965829347725048e-8 -0.29710179567337036 0.9548457860946655
vn -0.13434627652168274 -0.12659429013729095 0.9828147888183594
vn -6.523679019210249e-8 -0.12772247195243835 0.9918099641799927
vn -0.13434627652168274 -0.12659429013729095 0.9828147888183594
vn -4.965829347725048e-8 -0.29710179567337036 0.9548457860946655
vn -0.13425321877002716 -0.29447805881500244 0.9461811184883118
vn -0.13425321877002716 -0.29447805881500244 0.9461811184883118
vn -0.2654547095298767 -0.12317486852407455 0.956222653388977
vn -0.13434627652168274 -0.12659429013729095 0.9828147888183594
vn -0.2654547095298767 -0.12317486852407455 0.956222653388977
vn -0.13425321877002716 -0.29447805881500244 0.9461811184883118
vn -0.26530134677886963 -0.28663408756256104 0.9205737709999084
vn -0.26530134677886963 -0.28663408756256104 0.9205737709999084
vn -0.3901211619377136 -0.11768030375242233 0.9132123589515686
vn -0.2654547095298767 -0.12317486852407455 0.956222653388977
vn -0.3901211619377136 -0.11768030375242233 0.9132123589515686
vn -0.26530134677886963 -0.28663408756256104 0.9205737709999084
vn -0.3899114727973938 -0.2739390432834625 0.8791623711585999
vn -0.3899114727973938 -0.2739390432834625 0.8791623711585999
vn -0.5063138604164124 -0.11026597768068314 0.855270504951477
vn -0.3901211619377136 -0.11768030375242233 0.9132123589515686
vn -0.5063138604164124 -0.11026597768068314 0.855270504951477
vn -0.3899114727973938 -0.2739390432834625 0.8791623711585999
vn -0.5061243176460266 -0.25681599974632263 0.8233369588851929
vn -0.5061243176460266 -0.25681599974632263 0.8233369588851929
vn -0.6127024292945862 -0.10107945650815964 0.7838231325149536
vn -0.5063138604164124 -0.11026597768068314 0.855270504951477
vn -0.6127024292945862 -0.10107945650815964 0.7838231325149536
vn -0.5061243176460266 -0.25681599974632263 0.8233369588851929
vn -0.6125860810279846 -0.23561005294322968 0.7544708251953125
vn -0.6125860810279846 -0.23561005294322968 0.7544708251953125
vn -0.7083843946456909 -0.09033729135990143 0.7000219225883484
vn -0.6127024292945862 -0.10107945650815964 0.7838231325149536
vn -0.7083843946456909 -0.09033729135990143 0.7000219225883484
vn -0.6125860810279846 -0.23561005294322968 0.7544708251953125
vn -0.7083244323730469 -0.21067535877227783 0.673715353012085
vn -0.7083244323730469 -0.21067535877227783 0.673715353012085
vn -0.7925072312355042 -0.07810018211603165 0.6048409938812256
vn -0.7083843946456909 -0.09033729135990143 0.7000219225883484
vn -0.7925072312355042 -0.07810018211603165 0.6048409938812256
vn -0.7083244323730469 -0.21067535877227783 0.673715353012085
vn -0.7925618290901184 -0.18226270377635956 0.5819158554077148
vn -0.7925618290901184 -0.18226270377635956 0.5819158554077148
vn -0.8641524314880371 -0.06448722630739212 0.4990811347961426
vn -0.7925072312355042 -0.07810018211603165 0.6048409938812256
vn -0.8641524314880371 -0.06448722630739212 0.4990811347961426
vn -0.7925618290901184 -0.18226270377635956 0.5819158554077148
vn -0.8643184304237366 -0.1505233198404312 0.47989198565483093
vn -0.8643184304237366 -0.1505233198404312 0.47989198565483093
vn -0.9221422672271729 -0.04959401860833168 0.3836587369441986
vn -0.8641524314880371 -0.06448722630739212 0.4990811347961426
vn -0.9221422672271729 -0.04959401860833168 0.3836587369441986
vn -0.8643184304237366 -0.1505233198404312 0.47989198565483093
vn -0.9223659634590149 -0.11579176038503647 0.3685556650161743
vn -0.9223659634590149 -0.11579176038503647 0.3685556650161743
vn -0.9650415182113647 -0.03363202139735222 0.2599303126335144
vn -0.9221422672271729 -0.04959401860833168 0.3836587369441986
vn -0.9650415182113647 -0.03363202139735222 0.2599303126335144
vn -0.9223659634590149 -0.11579176038503647 0.3685556650161743
vn -0.9652579426765442 -0.07843413949012756 0.24924936890602112
vn -0.9652579426765442 -0.07843413949012756 0.24924936890602112
vn -0.9913780093193054 -0.016816023737192154 0.1299496591091156
vn -0.9650415182113647 -0.03363202139735222 0.2599303126335144
vn -0.9913780093193054 -0.016816023737192154 0.1299496591091156
vn -0.9652579426765442 -0.07843413949012756 0.24924936890602112
vn -0.9915221333503723 -0.039033494889736176 0.12393637746572495
vn -0.9915221333503723 -0.039033494889736176 0.12393637746572495
vn -0.9999951720237732 0.0003966753138229251 -0.0030825240537524223
vn -0.9913780093193054 -0.016816023737192154 0.1299496591091156
vn -0.9999951720237732 0.0003966753138229251 -0.0030825240537524223
vn -0.9915221333503723 -0.039033494889736176 0.12393637746572495
vn -0.9999902248382568 0.0013427668018266559 -0.004211717285215855
vn -0.9999902248382568 0.0013427668018266559 -0.004211717285215855
vn -0.9905528426170349 0.01763986609876156 -0.1359924077987671
vn -0.9999951720237732 0.0003966753138229251 -0.0030825240537524223
vn -0.9905528426170349 0.01763986609876156 -0.1359924077987671
vn -0.9999902248382568 0.0013427668018266559 -0.004211717285215855
vn -0.9903397560119629 0.04181087762117386 -0.13220815360546112
vn -0.9903397560119629 0.04181087762117386 -0.13220815360546112
vn -0.9634646773338318 0.034456249326467514 -0.2656098008155823
vn -0.9905528426170349 0.01763986609876156 -0.1359924077987671
vn -0.9634646773338318 0.034456249326467514 -0.2656098008155823
vn -0.9903397560119629 0.04181087762117386 -0.13220815360546112
vn -0.9630236625671387 0.08133277297019958 -0.256847083568573
vn -0.9630236625671387 0.08133277297019958 -0.256847083568573
vn -0.9199707508087158 0.05047868937253952 -0.38872313499450684
vn -0.9634646773338318 0.034456249326467514 -0.2656098008155823
vn -0.9199707508087158 0.05047868937253952 -0.38872313499450684
vn -0.9630236625671387 0.08133277297019958 -0.256847083568573
vn -0.9193015098571777 0.1189640536904335 -0.3751429617404938
vn -0.9193015098571777 0.1189640536904335 -0.3751429617404938
vn -0.8615639209747314 0.06540311127901077 -0.5034183263778687
vn -0.9199707508087158 0.05047868937253952 -0.38872313499450684
vn -0.8615639209747314 0.06540311127901077 -0.5034183263778687
vn -0.9193015098571777 0.1189640536904335 -0.3751429617404938
vn -0.8606788516044617 0.15403157472610474 -0.4852897524833679
vn -0.8606788516044617 0.15403157472610474 -0.4852897524833679
vn -0.7896561026573181 0.07907542586326599 -0.6084327101707458
vn -0.8615639209747314 0.06540311127901077 -0.5034183263778687
vn -0.7896561026573181 0.07907542586326599 -0.6084327101707458
vn -0.8606788516044617 0.15403157472610474 -0.4852897524833679
vn -0.7886143922805786 0.1861666440963745 -0.5860284566879272
vn -0.7886143922805786 0.1861666440963745 -0.5860284566879272
vn -0.7054445147514343 0.09137356281280518 -0.7028505206108093
vn -0.7896561026573181 0.07907542586326599 -0.6084327101707458
vn -0.7054445147514343 0.09137356281280518 -0.7028505206108093
vn -0.7886143922805786 0.1861666440963745 -0.5860284566879272
vn -0.7043166756629944 0.2150976061820984 -0.6765139102935791
vn -0.6098587512969971 0.10220769792795181 -0.7858917713165283
vn -0.7043166756629944 0.2150976061820984 -0.6765139102935791
vn -0.6087090969085693 0.24052323400974274 -0.7560567259788513
vn -0.7043166756629944 0.2150976061820984 -0.6765139102935791
vn -0.6098587512969971 0.10220769792795181 -0.7858917713165283
vn -0.7054445147514343 0.09137356281280518 -0.7028505206108093
vn -0.5037209391593933 0.11145642399787903 -0.8566461801528931
vn -0.6087090969085693 0.24052323400974274 -0.7560567259788513
vn -0.5026622414588928 0.2621961832046509 -0.8237619996070862
vn -0.6087090969085693 0.24052323400974274 -0.7560567259788513
vn -0.5037209391593933 0.11145642399787903 -0.8566461801528931
vn -0.6098587512969971 0.10220769792795181 -0.7858917713165283
vn -0.3879642188549042 0.11893458664417267 -0.9139684438705444
vn -0.5026622414588928 0.2621961832046509 -0.8237619996070862
vn -0.38707250356674194 0.2797676920890808 -0.8785812258720398
vn -0.5026622414588928 0.2621961832046509 -0.8237619996070862
vn -0.3879642188549042 0.11893458664417267 -0.9139684438705444
vn -0.5037209391593933 0.11145642399787903 -0.8566461801528931
vn -0.26390230655670166 0.12448914349079132 -0.9564821124076843
vn -0.38707250356674194 0.2797676920890808 -0.8785812258720398
vn -0.26325374841690063 0.2927958071231842 -0.9192214608192444
vn -0.38707250356674194 0.2797676920890808 -0.8785812258720398
vn -0.26390230655670166 0.12448914349079132 -0.9564821124076843
vn -0.3879642188549042 0.11893458664417267 -0.9139684438705444
vn -0.13352255523204803 0.12790703773498535 -0.9827570915222168
vn -0.26325374841690063 0.2927958071231842 -0.9192214608192444
vn -0.1331866979598999 0.3008299171924591 -0.9443318843841553
vn -0.26325374841690063 0.2927958071231842 -0.9192214608192444
vn -0.13352255523204803 0.12790703773498535 -0.9827570915222168
vn -0.26390230655670166 0.12448914349079132 -0.9564821124076843
vn 7.623389564059835e-8 -0.009796569123864174 -0.9999520182609558
vn -0.13352255523204803 0.12790703773498535 -0.9827570915222168
vn 6.512217964882439e-8 0.12906648218631744 -0.9916359186172485
vn -0.13352255523204803 0.12790703773498535 -0.9827570915222168
vn 7.623389564059835e-8 -0.009796569123864174 -0.9999520182609558
vn -0.13361260294914246 -0.00970508810132742 -0.9909861087799072
vn 0.13352268934249878 0.12790706753730774 -0.9827570915222168
vn 0.133612722158432 -0.009735584259033203 -0.9909858107566833
vn 7.623389564059835e-8 -0.009796569123864174 -0.9999520182609558
vn 0.13352268934249878 0.12790706753730774 -0.9827570915222168
vn 7.623389564059835e-8 -0.009796569123864174 -0.9999520182609558
vn 6.512217964882439e-8 0.12906648218631744 -0.9916359186172485
vn 0.2639024257659912 0.1244891807436943 -0.9564820528030396
vn 0.2640507221221924 -0.009460879489779472 -0.964462399482727
vn 0.133612722158432 -0.009735584259033203 -0.9909858107566833
vn 0.2639024257659912 0.1244891807436943 -0.9564820528030396
vn 0.133612722158432 -0.009735584259033203 -0.9909858107566833
vn 0.13352268934249878 0.12790706753730774 -0.9827570915222168
vn 0.3879643380641937 0.11893464624881744 -0.9139683842658997
vn 0.3881421685218811 -0.009033629670739174 -0.92155522108078
vn 0.2640507221221924 -0.009460879489779472 -0.964462399482727
vn 0.3879643380641937 0.11893464624881744 -0.9139683842658997
vn 0.2640507221221924 -0.009460879489779472 -0.964462399482727
vn 0.2639024257659912 0.1244891807436943 -0.9564820528030396
vn 0.5037210583686829 0.1114565059542656 -0.8566461205482483
vn 0.5039365887641907 -0.008453838527202606 -0.8636992573738098
vn 0.3881421685218811 -0.009033629670739174 -0.92155522108078
vn 0.5037210583686829 0.1114565059542656 -0.8566461205482483
vn 0.3881421685218811 -0.009033629670739174 -0.92155522108078
vn 0.3879643380641937 0.11893464624881744 -0.9139683842658997
vn 0.6098588705062866 0.10220778733491898 -0.7858916521072388
vn 0.6100758910179138 -0.007751793134957552 -0.792305052280426
vn 0.5039365887641907 -0.008453838527202606 -0.8636992573738098
vn 0.6098588705062866 0.10220778733491898 -0.7858916521072388
vn 0.5039365887641907 -0.008453838527202606 -0.8636992573738098
vn 0.5037210583686829 0.1114565059542656 -0.8566461205482483
vn 0.7054446339607239 0.09137366712093353 -0.7028504610061646
vn 0.7056692838668823 -0.006927847396582365 -0.7085074782371521
vn 0.6100758910179138 -0.007751793134957552 -0.792305052280426
vn 0.7054446339607239 0.09137366712093353 -0.7028504610061646
vn 0.6100758910179138 -0.007751793134957552 -0.792305052280426
vn 0.6098588705062866 0.10220778733491898 -0.7858916521072388
vn 0.7056692838668823 -0.006927847396582365 -0.7085074782371521
vn 0.7054446339607239 0.09137366712093353 -0.7028504610061646
vn 0.7896561622619629 0.07907554507255554 -0.6084325909614563
vn 0.7056692838668823 -0.006927847396582365 -0.7085074782371521
vn 0.7896561622619629 0.07907554507255554 -0.6084325909614563
vn 0.7898651957511902 -0.006012205965816975 -0.6132510304450989
vn 0.7898651957511902 -0.006012205965816975 -0.6132510304450989
vn 0.7896561622619629 0.07907554507255554 -0.6084325909614563
vn 0.8615639805793762 0.06540323793888092 -0.5034182071685791
vn 0.7898651957511902 -0.006012205965816975 -0.6132510304450989
vn 0.8615639805793762 0.06540323793888092 -0.5034182071685791
vn 0.8617424368858337 -0.004944058135151863 -0.5073219537734985
vn 0.8617424368858337 -0.004944058135151863 -0.5073219537734985
vn 0.8615639805793762 0.06540323793888092 -0.5034182071685791
vn 0.9199708104133606 0.05047883093357086 -0.3887229859828949
vn 0.8617424368858337 -0.004944058135151863 -0.5073219537734985
vn 0.9199708104133606 0.05047883093357086 -0.3887229859828949
vn 0.9201189279556274 -0.003814812283962965 -0.3916204273700714
vn 0.9201189279556274 -0.003814812283962965 -0.3916204273700714
vn 0.9199708104133606 0.05047883093357086 -0.3887229859828949
vn 0.9634647369384766 0.034456394612789154 -0.26560965180397034
vn 0.9201189279556274 -0.003814812283962965 -0.3916204273700714
vn 0.9634647369384766 0.034456394612789154 -0.26560965180397034
vn 0.9635640978813171 -0.002594009041786194 -0.2674650251865387
vn 0.9635640978813171 -0.002594009041786194 -0.2674650251865387
vn 0.9634647369384766 0.034456394612789154 -0.26560965180397034
vn 0.9905528426170349 0.017640015110373497 -0.13599225878715515
vn 0.9635640978813171 -0.002594009041786194 -0.2674650251865387
vn 0.9905528426170349 0.017640015110373497 -0.13599225878715515
vn 0.9905953407287598 -0.0013122549280524254 -0.13681793212890625
vn 0.9905953407287598 -0.0013122549280524254 -0.13681793212890625
vn 0.9905528426170349 0.017640015110373497 -0.13599225878715515
vn 0.9999951720237732 0.0003968263044953346 -0.0030823731794953346
vn 0.9905953407287598 -0.0013122549280524254 -0.13681793212890625
vn 0.9999951720237732 0.0003968263044953346 -0.0030823731794953346
vn 0.9999961256980896 7.549760994152166e-8 -0.002777182962745428
vn 0.9999961256980896 7.549760994152166e-8 -0.002777182962745428
vn 0.9999951720237732 0.0003968263044953346 -0.0030823731794953346
vn 0.9913779497146606 -0.016815874725580215 0.12994980812072754
vn 0.9999961256980896 7.549760994152166e-8 -0.002777182962745428
vn 0.9913779497146606 -0.016815874725580215 0.12994980812072754
vn 0.9913429021835327 0.001281865406781435 0.13129204511642456
vn 0.9913429021835327 0.001281865406781435 0.13129204511642456
vn 0.9913779497146606 -0.016815874725580215 0.12994980812072754
vn 0.96504145860672 -0.03363187238574028 0.25993043184280396
vn 0.9913429021835327 0.001281865406781435 0.13129204511642456
vn 0.96504145860672 -0.03363187238574028 0.25993043184280396
vn 0.9649801254272461 0.002533149439841509 0.26231086254119873
vn 0.9649801254272461 0.002533149439841509 0.26231086254119873
vn 0.96504145860672 -0.03363187238574028 0.25993043184280396
vn 0.9221422672271729 -0.04959388077259064 0.38365888595581055
vn 0.9649801254272461 0.002533149439841509 0.26231086254119873
vn 0.9221422672271729 -0.04959388077259064 0.38365888595581055
vn 0.9220677614212036 0.003753895405679941 0.3870103359222412
vn 0.9220677614212036 0.003753895405679941 0.3870103359222412
vn 0.9221422672271729 -0.04959388077259064 0.38365888595581055
vn 0.8641523718833923 -0.06448709964752197 0.4990812838077545
vn 0.9220677614212036 0.003753895405679941 0.3870103359222412
vn 0.8641523718833923 -0.06448709964752197 0.4990812838077545
vn 0.8640860319137573 0.004883114714175463 0.5033203959465027
vn 0.8640860319137573 0.004883114714175463 0.5033203959465027
vn 0.8641523718833923 -0.06448709964752197 0.4990812838077545
vn 0.7925071716308594 -0.0781000629067421 0.6048411130905151
vn 0.8640860319137573 0.004883114714175463 0.5033203959465027
vn 0.7925071716308594 -0.0781000629067421 0.6048411130905151
vn 0.7924341559410095 0.005920808296650648 0.6099287271499634
vn 0.7924341559410095 0.005920808296650648 0.6099287271499634
vn 0.7925071716308594 -0.0781000629067421 0.6048411130905151
vn 0.7083842754364014 -0.09033717960119247 0.7000220417976379
vn 0.7924341559410095 0.005920808296650648 0.6099287271499634
vn 0.7083842754364014 -0.09033717960119247 0.7000220417976379
vn 0.7083250284194946 0.006866921670734882 0.7058530449867249
vn 0.7083250284194946 0.006866921670734882 0.7058530449867249
vn 0.7083842754364014 -0.09033717960119247 0.7000220417976379
vn 0.6127023100852966 -0.10107935965061188 0.7838231921195984
vn 0.7083250284194946 0.006866921670734882 0.7058530449867249
vn 0.6127023100852966 -0.10107935965061188 0.7838231921195984
vn 0.6126604080200195 0.007660209201276302 0.7903091311454773
vn 0.6126604080200195 0.007660209201276302 0.7903091311454773
vn 0.6127023100852966 -0.10107935965061188 0.7838231921195984
vn 0.5063137412071228 -0.11026589572429657 0.8552706241607666
vn 0.6126604080200195 0.007660209201276302 0.7903091311454773
vn 0.5063137412071228 -0.11026589572429657 0.8552706241607666
vn 0.5062859654426575 0.00836234912276268 0.862325131893158
vn 0.5062859654426575 0.00836234912276268 0.862325131893158
vn 0.5063137412071228 -0.11026589572429657 0.8552706241607666
vn 0.3901210427284241 -0.11768024414777756 0.9132124185562134
vn 0.5062859654426575 0.00836234912276268 0.862325131893158
vn 0.3901210427284241 -0.11768024414777756 0.9132124185562134
vn 0.39009520411491394 0.008942129090428352 0.9207311272621155
vn 0.39009520411491394 0.008942129090428352 0.9207311272621155
vn 0.3901210427284241 -0.11768024414777756 0.9132124185562134
vn 0.26545456051826477 -0.12317483127117157 0.9562227129936218
vn 0.39009520411491394 0.008942129090428352 0.9207311272621155
vn 0.26545456051826477 -0.12317483127117157 0.9562227129936218
vn 0.2654576599597931 0.009338955394923687 0.9640772938728333
vn 0.2654576599597931 0.009338955394923687 0.9640772938728333
vn 0.26545456051826477 -0.12317483127117157 0.9562227129936218
vn 0.134346142411232 -0.12659427523612976 0.9828148484230042
vn 0.2654576599597931 0.009338955394923687 0.9640772938728333
vn 0.134346142411232 -0.12659427523612976 0.9828148484230042
vn 0.1343441754579544 0.009613468311727047 0.9908881187438965
vn 0.1343441754579544 0.009613468311727047 0.9908881187438965
vn 0.134346142411232 -0.12659427523612976 0.9828148484230042
vn -6.523679019210249e-8 -0.12772247195243835 0.9918099641799927
vn 0.1343441754579544 0.009613468311727047 0.9908881187438965
vn -6.523679019210249e-8 -0.12772247195243835 0.9918099641799927
vn -7.622705311405298e-8 0.009705021046102047 0.9999529123306274
vn -6.523679019210249e-8 -0.12772247195243835 0.9918099641799927
vn -0.13434433937072754 0.009613447822630405 0.9908880591392517
vn -7.622705311405298e-8 0.009705021046102047 0.9999529123306274
vn -0.13434433937072754 0.009613447822630405 0.9908880591392517
vn -6.523679019210249e-8 -0.12772247195243835 0.9918099641799927
vn -0.13434627652168274 -0.12659429013729095 0.9828147888183594
vn -0.13434627652168274 -0.12659429013729095 0.9828147888183594
vn -0.26545780897140503 0.009338915348052979 0.9640772342681885
vn -0.13434433937072754 0.009613447822630405 0.9908880591392517
vn -0.26545780897140503 0.009338915348052979 0.9640772342681885
vn -0.13434627652168274 -0.12659429013729095 0.9828147888183594
vn -0.2654547095298767 -0.12317486852407455 0.956222653388977
vn -0.2654547095298767 -0.12317486852407455 0.956222653388977
vn -0.3900953531265259 0.008942070417106152 0.9207310676574707
vn -0.26545780897140503 0.009338915348052979 0.9640772342681885
vn -0.3900953531265259 0.008942070417106152 0.9207310676574707
vn -0.2654547095298767 -0.12317486852407455 0.956222653388977
vn -0.3901211619377136 -0.11768030375242233 0.9132123589515686
vn -0.3901211619377136 -0.11768030375242233 0.9132123589515686
vn -0.506286084651947 0.008362271822988987 0.8623250722885132
vn -0.3900953531265259 0.008942070417106152 0.9207310676574707
vn -0.506286084651947 0.008362271822988987 0.8623250722885132
vn -0.3901211619377136 -0.11768030375242233 0.9132123589515686
vn -0.5063138604164124 -0.11026597768068314 0.855270504951477
vn -0.5063138604164124 -0.11026597768068314 0.855270504951477
vn -0.6126605272293091 0.007660116534680128 0.7903090715408325
vn -0.506286084651947 0.008362271822988987 0.8623250722885132
vn -0.6126605272293091 0.007660116534680128 0.7903090715408325
vn -0.5063138604164124 -0.11026597768068314 0.855270504951477
vn -0.6127024292945862 -0.10107945650815964 0.7838231325149536
vn -0.6127024292945862 -0.10107945650815964 0.7838231325149536
vn -0.7083251476287842 0.006866814568638802 0.7058529257774353
vn -0.6126605272293091 0.007660116534680128 0.7903090715408325
vn -0.7083251476287842 0.006866814568638802 0.7058529257774353
vn -0.6127024292945862 -0.10107945650815964 0.7838231325149536
vn -0.7083843946456909 -0.09033729135990143 0.7000219225883484
vn -0.7083843946456909 -0.09033729135990143 0.7000219225883484
vn -0.7924342751502991 0.00592068862169981 0.6099286079406738
vn -0.7083251476287842 0.006866814568638802 0.7058529257774353
vn -0.7924342751502991 0.00592068862169981 0.6099286079406738
vn -0.7083843946456909 -0.09033729135990143 0.7000219225883484
vn -0.7925072312355042 -0.07810018211603165 0.6048409938812256
vn -0.7925072312355042 -0.07810018211603165 0.6048409938812256
vn -0.8640861511230469 0.0048829843290150166 0.5033202767372131
vn -0.7924342751502991 0.00592068862169981 0.6099286079406738
vn -0.8640861511230469 0.0048829843290150166 0.5033202767372131
vn -0.7925072312355042 -0.07810018211603165 0.6048409938812256
vn -0.8641524314880371 -0.06448722630739212 0.4990811347961426
vn -0.8641524314880371 -0.06448722630739212 0.4990811347961426
vn -0.9220678210258484 0.003753756172955036 0.3870101869106293
vn -0.8640861511230469 0.0048829843290150166 0.5033202767372131
vn -0.9220678210258484 0.003753756172955036 0.3870101869106293
vn -0.8641524314880371 -0.06448722630739212 0.4990811347961426
vn -0.9221422672271729 -0.04959401860833168 0.3836587369441986
vn -0.9221422672271729 -0.04959401860833168 0.3836587369441986
vn -0.9649801254272461 0.0025330036878585815 0.2623107135295868
vn -0.9220678210258484 0.003753756172955036 0.3870101869106293
vn -0.9649801254272461 0.0025330036878585815 0.2623107135295868
vn -0.9221422672271729 -0.04959401860833168 0.3836587369441986
vn -0.9650415182113647 -0.03363202139735222 0.2599303126335144
vn -0.9650415182113647 -0.03363202139735222 0.2599303126335144
vn -0.9913429021835327 0.0012817156966775656 0.13129189610481262
vn -0.9649801254272461 0.0025330036878585815 0.2623107135295868
vn -0.9913429021835327 0.0012817156966775656 0.13129189610481262
vn -0.9650415182113647 -0.03363202139735222 0.2599303126335144
vn -0.9913780093193054 -0.016816023737192154 0.1299496591091156
vn -0.9913780093193054 -0.016816023737192154 0.1299496591091156
vn -0.9999961256980896 -7.549760994152166e-8 -0.002777333837002516
vn -0.9913429021835327 0.0012817156966775656 0.13129189610481262
vn -0.9999961256980896 -7.549760994152166e-8 -0.002777333837002516
vn -0.9913780093193054 -0.016816023737192154 0.1299496591091156
vn -0.9999951720237732 0.0003966753138229251 -0.0030825240537524223
vn -0.9999951720237732 0.0003966753138229251 -0.0030825240537524223
vn -0.9905953407287598 -0.001312404521740973 -0.1368180811405182
vn -0.9999961256980896 -7.549760994152166e-8 -0.002777333837002516
vn -0.9905953407287598 -0.001312404521740973 -0.1368180811405182
vn -0.9999951720237732 0.0003966753138229251 -0.0030825240537524223
vn -0.9905528426170349 0.01763986609876156 -0.1359924077987671
vn -0.9905528426170349 0.01763986609876156 -0.1359924077987671
vn -0.9635640382766724 -0.0025941545609384775 -0.26746517419815063
vn -0.9905953407287598 -0.001312404521740973 -0.1368180811405182
vn -0.9635640382766724 -0.0025941545609384775 -0.26746517419815063
vn -0.9905528426170349 0.01763986609876156 -0.1359924077987671
vn -0.9634646773338318 0.034456249326467514 -0.2656098008155823
vn -0.9634646773338318 0.034456249326467514 -0.2656098008155823
vn -0.9201188683509827 -0.0038149510510265827 -0.39162054657936096
vn -0.9635640382766724 -0.0025941545609384775 -0.26746517419815063
vn -0.9201188683509827 -0.0038149510510265827 -0.39162054657936096
vn -0.9634646773338318 0.034456249326467514 -0.2656098008155823
vn -0.9199707508087158 0.05047868937253952 -0.38872313499450684
vn -0.9199707508087158 0.05047868937253952 -0.38872313499450684
vn -0.8617423176765442 -0.004944188520312309 -0.5073220729827881
vn -0.9201188683509827 -0.0038149510510265827 -0.39162054657936096
vn -0.8617423176765442 -0.004944188520312309 -0.5073220729827881
vn -0.9199707508087158 0.05047868937253952 -0.38872313499450684
vn -0.8615639209747314 0.06540311127901077 -0.5034183263778687
vn -0.8615639209747314 0.06540311127901077 -0.5034183263778687
vn -0.7898651361465454 -0.006012325175106525 -0.6132511496543884
vn -0.8617423176765442 -0.004944188520312309 -0.5073220729827881
vn -0.7898651361465454 -0.006012325175106525 -0.6132511496543884
vn -0.8615639209747314 0.06540311127901077 -0.5034183263778687
vn -0.7896561026573181 0.07907542586326599 -0.6084327101707458
vn -0.7896561026573181 0.07907542586326599 -0.6084327101707458
vn -0.7056691646575928 -0.0069279540330171585 -0.7085075974464417
vn -0.7898651361465454 -0.006012325175106525 -0.6132511496543884
vn -0.7056691646575928 -0.0069279540330171585 -0.7085075974464417
vn -0.7896561026573181 0.07907542586326599 -0.6084327101707458
vn -0.7054445147514343 0.09137356281280518 -0.7028505206108093
vn -0.6100757718086243 -0.007751885335892439 -0.7923051714897156
vn -0.7054445147514343 0.09137356281280518 -0.7028505206108093
vn -0.6098587512969971 0.10220769792795181 -0.7858917713165283
vn -0.7054445147514343 0.09137356281280518 -0.7028505206108093
vn -0.6100757718086243 -0.007751885335892439 -0.7923051714897156
vn -0.7056691646575928 -0.0069279540330171585 -0.7085075974464417
vn -0.5039364695549011 -0.008453914895653725 -0.8636993765830994
vn -0.6098587512969971 0.10220769792795181 -0.7858917713165283
vn -0.5037209391593933 0.11145642399787903 -0.8566461801528931
vn -0.6098587512969971 0.10220769792795181 -0.7858917713165283
vn -0.5039364695549011 -0.008453914895653725 -0.8636993765830994
vn -0.6100757718086243 -0.007751885335892439 -0.7923051714897156
vn -0.38814204931259155 -0.0090336874127388 -0.9215552806854248
vn -0.5037209391593933 0.11145642399787903 -0.8566461801528931
vn -0.3879642188549042 0.11893458664417267 -0.9139684438705444
vn -0.5037209391593933 0.11145642399787903 -0.8566461801528931
vn -0.38814204931259155 -0.0090336874127388 -0.9215552806854248
vn -0.5039364695549011 -0.008453914895653725 -0.8636993765830994
vn -0.26405057311058044 -0.00946091953665018 -0.9644624590873718
vn -0.3879642188549042 0.11893458664417267 -0.9139684438705444
vn -0.26390230655670166 0.12448914349079132 -0.9564821124076843
vn -0.3879642188549042 0.11893458664417267 -0.9139684438705444
vn -0.26405057311058044 -0.00946091953665018 -0.9644624590873718
vn -0.38814204931259155 -0.0090336874127388 -0.9215552806854248
vn -0.13361260294914246 -0.00970508810132742 -0.9909861087799072
vn -0.26390230655670166 0.12448914349079132 -0.9564821124076843
vn -0.13352255523204803 0.12790703773498535 -0.9827570915222168
vn -0.26390230655670166 0.12448914349079132 -0.9564821124076843
vn -0.13361260294914246 -0.00970508810132742 -0.9909861087799072
vn -0.26405057311058044 -0.00946091953665018 -0.9644624590873718
vn 7.623389564059835e-8 -0.009796569123864174 -0.9999520182609558
vn 8.611082336074105e-8 -0.15222689509391785 -0.9883455634117126
vn -0.13348925113677979 -0.15085455775260925 -0.9795016646385193
vn 7.623389564059835e-8 -0.009796569123864174 -0.9999520182609558
vn -0.13348925113677979 -0.15085455775260925 -0.9795016646385193
vn -0.13361260294914246 -0.00970508810132742 -0.9909861087799072
vn 0.13348941504955292 -0.15085454285144806 -0.9795016646385193
vn 7.623389564059835e-8 -0.009796569123864174 -0.9999520182609558
vn 0.133612722158432 -0.009735584259033203 -0.9909858107566833
vn 7.623389564059835e-8 -0.009796569123864174 -0.9999520182609558
vn 0.13348941504955292 -0.15085454285144806 -0.9795016646385193
vn 8.611082336074105e-8 -0.15222689509391785 -0.9883455634117126
vn 0.2638392150402069 -0.14679770171642303 -0.9533306360244751
vn 0.133612722158432 -0.009735584259033203 -0.9909858107566833
vn 0.2640507221221924 -0.009460879489779472 -0.964462399482727
vn 0.133612722158432 -0.009735584259033203 -0.9909858107566833
vn 0.2638392150402069 -0.14679770171642303 -0.9533306360244751
vn 0.13348941504955292 -0.15085454285144806 -0.9795016646385193
vn 0.387861967086792 -0.14026381075382233 -0.9109825491905212
vn 0.2640507221221924 -0.009460879489779472 -0.964462399482727
vn 0.3881421685218811 -0.009033629670739174 -0.92155522108078
vn 0.2640507221221924 -0.009460879489779472 -0.964462399482727
vn 0.387861967086792 -0.14026381075382233 -0.9109825491905212
vn 0.2638392150402069 -0.14679770171642303 -0.9533306360244751
vn 0.5035923719406128 -0.13141432404518127 -0.8538881540298462
vn 0.3881421685218811 -0.009033629670739174 -0.92155522108078
vn 0.5039365887641907 -0.008453838527202606 -0.8636992573738098
vn 0.3881421685218811 -0.009033629670739174 -0.92155522108078
vn 0.5035923719406128 -0.13141432404518127 -0.8538881540298462
vn 0.387861967086792 -0.14026381075382233 -0.9109825491905212
vn 0.609714686870575 -0.120551198720932 -0.7833999395370483
vn 0.5039365887641907 -0.008453838527202606 -0.8636992573738098
vn 0.6100758910179138 -0.007751793134957552 -0.792305052280426
vn 0.5039365887641907 -0.008453838527202606 -0.8636992573738098
vn 0.609714686870575 -0.120551198720932 -0.7833999395370483
vn 0.5035923719406128 -0.13141432404518127 -0.8538881540298462
vn 0.7053046226501465 -0.10776413232088089 -0.7006655931472778
vn 0.6100758910179138 -0.007751793134957552 -0.792305052280426
vn 0.7056692838668823 -0.006927847396582365 -0.7085074782371521
vn 0.6100758910179138 -0.007751793134957552 -0.792305052280426
vn 0.7053046226501465 -0.10776413232088089 -0.7006655931472778
vn 0.609714686870575 -0.120551198720932 -0.7833999395370483
vn 0.7056692838668823 -0.006927847396582365 -0.7085074782371521
vn 0.7895252704620361 -0.09323533624410629 -0.6065946221351624
vn 0.7053046226501465 -0.10776413232088089 -0.7006655931472778
vn 0.7895252704620361 -0.09323533624410629 -0.6065946221351624
vn 0.7056692838668823 -0.006927847396582365 -0.7085074782371521
vn 0.7898651957511902 -0.006012205965816975 -0.6132510304450989
vn 0.7898651957511902 -0.006012205965816975 -0.6132510304450989
vn 0.8614553213119507 -0.07712104171514511 -0.5019432902336121
vn 0.7895252704620361 -0.09323533624410629 -0.6065946221351624
vn 0.8614553213119507 -0.07712104171514511 -0.5019432902336121
vn 0.7898651957511902 -0.006012205965816975 -0.6132510304450989
vn 0.8617424368858337 -0.004944058135151863 -0.5073219537734985
vn 0.8617424368858337 -0.004944058135151863 -0.5073219537734985
vn 0.9198967814445496 -0.05951153114438057 -0.3876188099384308
vn 0.8614553213119507 -0.07712104171514511 -0.5019432902336121
vn 0.9198967814445496 -0.05951153114438057 -0.3876188099384308
vn 0.8617424368858337 -0.004944058135151863 -0.5073219537734985
vn 0.9201189279556274 -0.003814812283962965 -0.3916204273700714
vn 0.9201189279556274 -0.003814812283962965 -0.3916204273700714
vn 0.9634177684783936 -0.04065098240971565 -0.26490318775177
vn 0.9198967814445496 -0.05951153114438057 -0.3876188099384308
vn 0.9634177684783936 -0.04065098240971565 -0.26490318775177
vn 0.9201189279556274 -0.003814812283962965 -0.3916204273700714
vn 0.9635640978813171 -0.002594009041786194 -0.2674650251865387
vn 0.9635640978813171 -0.002594009041786194 -0.2674650251865387
vn 0.9905247092247009 -0.02081388421356678 -0.13574844598770142
vn 0.9634177684783936 -0.04065098240971565 -0.26490318775177
vn 0.9905247092247009 -0.02081388421356678 -0.13574844598770142
vn 0.9635640978813171 -0.002594009041786194 -0.2674650251865387
vn 0.9905953407287598 -0.0013122549280524254 -0.13681793212890625
vn 0.9905953407287598 -0.0013122549280524254 -0.13681793212890625
vn 0.9999947547912598 -0.00048823299584910274 -0.0032044488471001387
vn 0.9905247092247009 -0.02081388421356678 -0.13574844598770142
vn 0.9999947547912598 -0.00048823299584910274 -0.0032044488471001387
vn 0.9905953407287598 -0.0013122549280524254 -0.13681793212890625
vn 0.9999961256980896 7.549760994152166e-8 -0.002777182962745428
vn 0.9999961256980896 7.549760994152166e-8 -0.002777182962745428
vn 0.9913954138755798 0.019776102155447006 0.12939876317977905
vn 0.9999947547912598 -0.00048823299584910274 -0.0032044488471001387
vn 0.9913954138755798 0.019776102155447006 0.12939876317977905
vn 0.9999961256980896 7.549760994152166e-8 -0.002777182962745428
vn 0.9913429021835327 0.001281865406781435 0.13129204511642456
vn 0.9913429021835327 0.001281865406781435 0.13129204511642456
vn 0.9650701880455017 0.039583150297403336 0.25898388028144836
vn 0.9913954138755798 0.019776102155447006 0.12939876317977905
vn 0.9650701880455017 0.039583150297403336 0.25898388028144836
vn 0.9913429021835327 0.001281865406781435 0.13129204511642456
vn 0.9649801254272461 0.002533149439841509 0.26231086254119873
vn 0.9649801254272461 0.002533149439841509 0.26231086254119873
vn 0.9221727252006531 0.05838358774781227 0.3823465406894684
vn 0.9650701880455017 0.039583150297403336 0.25898388028144836
vn 0.9221727252006531 0.05838358774781227 0.3823465406894684
vn 0.9649801254272461 0.002533149439841509 0.26231086254119873
vn 0.9220677614212036 0.003753895405679941 0.3870103359222412
vn 0.9220677614212036 0.003753895405679941 0.3870103359222412
vn 0.8641772866249084 0.07590094208717346 0.4974300265312195
vn 0.9221727252006531 0.05838358774781227 0.3823465406894684
vn 0.8641772866249084 0.07590094208717346 0.4974300265312195
vn 0.9220677614212036 0.003753895405679941 0.3870103359222412
vn 0.8640860319137573 0.004883114714175463 0.5033203959465027
vn 0.8640860319137573 0.004883114714175463 0.5033203959465027
vn 0.7925217747688293 0.0919238030910492 0.6028757691383362
vn 0.8641772866249084 0.07590094208717346 0.4974300265312195
vn 0.7925217747688293 0.0919238030910492 0.6028757691383362
vn 0.8640860319137573 0.004883114714175463 0.5033203959465027
vn 0.7924341559410095 0.005920808296650648 0.6099287271499634
vn 0.7924341559410095 0.005920808296650648 0.6099287271499634
vn 0.708358108997345 0.10633008182048798 0.6977984309196472
vn 0.7925217747688293 0.0919238030910492 0.6028757691383362
vn 0.708358108997345 0.10633008182048798 0.6977984309196472
vn 0.7924341559410095 0.005920808296650648 0.6099287271499634
vn 0.7083250284194946 0.006866921670734882 0.7058530449867249
vn 0.7083250284194946 0.006866921670734882 0.7058530449867249
vn 0.6126775741577148 0.1189647987484932 0.7813280820846558
vn 0.708358108997345 0.10633008182048798 0.6977984309196472
vn 0.6126775741577148 0.1189647987484932 0.7813280820846558
vn 0.7083250284194946 0.006866921670734882 0.7058530449867249
vn 0.6126604080200195 0.007660209201276302 0.7903091311454773
vn 0.6126604080200195 0.007660209201276302 0.7903091311454773
vn 0.506282389163971 0.1297370195388794 0.8525528907775879
vn 0.6126775741577148 0.1189647987484932 0.7813280820846558
vn 0.506282389163971 0.1297370195388794 0.8525528907775879
vn 0.6126604080200195 0.007660209201276302 0.7903091311454773
vn 0.5062859654426575 0.00836234912276268 0.862325131893158
vn 0.5062859654426575 0.00836234912276268 0.862325131893158
vn 0.39010050892829895 0.13843661546707153 0.910305917263031
vn 0.506282389163971 0.1297370195388794 0.8525528907775879
vn 0.39010050892829895 0.13843661546707153 0.910305917263031
vn 0.5062859654426575 0.00836234912276268 0.862325131893158
vn 0.39009520411491394 0.008942129090428352 0.9207311272621155
vn 0.39009520411491394 0.008942129090428352 0.9207311272621155
vn 0.26545482873916626 0.14490458369255066 0.9531717300415039
vn 0.39010050892829895 0.13843661546707153 0.910305917263031
vn 0.26545482873916626 0.14490458369255066 0.9531717300415039
vn 0.39009520411491394 0.008942129090428352 0.9207311272621155
vn 0.2654576599597931 0.009338955394923687 0.9640772938728333
vn 0.2654576599597931 0.009338955394923687 0.9640772938728333
vn 0.13434362411499023 0.14890119433403015 0.9796837568283081
vn 0.26545482873916626 0.14490458369255066 0.9531717300415039
vn 0.13434362411499023 0.14890119433403015 0.9796837568283081
vn 0.2654576599597931 0.009338955394923687 0.9640772938728333
vn 0.1343441754579544 0.009613468311727047 0.9908881187438965
vn 0.1343441754579544 0.009613468311727047 0.9908881187438965
vn -8.598424727779275e-8 0.1502474695444107 0.9886484146118164
vn 0.13434362411499023 0.14890119433403015 0.9796837568283081
vn -8.598424727779275e-8 0.1502474695444107 0.9886484146118164
vn 0.1343441754579544 0.009613468311727047 0.9908881187438965
vn -7.622705311405298e-8 0.009705021046102047 0.9999529123306274
vn -8.598424727779275e-8 0.1502474695444107 0.9886484146118164
vn -7.622705311405298e-8 0.009705021046102047 0.9999529123306274
vn -0.13434433937072754 0.009613447822630405 0.9908880591392517
vn -8.598424727779275e-8 0.1502474695444107 0.9886484146118164
vn -0.13434433937072754 0.009613447822630405 0.9908880591392517
vn -0.13434380292892456 0.14890116453170776 0.9796836972236633
vn -0.13434380292892456 0.14890116453170776 0.9796836972236633
vn -0.13434433937072754 0.009613447822630405 0.9908880591392517
vn -0.26545780897140503 0.009338915348052979 0.9640772342681885
vn -0.13434380292892456 0.14890116453170776 0.9796836972236633
vn -0.26545780897140503 0.009338915348052979 0.9640772342681885
vn -0.2654550075531006 0.14490455389022827 0.9531717300415039
vn -0.2654550075531006 0.14490455389022827 0.9531717300415039
vn -0.26545780897140503 0.009338915348052979 0.9640772342681885
vn -0.3900953531265259 0.008942070417106152 0.9207310676574707
vn -0.2654550075531006 0.14490455389022827 0.9531717300415039
vn -0.3900953531265259 0.008942070417106152 0.9207310676574707
vn -0.3901006579399109 0.13843655586242676 0.9103058576583862
vn -0.3901006579399109 0.13843655586242676 0.9103058576583862
vn -0.3900953531265259 0.008942070417106152 0.9207310676574707
vn -0.506286084651947 0.008362271822988987 0.8623250722885132
vn -0.3901006579399109 0.13843655586242676 0.9103058576583862
vn -0.506286084651947 0.008362271822988987 0.8623250722885132
vn -0.5062825083732605 0.12973694503307343 0.8525528311729431
vn -0.5062825083732605 0.12973694503307343 0.8525528311729431
vn -0.506286084651947 0.008362271822988987 0.8623250722885132
vn -0.6126605272293091 0.007660116534680128 0.7903090715408325
vn -0.5062825083732605 0.12973694503307343 0.8525528311729431
vn -0.6126605272293091 0.007660116534680128 0.7903090715408325
vn -0.6126776933670044 0.11896470189094543 0.7813279628753662
vn -0.6126776933670044 0.11896470189094543 0.7813279628753662
vn -0.6126605272293091 0.007660116534680128 0.7903090715408325
vn -0.7083251476287842 0.006866814568638802 0.7058529257774353
vn -0.6126776933670044 0.11896470189094543 0.7813279628753662
vn -0.7083251476287842 0.006866814568638802 0.7058529257774353
vn -0.7083734273910522 0.10632767528295517 0.6977832317352295
vn -0.7083734273910522 0.10632767528295517 0.6977832317352295
vn -0.7083251476287842 0.006866814568638802 0.7058529257774353
vn -0.7924342751502991 0.00592068862169981 0.6099286079406738
vn -0.7083734273910522 0.10632767528295517 0.6977832317352295
vn -0.7924342751502991 0.00592068862169981 0.6099286079406738
vn -0.7925218939781189 0.09192367643117905 0.6028756499290466
vn -0.7925218939781189 0.09192367643117905 0.6028756499290466
vn -0.7924342751502991 0.00592068862169981 0.6099286079406738
vn -0.8640861511230469 0.0048829843290150166 0.5033202767372131
vn -0.7925218939781189 0.09192367643117905 0.6028756499290466
vn -0.8640861511230469 0.0048829843290150166 0.5033202767372131
vn -0.864177405834198 0.07590080797672272 0.49742990732192993
vn -0.864177405834198 0.07590080797672272 0.49742990732192993
vn -0.8640861511230469 0.0048829843290150166 0.5033202767372131
vn -0.9220678210258484 0.003753756172955036 0.3870101869106293
vn -0.864177405834198 0.07590080797672272 0.49742990732192993
vn -0.9220678210258484 0.003753756172955036 0.3870101869106293
vn -0.9221727848052979 0.05838344991207123 0.38234639167785645
vn -0.9221727848052979 0.05838344991207123 0.38234639167785645
vn -0.9220678210258484 0.003753756172955036 0.3870101869106293
vn -0.9649801254272461 0.0025330036878585815 0.2623107135295868
vn -0.9221727848052979 0.05838344991207123 0.38234639167785645
vn -0.9649801254272461 0.0025330036878585815 0.2623107135295868
vn -0.9650702476501465 0.039583005011081696 0.2589837312698364
vn -0.9650702476501465 0.039583005011081696 0.2589837312698364
vn -0.9649801254272461 0.0025330036878585815 0.2623107135295868
vn -0.9913429021835327 0.0012817156966775656 0.13129189610481262
vn -0.9650702476501465 0.039583005011081696 0.2589837312698364
vn -0.9913429021835327 0.0012817156966775656 0.13129189610481262
vn -0.9913954138755798 0.01977595128118992 0.12939861416816711
vn -0.9913954138755798 0.01977595128118992 0.12939861416816711
vn -0.9913429021835327 0.0012817156966775656 0.13129189610481262
vn -0.9999961256980896 -7.549760994152166e-8 -0.002777333837002516
vn -0.9913954138755798 0.01977595128118992 0.12939861416816711
vn -0.9999961256980896 -7.549760994152166e-8 -0.002777333837002516
vn -0.9999947547912598 -0.0004883839865215123 -0.00320459995418787
vn -0.9999947547912598 -0.0004883839865215123 -0.00320459995418787
vn -0.9999961256980896 -7.549760994152166e-8 -0.002777333837002516
vn -0.9905953407287598 -0.001312404521740973 -0.1368180811405182
vn -0.9999947547912598 -0.0004883839865215123 -0.00320459995418787
vn -0.9905953407287598 -0.001312404521740973 -0.1368180811405182
vn -0.9905246496200562 -0.02081403322517872 -0.13574859499931335
vn -0.9905246496200562 -0.02081403322517872 -0.13574859499931335
vn -0.9905953407287598 -0.001312404521740973 -0.1368180811405182
vn -0.9635640382766724 -0.0025941545609384775 -0.26746517419815063
vn -0.9905246496200562 -0.02081403322517872 -0.13574859499931335
vn -0.9635640382766724 -0.0025941545609384775 -0.26746517419815063
vn -0.9634177088737488 -0.04065112769603729 -0.26490333676338196
vn -0.9634177088737488 -0.04065112769603729 -0.26490333676338196
vn -0.9635640382766724 -0.0025941545609384775 -0.26746517419815063
vn -0.9201188683509827 -0.0038149510510265827 -0.39162054657936096
vn -0.9634177088737488 -0.04065112769603729 -0.26490333676338196
vn -0.9201188683509827 -0.0038149510510265827 -0.39162054657936096
vn -0.91989666223526 -0.05951166898012161 -0.3876189589500427
vn -0.91989666223526 -0.05951166898012161 -0.3876189589500427
vn -0.9201188683509827 -0.0038149510510265827 -0.39162054657936096
vn -0.8617423176765442 -0.004944188520312309 -0.5073220729827881
vn -0.91989666223526 -0.05951166898012161 -0.3876189589500427
vn -0.8617423176765442 -0.004944188520312309 -0.5073220729827881
vn -0.8614552617073059 -0.07712117582559586 -0.5019434094429016
vn -0.8614552617073059 -0.07712117582559586 -0.5019434094429016
vn -0.8617423176765442 -0.004944188520312309 -0.5073220729827881
vn -0.7898651361465454 -0.006012325175106525 -0.6132511496543884
vn -0.8614552617073059 -0.07712117582559586 -0.5019434094429016
vn -0.7898651361465454 -0.006012325175106525 -0.6132511496543884
vn -0.7895251512527466 -0.09323545545339584 -0.6065947413444519
vn -0.7895251512527466 -0.09323545545339584 -0.6065947413444519
vn -0.7898651361465454 -0.006012325175106525 -0.6132511496543884
vn -0.7056691646575928 -0.0069279540330171585 -0.7085075974464417
vn -0.7895251512527466 -0.09323545545339584 -0.6065947413444519
vn -0.7056691646575928 -0.0069279540330171585 -0.7085075974464417
vn -0.7053045034408569 -0.10776424407958984 -0.7006657123565674
vn -0.6100757718086243 -0.007751885335892439 -0.7923051714897156
vn -0.6097145676612854 -0.12055128812789917 -0.7833999991416931
vn -0.7053045034408569 -0.10776424407958984 -0.7006657123565674
vn -0.6100757718086243 -0.007751885335892439 -0.7923051714897156
vn -0.7053045034408569 -0.10776424407958984 -0.7006657123565674
vn -0.7056691646575928 -0.0069279540330171585 -0.7085075974464417
vn -0.5039364695549011 -0.008453914895653725 -0.8636993765830994
vn -0.5035922527313232 -0.13141439855098724 -0.853888213634491
vn -0.6097145676612854 -0.12055128812789917 -0.7833999991416931
vn -0.5039364695549011 -0.008453914895653725 -0.8636993765830994
vn -0.6097145676612854 -0.12055128812789917 -0.7833999991416931
vn -0.6100757718086243 -0.007751885335892439 -0.7923051714897156
vn -0.38814204931259155 -0.0090336874127388 -0.9215552806854248
vn -0.38786181807518005 -0.1402638703584671 -0.910982608795166
vn -0.5035922527313232 -0.13141439855098724 -0.853888213634491
vn -0.38814204931259155 -0.0090336874127388 -0.9215552806854248
vn -0.5035922527313232 -0.13141439855098724 -0.853888213634491
vn -0.5039364695549011 -0.008453914895653725 -0.8636993765830994
vn -0.26405057311058044 -0.00946091953665018 -0.9644624590873718
vn -0.26383906602859497 -0.14679774641990662 -0.9533306956291199
vn -0.38786181807518005 -0.1402638703584671 -0.910982608795166
vn -0.26405057311058044 -0.00946091953665018 -0.9644624590873718
vn -0.38786181807518005 -0.1402638703584671 -0.910982608795166
vn -0.38814204931259155 -0.0090336874127388 -0.9215552806854248
vn -0.13361260294914246 -0.00970508810132742 -0.9909861087799072
vn -0.13348925113677979 -0.15085455775260925 -0.9795016646385193
vn -0.26383906602859497 -0.14679774641990662 -0.9533306956291199
vn -0.13361260294914246 -0.00970508810132742 -0.9909861087799072
vn -0.26383906602859497 -0.14679774641990662 -0.9533306956291199
vn -0.26405057311058044 -0.00946091953665018 -0.9644624590873718
vn 8.611082336074105e-8 -0.15222689509391785 -0.9883455634117126
vn 9.675095924421839e-8 -0.34169405698776245 -0.9398112297058105
vn -0.13297152519226074 -0.3386397361755371 -0.9314728379249573
vn 8.611082336074105e-8 -0.15222689509391785 -0.9883455634117126
vn -0.13297152519226074 -0.3386397361755371 -0.9314728379249573
vn -0.13348925113677979 -0.15085455775260925 -0.9795016646385193
vn 0.13297171890735626 -0.3386397063732147 -0.9314728379249573
vn 8.611082336074105e-8 -0.15222689509391785 -0.9883455634117126
vn 0.13348941504955292 -0.15085454285144806 -0.9795016646385193
vn 8.611082336074105e-8 -0.15222689509391785 -0.9883455634117126
vn 0.13297171890735626 -0.3386397063732147 -0.9314728379249573
vn 9.675095924421839e-8 -0.34169405698776245 -0.9398112297058105
vn 0.26286473870277405 -0.32958027720451355 -0.9067959785461426
vn 0.13348941504955292 -0.15085454285144806 -0.9795016646385193
vn 0.2638392150402069 -0.14679770171642303 -0.9533306360244751
vn 0.13348941504955292 -0.15085454285144806 -0.9795016646385193
vn 0.26286473870277405 -0.32958027720451355 -0.9067959785461426
vn 0.13297171890735626 -0.3386397063732147 -0.9314728379249573
vn 0.38655412197113037 -0.31492581963539124 -0.8668319582939148
vn 0.2638392150402069 -0.14679770171642303 -0.9533306360244751
vn 0.387861967086792 -0.14026381075382233 -0.9109825491905212
vn 0.2638392150402069 -0.14679770171642303 -0.9533306360244751
vn 0.38655412197113037 -0.31492581963539124 -0.8668319582939148
vn 0.26286473870277405 -0.32958027720451355 -0.9067959785461426
vn 0.5020639896392822 -0.29517728090286255 -0.8128973245620728
vn 0.387861967086792 -0.14026381075382233 -0.9109825491905212
vn 0.5035923719406128 -0.13141432404518127 -0.8538881540298462
vn 0.387861967086792 -0.14026381075382233 -0.9109825491905212
vn 0.5020639896392822 -0.29517728090286255 -0.8128973245620728
vn 0.38655412197113037 -0.31492581963539124 -0.8668319582939148
vn 0.6080927848815918 -0.2707957625389099 -0.7462525367736816
vn 0.5035923719406128 -0.13141432404518127 -0.8538881540298462
vn 0.609714686870575 -0.120551198720932 -0.7833999395370483
vn 0.5035923719406128 -0.13141432404518127 -0.8538881540298462
vn 0.6080927848815918 -0.2707957625389099 -0.7462525367736816
vn 0.5020639896392822 -0.29517728090286255 -0.8128973245620728
vn 0.703694760799408 -0.2421744465827942 -0.6679559946060181
vn 0.609714686870575 -0.120551198720932 -0.7833999395370483
vn 0.7053046226501465 -0.10776413232088089 -0.7006655931472778
vn 0.609714686870575 -0.120551198720932 -0.7833999395370483
vn 0.703694760799408 -0.2421744465827942 -0.6679559946060181
vn 0.6080927848815918 -0.2707957625389099 -0.7462525367736816
vn 0.7053046226501465 -0.10776413232088089 -0.7006655931472778
vn 0.7880659699440002 -0.20963609218597412 -0.5787959098815918
vn 0.703694760799408 -0.2421744465827942 -0.6679559946060181
vn 0.7880659699440002 -0.20963609218597412 -0.5787959098815918
vn 0.7053046226501465 -0.10776413232088089 -0.7006655931472778
vn 0.7895252704620361 -0.09323533624410629 -0.6065946221351624
vn 0.7895252704620361 -0.09323533624410629 -0.6065946221351624
vn 0.8602151274681091 -0.17347125709056854 -0.4795181453227997
vn 0.7880659699440002 -0.20963609218597412 -0.5787959098815918
vn 0.8602151274681091 -0.17347125709056854 -0.4795181453227997
vn 0.7895252704620361 -0.09323533624410629 -0.6065946221351624
vn 0.8614553213119507 -0.07712104171514511 -0.5019432902336121
vn 0.8614553213119507 -0.07712104171514511 -0.5019432902336121
vn 0.9189480543136597 -0.13397693634033203 -0.3709239959716797
vn 0.8602151274681091 -0.17347125709056854 -0.4795181453227997
vn 0.9189480543136597 -0.13397693634033203 -0.3709239959716797
vn 0.8614553213119507 -0.07712104171514511 -0.5019432902336121
vn 0.9198967814445496 -0.05951153114438057 -0.3876188099384308
vn 0.9198967814445496 -0.05951153114438057 -0.3876188099384308
vn 0.9628098011016846 -0.09164813160896301 -0.25416117906570435
vn 0.9189480543136597 -0.13397693634033203 -0.3709239959716797
vn 0.9628098011016846 -0.09164813160896301 -0.25416117906570435
vn 0.9198967814445496 -0.05951153114438057 -0.3876188099384308
vn 0.9634177684783936 -0.04065098240971565 -0.26490318775177
vn 0.9634177684783936 -0.04065098240971565 -0.26490318775177
vn 0.9902485609054565 -0.04718222841620445 -0.1310788244009018
vn 0.9628098011016846 -0.09164813160896301 -0.25416117906570435
vn 0.9902485609054565 -0.04718222841620445 -0.1310788244009018
vn 0.9634177684783936 -0.04065098240971565 -0.26490318775177
vn 0.9905247092247009 -0.02081388421356678 -0.13574844598770142
vn 0.9905247092247009 -0.02081388421356678 -0.13574844598770142
vn 0.9999878406524658 -0.0016784733161330223 -0.004638823214918375
vn 0.9902485609054565 -0.04718222841620445 -0.1310788244009018
vn 0.9999878406524658 -0.0016784733161330223 -0.004638823214918375
vn 0.9905247092247009 -0.02081388421356678 -0.13574844598770142
vn 0.9999947547912598 -0.00048823299584910274 -0.0032044488471001387
vn 0.9999947547912598 -0.00048823299584910274 -0.0032044488471001387
vn 0.9915668964385986 0.043672963976860046 0.12201560288667679
vn 0.9999878406524658 -0.0016784733161330223 -0.004638823214918375
vn 0.9915668964385986 0.043672963976860046 0.12201560288667679
vn 0.9999947547912598 -0.00048823299584910274 -0.0032044488471001387
vn 0.9913954138755798 0.019776102155447006 0.12939876317977905
vn 0.9913954138755798 0.019776102155447006 0.12939876317977905
vn 0.9652908444404602 0.08786476403474808 0.24595408141613007
vn 0.9915668964385986 0.043672963976860046 0.12201560288667679
vn 0.9652908444404602 0.08786476403474808 0.24595408141613007
vn 0.9913954138755798 0.019776102155447006 0.12939876317977905
vn 0.9650701880455017 0.039583150297403336 0.25898388028144836
vn 0.9650701880455017 0.039583150297403336 0.25898388028144836
vn 0.9223368167877197 0.12970465421676636 0.3639663755893707
vn 0.9652908444404602 0.08786476403474808 0.24595408141613007
vn 0.9223368167877197 0.12970465421676636 0.3639663755893707
vn 0.9650701880455017 0.039583150297403336 0.25898388028144836
vn 0.9221727252006531 0.05838358774781227 0.3823465406894684
vn 0.9221727252006531 0.05838358774781227 0.3823465406894684
vn 0.8642030954360962 0.1685253381729126 0.474080353975296
vn 0.9223368167877197 0.12970465421676636 0.3639663755893707
vn 0.8642030954360962 0.1685253381729126 0.474080353975296
vn 0.9221727252006531 0.05838358774781227 0.3823465406894684
vn 0.8641772866249084 0.07590094208717346 0.4974300265312195
vn 0.8641772866249084 0.07590094208717346 0.4974300265312195
vn 0.7923421859741211 0.2039300799369812 0.5749837756156921
vn 0.8642030954360962 0.1685253381729126 0.474080353975296
vn 0.7923421859741211 0.2039300799369812 0.5749837756156921
vn 0.8641772866249084 0.07590094208717346 0.4974300265312195
vn 0.7925217747688293 0.0919238030910492 0.6028757691383362
vn 0.7925217747688293 0.0919238030910492 0.6028757691383362
vn 0.7080200910568237 0.2355489879846573 0.6657508611679077
vn 0.7923421859741211 0.2039300799369812 0.5749837756156921
vn 0.7080200910568237 0.2355489879846573 0.6657508611679077
vn 0.7925217747688293 0.0919238030910492 0.6028757691383362
vn 0.708358108997345 0.10633008182048798 0.6977984309196472
vn 0.708358108997345 0.10633008182048798 0.6977984309196472
vn 0.6121795773506165 0.2632565498352051 0.7456085681915283
vn 0.7080200910568237 0.2355489879846573 0.6657508611679077
vn 0.6121795773506165 0.2632565498352051 0.7456085681915283
vn 0.708358108997345 0.10633008182048798 0.6977984309196472
vn 0.6126775741577148 0.1189647987484932 0.7813280820846558
vn 0.6126775741577148 0.1189647987484932 0.7813280820846558
vn 0.5057001709938049 0.28672629594802856 0.8136678338050842
vn 0.6121795773506165 0.2632565498352051 0.7456085681915283
vn 0.5057001709938049 0.28672629594802856 0.8136678338050842
vn 0.6126775741577148 0.1189647987484932 0.7813280820846558
vn 0.506282389163971 0.1297370195388794 0.8525528907775879
vn 0.506282389163971 0.1297370195388794 0.8525528907775879
vn 0.38955017924308777 0.30568283796310425 0.868797242641449
vn 0.5057001709938049 0.28672629594802856 0.8136678338050842
vn 0.38955017924308777 0.30568283796310425 0.868797242641449
vn 0.506282389163971 0.1297370195388794 0.8525528907775879
vn 0.39010050892829895 0.13843661546707153 0.910305917263031
vn 0.39010050892829895 0.13843661546707153 0.910305917263031
vn 0.2649969756603241 0.31968724727630615 0.9097124338150024
vn 0.38955017924308777 0.30568283796310425 0.868797242641449
vn 0.2649969756603241 0.31968724727630615 0.9097124338150024
vn 0.39010050892829895 0.13843661546707153 0.910305917263031
vn 0.26545482873916626 0.14490458369255066 0.9531717300415039
vn 0.26545482873916626 0.14490458369255066 0.9531717300415039
vn 0.13410261273384094 0.32832881808280945 0.9349955320358276
vn 0.2649969756603241 0.31968724727630615 0.9097124338150024
vn 0.13410261273384094 0.32832881808280945 0.9349955320358276
vn 0.26545482873916626 0.14490458369255066 0.9531717300415039
vn 0.13434362411499023 0.14890119433403015 0.9796837568283081
vn 0.13434362411499023 0.14890119433403015 0.9796837568283081
vn -9.624413621622807e-8 0.33124884963035583 0.9435434341430664
vn 0.13410261273384094 0.32832881808280945 0.9349955320358276
vn -9.624413621622807e-8 0.33124884963035583 0.9435434341430664
vn 0.13434362411499023 0.14890119433403015 0.9796837568283081
vn -8.598424727779275e-8 0.1502474695444107 0.9886484146118164
vn -9.624413621622807e-8 0.33124884963035583 0.9435434341430664
vn -8.598424727779275e-8 0.1502474695444107 0.9886484146118164
vn -0.13434380292892456 0.14890116453170776 0.9796836972236633
vn -9.624413621622807e-8 0.33124884963035583 0.9435434341430664
vn -0.13434380292892456 0.14890116453170776 0.9796836972236633
vn -0.13410280644893646 0.32832881808280945 0.9349955320358276
vn -0.13410280644893646 0.32832881808280945 0.9349955320358276
vn -0.13434380292892456 0.14890116453170776 0.9796836972236633
vn -0.2654550075531006 0.14490455389022827 0.9531717300415039
vn -0.13410280644893646 0.32832881808280945 0.9349955320358276
vn -0.2654550075531006 0.14490455389022827 0.9531717300415039
vn -0.2649971544742584 0.31968721747398376 0.9097123742103577
vn -0.2649971544742584 0.31968721747398376 0.9097123742103577
vn -0.2654550075531006 0.14490455389022827 0.9531717300415039
vn -0.3901006579399109 0.13843655586242676 0.9103058576583862
vn -0.2649971544742584 0.31968721747398376 0.9097123742103577
vn -0.3901006579399109 0.13843655586242676 0.9103058576583862
vn -0.3895503580570221 0.3056827783584595 0.8687971830368042
vn -0.3895503580570221 0.3056827783584595 0.8687971830368042
vn -0.3901006579399109 0.13843655586242676 0.9103058576583862
vn -0.5062825083732605 0.12973694503307343 0.8525528311729431
vn -0.3895503580570221 0.3056827783584595 0.8687971830368042
vn -0.5062825083732605 0.12973694503307343 0.8525528311729431
vn -0.5057003498077393 0.2867262363433838 0.8136677742004395
vn -0.5057003498077393 0.2867262363433838 0.8136677742004395
vn -0.5062825083732605 0.12973694503307343 0.8525528311729431
vn -0.6126776933670044 0.11896470189094543 0.7813279628753662
vn -0.5057003498077393 0.2867262363433838 0.8136677742004395
vn -0.6126776933670044 0.11896470189094543 0.7813279628753662
vn -0.612179696559906 0.2632564604282379 0.7456085085868835
vn -0.612179696559906 0.2632564604282379 0.7456085085868835
vn -0.6126776933670044 0.11896470189094543 0.7813279628753662
vn -0.7083734273910522 0.10632767528295517 0.6977832317352295
vn -0.7083734273910522 0.10632767528295517 0.6977832317352295
vn -0.7080202698707581 0.23554888367652893 0.6657507419586182
vn -0.612179696559906 0.2632564604282379 0.7456085085868835
vn -0.7080202698707581 0.23554888367652893 0.6657507419586182
vn -0.7083734273910522 0.10632767528295517 0.6977832317352295
vn -0.7925218939781189 0.09192367643117905 0.6028756499290466
vn -0.7925218939781189 0.09192367643117905 0.6028756499290466
vn -0.7923423051834106 0.20392996072769165 0.5749836564064026
vn -0.7080202698707581 0.23554888367652893 0.6657507419586182
vn -0.7923423051834106 0.20392996072769165 0.5749836564064026
vn -0.7925218939781189 0.09192367643117905 0.6028756499290466
vn -0.864177405834198 0.07590080797672272 0.49742990732192993
vn -0.864177405834198 0.07590080797672272 0.49742990732192993
vn -0.8642032146453857 0.16852520406246185 0.47408023476600647
vn -0.7923423051834106 0.20392996072769165 0.5749836564064026
vn -0.8642032146453857 0.16852520406246185 0.47408023476600647
vn -0.864177405834198 0.07590080797672272 0.49742990732192993
vn -0.9221727848052979 0.05838344991207123 0.38234639167785645
vn -0.9221727848052979 0.05838344991207123 0.38234639167785645
vn -0.9223368763923645 0.12970450520515442 0.3639662265777588
vn -0.8642032146453857 0.16852520406246185 0.47408023476600647
vn -0.9223368763923645 0.12970450520515442 0.3639662265777588
vn -0.9221727848052979 0.05838344991207123 0.38234639167785645
vn -0.9650702476501465 0.039583005011081696 0.2589837312698364
vn -0.9650702476501465 0.039583005011081696 0.2589837312698364
vn -0.965290904045105 0.08786462247371674 0.24595393240451813
vn -0.9223368763923645 0.12970450520515442 0.3639662265777588
vn -0.965290904045105 0.08786462247371674 0.24595393240451813
vn -0.9650702476501465 0.039583005011081696 0.2589837312698364
vn -0.9913954138755798 0.01977595128118992 0.12939861416816711
vn -0.9913954138755798 0.01977595128118992 0.12939861416816711
vn -0.9915668964385986 0.04367281496524811 0.12201544642448425
vn -0.965290904045105 0.08786462247371674 0.24595393240451813
vn -0.9915668964385986 0.04367281496524811 0.12201544642448425
vn -0.9913954138755798 0.01977595128118992 0.12939861416816711
vn -0.9999947547912598 -0.0004883839865215123 -0.00320459995418787
vn -0.9999947547912598 -0.0004883839865215123 -0.00320459995418787
vn -0.9999878406524658 -0.0016786243068054318 -0.004638974089175463
vn -0.9915668964385986 0.04367281496524811 0.12201544642448425
vn -0.9999878406524658 -0.0016786243068054318 -0.004638974089175463
vn -0.9999947547912598 -0.0004883839865215123 -0.00320459995418787
vn -0.9905246496200562 -0.02081403322517872 -0.13574859499931335
vn -0.9905246496200562 -0.02081403322517872 -0.13574859499931335
vn -0.9902485013008118 -0.04718237742781639 -0.13107897341251373
vn -0.9999878406524658 -0.0016786243068054318 -0.004638974089175463
vn -0.9902485013008118 -0.04718237742781639 -0.13107897341251373
vn -0.9905246496200562 -0.02081403322517872 -0.13574859499931335
vn -0.9634177088737488 -0.04065112769603729 -0.26490333676338196
vn -0.9634177088737488 -0.04065112769603729 -0.26490333676338196
vn -0.9628097414970398 -0.09164828062057495 -0.2541613280773163
vn -0.9902485013008118 -0.04718237742781639 -0.13107897341251373
vn -0.9628097414970398 -0.09164828062057495 -0.2541613280773163
vn -0.9634177088737488 -0.04065112769603729 -0.26490333676338196
vn -0.91989666223526 -0.05951166898012161 -0.3876189589500427
vn -0.91989666223526 -0.05951166898012161 -0.3876189589500427
vn -0.9189479947090149 -0.13397708535194397 -0.3709241449832916
vn -0.9628097414970398 -0.09164828062057495 -0.2541613280773163
vn -0.9189479947090149 -0.13397708535194397 -0.3709241449832916
vn -0.91989666223526 -0.05951166898012161 -0.3876189589500427
vn -0.8614552617073059 -0.07712117582559586 -0.5019434094429016
vn -0.8614552617073059 -0.07712117582559586 -0.5019434094429016
vn -0.8602150678634644 -0.1734713912010193 -0.47951826453208923
vn -0.9189479947090149 -0.13397708535194397 -0.3709241449832916
vn -0.8602150678634644 -0.1734713912010193 -0.47951826453208923
vn -0.8614552617073059 -0.07712117582559586 -0.5019434094429016
vn -0.7895251512527466 -0.09323545545339584 -0.6065947413444519
vn -0.7895251512527466 -0.09323545545339584 -0.6065947413444519
vn -0.7880403399467468 -0.20963755249977112 -0.5788302421569824
vn -0.8602150678634644 -0.1734713912010193 -0.47951826453208923
vn -0.7880403399467468 -0.20963755249977112 -0.5788302421569824
vn -0.7895251512527466 -0.09323545545339584 -0.6065947413444519
vn -0.7053045034408569 -0.10776424407958984 -0.7006657123565674
vn -0.7053045034408569 -0.10776424407958984 -0.7006657123565674
vn -0.7036946415901184 -0.24217456579208374 -0.6679561138153076
vn -0.7880403399467468 -0.20963755249977112 -0.5788302421569824
vn -0.6097145676612854 -0.12055128812789917 -0.7833999991416931
vn -0.6080926060676575 -0.2707958519458771 -0.7462526559829712
vn -0.7036946415901184 -0.24217456579208374 -0.6679561138153076
vn -0.6097145676612854 -0.12055128812789917 -0.7833999991416931
vn -0.7036946415901184 -0.24217456579208374 -0.6679561138153076
vn -0.7053045034408569 -0.10776424407958984 -0.7006657123565674
vn -0.5035922527313232 -0.13141439855098724 -0.853888213634491
vn -0.5020638704299927 -0.2951773703098297 -0.8128974437713623
vn -0.6080926060676575 -0.2707958519458771 -0.7462526559829712
vn -0.5035922527313232 -0.13141439855098724 -0.853888213634491
vn -0.6080926060676575 -0.2707958519458771 -0.7462526559829712
vn -0.6097145676612854 -0.12055128812789917 -0.7833999991416931
vn -0.38786181807518005 -0.1402638703584671 -0.910982608795166
vn -0.38655394315719604 -0.314925879240036 -0.8668320178985596
vn -0.5020638704299927 -0.2951773703098297 -0.8128974437713623
vn -0.38786181807518005 -0.1402638703584671 -0.910982608795166
vn -0.5020638704299927 -0.2951773703098297 -0.8128974437713623
vn -0.5035922527313232 -0.13141439855098724 -0.853888213634491
vn -0.26383906602859497 -0.14679774641990662 -0.9533306956291199
vn -0.26286453008651733 -0.32958030700683594 -0.9067960381507874
vn -0.38655394315719604 -0.314925879240036 -0.8668320178985596
vn -0.26383906602859497 -0.14679774641990662 -0.9533306956291199
vn -0.38655394315719604 -0.314925879240036 -0.8668320178985596
vn -0.38786181807518005 -0.1402638703584671 -0.910982608795166
vn -0.13348925113677979 -0.15085455775260925 -0.9795016646385193
vn -0.13297152519226074 -0.3386397361755371 -0.9314728379249573
vn -0.26286453008651733 -0.32958030700683594 -0.9067960381507874
vn -0.13348925113677979 -0.15085455775260925 -0.9795016646385193
vn -0.26286453008651733 -0.32958030700683594 -0.9067960381507874
vn -0.26383906602859497 -0.14679774641990662 -0.9533306956291199
vn 9.675095924421839e-8 -0.34169405698776245 -0.9398112297058105
vn 1.0631053726228856e-7 -0.6385228633880615 -0.7696028351783752
vn -0.13220886886119843 -0.6329061985015869 -0.7628568410873413
vn 9.675095924421839e-8 -0.34169405698776245 -0.9398112297058105
vn -0.13220886886119843 -0.6329061985015869 -0.7628568410873413
vn -0.13297152519226074 -0.3386397361755371 -0.9314728379249573
vn 0.13220909237861633 -0.6329061985015869 -0.7628567814826965
vn 9.675095924421839e-8 -0.34169405698776245 -0.9398112297058105
vn 0.13297171890735626 -0.3386397063732147 -0.9314728379249573
vn 9.675095924421839e-8 -0.34169405698776245 -0.9398112297058105
vn 0.13220909237861633 -0.6329061985015869 -0.7628567814826965
vn 1.0631053726228856e-7 -0.6385228633880615 -0.7696028351783752
vn 0.2613983154296875 -0.6162161231040955 -0.7429324388504028
vn 0.13297171890735626 -0.3386397063732147 -0.9314728379249573
vn 0.26286473870277405 -0.32958027720451355 -0.9067959785461426
vn 0.13297171890735626 -0.3386397063732147 -0.9314728379249573
vn 0.2613983154296875 -0.6162161231040955 -0.7429324388504028
vn 0.13220909237861633 -0.6329061985015869 -0.7628567814826965
vn 0.3845079243183136 -0.5891981720924377 -0.7106329202651978
vn 0.26286473870277405 -0.32958027720451355 -0.9067959785461426
vn 0.38655412197113037 -0.31492581963539124 -0.8668319582939148
vn 0.26286473870277405 -0.32958027720451355 -0.9067959785461426
vn 0.3845079243183136 -0.5891981720924377 -0.7106329202651978
vn 0.2613983154296875 -0.6162161231040955 -0.7429324388504028
vn 0.49959975481033325 -0.5527336001396179 -0.666997492313385
vn 0.38655412197113037 -0.31492581963539124 -0.8668319582939148
vn 0.5020639896392822 -0.29517728090286255 -0.8128973245620728
vn 0.38655412197113037 -0.31492581963539124 -0.8668319582939148
vn 0.49959975481033325 -0.5527336001396179 -0.666997492313385
vn 0.3845079243183136 -0.5891981720924377 -0.7106329202651978
vn 0.6053816676139832 -0.5075975656509399 -0.613072395324707
vn 0.5020639896392822 -0.29517728090286255 -0.8128973245620728
vn 0.6080927848815918 -0.2707957625389099 -0.7462525367736816
vn 0.5020639896392822 -0.29517728090286255 -0.8128973245620728
vn 0.6053816676139832 -0.5075975656509399 -0.613072395324707
vn 0.49959975481033325 -0.5527336001396179 -0.666997492313385
vn 0.700915515422821 -0.45456036925315857 -0.5496292114257812
vn 0.6080927848815918 -0.2707957625389099 -0.7462525367736816
vn 0.703694760799408 -0.2421744465827942 -0.6679559946060181
vn 0.6080927848815918 -0.2707957625389099 -0.7462525367736816
vn 0.700915515422821 -0.45456036925315857 -0.5496292114257812
vn 0.6053816676139832 -0.5075975656509399 -0.613072395324707
vn 0.703694760799408 -0.2421744465827942 -0.6679559946060181
vn 0.7853745818138123 -0.39415213465690613 -0.4773162603378296
vn 0.700915515422821 -0.45456036925315857 -0.5496292114257812
vn 0.7853745818138123 -0.39415213465690613 -0.4773162603378296
vn 0.703694760799408 -0.2421744465827942 -0.6679559946060181
vn 0.7880659699440002 -0.20963609218597412 -0.5787959098815918
vn 0.7880659699440002 -0.20963609218597412 -0.5787959098815918
vn 0.8578312993049622 -0.32685965299606323 -0.3965958058834076
vn 0.7853745818138123 -0.39415213465690613 -0.4773162603378296
vn 0.8578312993049622 -0.32685965299606323 -0.3965958058834076
vn 0.7880659699440002 -0.20963609218597412 -0.5787959098815918
vn 0.8602151274681091 -0.17347125709056854 -0.4795181453227997
vn 0.8602151274681091 -0.17347125709056854 -0.4795181453227997
vn 0.9170132279396057 -0.25331005454063416 -0.3080921769142151
vn 0.8578312993049622 -0.32685965299606323 -0.3965958058834076
vn 0.9170132279396057 -0.25331005454063416 -0.3080921769142151
vn 0.8602151274681091 -0.17347125709056854 -0.4795181453227997
vn 0.9189480543136597 -0.13397693634033203 -0.3709239959716797
vn 0.9189480543136597 -0.13397693634033203 -0.3709239959716797
vn 0.9614639282226562 -0.17429272830486298 -0.21262432634830475
vn 0.9170132279396057 -0.25331005454063416 -0.3080921769142151
vn 0.9614639282226562 -0.17429272830486298 -0.21262432634830475
vn 0.9189480543136597 -0.13397693634033203 -0.3709239959716797
vn 0.9628098011016846 -0.09164813160896301 -0.25416117906570435
vn 0.9628098011016846 -0.09164813160896301 -0.25416117906570435
vn 0.989565372467041 -0.09116176515817642 -0.11157933622598648
vn 0.9614639282226562 -0.17429272830486298 -0.21262432634830475
vn 0.989565372467041 -0.09116176515817642 -0.11157933622598648
vn 0.9628098011016846 -0.09164813160896301 -0.25416117906570435
vn 0.9902485609054565 -0.04718222841620445 -0.1310788244009018
vn 0.9902485609054565 -0.04718222841620445 -0.1310788244009018
vn 0.999955952167511 -0.005981653928756714 -0.007232934236526489
vn 0.989565372467041 -0.09116176515817642 -0.11157933622598648
vn 0.999955952167511 -0.005981653928756714 -0.007232934236526489
vn 0.9902485609054565 -0.04718222841620445 -0.1310788244009018
vn 0.9999878406524658 -0.0016784733161330223 -0.004638823214918375
vn 0.9999878406524658 -0.0016784733161330223 -0.004638823214918375
vn 0.9920588731765747 0.07895338535308838 0.09790584444999695
vn 0.999955952167511 -0.005981653928756714 -0.007232934236526489
vn 0.9920588731765747 0.07895338535308838 0.09790584444999695
vn 0.9999878406524658 -0.0016784733161330223 -0.004638823214918375
vn 0.9915668964385986 0.043672963976860046 0.12201560288667679
vn 0.9915668964385986 0.043672963976860046 0.12201560288667679
vn 0.9660850763320923 0.16153816878795624 0.20145727694034576
vn 0.9920588731765747 0.07895338535308838 0.09790584444999695
vn 0.9660850763320923 0.16153816878795624 0.20145727694034576
vn 0.9915668964385986 0.043672963976860046 0.12201560288667679
vn 0.9652908444404602 0.08786476403474808 0.24595408141613007
vn 0.9652908444404602 0.08786476403474808 0.24595408141613007
vn 0.9231719970703125 0.23951388895511627 0.300643652677536
vn 0.9660850763320923 0.16153816878795624 0.20145727694034576
vn 0.9231719970703125 0.23951388895511627 0.300643652677536
vn 0.9652908444404602 0.08786476403474808 0.24595408141613007
vn 0.9223368167877197 0.12970465421676636 0.3639663755893707
vn 0.9223368167877197 0.12970465421676636 0.3639663755893707
vn 0.8648034930229187 0.3115136921405792 0.39379453659057617
vn 0.9231719970703125 0.23951388895511627 0.300643652677536
vn 0.8648034930229187 0.3115136921405792 0.39379453659057617
vn 0.9223368167877197 0.12970465421676636 0.3639663755893707
vn 0.8642030954360962 0.1685253381729126 0.474080353975296
vn 0.8642030954360962 0.1685253381729126 0.474080353975296
vn 0.792533278465271 0.3766426146030426 0.47961580753326416
vn 0.8648034930229187 0.3115136921405792 0.39379453659057617
vn 0.792533278465271 0.3766426146030426 0.47961580753326416
vn 0.8642030954360962 0.1685253381729126 0.474080353975296
vn 0.7923421859741211 0.2039300799369812 0.5749837756156921
vn 0.7923421859741211 0.2039300799369812 0.5749837756156921
vn 0.7076829075813293 0.4343821704387665 0.5572226047515869
vn 0.792533278465271 0.3766426146030426 0.47961580753326416
vn 0.7076829075813293 0.4343821704387665 0.5572226047515869
vn 0.7923421859741211 0.2039300799369812 0.5749837756156921
vn 0.7080200910568237 0.2355489879846573 0.6657508611679077
vn 0.7080200910568237 0.2355489879846573 0.6657508611679077
vn 0.6113423109054565 0.48438000679016113 0.6258087754249573
vn 0.7076829075813293 0.4343821704387665 0.5572226047515869
vn 0.6113423109054565 0.48438000679016113 0.6258087754249573
vn 0.7080200910568237 0.2355489879846573 0.6657508611679077
vn 0.6121795773506165 0.2632565498352051 0.7456085681915283
vn 0.6121795773506165 0.2632565498352051 0.7456085681915283
vn 0.5045193433761597 0.5262799263000488 0.6844630241394043
vn 0.6113423109054565 0.48438000679016113 0.6258087754249573
vn 0.5045193433761597 0.5262799263000488 0.6844630241394043
vn 0.6121795773506165 0.2632565498352051 0.7456085681915283
vn 0.5057001709938049 0.28672629594802856 0.8136678338050842
vn 0.5057001709938049 0.28672629594802856 0.8136678338050842
vn 0.3882303237915039 0.5597159266471863 0.7321169972419739
vn 0.5045193433761597 0.5262799263000488 0.6844630241394043
vn 0.3882303237915039 0.5597159266471863 0.7321169972419739
vn 0.5057001709938049 0.28672629594802856 0.8136678338050842
vn 0.38955017924308777 0.30568283796310425 0.868797242641449
vn 0.38955017924308777 0.30568283796310425 0.868797242641449
vn 0.2639002799987793 0.5841699242591858 0.7675299048423767
vn 0.3882303237915039 0.5597159266471863 0.7321169972419739
vn 0.2639002799987793 0.5841699242591858 0.7675299048423767
vn 0.38955017924308777 0.30568283796310425 0.868797242641449
vn 0.2649969756603241 0.31968724727630615 0.9097124338150024
vn 0.2649969756603241 0.31968724727630615 0.9097124338150024
vn 0.13346201181411743 0.5991299152374268 0.7894499897956848
vn 0.2639002799987793 0.5841699242591858 0.7675299048423767
vn 0.13346201181411743 0.5991299152374268 0.7894499897956848
vn 0.2649969756603241 0.31968724727630615 0.9097124338150024
vn 0.13410261273384094 0.32832881808280945 0.9349955320358276
vn 0.13410261273384094 0.32832881808280945 0.9349955320358276
vn -1.0577433329217456e-7 0.6041619777679443 0.7968615293502808
vn 0.13346201181411743 0.5991299152374268 0.7894499897956848
vn -1.0577433329217456e-7 0.6041619777679443 0.7968615293502808
vn 0.13410261273384094 0.32832881808280945 0.9349955320358276
vn -9.624413621622807e-8 0.33124884963035583 0.9435434341430664
vn -1.0577433329217456e-7 0.6041619777679443 0.7968615293502808
vn -9.624413621622807e-8 0.33124884963035583 0.9435434341430664
vn -0.13410280644893646 0.32832881808280945 0.9349955320358276
vn -1.0577433329217456e-7 0.6041619777679443 0.7968615293502808
vn -0.13410280644893646 0.32832881808280945 0.9349955320358276
vn -0.13346222043037415 0.599129855632782 0.78944993019104
vn -0.13346222043037415 0.599129855632782 0.78944993019104
vn -0.13410280644893646 0.32832881808280945 0.9349955320358276
vn -0.2649971544742584 0.31968721747398376 0.9097123742103577
vn -0.13346222043037415 0.599129855632782 0.78944993019104
vn -0.2649971544742584 0.31968721747398376 0.9097123742103577
vn -0.263900488615036 0.584169864654541 0.7675298452377319
vn -0.263900488615036 0.584169864654541 0.7675298452377319
vn -0.2649971544742584 0.31968721747398376 0.9097123742103577
vn -0.3895503580570221 0.3056827783584595 0.8687971830368042
vn -0.263900488615036 0.584169864654541 0.7675298452377319
vn -0.3895503580570221 0.3056827783584595 0.8687971830368042
vn -0.3882305324077606 0.5597158670425415 0.7321169376373291
vn -0.3882305324077606 0.5597158670425415 0.7321169376373291
vn -0.3895503580570221 0.3056827783584595 0.8687971830368042
vn -0.5057003498077393 0.2867262363433838 0.8136677742004395
vn -0.5057003498077393 0.2867262363433838 0.8136677742004395
vn -0.504519522190094 0.526279866695404 0.6844629645347595
vn -0.3882305324077606 0.5597158670425415 0.7321169376373291
vn -0.504519522190094 0.526279866695404 0.6844629645347595
vn -0.5057003498077393 0.2867262363433838 0.8136677742004395
vn -0.612179696559906 0.2632564604282379 0.7456085085868835
vn -0.612179696559906 0.2632564604282379 0.7456085085868835
vn -0.6113424301147461 0.4843798875808716 0.6258087158203125
vn -0.504519522190094 0.526279866695404 0.6844629645347595
vn -0.6113424301147461 0.4843798875808716 0.6258087158203125
vn -0.612179696559906 0.2632564604282379 0.7456085085868835
vn -0.7080202698707581 0.23554888367652893 0.6657507419586182
vn -0.7080202698707581 0.23554888367652893 0.6657507419586182
vn -0.7076830863952637 0.43438205122947693 0.5572224855422974
vn -0.6113424301147461 0.4843798875808716 0.6258087158203125
vn -0.7076830863952637 0.43438205122947693 0.5572224855422974
vn -0.7080202698707581 0.23554888367652893 0.6657507419586182
vn -0.7923423051834106 0.20392996072769165 0.5749836564064026
vn -0.7923423051834106 0.20392996072769165 0.5749836564064026
vn -0.7925333976745605 0.37664249539375305 0.4796156883239746
vn -0.7076830863952637 0.43438205122947693 0.5572224855422974
vn -0.7925333976745605 0.37664249539375305 0.4796156883239746
vn -0.7923423051834106 0.20392996072769165 0.5749836564064026
vn -0.8642032146453857 0.16852520406246185 0.47408023476600647
vn -0.8642032146453857 0.16852520406246185 0.47408023476600647
vn -0.8648036122322083 0.3115135431289673 0.39379438757896423
vn -0.7925333976745605 0.37664249539375305 0.4796156883239746
vn -0.8648036122322083 0.3115135431289673 0.39379438757896423
vn -0.8642032146453857 0.16852520406246185 0.47408023476600647
vn -0.9223368763923645 0.12970450520515442 0.3639662265777588
vn -0.9223368763923645 0.12970450520515442 0.3639662265777588
vn -0.9231720566749573 0.23951375484466553 0.3006435036659241
vn -0.8648036122322083 0.3115135431289673 0.39379438757896423
vn -0.9231720566749573 0.23951375484466553 0.3006435036659241
vn -0.9223368763923645 0.12970450520515442 0.3639662265777588
vn -0.965290904045105 0.08786462247371674 0.24595393240451813
vn -0.965290904045105 0.08786462247371674 0.24595393240451813
vn -0.9660851359367371 0.1615380197763443 0.20145712792873383
vn -0.9231720566749573 0.23951375484466553 0.3006435036659241
vn -0.9660851359367371 0.1615380197763443 0.20145712792873383
vn -0.965290904045105 0.08786462247371674 0.24595393240451813
vn -0.9915668964385986 0.04367281496524811 0.12201544642448425
vn -0.9915668964385986 0.04367281496524811 0.12201544642448425
vn -0.9920588731765747 0.07895323634147644 0.09790569543838501
vn -0.9660851359367371 0.1615380197763443 0.20145712792873383
vn -0.9920588731765747 0.07895323634147644 0.09790569543838501
vn -0.9915668964385986 0.04367281496524811 0.12201544642448425
vn -0.9999878406524658 -0.0016786243068054318 -0.004638974089175463
vn -0.9999878406524658 -0.0016786243068054318 -0.004638974089175463
vn -0.999955952167511 -0.005981804803013802 -0.007233085110783577
vn -0.9920588731765747 0.07895323634147644 0.09790569543838501
vn -0.999955952167511 -0.005981804803013802 -0.007233085110783577
vn -0.9999878406524658 -0.0016786243068054318 -0.004638974089175463
vn -0.9902485013008118 -0.04718237742781639 -0.13107897341251373
vn -0.9902485013008118 -0.04718237742781639 -0.13107897341251373
vn -0.9895653128623962 -0.09116191416978836 -0.11157948523759842
vn -0.999955952167511 -0.005981804803013802 -0.007233085110783577
vn -0.9895653128623962 -0.09116191416978836 -0.11157948523759842
vn -0.9902485013008118 -0.04718237742781639 -0.13107897341251373
vn -0.9628097414970398 -0.09164828062057495 -0.2541613280773163
vn -0.9628097414970398 -0.09164828062057495 -0.2541613280773163
vn -0.9614638686180115 -0.17429287731647491 -0.2126244753599167
vn -0.9895653128623962 -0.09116191416978836 -0.11157948523759842
vn -0.9614638686180115 -0.17429287731647491 -0.2126244753599167
vn -0.9628097414970398 -0.09164828062057495 -0.2541613280773163
vn -0.9189479947090149 -0.13397708535194397 -0.3709241449832916
vn -0.9189479947090149 -0.13397708535194397 -0.3709241449832916
vn -0.9170131087303162 -0.2533102035522461 -0.308092325925827
vn -0.9614638686180115 -0.17429287731647491 -0.2126244753599167
vn -0.9170131087303162 -0.2533102035522461 -0.308092325925827
vn -0.9189479947090149 -0.13397708535194397 -0.3709241449832916
vn -0.8602150678634644 -0.1734713912010193 -0.47951826453208923
vn -0.8602150678634644 -0.1734713912010193 -0.47951826453208923
vn -0.8578311800956726 -0.3268597722053528 -0.39659595489501953
vn -0.9170131087303162 -0.2533102035522461 -0.308092325925827
vn -0.8578311800956726 -0.3268597722053528 -0.39659595489501953
vn -0.8602150678634644 -0.1734713912010193 -0.47951826453208923
vn -0.7880403399467468 -0.20963755249977112 -0.5788302421569824
vn -0.7880403399467468 -0.20963755249977112 -0.5788302421569824
vn -0.7853744626045227 -0.3941522538661957 -0.47731637954711914
vn -0.8578311800956726 -0.3268597722053528 -0.39659595489501953
vn -0.7853744626045227 -0.3941522538661957 -0.47731637954711914
vn -0.7880403399467468 -0.20963755249977112 -0.5788302421569824
vn -0.7036946415901184 -0.24217456579208374 -0.6679561138153076
vn -0.7036946415901184 -0.24217456579208374 -0.6679561138153076
vn -0.7009153962135315 -0.45456045866012573 -0.5496293306350708
vn -0.7853744626045227 -0.3941522538661957 -0.47731637954711914
vn -0.6080926060676575 -0.2707958519458771 -0.7462526559829712
vn -0.6053814888000488 -0.5075976848602295 -0.6130725145339966
vn -0.7009153962135315 -0.45456045866012573 -0.5496293306350708
vn -0.6080926060676575 -0.2707958519458771 -0.7462526559829712
vn -0.7009153962135315 -0.45456045866012573 -0.5496293306350708
vn -0.7036946415901184 -0.24217456579208374 -0.6679561138153076
vn -0.5020638704299927 -0.2951773703098297 -0.8128974437713623
vn -0.4995995759963989 -0.5527336597442627 -0.6669976115226746
vn -0.6053814888000488 -0.5075976848602295 -0.6130725145339966
vn -0.5020638704299927 -0.2951773703098297 -0.8128974437713623
vn -0.6053814888000488 -0.5075976848602295 -0.6130725145339966
vn -0.6080926060676575 -0.2707958519458771 -0.7462526559829712
vn -0.38655394315719604 -0.314925879240036 -0.8668320178985596
vn -0.3845077157020569 -0.5891982316970825 -0.7106329798698425
vn -0.4995995759963989 -0.5527336597442627 -0.6669976115226746
vn -0.38655394315719604 -0.314925879240036 -0.8668320178985596
vn -0.4995995759963989 -0.5527336597442627 -0.6669976115226746
vn -0.5020638704299927 -0.2951773703098297 -0.8128974437713623
vn -0.26286453008651733 -0.32958030700683594 -0.9067960381507874
vn -0.2613981366157532 -0.6162161231040955 -0.7429324984550476
vn -0.3845077157020569 -0.5891982316970825 -0.7106329798698425
vn -0.26286453008651733 -0.32958030700683594 -0.9067960381507874
vn -0.3845077157020569 -0.5891982316970825 -0.7106329798698425
vn -0.38655394315719604 -0.314925879240036 -0.8668320178985596
vn -0.13297152519226074 -0.3386397361755371 -0.9314728379249573
vn -0.13220886886119843 -0.6329061985015869 -0.7628568410873413
vn -0.2613981366157532 -0.6162161231040955 -0.7429324984550476
vn -0.13297152519226074 -0.3386397361755371 -0.9314728379249573
vn -0.2613981366157532 -0.6162161231040955 -0.7429324984550476
vn -0.26286453008651733 -0.32958030700683594 -0.9067960381507874
vn 9.453857785501896e-8 -0.9547310471534729 -0.2974703311920166
vn -0.13220886886119843 -0.6329061985015869 -0.7628568410873413
vn 1.0631053726228856e-7 -0.6385228633880615 -0.7696028351783752
vn -0.13220886886119843 -0.6329061985015869 -0.7628568410873413
vn 9.453857785501896e-8 -0.9547310471534729 -0.2974703311920166
vn -0.13373538851737976 -0.9461586475372314 -0.294785737991333
vn 0.13220909237861633 -0.6329061985015869 -0.7628567814826965
vn 0.13373558223247528 -0.9461586475372314 -0.2947857081890106
vn 9.453857785501896e-8 -0.9547310471534729 -0.2974703311920166
vn 0.13220909237861633 -0.6329061985015869 -0.7628567814826965
vn 9.453857785501896e-8 -0.9547310471534729 -0.2974703311920166
vn 1.0631053726228856e-7 -0.6385228633880615 -0.7696028351783752
vn 0.2613983154296875 -0.6162161231040955 -0.7429324388504028
vn 0.26423749327659607 -0.9208022356033325 -0.28688281774520874
vn 0.13373558223247528 -0.9461586475372314 -0.2947857081890106
vn 0.2613983154296875 -0.6162161231040955 -0.7429324388504028
vn 0.13373558223247528 -0.9461586475372314 -0.2947857081890106
vn 0.13220909237861633 -0.6329061985015869 -0.7628567814826965
vn 0.3845079243183136 -0.5891981720924377 -0.7106329202651978
vn 0.3883551359176636 -0.8798034191131592 -0.2740916609764099
vn 0.26423749327659607 -0.9208022356033325 -0.28688281774520874
vn 0.3845079243183136 -0.5891981720924377 -0.7106329202651978
vn 0.26423749327659607 -0.9208022356033325 -0.28688281774520874
vn 0.2613983154296875 -0.6162161231040955 -0.7429324388504028
vn 0.49959975481033325 -0.5527336001396179 -0.666997492313385
vn 0.503964900970459 -0.8246307969093323 -0.2569112479686737
vn 0.3883551359176636 -0.8798034191131592 -0.2740916609764099
vn 0.49959975481033325 -0.5527336001396179 -0.666997492313385
vn 0.3883551359176636 -0.8798034191131592 -0.2740916609764099
vn 0.3845079243183136 -0.5891981720924377 -0.7106329202651978
vn 0.6053816676139832 -0.5075975656509399 -0.613072395324707
vn 0.609805166721344 -0.7566636800765991 -0.23579168319702148
vn 0.503964900970459 -0.8246307969093323 -0.2569112479686737
vn 0.6053816676139832 -0.5075975656509399 -0.613072395324707
vn 0.503964900970459 -0.8246307969093323 -0.2569112479686737
vn 0.49959975481033325 -0.5527336001396179 -0.666997492313385
vn 0.7049078941345215 -0.6771656274795532 -0.21107248961925507
vn 0.6053816676139832 -0.5075975656509399 -0.613072395324707
vn 0.700915515422821 -0.45456036925315857 -0.5496292114257812
vn 0.6053816676139832 -0.5075975656509399 -0.613072395324707
vn 0.7049078941345215 -0.6771656274795532 -0.21107248961925507
vn 0.609805166721344 -0.7566636800765991 -0.23579168319702148
vn 0.7885345220565796 -0.5871051549911499 -0.18308691680431366
vn 0.700915515422821 -0.45456036925315857 -0.5496292114257812
vn 0.7853745818138123 -0.39415213465690613 -0.4773162603378296
vn 0.700915515422821 -0.45456036925315857 -0.5496292114257812
vn 0.7885345220565796 -0.5871051549911499 -0.18308691680431366
vn 0.7049078941345215 -0.6771656274795532 -0.21107248961925507
vn 0.8598951697349548 -0.4872921407222748 -0.1520746499300003
vn 0.7853745818138123 -0.39415213465690613 -0.4773162603378296
vn 0.8578312993049622 -0.32685965299606323 -0.3965958058834076
vn 0.7853745818138123 -0.39415213465690613 -0.4773162603378296
vn 0.8598951697349548 -0.4872921407222748 -0.1520746499300003
vn 0.7885345220565796 -0.5871051549911499 -0.18308691680431366
vn 0.9179499745368958 -0.37864893674850464 -0.11829149723052979
vn 0.8578312993049622 -0.32685965299606323 -0.3965958058834076
vn 0.9170132279396057 -0.25331005454063416 -0.3080921769142151
vn 0.8578312993049622 -0.32685965299606323 -0.3965958058834076
vn 0.9179499745368958 -0.37864893674850464 -0.11829149723052979
vn 0.8598951697349548 -0.4872921407222748 -0.1520746499300003
vn 0.961478590965271 -0.2623434364795685 -0.08206620067358017
vn 0.9170132279396057 -0.25331005454063416 -0.3080921769142151
vn 0.9614639282226562 -0.17429272830486298 -0.21262432634830475
vn 0.9170132279396057 -0.25331005454063416 -0.3080921769142151
vn 0.961478590965271 -0.2623434364795685 -0.08206620067358017
vn 0.9179499745368958 -0.37864893674850464 -0.11829149723052979
vn 0.9891567230224609 -0.14014394581317902 -0.043917007744312286
vn 0.9614639282226562 -0.17429272830486298 -0.21262432634830475
vn 0.989565372467041 -0.09116176515817642 -0.11157933622598648
vn 0.9614639282226562 -0.17429272830486298 -0.21262432634830475
vn 0.9891567230224609 -0.14014394581317902 -0.043917007744312286
vn 0.961478590965271 -0.2623434364795685 -0.08206620067358017
vn 0.9998807311058044 -0.014740405604243279 -0.004608232527971268
vn 0.989565372467041 -0.09116176515817642 -0.11157933622598648
vn 0.999955952167511 -0.005981653928756714 -0.007232934236526489
vn 0.989565372467041 -0.09116176515817642 -0.11157933622598648
vn 0.9998807311058044 -0.014740405604243279 -0.004608232527971268
vn 0.9891567230224609 -0.14014394581317902 -0.043917007744312286
vn 0.993220865726471 0.11084626615047455 0.03500574082136154
vn 0.999955952167511 -0.005981653928756714 -0.007232934236526489
vn 0.9920588731765747 0.07895338535308838 0.09790584444999695
vn 0.999955952167511 -0.005981653928756714 -0.007232934236526489
vn 0.993220865726471 0.11084626615047455 0.03500574082136154
vn 0.9998807311058044 -0.014740405604243279 -0.004608232527971268
vn 0.9694086909294128 0.23399002850055695 0.07413097470998764
vn 0.9920588731765747 0.07895338535308838 0.09790584444999695
vn 0.9660850763320923 0.16153816878795624 0.20145727694034576
vn 0.9920588731765747 0.07895338535308838 0.09790584444999695
vn 0.9694086909294128 0.23399002850055695 0.07413097470998764
vn 0.993220865726471 0.11084626615047455 0.03500574082136154
vn 0.9294013381004333 0.35170337557792664 0.11188347637653351
vn 0.9660850763320923 0.16153816878795624 0.20145727694034576
vn 0.9231719970703125 0.23951388895511627 0.300643652677536
vn 0.9660850763320923 0.16153816878795624 0.20145727694034576
vn 0.9294013381004333 0.35170337557792664 0.11188347637653351
vn 0.9694086909294128 0.23399002850055695 0.07413097470998764
vn 0.8743935823440552 0.46220701932907104 0.14764992892742157
vn 0.9231719970703125 0.23951388895511627 0.300643652677536
vn 0.8648034930229187 0.3115136921405792 0.39379453659057617
vn 0.9231719970703125 0.23951388895511627 0.300643652677536
vn 0.8743935823440552 0.46220701932907104 0.14764992892742157
vn 0.9294013381004333 0.35170337557792664 0.11188347637653351
vn 0.8055198192596436 0.5642363429069519 0.18103909492492676
vn 0.8648034930229187 0.3115136921405792 0.39379453659057617
vn 0.792533278465271 0.3766426146030426 0.47961580753326416
vn 0.8648034930229187 0.3115136921405792 0.39379453659057617
vn 0.8055198192596436 0.5642363429069519 0.18103909492492676
vn 0.8743935823440552 0.46220701932907104 0.14764992892742157
vn 0.723605751991272 0.6569523215293884 0.21167993545532227
vn 0.792533278465271 0.3766426146030426 0.47961580753326416
vn 0.7076829075813293 0.4343821704387665 0.5572226047515869
vn 0.792533278465271 0.3766426146030426 0.47961580753326416
vn 0.723605751991272 0.6569523215293884 0.21167993545532227
vn 0.8055198192596436 0.5642363429069519 0.18103909492492676
vn 0.6291841268539429 0.739511251449585 0.23927071690559387
vn 0.7076829075813293 0.4343821704387665 0.5572226047515869
vn 0.6113423109054565 0.48438000679016113 0.6258087754249573
vn 0.7076829075813293 0.4343821704387665 0.5572226047515869
vn 0.6291841268539429 0.739511251449585 0.23927071690559387
vn 0.723605751991272 0.6569523215293884 0.21167993545532227
vn 0.6291841268539429 0.739511251449585 0.23927071690559387
vn 0.6113423109054565 0.48438000679016113 0.6258087754249573
vn 0.5045193433761597 0.5262799263000488 0.6844630241394043
vn 0.6291841268539429 0.739511251449585 0.23927071690559387
vn 0.5045193433761597 0.5262799263000488 0.6844630241394043
vn 0.5227046608924866 0.8108378648757935 0.2632904052734375
vn 0.5227046608924866 0.8108378648757935 0.2632904052734375
vn 0.5045193433761597 0.5262799263000488 0.6844630241394043
vn 0.3882303237915039 0.5597159266471863 0.7321169972419739
vn 0.5227046608924866 0.8108378648757935 0.2632904052734375
vn 0.3882303237915039 0.5597159266471863 0.7321169972419739
vn 0.40477558970451355 0.8694605231285095 0.2831873595714569
vn 0.40477558970451355 0.8694605231285095 0.2831873595714569
vn 0.3882303237915039 0.5597159266471863 0.7321169972419739
vn 0.2639002799987793 0.5841699242591858 0.7675299048423767
vn 0.40477558970451355 0.8694605231285095 0.2831873595714569
vn 0.2639002799987793 0.5841699242591858 0.7675299048423767
vn 0.2765689194202423 0.9135445952415466 0.29823797941207886
vn 0.2765689194202423 0.9135445952415466 0.29823797941207886
vn 0.2639002799987793 0.5841699242591858 0.7675299048423767
vn 0.13346201181411743 0.5991299152374268 0.7894499897956848
vn 0.2765689194202423 0.9135445952415466 0.29823797941207886
vn 0.13346201181411743 0.5991299152374268 0.7894499897956848
vn 0.14035582542419434 0.941077470779419 0.30769047141075134
vn 0.14035582542419434 0.941077470779419 0.30769047141075134
vn 0.13346201181411743 0.5991299152374268 0.7894499897956848
vn -1.0577433329217456e-7 0.6041619777679443 0.7968615293502808
vn 0.14035582542419434 0.941077470779419 0.30769047141075134
vn -1.0577433329217456e-7 0.6041619777679443 0.7968615293502808
vn -9.522888433366461e-8 0.9504415988922119 0.3109032213687897
vn -1.0577433329217456e-7 0.6041619777679443 0.7968615293502808
vn -0.14035600423812866 0.941077470779419 0.30769044160842896
vn -9.522888433366461e-8 0.9504415988922119 0.3109032213687897
vn -0.14035600423812866 0.941077470779419 0.30769044160842896
vn -1.0577433329217456e-7 0.6041619777679443 0.7968615293502808
vn -0.13346222043037415 0.599129855632782 0.78944993019104
vn -0.13346222043037415 0.599129855632782 0.78944993019104
vn -0.276569128036499 0.9135445356369019 0.29823794960975647
vn -0.14035600423812866 0.941077470779419 0.30769044160842896
vn -0.276569128036499 0.9135445356369019 0.29823794960975647
vn -0.13346222043037415 0.599129855632782 0.78944993019104
vn -0.263900488615036 0.584169864654541 0.7675298452377319
vn -0.263900488615036 0.584169864654541 0.7675298452377319
vn -0.4047757685184479 0.8694604635238647 0.28318729996681213
vn -0.276569128036499 0.9135445356369019 0.29823794960975647
vn -0.4047757685184479 0.8694604635238647 0.28318729996681213
vn -0.263900488615036 0.584169864654541 0.7675298452377319
vn -0.3882305324077606 0.5597158670425415 0.7321169376373291
vn -0.3882305324077606 0.5597158670425415 0.7321169376373291
vn -0.5227048397064209 0.8108377456665039 0.26329031586647034
vn -0.4047757685184479 0.8694604635238647 0.28318729996681213
vn -0.5227048397064209 0.8108377456665039 0.26329031586647034
vn -0.3882305324077606 0.5597158670425415 0.7321169376373291
vn -0.504519522190094 0.526279866695404 0.6844629645347595
vn -0.504519522190094 0.526279866695404 0.6844629645347595
vn -0.6291842460632324 0.7395111322402954 0.2392706274986267
vn -0.5227048397064209 0.8108377456665039 0.26329031586647034
vn -0.6291842460632324 0.7395111322402954 0.2392706274986267
vn -0.504519522190094 0.526279866695404 0.6844629645347595
vn -0.6113424301147461 0.4843798875808716 0.6258087158203125
vn -0.6291842460632324 0.7395111322402954 0.2392706274986267
vn -0.6113424301147461 0.4843798875808716 0.6258087158203125
vn -0.7076830863952637 0.43438205122947693 0.5572224855422974
vn -0.7076830863952637 0.43438205122947693 0.5572224855422974
vn -0.7236058712005615 0.6569522023200989 0.2116798311471939
vn -0.6291842460632324 0.7395111322402954 0.2392706274986267
vn -0.7236058712005615 0.6569522023200989 0.2116798311471939
vn -0.7076830863952637 0.43438205122947693 0.5572224855422974
vn -0.7925333976745605 0.37664249539375305 0.4796156883239746
vn -0.7925333976745605 0.37664249539375305 0.4796156883239746
vn -0.8055199384689331 0.5642362236976624 0.1810389757156372
vn -0.7236058712005615 0.6569522023200989 0.2116798311471939
vn -0.8055199384689331 0.5642362236976624 0.1810389757156372
vn -0.7925333976745605 0.37664249539375305 0.4796156883239746
vn -0.8648036122322083 0.3115135431289673 0.39379438757896423
vn -0.8648036122322083 0.3115135431289673 0.39379438757896423
vn -0.8743937015533447 0.4622068703174591 0.14764979481697083
vn -0.8055199384689331 0.5642362236976624 0.1810389757156372
vn -0.8743937015533447 0.4622068703174591 0.14764979481697083
vn -0.8648036122322083 0.3115135431289673 0.39379438757896423
vn -0.9231720566749573 0.23951375484466553 0.3006435036659241
vn -0.9231720566749573 0.23951375484466553 0.3006435036659241
vn -0.9294013977050781 0.3517032563686371 0.11188333481550217
vn -0.8743937015533447 0.4622068703174591 0.14764979481697083
vn -0.9294013977050781 0.3517032563686371 0.11188333481550217
vn -0.9231720566749573 0.23951375484466553 0.3006435036659241
vn -0.9660851359367371 0.1615380197763443 0.20145712792873383
vn -0.9660851359367371 0.1615380197763443 0.20145712792873383
vn -0.9694087505340576 0.233989879488945 0.0741308256983757
vn -0.9294013977050781 0.3517032563686371 0.11188333481550217
vn -0.9694087505340576 0.233989879488945 0.0741308256983757
vn -0.9660851359367371 0.1615380197763443 0.20145712792873383
vn -0.9920588731765747 0.07895323634147644 0.09790569543838501
vn -0.9920588731765747 0.07895323634147644 0.09790569543838501
vn -0.9932209253311157 0.11084611713886261 0.0350055918097496
vn -0.9694087505340576 0.233989879488945 0.0741308256983757
vn -0.9932209253311157 0.11084611713886261 0.0350055918097496
vn -0.9920588731765747 0.07895323634147644 0.09790569543838501
vn -0.999955952167511 -0.005981804803013802 -0.007233085110783577
vn -0.999955952167511 -0.005981804803013802 -0.007233085110783577
vn -0.9998807311058044 -0.014740556478500366 -0.004608383402228355
vn -0.9932209253311157 0.11084611713886261 0.0350055918097496
vn -0.9998807311058044 -0.014740556478500366 -0.004608383402228355
vn -0.999955952167511 -0.005981804803013802 -0.007233085110783577
vn -0.9895653128623962 -0.09116191416978836 -0.11157948523759842
vn -0.9895653128623962 -0.09116191416978836 -0.11157948523759842
vn -0.9891566634178162 -0.14014409482479095 -0.043917156755924225
vn -0.9998807311058044 -0.014740556478500366 -0.004608383402228355
vn -0.9891566634178162 -0.14014409482479095 -0.043917156755924225
vn -0.9895653128623962 -0.09116191416978836 -0.11157948523759842
vn -0.9614638686180115 -0.17429287731647491 -0.2126244753599167
vn -0.9614638686180115 -0.17429287731647491 -0.2126244753599167
vn -0.9614785313606262 -0.2623435854911804 -0.08206634223461151
vn -0.9891566634178162 -0.14014409482479095 -0.043917156755924225
vn -0.9614785313606262 -0.2623435854911804 -0.08206634223461151
vn -0.9614638686180115 -0.17429287731647491 -0.2126244753599167
vn -0.9170131087303162 -0.2533102035522461 -0.308092325925827
vn -0.9170131087303162 -0.2533102035522461 -0.308092325925827
vn -0.9179498553276062 -0.3786490857601166 -0.11829163879156113
vn -0.9614785313606262 -0.2623435854911804 -0.08206634223461151
vn -0.9179498553276062 -0.3786490857601166 -0.11829163879156113
vn -0.9170131087303162 -0.2533102035522461 -0.308092325925827
vn -0.8578311800956726 -0.3268597722053528 -0.39659595489501953
vn -0.8578311800956726 -0.3268597722053528 -0.39659595489501953
vn -0.8598950505256653 -0.4872922897338867 -0.15207478404045105
vn -0.9179498553276062 -0.3786490857601166 -0.11829163879156113
vn -0.8598950505256653 -0.4872922897338867 -0.15207478404045105
vn -0.8578311800956726 -0.3268597722053528 -0.39659595489501953
vn -0.7853744626045227 -0.3941522538661957 -0.47731637954711914
vn -0.7853744626045227 -0.3941522538661957 -0.47731637954711914
vn -0.78853440284729 -0.5871052742004395 -0.1830870360136032
vn -0.8598950505256653 -0.4872922897338867 -0.15207478404045105
vn -0.78853440284729 -0.5871052742004395 -0.1830870360136032
vn -0.7853744626045227 -0.3941522538661957 -0.47731637954711914
vn -0.7009153962135315 -0.45456045866012573 -0.5496293306350708
vn -0.7009153962135315 -0.45456045866012573 -0.5496293306350708
vn -0.7049077749252319 -0.677165687084198 -0.21107259392738342
vn -0.78853440284729 -0.5871052742004395 -0.1830870360136032
vn -0.7049077749252319 -0.677165687084198 -0.21107259392738342
vn -0.7009153962135315 -0.45456045866012573 -0.5496293306350708
vn -0.6053814888000488 -0.5075976848602295 -0.6130725145339966
vn -0.6053814888000488 -0.5075976848602295 -0.6130725145339966
vn -0.6098050475120544 -0.7566637992858887 -0.23579177260398865
vn -0.7049077749252319 -0.677165687084198 -0.21107259392738342
vn -0.5039647221565247 -0.8246309161186218 -0.2569113075733185
vn -0.6053814888000488 -0.5075976848602295 -0.6130725145339966
vn -0.4995995759963989 -0.5527336597442627 -0.6669976115226746
vn -0.6053814888000488 -0.5075976848602295 -0.6130725145339966
vn -0.5039647221565247 -0.8246309161186218 -0.2569113075733185
vn -0.6098050475120544 -0.7566637992858887 -0.23579177260398865
vn -0.38832905888557434 -0.8798139095306396 -0.27409496903419495
vn -0.4995995759963989 -0.5527336597442627 -0.6669976115226746
vn -0.3845077157020569 -0.5891982316970825 -0.7106329798698425
vn -0.4995995759963989 -0.5527336597442627 -0.6669976115226746
vn -0.38832905888557434 -0.8798139095306396 -0.27409496903419495
vn -0.5039647221565247 -0.8246309161186218 -0.2569113075733185
vn -0.26423731446266174 -0.9208022952079773 -0.28688284754753113
vn -0.3845077157020569 -0.5891982316970825 -0.7106329798698425
vn -0.2613981366157532 -0.6162161231040955 -0.7429324984550476
vn -0.3845077157020569 -0.5891982316970825 -0.7106329798698425
vn -0.26423731446266174 -0.9208022952079773 -0.28688284754753113
vn -0.38832905888557434 -0.8798139095306396 -0.27409496903419495
vn -0.13373538851737976 -0.9461586475372314 -0.294785737991333
vn -0.2613981366157532 -0.6162161231040955 -0.7429324984550476
vn -0.13220886886119843 -0.6329061985015869 -0.7628568410873413
vn -0.2613981366157532 -0.6162161231040955 -0.7429324984550476
vn -0.13373538851737976 -0.9461586475372314 -0.294785737991333
vn -0.26423731446266174 -0.9208022952079773 -0.28688284754753113
vn 9.453857785501896e-8 -0.9547310471534729 -0.2974703311920166
vn 4.574883760710691e-8 -0.9418882131576538 0.33592650294303894
vn -0.13263794779777527 -0.933562695980072 0.3329683244228363
vn 9.453857785501896e-8 -0.9547310471534729 -0.2974703311920166
vn -0.13263794779777527 -0.933562695980072 0.3329683244228363
vn -0.13373538851737976 -0.9461586475372314 -0.294785737991333
vn 0.13263803720474243 -0.9335626363754272 0.3329683542251587
vn 9.453857785501896e-8 -0.9547310471534729 -0.2974703311920166
vn 0.13373558223247528 -0.9461586475372314 -0.2947857081890106
vn 9.453857785501896e-8 -0.9547310471534729 -0.2974703311920166
vn 0.13263803720474243 -0.9335626363754272 0.3329683542251587
vn 4.574883760710691e-8 -0.9418882131576538 0.33592650294303894
vn 0.2621912956237793 -0.9089256525039673 0.32420650124549866
vn 0.13373558223247528 -0.9461586475372314 -0.2947857081890106
vn 0.26423749327659607 -0.9208022356033325 -0.28688281774520874
vn 0.13373558223247528 -0.9461586475372314 -0.2947857081890106
vn 0.2621912956237793 -0.9089256525039673 0.32420650124549866
vn 0.13263803720474243 -0.9335626363754272 0.3329683542251587
vn 0.3855469226837158 -0.8690597414970398 0.3099817633628845
vn 0.26423749327659607 -0.9208022356033325 -0.28688281774520874
vn 0.3883551359176636 -0.8798034191131592 -0.2740916609764099
vn 0.26423749327659607 -0.9208022356033325 -0.28688281774520874
vn 0.3855469226837158 -0.8690597414970398 0.3099817633628845
vn 0.2621912956237793 -0.9089256525039673 0.32420650124549866
vn 0.5007317662239075 -0.8152645826339722 0.290880411863327
vn 0.3883551359176636 -0.8798034191131592 -0.2740916609764099
vn 0.503964900970459 -0.8246307969093323 -0.2569112479686737
vn 0.3883551359176636 -0.8798034191131592 -0.2740916609764099
vn 0.5007317662239075 -0.8152645826339722 0.290880411863327
vn 0.3855469226837158 -0.8690597414970398 0.3099817633628845
vn 0.6064813733100891 -0.7488237619400024 0.2672888934612274
vn 0.503964900970459 -0.8246307969093323 -0.2569112479686737
vn 0.609805166721344 -0.7566636800765991 -0.23579168319702148
vn 0.503964900970459 -0.8246307969093323 -0.2569112479686737
vn 0.6064813733100891 -0.7488237619400024 0.2672888934612274
vn 0.5007317662239075 -0.8152645826339722 0.290880411863327
vn 0.7018173933029175 -0.6708404421806335 0.23963609337806702
vn 0.609805166721344 -0.7566636800765991 -0.23579168319702148
vn 0.7049078941345215 -0.6771656274795532 -0.21107248961925507
vn 0.609805166721344 -0.7566636800765991 -0.23579168319702148
vn 0.7018173933029175 -0.6708404421806335 0.23963609337806702
vn 0.6064813733100891 -0.7488237619400024 0.2672888934612274
vn 0.7018173933029175 -0.6708404421806335 0.23963609337806702
vn 0.7049078941345215 -0.6771656274795532 -0.21107248961925507
vn 0.7885345220565796 -0.5871051549911499 -0.18308691680431366
vn 0.7018173933029175 -0.6708404421806335 0.23963609337806702
vn 0.7885345220565796 -0.5871051549911499 -0.18308691680431366
vn 0.785997211933136 -0.5821273922920227 0.20817303657531738
vn 0.785997211933136 -0.5821273922920227 0.20817303657531738
vn 0.7885345220565796 -0.5871051549911499 -0.18308691680431366
vn 0.8598951697349548 -0.4872921407222748 -0.1520746499300003
vn 0.785997211933136 -0.5821273922920227 0.20817303657531738
vn 0.8598951697349548 -0.4872921407222748 -0.1520746499300003
vn 0.8580852150917053 -0.4834282100200653 0.17316749691963196
vn 0.8580852150917053 -0.4834282100200653 0.17316749691963196
vn 0.8598951697349548 -0.4872921407222748 -0.1520746499300003
vn 0.9179499745368958 -0.37864893674850464 -0.11829149723052979
vn 0.8580852150917053 -0.4834282100200653 0.17316749691963196
vn 0.9179499745368958 -0.37864893674850464 -0.11829149723052979
vn 0.9169467687606812 -0.375537633895874 0.13483351469039917
vn 0.9169467687606812 -0.375537633895874 0.13483351469039917
vn 0.9179499745368958 -0.37864893674850464 -0.11829149723052979
vn 0.961478590965271 -0.2623434364795685 -0.08206620067358017
vn 0.9169467687606812 -0.375537633895874 0.13483351469039917
vn 0.961478590965271 -0.2623434364795685 -0.08206620067358017
vn 0.9611786603927612 -0.25959813594818115 0.09351158142089844
vn 0.9611786603927612 -0.25959813594818115 0.09351158142089844
vn 0.961478590965271 -0.2623434364795685 -0.08206620067358017
vn 0.9891567230224609 -0.14014394581317902 -0.043917007744312286
vn 0.9611786603927612 -0.25959813594818115 0.09351158142089844
vn 0.9891567230224609 -0.14014394581317902 -0.043917007744312286
vn 0.989270806312561 -0.13739609718322754 0.049654360860586166
vn 0.989270806312561 -0.13739609718322754 0.049654360860586166
vn 0.9891567230224609 -0.14014394581317902 -0.043917007744312286
vn 0.9998807311058044 -0.014740405604243279 -0.004608232527971268
vn 0.989270806312561 -0.13739609718322754 0.049654360860586166
vn 0.9998807311058044 -0.014740405604243279 -0.004608232527971268
vn 0.9999217391014099 -0.011780225671827793 0.004211685620248318
vn 0.9999217391014099 -0.011780225671827793 0.004211685620248318
vn 0.9998807311058044 -0.014740405604243279 -0.004608232527971268
vn 0.993220865726471 0.11084626615047455 0.03500574082136154
vn 0.9999217391014099 -0.011780225671827793 0.004211685620248318
vn 0.993220865726471 0.11084626615047455 0.03500574082136154
vn 0.9925815463066101 0.1141425371170044 -0.041872505098581314
vn 0.9925815463066101 0.1141425371170044 -0.041872505098581314
vn 0.993220865726471 0.11084626615047455 0.03500574082136154
vn 0.9694086909294128 0.23399002850055695 0.07413097470998764
vn 0.9925815463066101 0.1141425371170044 -0.041872505098581314
vn 0.9694086909294128 0.23399002850055695 0.07413097470998764
vn 0.9674338698387146 0.23744086921215057 -0.08771263062953949
vn 0.9674338698387146 0.23744086921215057 -0.08771263062953949
vn 0.9694086909294128 0.23399002850055695 0.07413097470998764
vn 0.9294013381004333 0.35170337557792664 0.11188347637653351
vn 0.9674338698387146 0.23744086921215057 -0.08771263062953949
vn 0.9294013381004333 0.35170337557792664 0.11188347637653351
vn 0.9255017638206482 0.3549410402774811 -0.13214907050132751
vn 0.9255017638206482 0.3549410402774811 -0.13214907050132751
vn 0.9294013381004333 0.35170337557792664 0.11188347637653351
vn 0.8743935823440552 0.46220701932907104 0.14764992892742157
vn 0.9255017638206482 0.3549410402774811 -0.13214907050132751
vn 0.8743935823440552 0.46220701932907104 0.14764992892742157
vn 0.8681929707527161 0.4645399749279022 -0.1744808852672577
vn 0.8681929707527161 0.4645399749279022 -0.1744808852672577
vn 0.8743935823440552 0.46220701932907104 0.14764992892742157
vn 0.8055198192596436 0.5642363429069519 0.18103909492492676
vn 0.8681929707527161 0.4645399749279022 -0.1744808852672577
vn 0.8055198192596436 0.5642363429069519 0.18103909492492676
vn 0.7968968749046326 0.5649175643920898 -0.21406430006027222
vn 0.7968968749046326 0.5649175643920898 -0.21406430006027222
vn 0.8055198192596436 0.5642363429069519 0.18103909492492676
vn 0.723605751991272 0.6569523215293884 0.21167993545532227
vn 0.7968968749046326 0.5649175643920898 -0.21406430006027222
vn 0.723605751991272 0.6569523215293884 0.21167993545532227
vn 0.7127850651741028 0.6551336050033569 -0.2504742443561554
vn 0.723605751991272 0.6569523215293884 0.21167993545532227
vn 0.6168606877326965 0.734360933303833 -0.28319063782691956
vn 0.7127850651741028 0.6551336050033569 -0.2504742443561554
vn 0.6168606877326965 0.734360933303833 -0.28319063782691956
vn 0.723605751991272 0.6569523215293884 0.21167993545532227
vn 0.6291841268539429 0.739511251449585 0.23927071690559387
vn 0.6291841268539429 0.739511251449585 0.23927071690559387
vn 0.5099421143531799 0.801764965057373 -0.31166011095046997
vn 0.6168606877326965 0.734360933303833 -0.28319063782691956
vn 0.5099421143531799 0.801764965057373 -0.31166011095046997
vn 0.6291841268539429 0.739511251449585 0.23927071690559387
vn 0.5227046608924866 0.8108378648757935 0.2632904052734375
vn 0.5227046608924866 0.8108378648757935 0.2632904052734375
vn 0.39302754402160645 0.8562800884246826 -0.3351324498653412
vn 0.5099421143531799 0.801764965057373 -0.31166011095046997
vn 0.39302754402160645 0.8562800884246826 -0.3351324498653412
vn 0.5227046608924866 0.8108378648757935 0.2632904052734375
vn 0.40477558970451355 0.8694605231285095 0.2831873595714569
vn 0.40477558970451355 0.8694605231285095 0.2831873595714569
vn 0.26746758818626404 0.8966453075408936 -0.3528289794921875
vn 0.39302754402160645 0.8562800884246826 -0.3351324498653412
vn 0.26746758818626404 0.8966453075408936 -0.3528289794921875
vn 0.40477558970451355 0.8694605231285095 0.2831873595714569
vn 0.2765689194202423 0.9135445952415466 0.29823797941207886
vn 0.2765689194202423 0.9135445952415466 0.29823797941207886
vn 0.13538269698619843 0.9215548634529114 -0.3638792634010315
vn 0.26746758818626404 0.8966453075408936 -0.3528289794921875
vn 0.13538269698619843 0.9215548634529114 -0.3638792634010315
vn 0.2765689194202423 0.9135445952415466 0.29823797941207886
vn 0.14035582542419434 0.941077470779419 0.30769047141075134
vn 0.14035582542419434 0.941077470779419 0.30769047141075134
vn -4.2455582160982885e-8 0.9299718737602234 -0.36763063073158264
vn 0.13538269698619843 0.9215548634529114 -0.3638792634010315
vn -4.2455582160982885e-8 0.9299718737602234 -0.36763063073158264
vn 0.14035582542419434 0.941077470779419 0.30769047141075134
vn -9.522888433366461e-8 0.9504415988922119 0.3109032213687897
vn -4.2455582160982885e-8 0.9299718737602234 -0.36763063073158264
vn -9.522888433366461e-8 0.9504415988922119 0.3109032213687897
vn -0.14035600423812866 0.941077470779419 0.30769044160842896
vn -4.2455582160982885e-8 0.9299718737602234 -0.36763063073158264
vn -0.14035600423812866 0.941077470779419 0.30769044160842896
vn -0.1353827863931656 0.9215548634529114 -0.3638792932033539
vn -0.1353827863931656 0.9215548634529114 -0.3638792932033539
vn -0.14035600423812866 0.941077470779419 0.30769044160842896
vn -0.276569128036499 0.9135445356369019 0.29823794960975647
vn -0.1353827863931656 0.9215548634529114 -0.3638792932033539
vn -0.276569128036499 0.9135445356369019 0.29823794960975647
vn -0.2674676775932312 0.8966452479362488 -0.3528290092945099
vn -0.2674676775932312 0.8966452479362488 -0.3528290092945099
vn -0.276569128036499 0.9135445356369019 0.29823794960975647
vn -0.4047757685184479 0.8694604635238647 0.28318729996681213
vn -0.2674676775932312 0.8966452479362488 -0.3528290092945099
vn -0.4047757685184479 0.8694604635238647 0.28318729996681213
vn -0.3930276036262512 0.8562800288200378 -0.3351324796676636
vn -0.3930276036262512 0.8562800288200378 -0.3351324796676636
vn -0.4047757685184479 0.8694604635238647 0.28318729996681213
vn -0.5227048397064209 0.8108377456665039 0.26329031586647034
vn -0.3930276036262512 0.8562800288200378 -0.3351324796676636
vn -0.5227048397064209 0.8108377456665039 0.26329031586647034
vn -0.5099421739578247 0.8017648458480835 -0.31166017055511475
vn -0.5099421739578247 0.8017648458480835 -0.31166017055511475
vn -0.5227048397064209 0.8108377456665039 0.26329031586647034
vn -0.6291842460632324 0.7395111322402954 0.2392706274986267
vn -0.5099421739578247 0.8017648458480835 -0.31166017055511475
vn -0.6291842460632324 0.7395111322402954 0.2392706274986267
vn -0.6168607473373413 0.7343608140945435 -0.2831907570362091
vn -0.7236058712005615 0.6569522023200989 0.2116798311471939
vn -0.7127851247787476 0.6551335453987122 -0.25047433376312256
vn -0.6168607473373413 0.7343608140945435 -0.2831907570362091
vn -0.7236058712005615 0.6569522023200989 0.2116798311471939
vn -0.6168607473373413 0.7343608140945435 -0.2831907570362091
vn -0.6291842460632324 0.7395111322402954 0.2392706274986267
vn -0.7236058712005615 0.6569522023200989 0.2116798311471939
vn -0.7968969345092773 0.5649174451828003 -0.21406441926956177
vn -0.7127851247787476 0.6551335453987122 -0.25047433376312256
vn -0.7968969345092773 0.5649174451828003 -0.21406441926956177
vn -0.7236058712005615 0.6569522023200989 0.2116798311471939
vn -0.8055199384689331 0.5642362236976624 0.1810389757156372
vn -0.8055199384689331 0.5642362236976624 0.1810389757156372
vn -0.8682005405426025 0.46452751755714417 -0.17447638511657715
vn -0.7968969345092773 0.5649174451828003 -0.21406441926956177
vn -0.8682005405426025 0.46452751755714417 -0.17447638511657715
vn -0.8055199384689331 0.5642362236976624 0.1810389757156372
vn -0.8743937015533447 0.4622068703174591 0.14764979481697083
vn -0.8743937015533447 0.4622068703174591 0.14764979481697083
vn -0.9255017638206482 0.35494089126586914 -0.13214921951293945
vn -0.8682005405426025 0.46452751755714417 -0.17447638511657715
vn -0.9255017638206482 0.35494089126586914 -0.13214921951293945
vn -0.8743937015533447 0.4622068703174591 0.14764979481697083
vn -0.9294013977050781 0.3517032563686371 0.11188333481550217
vn -0.9294013977050781 0.3517032563686371 0.11188333481550217
vn -0.9674339294433594 0.23744072020053864 -0.08771277964115143
vn -0.9255017638206482 0.35494089126586914 -0.13214921951293945
vn -0.9674339294433594 0.23744072020053864 -0.08771277964115143
vn -0.9294013977050781 0.3517032563686371 0.11188333481550217
vn -0.9694087505340576 0.233989879488945 0.0741308256983757
vn -0.9694087505340576 0.233989879488945 0.0741308256983757
vn -0.9925816059112549 0.11414238810539246 -0.04187265411019325
vn -0.9674339294433594 0.23744072020053864 -0.08771277964115143
vn -0.9925816059112549 0.11414238810539246 -0.04187265411019325
vn -0.9694087505340576 0.233989879488945 0.0741308256983757
vn -0.9932209253311157 0.11084611713886261 0.0350055918097496
vn -0.9932209253311157 0.11084611713886261 0.0350055918097496
vn -0.9999217391014099 -0.01178037654608488 0.00421153474599123
vn -0.9925816059112549 0.11414238810539246 -0.04187265411019325
vn -0.9999217391014099 -0.01178037654608488 0.00421153474599123
vn -0.9932209253311157 0.11084611713886261 0.0350055918097496
vn -0.9998807311058044 -0.014740556478500366 -0.004608383402228355
vn -0.9998807311058044 -0.014740556478500366 -0.004608383402228355
vn -0.9892666339874268 -0.1374261975288391 0.049654003232717514
vn -0.9999217391014099 -0.01178037654608488 0.00421153474599123
vn -0.9892666339874268 -0.1374261975288391 0.049654003232717514
vn -0.9998807311058044 -0.014740556478500366 -0.004608383402228355
vn -0.9891566634178162 -0.14014409482479095 -0.043917156755924225
vn -0.9891566634178162 -0.14014409482479095 -0.043917156755924225
vn -0.9611786007881165 -0.2595982849597931 0.0935114324092865
vn -0.9892666339874268 -0.1374261975288391 0.049654003232717514
vn -0.9611786007881165 -0.2595982849597931 0.0935114324092865
vn -0.9891566634178162 -0.14014409482479095 -0.043917156755924225
vn -0.9614785313606262 -0.2623435854911804 -0.08206634223461151
vn -0.9614785313606262 -0.2623435854911804 -0.08206634223461151
vn -0.9169467687606812 -0.37553778290748596 0.13483338057994843
vn -0.9611786007881165 -0.2595982849597931 0.0935114324092865
vn -0.9169467687606812 -0.37553778290748596 0.13483338057994843
vn -0.9614785313606262 -0.2623435854911804 -0.08206634223461151
vn -0.9179498553276062 -0.3786490857601166 -0.11829163879156113
vn -0.9179498553276062 -0.3786490857601166 -0.11829163879156113
vn -0.8580851554870605 -0.48342832922935486 0.1731673628091812
vn -0.9169467687606812 -0.37553778290748596 0.13483338057994843
vn -0.8580851554870605 -0.48342832922935486 0.1731673628091812
vn -0.9179498553276062 -0.3786490857601166 -0.11829163879156113
vn -0.8598950505256653 -0.4872922897338867 -0.15207478404045105
vn -0.8598950505256653 -0.4872922897338867 -0.15207478404045105
vn -0.7859971523284912 -0.5821275115013123 0.20817291736602783
vn -0.8580851554870605 -0.48342832922935486 0.1731673628091812
vn -0.7859971523284912 -0.5821275115013123 0.20817291736602783
vn -0.8598950505256653 -0.4872922897338867 -0.15207478404045105
vn -0.78853440284729 -0.5871052742004395 -0.1830870360136032
vn -0.78853440284729 -0.5871052742004395 -0.1830870360136032
vn -0.7018173336982727 -0.6708405017852783 0.23963598906993866
vn -0.7859971523284912 -0.5821275115013123 0.20817291736602783
vn -0.7018173336982727 -0.6708405017852783 0.23963598906993866
vn -0.78853440284729 -0.5871052742004395 -0.1830870360136032
vn -0.7049077749252319 -0.677165687084198 -0.21107259392738342
vn -0.6098050475120544 -0.7566637992858887 -0.23579177260398865
vn -0.6064813137054443 -0.7488238215446472 0.26728880405426025
vn -0.7018173336982727 -0.6708405017852783 0.23963598906993866
vn -0.6098050475120544 -0.7566637992858887 -0.23579177260398865
vn -0.7018173336982727 -0.6708405017852783 0.23963598906993866
vn -0.7049077749252319 -0.677165687084198 -0.21107259392738342
vn -0.5039647221565247 -0.8246309161186218 -0.2569113075733185
vn -0.5007316470146179 -0.8152646422386169 0.29088032245635986
vn -0.6064813137054443 -0.7488238215446472 0.26728880405426025
vn -0.5039647221565247 -0.8246309161186218 -0.2569113075733185
vn -0.6064813137054443 -0.7488238215446472 0.26728880405426025
vn -0.6098050475120544 -0.7566637992858887 -0.23579177260398865
vn -0.38832905888557434 -0.8798139095306396 -0.27409496903419495
vn -0.38554683327674866 -0.8690598011016846 0.30998170375823975
vn -0.5007316470146179 -0.8152646422386169 0.29088032245635986
vn -0.38832905888557434 -0.8798139095306396 -0.27409496903419495
vn -0.5007316470146179 -0.8152646422386169 0.29088032245635986
vn -0.5039647221565247 -0.8246309161186218 -0.2569113075733185
vn -0.26423731446266174 -0.9208022952079773 -0.28688284754753113
vn -0.2621912360191345 -0.9089257121086121 0.32420647144317627
vn -0.38554683327674866 -0.8690598011016846 0.30998170375823975
vn -0.26423731446266174 -0.9208022952079773 -0.28688284754753113
vn -0.38554683327674866 -0.8690598011016846 0.30998170375823975
vn -0.38832905888557434 -0.8798139095306396 -0.27409496903419495
vn -0.13373538851737976 -0.9461586475372314 -0.294785737991333
vn -0.13263794779777527 -0.933562695980072 0.3329683244228363
vn -0.2621912360191345 -0.9089257121086121 0.32420647144317627
vn -0.13373538851737976 -0.9461586475372314 -0.294785737991333
vn -0.2621912360191345 -0.9089257121086121 0.32420647144317627
vn -0.26423731446266174 -0.9208022952079773 -0.28688284754753113
vn 4.574883760710691e-8 -0.9418882131576538 0.33592650294303894
vn 1.5893991900384208e-8 -0.8044893741607666 0.593967080116272
vn -0.12937010824680328 -0.7976755499839783 0.5890476107597351
vn 4.574883760710691e-8 -0.9418882131576538 0.33592650294303894
vn -0.12937010824680328 -0.7976755499839783 0.5890476107597351
vn -0.13263794779777527 -0.933562695980072 0.3329683244228363
vn 0.12937013804912567 -0.7976755499839783 0.5890476107597351
vn 4.574883760710691e-8 -0.9418882131576538 0.33592650294303894
vn 0.13263803720474243 -0.9335626363754272 0.3329683542251587
vn 4.574883760710691e-8 -0.9418882131576538 0.33592650294303894
vn 0.12937013804912567 -0.7976755499839783 0.5890476107597351
vn 1.5893991900384208e-8 -0.8044893741607666 0.593967080116272
vn 0.25611671805381775 -0.7774752974510193 0.5744009017944336
vn 0.13263803720474243 -0.9335626363754272 0.3329683542251587
vn 0.2621912956237793 -0.9089256525039673 0.32420650124549866
vn 0.13263803720474243 -0.9335626363754272 0.3329683542251587
vn 0.25611671805381775 -0.7774752974510193 0.5744009017944336
vn 0.12937013804912567 -0.7976755499839783 0.5890476107597351
vn 0.3774276077747345 -0.7446008324623108 0.5505615472793579
vn 0.2621912956237793 -0.9089256525039673 0.32420650124549866
vn 0.3855469226837158 -0.8690597414970398 0.3099817633628845
vn 0.2621912956237793 -0.9089256525039673 0.32420650124549866
vn 0.3774276077747345 -0.7446008324623108 0.5505615472793579
vn 0.25611671805381775 -0.7774752974510193 0.5744009017944336
vn 0.4915481209754944 -0.6999661922454834 0.5181001424789429
vn 0.3855469226837158 -0.8690597414970398 0.3099817633628845
vn 0.5007317662239075 -0.8152645826339722 0.290880411863327
vn 0.3855469226837158 -0.8690597414970398 0.3099817633628845
vn 0.4915481209754944 -0.6999661922454834 0.5181001424789429
vn 0.3774276077747345 -0.7446008324623108 0.5505615472793579
vn 0.5972304344177246 -0.6443520188331604 0.47762566804885864
vn 0.5007317662239075 -0.8152645826339722 0.290880411863327
vn 0.6064813733100891 -0.7488237619400024 0.2672888934612274
vn 0.5007317662239075 -0.8152645826339722 0.290880411863327
vn 0.5972304344177246 -0.6443520188331604 0.47762566804885864
vn 0.4915481209754944 -0.6999661922454834 0.5181001424789429
vn 0.5972304344177246 -0.6443520188331604 0.47762566804885864
vn 0.6064813733100891 -0.7488237619400024 0.2672888934612274
vn 0.7018173933029175 -0.6708404421806335 0.23963609337806702
vn 0.5972304344177246 -0.6443520188331604 0.47762566804885864
vn 0.7018173933029175 -0.6708404421806335 0.23963609337806702
vn 0.6934563517570496 -0.5784906148910522 0.429496169090271
vn 0.6934563517570496 -0.5784906148910522 0.429496169090271
vn 0.7018173933029175 -0.6708404421806335 0.23963609337806702
vn 0.785997211933136 -0.5821273922920227 0.20817303657531738
vn 0.6934563517570496 -0.5784906148910522 0.429496169090271
vn 0.785997211933136 -0.5821273922920227 0.20817303657531738
vn 0.7792559862136841 -0.5028402209281921 0.37404781579971313
vn 0.7792559862136841 -0.5028402209281921 0.37404781579971313
vn 0.785997211933136 -0.5821273922920227 0.20817303657531738
vn 0.8580852150917053 -0.4834282100200653 0.17316749691963196
vn 0.7792559862136841 -0.5028402209281921 0.37404781579971313
vn 0.8580852150917053 -0.4834282100200653 0.17316749691963196
vn 0.8534098863601685 -0.41786956787109375 0.3115711212158203
vn 0.8534098863601685 -0.41786956787109375 0.3115711212158203
vn 0.8580852150917053 -0.4834282100200653 0.17316749691963196
vn 0.9169467687606812 -0.375537633895874 0.13483351469039917
vn 0.8534098863601685 -0.41786956787109375 0.3115711212158203
vn 0.9169467687606812 -0.375537633895874 0.13483351469039917
vn 0.9143858551979065 -0.3242664635181427 0.24238356947898865
vn 0.9143858551979065 -0.3242664635181427 0.24238356947898865
vn 0.9169467687606812 -0.375537633895874 0.13483351469039917
vn 0.9611786603927612 -0.25959813594818115 0.09351158142089844
vn 0.9143858551979065 -0.3242664635181427 0.24238356947898865
vn 0.9611786603927612 -0.25959813594818115 0.09351158142089844
vn 0.9603525996208191 -0.22309643030166626 0.16718509793281555
vn 0.9603525996208191 -0.22309643030166626 0.16718509793281555
vn 0.9611786603927612 -0.25959813594818115 0.09351158142089844
vn 0.989270806312561 -0.13739609718322754 0.049654360860586166
vn 0.9603525996208191 -0.22309643030166626 0.16718509793281555
vn 0.989270806312561 -0.13739609718322754 0.049654360860586166
vn 0.9894104599952698 -0.11603491753339767 0.08719417452812195
vn 0.9894104599952698 -0.11603491753339767 0.08719417452812195
vn 0.989270806312561 -0.13739609718322754 0.049654360860586166
vn 0.9999217391014099 -0.011780225671827793 0.004211685620248318
vn 0.9894104599952698 -0.11603491753339767 0.08719417452812195
vn 0.9999217391014099 -0.011780225671827793 0.004211685620248318
vn 0.9999726414680481 -0.0059510525315999985 0.004394754767417908
vn 0.9999726414680481 -0.0059510525315999985 0.004394754767417908
vn 0.9999217391014099 -0.011780225671827793 0.004211685620248318
vn 0.9925815463066101 0.1141425371170044 -0.041872505098581314
vn 0.9999726414680481 -0.0059510525315999985 0.004394754767417908
vn 0.9925815463066101 0.1141425371170044 -0.041872505098581314
vn 0.9914282560348511 0.10409912467002869 -0.07895161956548691
vn 0.9914282560348511 0.10409912467002869 -0.07895161956548691
vn 0.9925815463066101 0.1141425371170044 -0.041872505098581314
vn 0.9674338698387146 0.23744086921215057 -0.08771263062953949
vn 0.9914282560348511 0.10409912467002869 -0.07895161956548691
vn 0.9674338698387146 0.23744086921215057 -0.08771263062953949
vn 0.9641454219818115 0.21119585633277893 -0.16068574786186218
vn 0.9641454219818115 0.21119585633277893 -0.16068574786186218
vn 0.9674338698387146 0.23744086921215057 -0.08771263062953949
vn 0.9255017638206482 0.3549410402774811 -0.13214907050132751
vn 0.9641454219818115 0.21119585633277893 -0.16068574786186218
vn 0.9255017638206482 0.3549410402774811 -0.13214907050132751
vn 0.9195355176925659 0.31236135959625244 -0.23850539326667786
vn 0.9195355176925659 0.31236135959625244 -0.23850539326667786
vn 0.9255017638206482 0.3549410402774811 -0.13214907050132751
vn 0.8681929707527161 0.4645399749279022 -0.1744808852672577
vn 0.9195355176925659 0.31236135959625244 -0.23850539326667786
vn 0.8681929707527161 0.4645399749279022 -0.1744808852672577
vn 0.8594295978546143 0.4057875871658325 -0.31099382042884827
vn 0.8594295978546143 0.4057875871658325 -0.31099382042884827
vn 0.8681929707527161 0.4645399749279022 -0.1744808852672577
vn 0.7968968749046326 0.5649175643920898 -0.21406430006027222
vn 0.8594295978546143 0.4057875871658325 -0.31099382042884827
vn 0.7968968749046326 0.5649175643920898 -0.21406430006027222
vn 0.7856882810592651 0.4903533160686493 -0.37715718150138855
vn 0.7856882810592651 0.4903533160686493 -0.37715718150138855
vn 0.7968968749046326 0.5649175643920898 -0.21406430006027222
vn 0.7127850651741028 0.6551336050033569 -0.2504742443561554
vn 0.7856882810592651 0.4903533160686493 -0.37715718150138855
vn 0.7127850651741028 0.6551336050033569 -0.2504742443561554
vn 0.6998827457427979 0.565448522567749 -0.43638524413108826
vn 0.6998827457427979 0.565448522567749 -0.43638524413108826
vn 0.7127850651741028 0.6551336050033569 -0.2504742443561554
vn 0.6168606877326965 0.734360933303833 -0.28319063782691956
vn 0.6998827457427979 0.565448522567749 -0.43638524413108826
vn 0.6168606877326965 0.734360933303833 -0.28319063782691956
vn 0.6032698154449463 0.6306453943252563 -0.4882129728794098
vn 0.6168606877326965 0.734360933303833 -0.28319063782691956
vn 0.4968856871128082 0.6854953765869141 -0.5321660041809082
vn 0.6032698154449463 0.6306453943252563 -0.4882129728794098
vn 0.4968856871128082 0.6854953765869141 -0.5321660041809082
vn 0.6168606877326965 0.734360933303833 -0.28319063782691956
vn 0.5099421143531799 0.801764965057373 -0.31166011095046997
vn 0.5099421143531799 0.801764965057373 -0.31166011095046997
vn 0.38176628947257996 0.7294425368309021 -0.5675985217094421
vn 0.4968856871128082 0.6854953765869141 -0.5321660041809082
vn 0.38176628947257996 0.7294425368309021 -0.5675985217094421
vn 0.5099421143531799 0.801764965057373 -0.31166011095046997
vn 0.39302754402160645 0.8562800884246826 -0.3351324498653412
vn 0.39302754402160645 0.8562800884246826 -0.3351324498653412
vn 0.2591992914676666 0.76175856590271 -0.5937504768371582
vn 0.38176628947257996 0.7294425368309021 -0.5675985217094421
vn 0.2591992914676666 0.76175856590271 -0.5937504768371582
vn 0.39302754402160645 0.8562800884246826 -0.3351324498653412
vn 0.26746758818626404 0.8966453075408936 -0.3528289794921875
vn 0.26746758818626404 0.8966453075408936 -0.3528289794921875
vn 0.13098680973052979 0.7815873026847839 -0.6098883152008057
vn 0.2591992914676666 0.76175856590271 -0.5937504768371582
vn 0.13098680973052979 0.7815873026847839 -0.6098883152008057
vn 0.26746758818626404 0.8966453075408936 -0.3528289794921875
vn 0.13538269698619843 0.9215548634529114 -0.3638792634010315
vn 0.13538269698619843 0.9215548634529114 -0.3638792634010315
vn -1.3055451830723541e-8 0.7882630825042725 -0.6153383851051331
vn 0.13098680973052979 0.7815873026847839 -0.6098883152008057
vn -1.3055451830723541e-8 0.7882630825042725 -0.6153383851051331
vn 0.13538269698619843 0.9215548634529114 -0.3638792634010315
vn -4.2455582160982885e-8 0.9299718737602234 -0.36763063073158264
vn -1.3055451830723541e-8 0.7882630825042725 -0.6153383851051331
vn -4.2455582160982885e-8 0.9299718737602234 -0.36763063073158264
vn -0.1353827863931656 0.9215548634529114 -0.3638792932033539
vn -1.3055451830723541e-8 0.7882630825042725 -0.6153383851051331
vn -0.1353827863931656 0.9215548634529114 -0.3638792932033539
vn -0.13098683953285217 0.7815872430801392 -0.6098883152008057
vn -0.13098683953285217 0.7815872430801392 -0.6098883152008057
vn -0.1353827863931656 0.9215548634529114 -0.3638792932033539
vn -0.2674676775932312 0.8966452479362488 -0.3528290092945099
vn -0.13098683953285217 0.7815872430801392 -0.6098883152008057
vn -0.2674676775932312 0.8966452479362488 -0.3528290092945099
vn -0.259199321269989 0.7617585062980652 -0.593750536441803
vn -0.259199321269989 0.7617585062980652 -0.593750536441803
vn -0.2674676775932312 0.8966452479362488 -0.3528290092945099
vn -0.3930276036262512 0.8562800288200378 -0.3351324796676636
vn -0.3930276036262512 0.8562800288200378 -0.3351324796676636
vn -0.38176631927490234 0.7294424772262573 -0.5675985813140869
vn -0.259199321269989 0.7617585062980652 -0.593750536441803
vn -0.38176631927490234 0.7294424772262573 -0.5675985813140869
vn -0.3930276036262512 0.8562800288200378 -0.3351324796676636
vn -0.5099421739578247 0.8017648458480835 -0.31166017055511475
vn -0.5099421739578247 0.8017648458480835 -0.31166017055511475
vn -0.4968857169151306 0.6854953169822693 -0.5321661233901978
vn -0.38176631927490234 0.7294424772262573 -0.5675985813140869
vn -0.4968857169151306 0.6854953169822693 -0.5321661233901978
vn -0.5099421739578247 0.8017648458480835 -0.31166017055511475
vn -0.6168607473373413 0.7343608140945435 -0.2831907570362091
vn -0.6168607473373413 0.7343608140945435 -0.2831907570362091
vn -0.6032814383506775 0.6306269764900208 -0.48822247982025146
vn -0.4968857169151306 0.6854953169822693 -0.5321661233901978
vn -0.6168607473373413 0.7343608140945435 -0.2831907570362091
vn -0.699894905090332 0.5654276013374329 -0.4363929033279419
vn -0.6032814383506775 0.6306269764900208 -0.48822247982025146
vn -0.699894905090332 0.5654276013374329 -0.4363929033279419
vn -0.6168607473373413 0.7343608140945435 -0.2831907570362091
vn -0.7127851247787476 0.6551335453987122 -0.25047433376312256
vn -0.7127851247787476 0.6551335453987122 -0.25047433376312256
vn -0.7856882810592651 0.49035319685935974 -0.3771573007106781
vn -0.699894905090332 0.5654276013374329 -0.4363929033279419
vn -0.7856882810592651 0.49035319685935974 -0.3771573007106781
vn -0.7127851247787476 0.6551335453987122 -0.25047433376312256
vn -0.7968969345092773 0.5649174451828003 -0.21406441926956177
vn -0.7968969345092773 0.5649174451828003 -0.21406441926956177
vn -0.859429657459259 0.40578746795654297 -0.3109939396381378
vn -0.7856882810592651 0.49035319685935974 -0.3771573007106781
vn -0.859429657459259 0.40578746795654297 -0.3109939396381378
vn -0.7968969345092773 0.5649174451828003 -0.21406441926956177
vn -0.8682005405426025 0.46452751755714417 -0.17447638511657715
vn -0.8682005405426025 0.46452751755714417 -0.17447638511657715
vn -0.9195355176925659 0.3123612403869629 -0.2385055422782898
vn -0.859429657459259 0.40578746795654297 -0.3109939396381378
vn -0.9195355176925659 0.3123612403869629 -0.2385055422782898
vn -0.8682005405426025 0.46452751755714417 -0.17447638511657715
vn -0.9255017638206482 0.35494089126586914 -0.13214921951293945
vn -0.9255017638206482 0.35494089126586914 -0.13214921951293945
vn -0.9641475677490234 0.21118949353694916 -0.16068115830421448
vn -0.9195355176925659 0.3123612403869629 -0.2385055422782898
vn -0.9641475677490234 0.21118949353694916 -0.16068115830421448
vn -0.9255017638206482 0.35494089126586914 -0.13214921951293945
vn -0.9674339294433594 0.23744072020053864 -0.08771277964115143
vn -0.9674339294433594 0.23744072020053864 -0.08771277964115143
vn -0.9914306402206421 0.10409922152757645 -0.07892144471406937
vn -0.9641475677490234 0.21118949353694916 -0.16068115830421448
vn -0.9914306402206421 0.10409922152757645 -0.07892144471406937
vn -0.9674339294433594 0.23744072020053864 -0.08771277964115143
vn -0.9925816059112549 0.11414238810539246 -0.04187265411019325
vn -0.9925816059112549 0.11414238810539246 -0.04187265411019325
vn -0.9999726414680481 -0.005951203405857086 0.00439460389316082
vn -0.9914306402206421 0.10409922152757645 -0.07892144471406937
vn -0.9999726414680481 -0.005951203405857086 0.00439460389316082
vn -0.9925816059112549 0.11414238810539246 -0.04187265411019325
vn -0.9999217391014099 -0.01178037654608488 0.00421153474599123
vn -0.9999217391014099 -0.01178037654608488 0.00421153474599123
vn -0.9894104599952698 -0.11603506654500961 0.08719402551651001
vn -0.9999726414680481 -0.005951203405857086 0.00439460389316082
vn -0.9894104599952698 -0.11603506654500961 0.08719402551651001
vn -0.9999217391014099 -0.01178037654608488 0.00421153474599123
vn -0.9892666339874268 -0.1374261975288391 0.049654003232717514
vn -0.9892666339874268 -0.1374261975288391 0.049654003232717514
vn -0.9603525996208191 -0.223096564412117 0.1671849489212036
vn -0.9894104599952698 -0.11603506654500961 0.08719402551651001
vn -0.9603525996208191 -0.223096564412117 0.1671849489212036
vn -0.9892666339874268 -0.1374261975288391 0.049654003232717514
vn -0.9611786007881165 -0.2595982849597931 0.0935114324092865
vn -0.9611786007881165 -0.2595982849597931 0.0935114324092865
vn -0.9143858551979065 -0.32426661252975464 0.2423834353685379
vn -0.9603525996208191 -0.223096564412117 0.1671849489212036
vn -0.9143858551979065 -0.32426661252975464 0.2423834353685379
vn -0.9611786007881165 -0.2595982849597931 0.0935114324092865
vn -0.9169467687606812 -0.37553778290748596 0.13483338057994843
vn -0.9169467687606812 -0.37553778290748596 0.13483338057994843
vn -0.8534098863601685 -0.4178696870803833 0.31157100200653076
vn -0.9143858551979065 -0.32426661252975464 0.2423834353685379
vn -0.8534098863601685 -0.4178696870803833 0.31157100200653076
vn -0.9169467687606812 -0.37553778290748596 0.13483338057994843
vn -0.8580851554870605 -0.48342832922935486 0.1731673628091812
vn -0.8580851554870605 -0.48342832922935486 0.1731673628091812
vn -0.7792559862136841 -0.5028403401374817 0.3740476965904236
vn -0.8534098863601685 -0.4178696870803833 0.31157100200653076
vn -0.7792559862136841 -0.5028403401374817 0.3740476965904236
vn -0.8580851554870605 -0.48342832922935486 0.1731673628091812
vn -0.7859971523284912 -0.5821275115013123 0.20817291736602783
vn -0.7859971523284912 -0.5821275115013123 0.20817291736602783
vn -0.6934562921524048 -0.578490674495697 0.42949607968330383
vn -0.7792559862136841 -0.5028403401374817 0.3740476965904236
vn -0.6934562921524048 -0.578490674495697 0.42949607968330383
vn -0.7859971523284912 -0.5821275115013123 0.20817291736602783
vn -0.7018173336982727 -0.6708405017852783 0.23963598906993866
vn -0.7018173336982727 -0.6708405017852783 0.23963598906993866
vn -0.5972304344177246 -0.64435213804245 0.4776255786418915
vn -0.6934562921524048 -0.578490674495697 0.42949607968330383
vn -0.5972304344177246 -0.64435213804245 0.4776255786418915
vn -0.7018173336982727 -0.6708405017852783 0.23963598906993866
vn -0.6064813137054443 -0.7488238215446472 0.26728880405426025
vn -0.5007316470146179 -0.8152646422386169 0.29088032245635986
vn -0.491548091173172 -0.6999662518501282 0.5181000828742981
vn -0.5972304344177246 -0.64435213804245 0.4776255786418915
vn -0.5007316470146179 -0.8152646422386169 0.29088032245635986
vn -0.5972304344177246 -0.64435213804245 0.4776255786418915
vn -0.6064813137054443 -0.7488238215446472 0.26728880405426025
vn -0.38554683327674866 -0.8690598011016846 0.30998170375823975
vn -0.3774275779724121 -0.7446008920669556 0.5505614876747131
vn -0.491548091173172 -0.6999662518501282 0.5181000828742981
vn -0.38554683327674866 -0.8690598011016846 0.30998170375823975
vn -0.491548091173172 -0.6999662518501282 0.5181000828742981
vn -0.5007316470146179 -0.8152646422386169 0.29088032245635986
vn -0.2621912360191345 -0.9089257121086121 0.32420647144317627
vn -0.256116658449173 -0.7774753570556641 0.5744009017944336
vn -0.3774275779724121 -0.7446008920669556 0.5505614876747131
vn -0.2621912360191345 -0.9089257121086121 0.32420647144317627
vn -0.3774275779724121 -0.7446008920669556 0.5505614876747131
vn -0.38554683327674866 -0.8690598011016846 0.30998170375823975
vn -0.13263794779777527 -0.933562695980072 0.3329683244228363
vn -0.12937010824680328 -0.7976755499839783 0.5890476107597351
vn -0.256116658449173 -0.7774753570556641 0.5744009017944336
vn -0.13263794779777527 -0.933562695980072 0.3329683244228363
vn -0.256116658449173 -0.7774753570556641 0.5744009017944336
vn -0.2621912360191345 -0.9089257121086121 0.32420647144317627
vn 0.09801729023456573 0.9951847195625305 -7.513435917871902e-8
vn 0.09801729023456573 0.9951847195625305 -7.513435917871902e-8
vn 0.09801729023456573 0.9951847195625305 -7.513435917871902e-8
vn 0.09801729023456573 0.9951847195625305 -7.513435917871902e-8
vn 0.09801729023456573 0.9951847195625305 -7.513435917871902e-8
vn 0.09801729023456573 0.9951847195625305 -7.513435917871902e-8
vn 0.2902846336364746 0.9569403529167175 -7.224699061225692e-8
vn 0.2902846336364746 0.9569403529167175 -7.224699061225692e-8
vn 0.2902846336364746 0.9569403529167175 -7.224699061225692e-8
vn 0.2902846336364746 0.9569403529167175 -7.224699061225692e-8
vn 0.2902846336364746 0.9569403529167175 -7.224699061225692e-8
vn 0.2902846336364746 0.9569403529167175 -7.224699061225692e-8
vn 0.47139671444892883 0.8819212913513184 -6.658320472752166e-8
vn 0.47139671444892883 0.8819212913513184 -6.658320472752166e-8
vn 0.47139671444892883 0.8819212913513184 -6.658320472752166e-8
vn 0.47139671444892883 0.8819212913513184 -6.658320472752166e-8
vn 0.47139671444892883 0.8819212913513184 -6.658320472752166e-8
vn 0.47139671444892883 0.8819212913513184 -6.658320472752166e-8
vn 0.6343933343887329 0.7730103731155396 -5.836066208075863e-8
vn 0.6343933343887329 0.7730103731155396 -5.836066208075863e-8
vn 0.6343933343887329 0.7730103731155396 -5.836066208075863e-8
vn 0.6343933343887329 0.7730103731155396 -5.836066208075863e-8
vn 0.6343933343887329 0.7730103731155396 -5.836066208075863e-8
vn 0.6343933343887329 0.7730103731155396 -5.836066208075863e-8
vn 0.7730103731155396 0.6343933343887329 -4.78953658955561e-8
vn 0.7730103731155396 0.6343933343887329 -4.78953658955561e-8
vn 0.7730103731155396 0.6343933343887329 -4.78953658955561e-8
vn 0.7730103731155396 0.6343933343887329 -4.78953658955561e-8
vn 0.7730103731155396 0.6343933343887329 -4.78953658955561e-8
vn 0.7730103731155396 0.6343933343887329 -4.78953658955561e-8
vn 0.8819214105606079 0.4713965058326721 -3.558944783321749e-8
vn 0.8819214105606079 0.4713965058326721 -3.558944783321749e-8
vn 0.8819214105606079 0.4713965058326721 -3.558944783321749e-8
vn 0.8819214105606079 0.4713965058326721 -3.558944783321749e-8
vn 0.8819214105606079 0.4713965058326721 -3.558944783321749e-8
vn 0.8819214105606079 0.4713965058326721 -3.558944783321749e-8
vn 0.9569402933120728 0.29028475284576416 -2.191588954758572e-8
vn 0.9569402933120728 0.29028475284576416 -2.191588954758572e-8
vn 0.9569402933120728 0.29028475284576416 -2.191588954758572e-8
vn 0.9569402933120728 0.29028475284576416 -2.191588954758572e-8
vn 0.9569402933120728 0.29028475284576416 -2.191588954758572e-8
vn 0.9569402933120728 0.29028475284576416 -2.191588954758572e-8
vn 0.9951847195625305 0.09801731258630753 -7.400101420529381e-9
vn 0.9951847195625305 0.09801731258630753 -7.400101420529381e-9
vn 0.9951847195625305 0.09801731258630753 -7.400101420529381e-9
vn 0.9951847195625305 0.09801731258630753 -7.400101420529381e-9
vn 0.9951847195625305 0.09801731258630753 -7.400101420529381e-9
vn 0.9951847195625305 0.09801731258630753 -7.400101420529381e-9
vn 0.9951847195625305 -0.09801700711250305 7.400078327890469e-9
vn 0.9951847195625305 -0.09801700711250305 7.400078327890469e-9
vn 0.9951847195625305 -0.09801700711250305 7.400078327890469e-9
vn 0.9951847195625305 -0.09801700711250305 7.400078327890469e-9
vn 0.9951847195625305 -0.09801700711250305 7.400078327890469e-9
vn 0.9951847195625305 -0.09801700711250305 7.400078327890469e-9
vn 0.9569403529167175 -0.2902846932411194 2.1915885994872042e-8
vn 0.9569403529167175 -0.2902846932411194 2.1915885994872042e-8
vn 0.9569403529167175 -0.2902846932411194 2.1915885994872042e-8
vn 0.9569403529167175 -0.2902846932411194 2.1915885994872042e-8
vn 0.9569403529167175 -0.2902846932411194 2.1915885994872042e-8
vn 0.9569403529167175 -0.2902846932411194 2.1915885994872042e-8
vn 0.8819213509559631 -0.4713965058326721 3.558944783321749e-8
vn 0.8819213509559631 -0.4713965058326721 3.558944783321749e-8
vn 0.8819213509559631 -0.4713965058326721 3.558944783321749e-8
vn 0.8819213509559631 -0.4713965058326721 3.558944783321749e-8
vn 0.8819213509559631 -0.4713965058326721 3.558944783321749e-8
vn 0.8819213509559631 -0.4713965058326721 3.558944783321749e-8
vn 0.7730103731155396 -0.6343933343887329 4.78953658955561e-8
vn 0.7730103731155396 -0.6343933343887329 4.78953658955561e-8
vn 0.7730103731155396 -0.6343933343887329 4.78953658955561e-8
vn 0.7730103731155396 -0.6343933343887329 4.78953658955561e-8
vn 0.7730103731155396 -0.6343933343887329 4.78953658955561e-8
vn 0.7730103731155396 -0.6343933343887329 4.78953658955561e-8
vn 0.6343933343887329 -0.7730103731155396 5.836066208075863e-8
vn 0.6343933343887329 -0.7730103731155396 5.836066208075863e-8
vn 0.6343933343887329 -0.7730103731155396 5.836066208075863e-8
vn 0.6343933343887329 -0.7730103731155396 5.836066208075863e-8
vn 0.6343933343887329 -0.7730103731155396 5.836066208075863e-8
vn 0.6343933343887329 -0.7730103731155396 5.836066208075863e-8
vn 0.47139671444892883 -0.8819212913513184 6.658320472752166e-8
vn 0.47139671444892883 -0.8819212913513184 6.658320472752166e-8
vn 0.47139671444892883 -0.8819212913513184 6.658320472752166e-8
vn 0.47139671444892883 -0.8819212913513184 6.658320472752166e-8
vn 0.47139671444892883 -0.8819212913513184 6.658320472752166e-8
vn 0.47139671444892883 -0.8819212913513184 6.658320472752166e-8
vn 0.29028427600860596 -0.9569404721260071 7.224699771768428e-8
vn 0.29028427600860596 -0.9569404721260071 7.224699771768428e-8
vn 0.29028427600860596 -0.9569404721260071 7.224699771768428e-8
vn 0.29028427600860596 -0.9569404721260071 7.224699771768428e-8
vn 0.29028427600860596 -0.9569404721260071 7.224699771768428e-8
vn 0.29028427600860596 -0.9569404721260071 7.224699771768428e-8
vn 0.09801725298166275 -0.9951847195625305 7.513435917871902e-8
vn 0.09801725298166275 -0.9951847195625305 7.513435917871902e-8
vn 0.09801725298166275 -0.9951847195625305 7.513435917871902e-8
vn 0.09801725298166275 -0.9951847195625305 7.513435917871902e-8
vn 0.09801725298166275 -0.9951847195625305 7.513435917871902e-8
vn 0.09801725298166275 -0.9951847195625305 7.513435917871902e-8
vn -0.09801784157752991 -0.9951846599578857 7.513435207329167e-8
vn -0.09801784157752991 -0.9951846599578857 7.513435207329167e-8
vn -0.09801784157752991 -0.9951846599578857 7.513435207329167e-8
vn -0.09801784157752991 -0.9951846599578857 7.513435207329167e-8
vn -0.09801784157752991 -0.9951846599578857 7.513435207329167e-8
vn -0.09801784157752991 -0.9951846599578857 7.513435207329167e-8
vn -0.2902851700782776 -0.9569401741027832 7.224697640140221e-8
vn -0.2902851700782776 -0.9569401741027832 7.224697640140221e-8
vn -0.2902851700782776 -0.9569401741027832 7.224697640140221e-8
vn -0.2902851700782776 -0.9569401741027832 7.224697640140221e-8
vn -0.2902851700782776 -0.9569401741027832 7.224697640140221e-8
vn -0.2902851700782776 -0.9569401741027832 7.224697640140221e-8
vn -0.4713970720767975 -0.881921112537384 6.658319051666695e-8
vn -0.4713970720767975 -0.881921112537384 6.658319051666695e-8
vn -0.4713970720767975 -0.881921112537384 6.658319051666695e-8
vn -0.4713970720767975 -0.881921112537384 6.658319051666695e-8
vn -0.4713970720767975 -0.881921112537384 6.658319051666695e-8
vn -0.4713970720767975 -0.881921112537384 6.658319051666695e-8
vn -0.6343936920166016 -0.7730101346969604 5.836064076447656e-8
vn -0.6343936920166016 -0.7730101346969604 5.836064076447656e-8
vn -0.6343936920166016 -0.7730101346969604 5.836064076447656e-8
vn -0.6343936920166016 -0.7730101346969604 5.836064076447656e-8
vn -0.6343936920166016 -0.7730101346969604 5.836064076447656e-8
vn -0.6343936920166016 -0.7730101346969604 5.836064076447656e-8
vn -0.7730109095573425 -0.6343926787376404 4.7895316157564594e-8
vn -0.7730109095573425 -0.6343926787376404 4.7895316157564594e-8
vn -0.7730109095573425 -0.6343926787376404 4.7895316157564594e-8
vn -0.7730109095573425 -0.6343926787376404 4.7895316157564594e-8
vn -0.7730109095573425 -0.6343926787376404 4.7895316157564594e-8
vn -0.7730109095573425 -0.6343926787376404 4.7895316157564594e-8
vn -0.8819215893745422 -0.47139617800712585 3.558942296422174e-8
vn -0.8819215893745422 -0.47139617800712585 3.558942296422174e-8
vn -0.8819215893745422 -0.47139617800712585 3.558942296422174e-8
vn -0.8819215893745422 -0.47139617800712585 3.558942296422174e-8
vn -0.8819215893745422 -0.47139617800712585 3.558942296422174e-8
vn -0.8819215893745422 -0.47139617800712585 3.558942296422174e-8
vn -0.9569406509399414 -0.2902836501598358 2.1915807835171108e-8
vn -0.9569406509399414 -0.2902836501598358 2.1915807835171108e-8
vn -0.9569406509399414 -0.2902836501598358 2.1915807835171108e-8
vn -0.9569406509399414 -0.2902836501598358 2.1915807835171108e-8
vn -0.9569406509399414 -0.2902836501598358 2.1915807835171108e-8
vn -0.9569406509399414 -0.2902836501598358 2.1915807835171108e-8
vn -0.9951848387718201 -0.09801603853702545 7.400005053170844e-9
vn -0.9951848387718201 -0.09801603853702545 7.400005053170844e-9
vn -0.9951848387718201 -0.09801603853702545 7.400005053170844e-9
vn -0.9951848387718201 -0.09801603853702545 7.400005053170844e-9
vn -0.9951848387718201 -0.09801603853702545 7.400005053170844e-9
vn -0.9951848387718201 -0.09801603853702545 7.400005053170844e-9
vn -0.9951846599578857 0.0980178564786911 -7.4001422767366876e-9
vn -0.9951846599578857 0.0980178564786911 -7.4001422767366876e-9
vn -0.9951846599578857 0.0980178564786911 -7.4001422767366876e-9
vn -0.9951846599578857 0.0980178564786911 -7.4001422767366876e-9
vn -0.9951846599578857 0.0980178564786911 -7.4001422767366876e-9
vn -0.9951846599578857 0.0980178564786911 -7.4001422767366876e-9
vn -0.9569399952888489 0.29028579592704773 -2.1915967707286654e-8
vn -0.9569399952888489 0.29028579592704773 -2.1915967707286654e-8
vn -0.9569399952888489 0.29028579592704773 -2.1915967707286654e-8
vn -0.9569399952888489 0.29028579592704773 -2.1915967707286654e-8
vn -0.9569399952888489 0.29028579592704773 -2.1915967707286654e-8
vn -0.9569399952888489 0.29028579592704773 -2.1915967707286654e-8
vn -0.8819208145141602 0.47139760851860046 -3.5589529545632104e-8
vn -0.8819208145141602 0.47139760851860046 -3.5589529545632104e-8
vn -0.8819208145141602 0.47139760851860046 -3.5589529545632104e-8
vn -0.8819208145141602 0.47139760851860046 -3.5589529545632104e-8
vn -0.8819208145141602 0.47139760851860046 -3.5589529545632104e-8
vn -0.8819208145141602 0.47139760851860046 -3.5589529545632104e-8
vn -0.7730095982551575 0.6343943476676941 -4.789544050254335e-8
vn -0.7730095982551575 0.6343943476676941 -4.789544050254335e-8
vn -0.7730095982551575 0.6343943476676941 -4.789544050254335e-8
vn -0.7730095982551575 0.6343943476676941 -4.789544050254335e-8
vn -0.7730095982551575 0.6343943476676941 -4.789544050254335e-8
vn -0.7730095982551575 0.6343943476676941 -4.789544050254335e-8
vn -0.6343923807144165 0.7730112075805664 -5.836072247689117e-8
vn -0.6343923807144165 0.7730112075805664 -5.836072247689117e-8
vn -0.6343923807144165 0.7730112075805664 -5.836072247689117e-8
vn -0.6343923807144165 0.7730112075805664 -5.836072247689117e-8
vn -0.6343923807144165 0.7730112075805664 -5.836072247689117e-8
vn -0.6343923807144165 0.7730112075805664 -5.836072247689117e-8
vn -0.4713955223560333 0.8819219470024109 -6.658325446551316e-8
vn -0.4713955223560333 0.8819219470024109 -6.658325446551316e-8
vn -0.4713955223560333 0.8819219470024109 -6.658325446551316e-8
vn -0.4713955223560333 0.8819219470024109 -6.658325446551316e-8
vn -0.4713955223560333 0.8819219470024109 -6.658325446551316e-8
vn -0.4713955223560333 0.8819219470024109 -6.658325446551316e-8
vn -1.9095218739551e-9 7.549790126404332e-8 1
vn -1.9095218739551e-9 7.549790126404332e-8 1
vn -1.9095218739551e-9 7.549790126404332e-8 1
vn -1.9095218739551e-9 7.549790126404332e-8 1
vn -1.9095218739551e-9 7.549790126404332e-8 1
vn -1.9095218739551e-9 7.549790126404332e-8 1
vn -1.9095218739551e-9 7.549790126404332e-8 1
vn -1.9095218739551e-9 7.549790126404332e-8 1
vn -1.9095218739551e-9 7.549790126404332e-8 1
vn -1.9095218739551e-9 7.549790126404332e-8 1
vn -1.9095218739551e-9 7.549790126404332e-8 1
vn -1.9095218739551e-9 7.549790126404332e-8 1
vn -1.9095218739551e-9 7.549790126404332e-8 1
vn -1.9095218739551e-9 7.549790126404332e-8 1
vn -1.9095218739551e-9 7.549790126404332e-8 1
vn -1.9095218739551e-9 7.549790126404332e-8 1
vn -1.9095218739551e-9 7.549790126404332e-8 1
vn -1.9095218739551e-9 7.549790126404332e-8 1
vn -1.9095218739551e-9 7.549790126404332e-8 1
vn -1.9095218739551e-9 7.549790126404332e-8 1
vn -1.9095218739551e-9 7.549790126404332e-8 1
vn -1.9095218739551e-9 7.549790126404332e-8 1
vn -1.9095218739551e-9 7.549790126404332e-8 1
vn -1.9095218739551e-9 7.549790126404332e-8 1
vn -1.9095218739551e-9 7.549790126404332e-8 1
vn -1.9095218739551e-9 7.549790126404332e-8 1
vn -1.9095218739551e-9 7.549790126404332e-8 1
vn -1.9095218739551e-9 7.549790126404332e-8 1
vn -1.9095218739551e-9 7.549790126404332e-8 1
vn -1.9095218739551e-9 7.549790126404332e-8 1
vn -1.9095218739551e-9 7.549790126404332e-8 1
vn -1.9095218739551e-9 7.549790126404332e-8 1
vn -1.9095218739551e-9 7.549790126404332e-8 1
vn -1.9095218739551e-9 7.549790126404332e-8 1
vn -1.9095218739551e-9 7.549790126404332e-8 1
vn -1.9095218739551e-9 7.549790126404332e-8 1
vn -1.9095218739551e-9 7.549790126404332e-8 1
vn -1.9095218739551e-9 7.549790126404332e-8 1
vn -1.9095218739551e-9 7.549790126404332e-8 1
vn -1.9095218739551e-9 7.549790126404332e-8 1
vn -1.9095218739551e-9 7.549790126404332e-8 1
vn -1.9095218739551e-9 7.549790126404332e-8 1
vn -1.9095218739551e-9 7.549790126404332e-8 1
vn -1.9095218739551e-9 7.549790126404332e-8 1
vn -1.9095218739551e-9 7.549790126404332e-8 1
vn -1.9095218739551e-9 7.549790126404332e-8 1
vn -1.9095218739551e-9 7.549790126404332e-8 1
vn -1.9095218739551e-9 7.549790126404332e-8 1
vn -1.9095218739551e-9 7.549790126404332e-8 1
vn -1.9095218739551e-9 7.549790126404332e-8 1
vn -1.9095218739551e-9 7.549790126404332e-8 1
vn -1.9095218739551e-9 7.549790126404332e-8 1
vn -1.9095218739551e-9 7.549790126404332e-8 1
vn -1.9095218739551e-9 7.549790126404332e-8 1
vn -1.9095218739551e-9 7.549790126404332e-8 1
vn -1.9095218739551e-9 7.549790126404332e-8 1
vn -1.9095218739551e-9 7.549790126404332e-8 1
vn -1.9095218739551e-9 7.549790126404332e-8 1
vn -1.9095218739551e-9 7.549790126404332e-8 1
vn -1.9095218739551e-9 7.549790126404332e-8 1
vn -1.9095218739551e-9 7.549790126404332e-8 1
vn -1.9095218739551e-9 7.549790126404332e-8 1
vn -1.9095218739551e-9 7.549790126404332e-8 1
vn -1.9095218739551e-9 7.549790126404332e-8 1
vn -1.9095218739551e-9 7.549790126404332e-8 1
vn -1.9095218739551e-9 7.549790126404332e-8 1
vn -1.9095218739551e-9 7.549790126404332e-8 1
vn -1.9095218739551e-9 7.549790126404332e-8 1
vn -1.9095218739551e-9 7.549790126404332e-8 1
vn -1.9095218739551e-9 7.549790126404332e-8 1
vn -1.9095218739551e-9 7.549790126404332e-8 1
vn -1.9095218739551e-9 7.549790126404332e-8 1
vn -1.9095218739551e-9 7.549790126404332e-8 1
vn -1.9095218739551e-9 7.549790126404332e-8 1
vn -1.9095218739551e-9 7.549790126404332e-8 1
vn -1.9095218739551e-9 7.549790126404332e-8 1
vn -1.9095218739551e-9 7.549790126404332e-8 1
vn -1.9095218739551e-9 7.549790126404332e-8 1
vn -1.9095218739551e-9 7.549790126404332e-8 1
vn -1.9095218739551e-9 7.549790126404332e-8 1
vn -1.9095218739551e-9 7.549790126404332e-8 1
vn -1.9095218739551e-9 7.549790126404332e-8 1
vn -1.9095218739551e-9 7.549790126404332e-8 1
vn -1.9095218739551e-9 7.549790126404332e-8 1
vn -1.9095218739551e-9 7.549790126404332e-8 1
vn -1.9095218739551e-9 7.549790126404332e-8 1
vn -1.9095218739551e-9 7.549790126404332e-8 1
vn -1.9095218739551e-9 7.549790126404332e-8 1
vn -1.9095218739551e-9 7.549790126404332e-8 1
vn -1.9095218739551e-9 7.549790126404332e-8 1
vn -0.2902830243110657 0.9569408297538757 -7.224702613939371e-8
vn -0.2902830243110657 0.9569408297538757 -7.224702613939371e-8
vn -0.2902830243110657 0.9569408297538757 -7.224702613939371e-8
vn -0.2902830243110657 0.9569408297538757 -7.224702613939371e-8
vn -0.2902830243110657 0.9569408297538757 -7.224702613939371e-8
vn -0.2902830243110657 0.9569408297538757 -7.224702613939371e-8
vn -0.09801653027534485 0.9951847791671753 -7.513436628414638e-8
vn -0.09801653027534485 0.9951847791671753 -7.513436628414638e-8
vn -0.09801653027534485 0.9951847791671753 -7.513436628414638e-8
vn -0.09801653027534485 0.9951847791671753 -7.513436628414638e-8
vn -0.09801653027534485 0.9951847791671753 -7.513436628414638e-8
vn -0.09801653027534485 0.9951847791671753 -7.513436628414638e-8
vn 6.683324560441406e-9 -7.549790126404332e-8 -1
vn 6.683324560441406e-9 -7.549790126404332e-8 -1
vn 6.683324560441406e-9 -7.549790126404332e-8 -1
vn 6.683324560441406e-9 -7.549790126404332e-8 -1
vn 6.683324560441406e-9 -7.549790126404332e-8 -1
vn 6.683324560441406e-9 -7.549790126404332e-8 -1
vn 6.683324560441406e-9 -7.549790126404332e-8 -1
vn 6.683324560441406e-9 -7.549790126404332e-8 -1
vn 6.683324560441406e-9 -7.549790126404332e-8 -1
vn 6.683324560441406e-9 -7.549790126404332e-8 -1
vn 6.683324560441406e-9 -7.549790126404332e-8 -1
vn 6.683324560441406e-9 -7.549790126404332e-8 -1
vn 6.683324560441406e-9 -7.549790126404332e-8 -1
vn 6.683324560441406e-9 -7.549790126404332e-8 -1
vn 6.683324560441406e-9 -7.549790126404332e-8 -1
vn 6.683324560441406e-9 -7.549790126404332e-8 -1
vn 6.683324560441406e-9 -7.549790126404332e-8 -1
vn 6.683324560441406e-9 -7.549790126404332e-8 -1
vn 6.683324560441406e-9 -7.549790126404332e-8 -1
vn 6.683324560441406e-9 -7.549790126404332e-8 -1
vn 6.683324560441406e-9 -7.549790126404332e-8 -1
vn 6.683324560441406e-9 -7.549790126404332e-8 -1
vn 6.683324560441406e-9 -7.549790126404332e-8 -1
vn 6.683324560441406e-9 -7.549790126404332e-8 -1
vn 6.683324560441406e-9 -7.549790126404332e-8 -1
vn 6.683324560441406e-9 -7.549790126404332e-8 -1
vn 6.683324560441406e-9 -7.549790126404332e-8 -1
vn 6.683324560441406e-9 -7.549790126404332e-8 -1
vn 6.683324560441406e-9 -7.549790126404332e-8 -1
vn 6.683324560441406e-9 -7.549790126404332e-8 -1
vn 6.683324560441406e-9 -7.549790126404332e-8 -1
vn 6.683324560441406e-9 -7.549790126404332e-8 -1
vn 6.683324560441406e-9 -7.549790126404332e-8 -1
vn 6.683324560441406e-9 -7.549790126404332e-8 -1
vn 6.683324560441406e-9 -7.549790126404332e-8 -1
vn 6.683324560441406e-9 -7.549790126404332e-8 -1
vn 6.683324560441406e-9 -7.549790126404332e-8 -1
vn 6.683324560441406e-9 -7.549790126404332e-8 -1
vn 6.683324560441406e-9 -7.549790126404332e-8 -1
vn 6.683324560441406e-9 -7.549790126404332e-8 -1
vn 6.683324560441406e-9 -7.549790126404332e-8 -1
vn 6.683324560441406e-9 -7.549790126404332e-8 -1
vn 6.683324560441406e-9 -7.549790126404332e-8 -1
vn 6.683324560441406e-9 -7.549790126404332e-8 -1
vn 6.683324560441406e-9 -7.549790126404332e-8 -1
vn 6.683324560441406e-9 -7.549790126404332e-8 -1
vn 6.683324560441406e-9 -7.549790126404332e-8 -1
vn 6.683324560441406e-9 -7.549790126404332e-8 -1
vn 6.683324560441406e-9 -7.549790126404332e-8 -1
vn 6.683324560441406e-9 -7.549790126404332e-8 -1
vn 6.683324560441406e-9 -7.549790126404332e-8 -1
vn 6.683324560441406e-9 -7.549790126404332e-8 -1
vn 6.683324560441406e-9 -7.549790126404332e-8 -1
vn 6.683324560441406e-9 -7.549790126404332e-8 -1
vn 6.683324560441406e-9 -7.549790126404332e-8 -1
vn 6.683324560441406e-9 -7.549790126404332e-8 -1
vn 6.683324560441406e-9 -7.549790126404332e-8 -1
vn 6.683324560441406e-9 -7.549790126404332e-8 -1
vn 6.683324560441406e-9 -7.549790126404332e-8 -1
vn 6.683324560441406e-9 -7.549790126404332e-8 -1
vn 6.683324560441406e-9 -7.549790126404332e-8 -1
vn 6.683324560441406e-9 -7.549790126404332e-8 -1
vn 6.683324560441406e-9 -7.549790126404332e-8 -1
vn 6.683324560441406e-9 -7.549790126404332e-8 -1
vn 6.683324560441406e-9 -7.549790126404332e-8 -1
vn 6.683324560441406e-9 -7.549790126404332e-8 -1
vn 6.683324560441406e-9 -7.549790126404332e-8 -1
vn 6.683324560441406e-9 -7.549790126404332e-8 -1
vn 6.683324560441406e-9 -7.549790126404332e-8 -1
vn 6.683324560441406e-9 -7.549790126404332e-8 -1
vn 6.683324560441406e-9 -7.549790126404332e-8 -1
vn 6.683324560441406e-9 -7.549790126404332e-8 -1
vn 6.683324560441406e-9 -7.549790126404332e-8 -1
vn 6.683324560441406e-9 -7.549790126404332e-8 -1
vn 6.683324560441406e-9 -7.549790126404332e-8 -1
vn 6.683324560441406e-9 -7.549790126404332e-8 -1
vn 6.683324560441406e-9 -7.549790126404332e-8 -1
vn 6.683324560441406e-9 -7.549790126404332e-8 -1
vn 6.683324560441406e-9 -7.549790126404332e-8 -1
vn 6.683324560441406e-9 -7.549790126404332e-8 -1
vn 6.683324560441406e-9 -7.549790126404332e-8 -1
vn 6.683324560441406e-9 -7.549790126404332e-8 -1
vn 6.683324560441406e-9 -7.549790126404332e-8 -1
vn 6.683324560441406e-9 -7.549790126404332e-8 -1
vn 6.683324560441406e-9 -7.549790126404332e-8 -1
vn 6.683324560441406e-9 -7.549790126404332e-8 -1
vn 6.683324560441406e-9 -7.549790126404332e-8 -1
vn 6.683324560441406e-9 -7.549790126404332e-8 -1
vn 6.683324560441406e-9 -7.549790126404332e-8 -1
vn 6.683324560441406e-9 -7.549790126404332e-8 -1

vt 0 0
vt 0 0
vt 0 0
vt 0 0
vt 0 0
vt 0 0
vt 0 0
vt 0 0
vt 0 0
vt 0 0
vt 0 0
vt 0 0
vt 0 0
vt 0 0
vt 0 0
vt 0 0
vt 0 0
vt 0 0
vt 0 0
vt 0 0
vt 0 0
vt 0 0
vt 0 0
vt 0 0
vt 0 0
vt 0 0
vt 0 0
vt 0 0
vt 0 0
vt 0 0
vt 0 0
vt 0 0
vt 0 0
vt 0 0
vt 0 0
vt 0 0
vt 0 0
vt 0 0
vt 0 0
vt 0 0
vt 0 0
vt 0 0
vt 0 0
vt 0 0
vt 0 0
vt 0 0
vt 0 0
vt 0 0
vt 0 0
vt 0 0
vt 0 0
vt 0 0
vt 0 0
vt 0 0
vt 0 0
vt 0 0
vt 0 0
vt 0 0
vt 0 0
vt 0 0
vt 0 0
vt 0 0
vt 0 0
vt 0 0
vt 0 0
vt 0 0
vt 0 0
vt 0 0
vt 0 0
vt 0 0
vt 0 0
vt 0 0
vt 0 0
vt 0 0
vt 0 0
vt 0 0
vt 0 0
vt 0 0
vt 0 0
vt 0 0
vt 0 0
vt 0 0
vt 0 0
vt 0 0
vt 0 0
vt 0 0
vt 0 0
vt 0 0
vt 0 0
vt 0 0
vt 0 0
vt 0 0
vt 0 0
vt 0 0
vt 0 0
vt 0 0
vt 0 0
vt 0 0
vt 0 0
vt 0 0
vt 0 0
vt 0 0
vt 0 0
vt 0 0
vt 0 0
vt 0 0
vt 0 0
vt 0 0
vt 0 0
vt 0 0
vt 0 0
vt 0 0
vt 0 0
vt 0 0
vt 0 0
vt 0 0
vt 0 0
vt 0 0
vt 0 0
vt 0 0
vt 0 0
vt 0 0
vt 0 0
vt 0 0
vt 0 0
vt 0 0
vt 0 0
vt 0 0
vt 0 0
vt 0 0
vt 0 0
vt 0 0
vt 0 0
vt 0 0
vt 0 0
vt 0 0
vt 0 0
vt 0 0
vt 0 0
vt 0 0
vt 0 0
vt 0 0
vt 0 0
vt 0 0
vt 0 0
vt 0 0
vt 0 0
vt 0 0
vt 0 0
vt 0 0
vt 0 0
vt 0 0
vt 0 0
vt 0 0
vt 0 0
vt 0 0
vt 0 0
vt 0 0
vt 0 0
vt 0 0
vt 0 0
vt 0 0
vt 0 0
vt 0 0
vt 0 0
vt 0 0
vt 0 0
vt 0 0
vt 0 0
vt 0 0
vt 0 0
vt 0 0
vt 0 0
vt 0 0
vt 0 0
vt 0 0
vt 0 0
vt 0 0
vt 0 0
vt 0 0
vt 0 0
vt 0 0
vt 0 0
vt 0 0
vt 0 0
vt 0 0
vt 0 0
vt 0 0
vt 0 0
vt 0 0
vt 0 0
vt 0 0
vt 0 0
vt 0 0
vt 0 0
vt 0 0
vt 0 0
vt 0 0
vt 0 0
vt 0 0
vt 0 0
vt 0 0
vt 0 0
vt 0 0
vt 0 0
vt 0 0
vt 0 0
vt 0 0
vt 0 0
vt 0 0
vt 0 0
vt 0 0
vt 0 0
vt 0 0
vt 0 0
vt 0 0
vt 0 0
vt 0 0
vt 0 0
vt 0 0
vt 0 0
vt 0 0
vt 0 0
vt 0 0
vt 0 0
vt 0 0
vt 0 0
vt 0 0
vt 0 0
vt 0 0
vt 0 0
vt 0 0
vt 0 0
vt 0 0
vt 0 0
vt 0 0
vt 0 0
vt 0 0
vt 0 0
vt 0 0
vt 0 0
vt 0 0
vt 0 0
vt 0 0
vt 0 0
vt 0 0
vt 0 0
vt 0 0
vt 0 0
vt 0 0
vt 0 0
vt 0 0
vt 0 0
vt 0 0
vt 0 0
vt 0 0
vt 0 0
vt 0 0
vt 0 0
vt 0 0
vt 0 0
vt 0 0
vt 0 0
vt 0 0
vt 0 0
vt 0 0
vt 0 0
vt 0 0
vt 0 0
vt 0 0
vt 0 0
vt 0 0
vt 0 0
vt 0 0
vt 0 0
vt 0 0
vt 0 0
vt 0 0
vt 0 0
vt 0 0
vt 0 0
vt 0 0
vt 0 0
vt 0 0
vt 0 0
vt 0 0
vt 0 0
vt 0 0
vt 0 0
vt 0 0
vt 0 0
vt 0 0
vt 0 0
vt 0 0
vt 0 0
vt 0 0
vt 0 0
vt 0 0
vt 0 0
vt 0 0
vt 0 0
vt 0 0
vt 0 0
vt 0 0
vt 0 0
vt 0 0
vt 0 0
vt 0 0
vt 0 0
vt 0 0
vt 0 0
vt 0 0
vt 0 0
vt 0 0
vt 0 0
vt 0 0
vt 0 0
vt 0 0
vt 0 0
vt 0 0
vt 0 0
vt 0 0
vt 0 0
vt 0 0
vt 0 0
vt 0 0
vt 0 0
vt 0 0
vt 0 0
vt 0 0
vt 0 0
vt 0 0
vt 0 0
vt 0 0
vt 0 0
vt 0 0
vt 0 0
vt 0 0
vt 0 0
vt 0 0
vt 0 0
vt 0 0
vt 0 0
vt 0 0
vt 0 0
vt 0 0
vt 0 0
vt 0 0
vt 0 0
vt 0 0
vt 0 0
vt 0 0
vt 0 0
vt 0 0
vt 0 0
vt 0 0
vt 0 0
vt 0 0
vt 0 0
vt 0 0
vt 0 0
vt 0 0
vt 0 0
vt 0 0
vt 0 0
vt 0 0
vt 0 0
vt 0 0
vt 0 0
vt 0 0
vt 0 0
vt 0 0
vt 0 0
vt 0 0
vt 0 0
vt 0 0
vt 0 0
vt 0 0
vt 0 0
vt 0 0
vt 0 0
vt 0 0
vt 0 0
vt 0 0
vt 0 0
vt 0 0
vt 0 0
vt 0 0
vt 0 0
vt 0 0
vt 0 0
vt 0 0
vt 0 0
vt 0 0
vt 0 0
vt 0 0
vt 0 0
vt 0 0
vt 0 0
vt 0 0
vt 0 0
vt 0 0
vt 0 0
vt 0 0
vt 0 0
vt 0 0
vt 0 0
vt 0 0
vt 0 0
vt 0 0
vt 0 0
vt 0 0
vt 0 0
vt 0 0
vt 0 0
vt 0 0
vt 0 0
vt 0 0
vt 0 0
vt 0 0
vt 0 0
vt 0 0
vt 0 0
vt 0 0
vt 0 0
vt 0 0
vt 0 0
vt 0 0
vt 0 0
vt 0 0
vt 0 0
vt 0 0
vt 0 0
vt 0 0
vt 0 0
vt 0 0
vt 0 0
vt 0 0
vt 0 0
vt 0 0
vt 0 0
vt 0 0
vt 0 0
vt 0 0
vt 0 0
vt 0 0
vt 0 0
vt 0 0
vt 0 0
vt 0 0
vt 0 0
vt 0 0
vt 0 0
vt 0 0
vt 0 0
vt 0 0
vt 0 0
vt 0 0
vt 0 0
vt 0 0
vt 0 0
vt 0 0
vt 0 0
vt 0 0
vt 0 0
vt 0 0
vt 0 0
vt 0 0
vt 0 0
vt 0 0
vt 0 0
vt 0 0
vt 0 0
vt 0 0
vt 0 0
vt 0 0
vt 0 0
vt 0 0
vt 0 0
vt 0 0
vt 0 0
vt 0 0
vt 0 0
vt 0 0
vt 0 0
vt 0 0
vt 0 0
vt 0 0
vt 0 0
vt 0 0
vt 0 0
vt 0 0
vt 0 0
vt 0 0
vt 0 0
vt 0 0
vt 0 0
vt 0 0
vt 0 0
vt 0 0
vt 0 0
vt 0 0
vt 0 0
vt 0 0
vt 0 0
vt 0 0
vt 0 0
vt 0 0
vt 0 0
vt 0 0
vt 0 0
vt 0 0
vt 0 0
vt 0 0
vt 0 0
vt 0 0
vt 0 0
vt 0 0
vt 0 0
vt 0 0
vt 0 0
vt 0 0
vt 0 0
vt 0 0
vt 0 0
vt 0 0
vt 0 0
vt 0 0
vt 0 0
vt 0 0
vt 0 0
vt 0 0
vt 0 0
vt 0 0
vt 0 0
vt 0 0
vt 0 0
vt 0 0
vt 0 0
vt 0 0
vt 0 0
vt 0 0
vt 0 0
vt 0 0
vt 0 0
vt 0 0
vt 0 0
vt 0 0
vt 0 0
vt 0 0
vt 0 0
vt 0 0
vt 0 0
vt 0 0
vt 0 0
vt 0 0
vt 0 0
vt 0 0
vt 0 0
vt 0 0
vt 0 0
vt 0 0
vt 0 0
vt 0 0
vt 0 0
vt 0 0
vt 0 0
vt 0 0
vt 0 0
vt 0 0
vt 0 0
vt 0 0
vt 0 0
vt 0 0
vt 0 0
vt 0 0
vt 0 0
vt 0 0
vt 0 0
vt 0 0
vt 0 0
vt 0 0
vt 0 0
vt 0 0
vt 0 0
vt 0 0
vt 0 0
vt 0 0
vt 0 0
vt 0 0
vt 0 0
vt 0 0
vt 0 0
vt 0 0
vt 0 0
vt 0 0
vt 0 0
vt 0 0
vt 0 0
vt 0 0
vt 0 0
vt 0 0
vt 0 0
vt 0 0
vt 0 0
vt 0 0
vt 0 0
vt 0 0
vt 0 0
vt 0 0
vt 0 0
vt 0 0
vt 0 0
vt 0 0
vt 0 0
vt 0 0
vt 0 0
vt 0 0
vt 0 0
vt 0 0
vt 0 0
vt 0 0
vt 0 0
vt 0 0
vt 0 0
vt 0 0
vt 0 0
vt 0 0
vt 0 0
vt 0 0
vt 0 0
vt 0 0
vt 0 0
vt 0 0
vt 0 0
vt 0 0
vt 0 0
vt 0 0
vt 0 0
vt 0 0
vt 0 0
vt 0 0
vt 0 0
vt 0 0
vt 0 0
vt 0 0
vt 0 0
vt 0 0
vt 0 0
vt 0 0
vt 0 0
vt 0 0
vt 0 0
vt 0 0
vt 0 0
vt 0 0
vt 0 0
vt 0 0
vt 0 0
vt 0 0
vt 0 0
vt 0 0
vt 0 0
vt 0 0
vt 0 0
vt 0 0
vt 0 0
vt 0 0
vt 0 0
vt 0 0
vt 0 0
vt 0 0
vt 0 0
vt 0 0
vt 0 0
vt 0 0
vt 0 0
vt 0 0
vt 0 0
vt 0 0
vt 0 0
vt 0 0
vt 0 0
vt 0 0
vt 0 0
vt 0 0
vt 0 0
vt 0 0
vt 0 0
vt 0 0
vt 0 0
vt 0 0
vt 0 0
vt 0 0
vt 0 0
vt 0 0
vt 0 0
vt 0 0
vt 0 0
vt 0 0
vt 0 0
vt 0 0
vt 0 0
vt 0 0
vt 0 0
vt 0 0
vt 0 0
vt 0 0
vt 0 0
vt 0 0
vt 0 0
vt 0 0
vt 0 0
vt 0 0
vt 0 0
vt 0 0
vt 0 0
vt 0 0
vt 0 0
vt 0 0
vt 0 0
vt 0 0
vt 0 0
vt 0 0
vt 0 0
vt 0 0
vt 0 0
vt 0 0
vt 0 0
vt 0 0
vt 0 0
vt 0 0
vt 0 0
vt 0 0
vt 0 0
vt 0 0
vt 0 0
vt 0 0
vt 0 0
vt 0 0
vt 0 0
vt 0 0
vt 0 0
vt 0 0
vt 0 0
vt 0 0
vt 0 0
vt 0 0
vt 0 0
vt 0 0
vt 0 0
vt 0 0
vt 0 0
vt 0 0
vt 0 0
vt 0 0
vt 0 0
vt 0 0
vt 0 0
vt 0 0
vt 0 0
vt 0 0
vt 0 0
vt 0 0
vt 0 0
vt 0 0
vt 0 0
vt 0 0
vt 0 0
vt 0 0
vt 0 0
vt 0 0
vt 0 0
vt 0 0
vt 0 0
vt 0 0
vt 0 0
vt 0 0
vt 0 0
vt 0 0
vt 0 0
vt 0 0
vt 0 0
vt 0 0
vt 0 0
vt 0 0
vt 0 0
vt 0 0
vt 0 0
vt 0 0
vt 0 0
vt 0 0
vt 0 0
vt 0 0
vt 0 0
vt 0 0
vt 0 0
vt 0 0
vt 0 0
vt 0 0
vt 0 0
vt 0 0
vt 0 0
vt 0 0
vt 0 0
vt 0 0
vt 0 0
vt 0 0
vt 0 0
vt 0 0
vt 0 0
vt 0 0
vt 0 0
vt 0 0
vt 0 0
vt 0 0
vt 0 0
vt 0 0
vt 0 0
vt 0 0
vt 0 0
vt 0 0
vt 0 0
vt 0 0
vt 0 0
vt 0 0
vt 0 0
vt 0 0
vt 0 0
vt 0 0
vt 0 0
vt 0 0
vt 0 0
vt 0 0
vt 0 0
vt 0 0
vt 0 0
vt 0 0
vt 0 0
vt 0 0
vt 0 0
vt 0 0
vt 0 0
vt 0 0
vt 0 0
vt 0 0
vt 0 0
vt 0 0
vt 0 0
vt 0 0
vt 0 0
vt 0 0
vt 0 0
vt 0 0
vt 0 0
vt 0 0
vt 0 0
vt 0 0
vt 0 0
vt 0 0
vt 0 0
vt 0 0
vt 0 0
vt 0 0
vt 0 0
vt 0 0
vt 0 0
vt 0 0
vt 0 0
vt 0 0
vt 0 0
vt 0 0
vt 0 0
vt 0 0
vt 0 0
vt 0 0
vt 0 0
vt 0 0
vt 0 0
vt 0 0
vt 0 0
vt 0 0
vt 0 0
vt 0 0
vt 0 0
vt 0 0
vt 0 0
vt 0 0
vt 0 0
vt 0 0
vt 0 0
vt 0 0
vt 0 0
vt 0 0
vt 0 0
vt 0 0
vt 0 0
vt 0 0
vt 0 0
vt 0 0
vt 0 0
vt 0 0
vt 0 0
vt 0 0
vt 0 0
vt 0 0
vt 0 0
vt 0 0
vt 0 0
vt 0 0
vt 0 0
vt 0 0
vt 0 0
vt 0 0
vt 0 0
vt 0 0
vt 0 0
vt 0 0
vt 0 0
vt 0 0
vt 0 0
vt 0 0
vt 0 0
vt 0 0
vt 0 0
vt 0 0
vt 0 0
vt 0 0
vt 0 0
vt 0 0
vt 0 0
vt 0 0
vt 0 0
vt 0 0
vt 0 0
vt 0 0
vt 0 0
vt 0 0
vt 0 0
vt 0 0
vt 0 0
vt 0 0
vt 0 0
vt 0 0
vt 0 0
vt 0 0
vt 0 0
vt 0 0
vt 0 0
vt 0 0
vt 0 0
vt 0 0
vt 0 0
vt 0 0
vt 0 0
vt 0 0
vt 0 0
vt 0 0
vt 0 0
vt 0 0
vt 0 0
vt 0 0
vt 0 0
vt 0 0
vt 0 0
vt 0 0
vt 0 0
vt 0 0
vt 0 0
vt 0 0
vt 0 0
vt 0 0
vt 0 0
vt 0 0
vt 0 0
vt 0 0
vt 0 0
vt 0 0
vt 0 0
vt 0 0
vt 0 0
vt 0 0
vt 0 0
vt 0 0
vt 0 0
vt 0 0
vt 0 0
vt 0 0
vt 0 0
vt 0 0
vt 0 0
vt 0 0
vt 0 0
vt 0 0
vt 0 0
vt 0 0
vt 0 0
vt 0 0
vt 0 0
vt 0 0
vt 0 0
vt 0 0
vt 0 0
vt 0 0
vt 0 0
vt 0 0
vt 0 0
vt 0 0
vt 0 0
vt 0 0
vt 0 0
vt 0 0
vt 0 0
vt 0 0
vt 0 0
vt 0 0
vt 0 0
vt 0 0
vt 0 0
vt 0 0
vt 0 0
vt 0 0
vt 0 0
vt 0 0
vt 0 0
vt 0 0
vt 0 0
vt 0 0
vt 0 0
vt 0 0
vt 0 0
vt 0 0
vt 0 0
vt 0 0
vt 0 0
vt 0 0
vt 0 0
vt 0 0
vt 0 0
vt 0 0
vt 0 0
vt 0 0
vt 0 0
vt 0 0
vt 0 0
vt 0 0
vt 0 0
vt 0 0
vt 0 0
vt 0 0
vt 0 0
vt 0 0
vt 0 0
vt 0 0
vt 0 0
vt 0 0
vt 0 0
vt 0 0
vt 0 0
vt 0 0
vt 0 0
vt 0 0
vt 0 0
vt 0 0
vt 0 0
vt 0 0
vt 0 0
vt 0 0
vt 0 0
vt 0 0
vt 0 0
vt 0 0
vt 0 0
vt 0 0
vt 0 0
vt 0 0
vt 0 0
vt 0 0
vt 0 0
vt 0 0
vt 0 0
vt 0 0
vt 0 0
vt 0 0
vt 0 0
vt 0 0
vt 0 0
vt 0 0
vt 0 0
vt 0 0
vt 0 0
vt 0 0
vt 0 0
vt 0 0
vt 0 0
vt 0 0
vt 0 0
vt 0 0
vt 0 0
vt 0 0
vt 0 0
vt 0 0
vt 0 0
vt 0 0
vt 0 0
vt 0 0
vt 0 0
vt 0 0
vt 0 0
vt 0 0
vt 0 0
vt 0 0
vt 0 0
vt 0 0
vt 0 0
vt 0 0
vt 0 0
vt 0 0
vt 0 0
vt 0 0
vt 0 0
vt 0 0
vt 0 0
vt 0 0
vt 0 0
vt 0 0
vt 0 0
vt 0 0
vt 0 0
vt 0 0
vt 0 0
vt 0 0
vt 0 0
vt 0 0
vt 0 0
vt 0 0
vt 0 0
vt 0 0
vt 0 0
vt 0 0
vt 0 0
vt 0 0
vt 0 0
vt 0 0
vt 0 0
vt 0 0
vt 0 0
vt 0 0
vt 0 0
vt 0 0
vt 0 0
vt 0 0
vt 0 0
vt 0 0
vt 0 0
vt 0 0
vt 0 0
vt 0 0
vt 0 0
vt 0 0
vt 0 0
vt 0 0
vt 0 0
vt 0 0
vt 0 0
vt 0 0
vt 0 0
vt 0 0
vt 0 0
vt 0 0
vt 0 0
vt 0 0
vt 0 0
vt 0 0
vt 0 0
vt 0 0
vt 0 0
vt 0 0
vt 0 0
vt 0 0
vt 0 0
vt 0 0
vt 0 0
vt 0 0
vt 0 0
vt 0 0
vt 0 0
vt 0 0
vt 0 0
vt 0 0
vt 0 0
vt 0 0
vt 0 0
vt 0 0
vt 0 0
vt 0 0
vt 0 0
vt 0 0
vt 0 0
vt 0 0
vt 0 0
vt 0 0
vt 0 0
vt 0 0
vt 0 0
vt 0 0
vt 0 0
vt 0 0
vt 0 0
vt 0 0
vt 0 0
vt 0 0
vt 0 0
vt 0 0
vt 0 0
vt 0 0
vt 0 0
vt 0 0
vt 0 0
vt 0 0
vt 0 0
vt 0 0
vt 0 0
vt 0 0
vt 0 0
vt 0 0
vt 0 0
vt 0 0
vt 0 0
vt 0 0
vt 0 0
vt 0 0
vt 0 0
vt 0 0
vt 0 0
vt 0 0
vt 0 0
vt 0 0
vt 0 0
vt 0 0
vt 0 0
vt 0 0
vt 0 0
vt 0 0
vt 0 0
vt 0 0
vt 0 0
vt 0 0
vt 0 0
vt 0 0
vt 0 0
vt 0 0
vt 0 0
vt 0 0
vt 0 0
vt 0 0
vt 0 0
vt 0 0
vt 0 0
vt 0 0
vt 0 0
vt 0 0
vt 0 0
vt 0 0
vt 0 0
vt 0 0
vt 0 0
vt 0 0
vt 0 0
vt 0 0
vt 0 0
vt 0 0
vt 0 0
vt 0 0
vt 0 0
vt 0 0
vt 0 0
vt 0 0
vt 0 0
vt 0 0
vt 0 0
vt 0 0
vt 0 0
vt 0 0
vt 0 0
vt 0 0
vt 0 0
vt 0 0
vt 0 0
vt 0 0
vt 0 0
vt 0 0
vt 0 0
vt 0 0
vt 0 0
vt 0 0
vt 0 0
vt 0 0
vt 0 0
vt 0 0
vt 0 0
vt 0 0
vt 0 0
vt 0 0
vt 0 0
vt 0 0
vt 0 0
vt 0 0
vt 0 0
vt 0 0
vt 0 0
vt 0 0
vt 0 0
vt 0 0
vt 0 0
vt 0 0
vt 0 0
vt 0 0
vt 0 0
vt 0 0
vt 0 0
vt 0 0
vt 0 0
vt 0 0
vt 0 0
vt 0 0
vt 0 0
vt 0 0
vt 0 0
vt 0 0
vt 0 0
vt 0 0
vt 0 0
vt 0 0
vt 0 0
vt 0 0
vt 0 0
vt 0 0
vt 0 0
vt 0 0
vt 0 0
vt 0 0
vt 0 0
vt 0 0
vt 0 0
vt 0 0
vt 0 0
vt 0 0
vt 0 0
vt 0 0
vt 0 0
vt 0 0
vt 0 0
vt 0 0
vt 0 0
vt 0 0
vt 0 0
vt 0 0
vt 0 0
vt 0 0
vt 0 0
vt 0 0
vt 0 0
vt 0 0
vt 0 0
vt 0 0
vt 0 0
vt 0 0
vt 0 0
vt 0 0
vt 0 0
vt 0 0
vt 0 0
vt 0 0
vt 0 0
vt 0 0
vt 0 0
vt 0 0
vt 0 0
vt 0 0
vt 0 0
vt 0 0
vt 0 0
vt 0 0
vt 0 0
vt 0 0
vt 0 0
vt 0 0
vt 0 0
vt 0 0
vt 0 0
vt 0 0
vt 0 0
vt 0 0
vt 0 0
vt 0 0
vt 0 0
vt 0 0
vt 0 0
vt 0 0
vt 0 0
vt 0 0
vt 0 0
vt 0 0
vt 0 0
vt 0 0
vt 0 0
vt 0 0
vt 0 0
vt 0 0
vt 0 0
vt 0 0
vt 0 0
vt 0 0
vt 0 0
vt 0 0
vt 0 0
vt 0 0
vt 0 0
vt 0 0
vt 0 0
vt 0 0
vt 0 0
vt 0 0
vt 0 0
vt 0 0
vt 0 0
vt 0 0
vt 0 0
vt 0 0
vt 0 0
vt 0 0
vt 0 0
vt 0 0
vt 0 0
vt 0 0
vt 0 0
vt 0 0
vt 0 0
vt 0 0
vt 0 0
vt 0 0
vt 0 0
vt 0 0
vt 0 0
vt 0 0
vt 0 0
vt 0 0
vt 0 0
vt 0 0
vt 0 0
vt 0 0
vt 0 0
vt 0 0
vt 0 0
vt 0 0
vt 0 0
vt 0 0
vt 0 0
vt 0 0
vt 0 0
vt 0 0
vt 0 0
vt 0 0
vt 0 0
vt 0 0
vt 0 0
vt 0 0
vt 0 0
vt 0 0
vt 0 0
vt 0 0
vt 0 0
vt 0 0
vt 0 0
vt 0 0
vt 0 0
vt 0 0
vt 0 0
vt 0 0
vt 0 0
vt 0 0
vt 0 0
vt 0 0
vt 0 0
vt 0 0
vt 0 0
vt 0 0
vt 0 0
vt 0 0
vt 0 0
vt 0 0
vt 0 0
vt 0 0
vt 0 0
vt 0 0
vt 0 0
vt 0 0
vt 0 0
vt 0 0
vt 0 0
vt 0 0
vt 0 0
vt 0 0
vt 0 0
vt 0 0
vt 0 0
vt 0 0
vt 0 0
vt 0 0
vt 0 0
vt 0 0
vt 0 0
vt 0 0
vt 0 0
vt 0 0
vt 0 0
vt 0 0
vt 0 0
vt 0 0
vt 0 0
vt 0 0
vt 0 0
vt 0 0
vt 0 0
vt 0 0
vt 0 0
vt 0 0
vt 0 0
vt 0 0
vt 0 0
vt 0 0
vt 0 0
vt 0 0
vt 0 0
vt 0 0
vt 0 0
vt 0 0
vt 0 0
vt 0 0
vt 0 0
vt 0 0
vt 0 0
vt 0 0
vt 0 0
vt 0 0
vt 0 0
vt 0 0
vt 0 0
vt 0 0
vt 0 0
vt 0 0
vt 0 0
vt 0 0
vt 0 0
vt 0 0
vt 0 0
vt 0 0
vt 0 0
vt 0 0
vt 0 0
vt 0 0
vt 0 0
vt 0 0
vt 0 0
vt 0 0
vt 0 0
vt 0 0
vt 0 0
vt 0 0
vt 0 0
vt 0 0
vt 0 0
vt 0 0
vt 0 0
vt 0 0
vt 0 0
vt 0 0
vt 0 0
vt 0 0
vt 0 0
vt 0 0
vt 0 0
vt 0 0
vt 0 0
vt 0 0
vt 0 0
vt 0 0
vt 0 0
vt 0 0
vt 0 0
vt 0 0
vt 0 0
vt 0 0
vt 0 0
vt 0 0
vt 0 0
vt 0 0
vt 0 0
vt 0 0
vt 0 0
vt 0 0
vt 0 0
vt 0 0
vt 0 0
vt 0 0
vt 0 0
vt 0 0
vt 0 0
vt 0 0
vt 0 0
vt 0 0
vt 0 0
vt 0 0
vt 0 0
vt 0 0
vt 0 0
vt 0 0
vt 0 0
vt 0 0
vt 0 0
vt 0 0
vt 0 0
vt 0 0
vt 0 0
vt 0 0
vt 0 0
vt 0 0
vt 0 0
vt 0 0
vt 0 0
vt 0 0
vt 0 0
vt 0 0
vt 0 0
vt 0 0
vt 0 0
vt 0 0
vt 0 0
vt 0 0
vt 0 0
vt 0 0
vt 0 0
vt 0 0
vt 0 0
vt 0 0
vt 0 0
vt 0 0
vt 0 0
vt 0 0
vt 0 0
vt 0 0
vt 0 0
vt 0 0
vt 0 0
vt 0 0
vt 0 0
vt 0 0
vt 0 0
vt 0 0
vt 0 0
vt 0 0
vt 0 0
vt 0 0
vt 0 0
vt 0 0
vt 0 0
vt 0 0
vt 0 0
vt 0 0
vt 0 0
vt 0 0
vt 0 0
vt 0 0
vt 0 0
vt 0 0
vt 0 0
vt 0 0
vt 0 0
vt 0 0
vt 0 0
vt 0 0
vt 0 0
vt 0 0
vt 0 0
vt 0 0
vt 0 0
vt 0 0
vt 0 0
vt 0 0
vt 0 0
vt 0 0
vt 0 0
vt 0 0
vt 0 0
vt 0 0
vt 0 0
vt 0 0
vt 0 0
vt 0 0
vt 0 0
vt 0 0
vt 0 0
vt 0 0
vt 0 0
vt 0 0
vt 0 0
vt 0 0
vt 0 0
vt 0 0
vt 0 0
vt 0 0
vt 0 0
vt 0 0
vt 0 0
vt 0 0
vt 0 0
vt 0 0
vt 0 0
vt 0 0
vt 0 0
vt 0 0
vt 0 0
vt 0 0
vt 0 0
vt 0 0
vt 0 0
vt 0 0
vt 0 0
vt 0 0
vt 0 0
vt 0 0
vt 0 0
vt 0 0
vt 0 0
vt 0 0
vt 0 0
vt 0 0
vt 0 0
vt 0 0
vt 0 0
vt 0 0
vt 0 0
vt 0 0
vt 0 0
vt 0 0
vt 0 0
vt 0 0
vt 0 0
vt 0 0
vt 0 0
vt 0 0
vt 0 0
vt 0 0
vt 0 0
vt 0 0
vt 0 0
vt 0 0
vt 0 0
vt 0 0
vt 0 0
vt 0 0
vt 0 0
vt 0 0
vt 0 0
vt 0 0
vt 0 0
vt 0 0
vt 0 0
vt 0 0
vt 0 0
vt 0 0
vt 0 0
vt 0 0
vt 0 0
vt 0 0
vt 0 0
vt 0 0
vt 0 0
vt 0 0
vt 0 0
vt 0 0
vt 0 0
vt 0 0
vt 0 0
vt 0 0
vt 0 0
vt 0 0
vt 0 0
vt 0 0
vt 0 0
vt 0 0
vt 0 0
vt 0 0
vt 0 0
vt 0 0
vt 0 0
vt 0 0
vt 0 0
vt 0 0
vt 0 0
vt 0 0
vt 0 0
vt 0 0
vt 0 0
vt 0 0
vt 0 0
vt 0 0
vt 0 0
vt 0 0
vt 0 0
vt 0 0
vt 0 0
vt 0 0
vt 0 0
vt 0 0
vt 0 0
vt 0 0
vt 0 0
vt 0 0
vt 0 0
vt 0 0
vt 0 0
vt 0 0
vt 0 0
vt 0 0
vt 0 0
vt 0 0
vt 0 0
vt 0 0
vt 0 0
vt 0 0
vt 0 0
vt 0 0
vt 0 0
vt 0 0
vt 0 0
vt 0 0
vt 0 0
vt 0 0
vt 0 0
vt 0 0
vt 0 0
vt 0 0
vt 0 0
vt 0 0
vt 0 0
vt 0 0
vt 0 0
vt 0 0
vt 0 0
vt 0 0
vt 0 0
vt 0 0
vt 0 0
vt 0 0
vt 0 0
vt 0 0
vt 0 0
vt 0 0
vt 0 0
vt 0 0
vt 0 0
vt 0 0
vt 0 0
vt 0 0
vt 0 0
vt 0 0
vt 0 0
vt 0 0
vt 0 0
vt 0 0
vt 0 0
vt 0 0
vt 0 0
vt 0 0
vt 0 0
vt 0 0
vt 0 0
vt 0 0
vt 0 0
vt 0 0
vt 0 0
vt 0 0
vt 0 0
vt 0 0
vt 0 0
vt 0 0
vt 0 0
vt 0 0
vt 0 0
vt 0 0
vt 0 0
vt 0 0
vt 0 0
vt 0 0
vt 0 0
vt 0 0
vt 0 0
vt 0 0
vt 0 0
vt 0 0
vt 0 0
vt 0 0
vt 0 0
vt 0 0
vt 0 0
vt 0 0
vt 0 0
vt 0 0
vt 0 0
vt 0 0
vt 0 0
vt 0 0
vt 0 0
vt 0 0
vt 0 0
vt 0 0
vt 0 0
vt 0 0
vt 0 0
vt 0 0
vt 0 0
vt 0 0
vt 0 0
vt 0 0
vt 0 0
vt 0 0
vt 0 0
vt 0 0
vt 0 0
vt 0 0
vt 0 0
vt 0 0
vt 0 0
vt 0 0
vt 0 0
vt 0 0
vt 0 0
vt 0 0
vt 0 0
vt 0 0
vt 0 0
vt 0 0
vt 0 0
vt 0 0
vt 0 0
vt 0 0
vt 0 0
vt 0 0
vt 0 0
vt 0 0
vt 0 0
vt 0 0
vt 0 0
vt 0 0
vt 0 0
vt 0 0
vt 0 0
vt 0 0
vt 0 0
vt 0 0
vt 0 0
vt 0 0
vt 0 0
vt 0 0
vt 0 0
vt 0 0
vt 0 0
vt 0 0
vt 0 0
vt 0 0
vt 0 0
vt 0 0
vt 0 0
vt 0 0
vt 0 0
vt 0 0
vt 0 0
vt 0 0
vt 0 0
vt 0 0
vt 0 0
vt 0 0
vt 0 0
vt 0 0
vt 0 0
vt 0 0
vt 0 0
vt 0 0
vt 0 0
vt 0 0
vt 0 0
vt 0 0
vt 0 0
vt 0 0
vt 0 0
vt 0 0
vt 0 0
vt 0 0
vt 0 0
vt 0 0
vt 0 0
vt 0 0
vt 0 0
vt 0 0
vt 0 0
vt 0 0
vt 0 0
vt 0 0
vt 0 0
vt 0 0
vt 0 0
vt 0 0
vt 0 0
vt 0 0
vt 0 0
vt 0 0
vt 0 0
vt 0 0
vt 0 0
vt 0 0
vt 0 0
vt 0 0
vt 0 0
vt 0 0
vt 0 0
vt 0 0
vt 0 0
vt 0 0
vt 0 0
vt 0 0
vt 0 0
vt 0 0
vt 0 0
vt 0 0
vt 0 0
vt 0 0
vt 0 0
vt 0 0
vt 0 0
vt 0 0
vt 0 0
vt 0 0
vt 0 0
vt 0 0
vt 0 0
vt 0 0
vt 0 0
vt 0 0
vt 0 0
vt 0 0
vt 0 0
vt 0 0
vt 0 0
vt 0 0
vt 0 0
vt 0 0
vt 0 0
vt 0 0
vt 0 0
vt 0 0
vt 0 0
vt 0 0
vt 0 0
vt 0 0
vt 0 0
vt 0 0
vt 0 0
vt 0 0
vt 0 0
vt 0 0
vt 0 0
vt 0 0
vt 0 0
vt 0 0
vt 0 0
vt 0 0
vt 0 0
vt 0 0
vt 0 0
vt 0 0
vt 0 0
vt 0 0
vt 0 0
vt 0 0
vt 0 0
vt 0 0
vt 0 0
vt 0 0
vt 0 0
vt 0 0
vt 0 0
vt 0 0
vt 0 0
vt 0 0
vt 0 0
vt 0 0
vt 0 0
vt 0 0
vt 0 0
vt 0 0
vt 0 0
vt 0 0
vt 0 0
vt 0 0
vt 0 0
vt 0 0
vt 0 0
vt 0 0
vt 0 0
vt 0 0
vt 0 0
vt 0 0
vt 0 0
vt 0 0
vt 0 0
vt 0 0
vt 0 0
vt 0 0
vt 0 0
vt 0 0
vt 0 0
vt 0 0
vt 0 0
vt 0 0
vt 0 0
vt 0 0
vt 0 0
vt 0 0
vt 0 0
vt 0 0
vt 0 0
vt 0 0
vt 0 0
vt 0 0
vt 0 0
vt 0 0
vt 0 0
vt 0 0
vt 0 0
vt 0 0
vt 0 0
vt 0 0
vt 0 0
vt 0 0
vt 0 0
vt 0 0
vt 0 0
vt 0 0
vt 0 0
vt 0 0
vt 0 0
vt 0 0
vt 0 0
vt 0 0
vt 0 0
vt 0 0
vt 0 0
vt 0 0
vt 0 0
vt 0 0
vt 0 0
vt 0 0
vt 0 0
vt 0 0
vt 0 0
vt 0 0
vt 0 0
vt 0 0
vt 0 0
vt 0 0
vt 0 0
vt 0 0
vt 0 0
vt 0 0
vt 0 0
vt 0 0
vt 0 0
vt 0 0
vt 0 0
vt 0 0
vt 0 0
vt 0 0
vt 0 0
vt 0 0
vt 0 0
vt 0 0
vt 0 0
vt 0 0
vt 0 0
vt 0 0
vt 0 0
vt 0 0
vt 0 0
vt 0 0
vt 0 0
vt 0 0
vt 0 0
vt 0 0
vt 0 0
vt 0 0
vt 0 0
vt 0 0
vt 0 0
vt 0 0
vt 0 0
vt 0 0
vt 0 0
vt 0 0
vt 0 0
vt 0 0
vt 0 0
vt 0 0
vt 0 0
vt 0 0
vt 0 0
vt 0 0
vt 0 0
vt 0 0
vt 0 0
vt 0 0
vt 0 0
vt 0 0
vt 0 0
vt 0 0
vt 0 0
vt 0 0
vt 0 0
vt 0 0
vt 0 0
vt 0 0
vt 0 0
vt 0 0
vt 0 0
vt 0 0
vt 0 0
vt 0 0
vt 0 0
vt 0 0
vt 0 0
vt 0 0
vt 0 0
vt 0 0
vt 0 0
vt 0 0
vt 0 0
vt 0 0
vt 0 0
vt 0 0
vt 0 0
vt 0 0
vt 0 0
vt 0 0
vt 0 0
vt 0 0
vt 0 0
vt 0 0
vt 0 0
vt 0 0
vt 0 0
vt 0 0
vt 0 0
vt 0 0
vt 0 0
vt 0 0
vt 0 0
vt 0 0
vt 0 0
vt 0 0
vt 0 0
vt 0 0
vt 0 0
vt 0 0
vt 0 0
vt 0 0
vt 0 0
vt 0 0
vt 0 0
vt 0 0
vt 0 0
vt 0 0
vt 0 0
vt 0 0
vt 0 0
vt 0 0
vt 0 0
vt 0 0
vt 0 0
vt 0 0
vt 0 0
vt 0 0
vt 0 0
vt 0 0
vt 0 0
vt 0 0
vt 0 0
vt 0 0
vt 0 0
vt 0 0
vt 0 0
vt 0 0
vt 0 0
vt 0 0
vt 0 0
vt 0 0
vt 0 0
vt 0 0
vt 0 0
vt 0 0
vt 0 0
vt 0 0
vt 0 0
vt 0 0
vt 0 0
vt 0 0
vt 0 0
vt 0 0
vt 0 0
vt 0 0
vt 0 0
vt 0 0
vt 0 0
vt 0 0
vt 0 0
vt 0 0
vt 0 0
vt 0 0
vt 0 0
vt 0 0
vt 0 0
vt 0 0
vt 0 0
vt 0 0
vt 0 0
vt 0 0
vt 0 0
vt 0 0
vt 0 0
vt 0 0
vt 0 0
vt 0 0
vt 0 0
vt 0 0
vt 0 0
vt 0 0
vt 0 0
vt 0 0
vt 0 0
vt 0 0
vt 0 0
vt 0 0
vt 0 0
vt 0 0
vt 0 0
vt 0 0
vt 0 0
vt 0 0
vt 0 0
vt 0 0
vt 0 0
vt 0 0
vt 0 0
vt 0 0
vt 0 0
vt 0 0
vt 0 0
vt 0 0
vt 0 0
vt 0 0
vt 0 0
vt 0 0
vt 0 0
vt 0 0
vt 0 0
vt 0 0
vt 0 0
vt 0 0
vt 0 0
vt 0 0
vt 0 0
vt 0 0
vt 0 0
vt 0 0
vt 0 0
vt 0 0
vt 0 0
vt 0 0
vt 0 0
vt 0 0
vt 0 0
vt 0 0
vt 0 0
vt 0 0
vt 0 0
vt 0 0
vt 0 0
vt 0 0
vt 0 0
vt 0 0
vt 0 0
vt 0 0
vt 0 0
vt 0 0
vt 0 0
vt 0 0
vt 0 0
vt 0 0
vt 0 0
vt 0 0
vt 0 0
vt 0 0
vt 0 0
vt 0 0
vt 0 0
vt 0 0
vt 0 0
vt 0 0
vt 0 0
vt 0 0
vt 0 0
vt 0 0
vt 0 0
vt 0 0
vt 0 0
vt 0 0
vt 0 0
vt 0 0
vt 0 0
vt 0 0
vt 0 0
vt 0 0
vt 0 0
vt 0 0
vt 0 0
vt 0 0
vt 0 0
vt 0 0
vt 0 0
vt 0 0
vt 0 0
vt 0 0
vt 0 0
vt 0 0
vt 0 0
vt 0 0
vt 0 0
vt 0 0
vt 0 0
vt 0 0
vt 0 0
vt 0 0
vt 0 0
vt 0 0
vt 0 0
vt 0 0
vt 0 0
vt 0 0
vt 0 0
vt 0 0
vt 0 0
vt 0 0
vt 0 0
vt 0 0
vt 0 0
vt 0 0
vt 0 0
vt 0 0
vt 0 0
vt 0 0
vt 0 0
vt 0 0
vt 0 0
vt 0 0
vt 0 0
vt 0 0
vt 0 0
vt 0 0
vt 0 0
vt 0 0
vt 0 0
vt 0 0
vt 0 0
vt 0 0
vt 0 0
vt 0 0
vt 0 0
vt 0 0
vt 0 0
vt 0 0
vt 0 0
vt 0 0
vt 0 0
vt 0 0
vt 0 0
vt 0 0
vt 0 0
vt 0 0
vt 0 0
vt 0 0
vt 0 0
vt 0 0
vt 0 0
vt 0 0
vt 0 0
vt 0 0
vt 0 0
vt 0 0
vt 0 0
vt 0 0
vt 0 0
vt 0 0
vt 0 0
vt 0 0
vt 0 0
vt 0 0
vt 0 0
vt 0 0
vt 0 0
vt 0 0
vt 0 0
vt 0 0
vt 0 0
vt 0 0
vt 0 0
vt 0 0
vt 0 0
vt 0 0
vt 0 0
vt 0 0
vt 0 0
vt 0 0
vt 0 0
vt 0 0
vt 0 0
vt 0 0
vt 0 0
vt 0 0
vt 0 0
vt 0 0
vt 0 0
vt 0 0
vt 0 0
vt 0 0
vt 0 0
vt 0 0
vt 0 0
vt 0 0
vt 0 0
vt 0 0
vt 0 0
vt 0 0
vt 0 0
vt 0 0
vt 0 0
vt 0 0
vt 0 0
vt 0 0
vt 0 0
vt 0 0
vt 0 0
vt 0 0
vt 0 0
vt 0 0
vt 0 0
vt 0 0
vt 0 0
vt 0 0
vt 0 0
vt 0 0
vt 0 0
vt 0 0
vt 0 0
vt 0 0
vt 0 0
vt 0 0
vt 0 0
vt 0 0
vt 0 0
vt 0 0
vt 0 0
vt 0 0
vt 0 0
vt 0 0
vt 0 0
vt 0 0
vt 0 0
vt 0 0
vt 0 0
vt 0 0
vt 0 0
vt 0 0
vt 0 0
vt 0 0
vt 0 0
vt 0 0
vt 0 0
vt 0 0
vt 0 0
vt 0 0
vt 0 0
vt 0 0
vt 0 0
vt 0 0
vt 0 0
vt 0 0
vt 0 0
vt 0 0
vt 0 0
vt 0 0
vt 0 0
vt 0 0
vt 0 0
vt 0 0
vt 0 0
vt 0 0
vt 0 0
vt 0 0
vt 0 0
vt 0 0
vt 0 0
vt 0 0
vt 0 0
vt 0 0
vt 0 0
vt 0 0
vt 0 0
vt 0 0
vt 0 0
vt 0 0
vt 0 0
vt 0 0
vt 0 0
vt 0 0
vt 0 0
vt 0 0
vt 0 0
vt 0 0
vt 0 0
vt 0 0
vt 0 0
vt 0 0
vt 0 0
vt 0 0
vt 0 0
vt 0 0
vt 0 0
vt 0 0
vt 0 0
vt 0 0
vt 0 0
vt 0 0
vt 0 0
vt 0 0
vt 0 0
vt 0 0
vt 0 0
vt 0 0
vt 0 0
vt 0 0
vt 0 0
vt 0 0
vt 0 0
vt 0 0
vt 0 0
vt 0 0
vt 0 0
vt 0 0
vt 0 0
vt 0 0
vt 0 0
vt 0 0
vt 0 0
vt 0 0
vt 0 0
vt 0 0
vt 0 0
vt 0 0
vt 0 0
vt 0 0
vt 0 0
vt 0 0
vt 0 0
vt 0 0
vt 0 0
vt 0 0
vt 0 0
vt 0 0
vt 0 0
vt 0 0
vt 0 0
vt 0 0
vt 0 0
vt 0 0
vt 0 0
vt 0 0
vt 0 0
vt 0 0
vt 0 0
vt 0 0
vt 0 0
vt 0 0
vt 0 0
vt 0 0
vt 0 0
vt 0 0
vt 0 0
vt 0 0
vt 0 0
vt 0 0
vt 0 0
vt 0 0
vt 0 0
vt 0 0
vt 0 0
vt 0 0
vt 0 0
vt 0 0
vt 0 0
vt 0 0
vt 0 0
vt 0 0
vt 0 0
vt 0 0
vt 0 0
vt 0 0
vt 0 0
vt 0 0
vt 0 0
vt 0 0
vt 0 0
vt 0 0
vt 0 0
vt 0 0
vt 0 0
vt 0 0
vt 0 0
vt 0 0
vt 0 0
vt 0 0
vt 0 0
vt 0 0
vt 0 0
vt 0 0
vt 0 0
vt 0 0
vt 0 0
vt 0 0
vt 0 0
vt 0 0
vt 0 0
vt 0 0
vt 0 0
vt 0 0
vt 0 0
vt 0 0
vt 0 0
vt 0 0
vt 0 0
vt 0 0
vt 0 0
vt 0 0
vt 0 0
vt 0 0
vt 0 0
vt 0 0
vt 0 0
vt 0 0
vt 0 0
vt 0 0
vt 0 0
vt 0 0
vt 0 0
vt 0 0
vt 0 0
vt 0 0
vt 0 0
vt 0 0
vt 0 0
vt 0 0
vt 0 0
vt 0 0
vt 0 0
vt 0 0
vt 0 0
vt 0 0
vt 0 0
vt 0 0
vt 0 0
vt 0 0
vt 0 0
vt 0 0
vt 0 0
vt 0 0
vt 0 0
vt 0 0
vt 0 0
vt 0 0
vt 0 0
vt 0 0
vt 0 0
vt 0 0
vt 0 0
vt 0 0
vt 0 0
vt 0 0
vt 0 0
vt 0 0
vt 0 0
vt 0 0
vt 0 0
vt 0 0
vt 0 0
vt 0 0
vt 0 0
vt 0 0
vt 0 0
vt 0 0
vt 0 0
vt 0 0
vt 0 0
vt 0 0
vt 0 0
vt 0 0
vt 0 0
vt 0 0
vt 0 0
vt 0 0
vt 0 0
vt 0 0
vt 0 0
vt 0 0
vt 0 0
vt 0 0
vt 0 0
vt 0 0
vt 0 0
vt 0 0
vt 0 0
vt 0 0
vt 0 0
vt 0 0
vt 0 0
vt 0 0
vt 0 0
vt 0 0
vt 0 0
vt 0 0
vt 0 0
vt 0 0
vt 0 0
vt 0 0
vt 0 0
vt 0 0
vt 0 0
vt 0 0
vt 0 0
vt 0 0
vt 0 0
vt 0 0
vt 0 0
vt 0 0
vt 0 0
vt 0 0
vt 0 0
vt 0 0
vt 0 0
vt 0 0
vt 0 0
vt 0 0
vt 0 0
vt 0 0
vt 0 0
vt 0 0
vt 0 0
vt 0 0
vt 0 0
vt 0 0
vt 0 0
vt 0 0
vt 0 0
vt 0 0
vt 0 0
vt 0 0
vt 0 0
vt 0 0
vt 0 0
vt 0 0
vt 0 0
vt 0 0
vt 0 0
vt 0 0
vt 0 0
vt 0 0
vt 0 0
vt 0 0
vt 0 0
vt 0 0
vt 0 0
vt 0 0
vt 0 0
vt 0 0
vt 0 0
vt 0 0
vt 0 0
vt 0 0
vt 0 0
vt 0 0
vt 0 0
vt 0 0
vt 0 0
vt 0 0
vt 0 0
vt 0 0
vt 0 0
vt 0 0
vt 0 0
vt 0 0
vt 0 0
vt 0 0
vt 0 0
vt 0 0
vt 0 0
vt 0 0
vt 0 0
vt 0 0
vt 0 0
vt 0 0
vt 0 0
vt 0 0
vt 0 0
vt 0 0
vt 0 0
vt 0 0
vt 0 0
vt 0 0
vt 0 0
vt 0 0
vt 0 0
vt 0 0
vt 0 0
vt 0 0
vt 0 0
vt 0 0
vt 0 0
vt 0 0
vt 0 0
vt 0 0
vt 0 0
vt 0 0
vt 0 0
vt 0 0
vt 0 0
vt 0 0
vt 0 0
vt 0 0
vt 0 0
vt 0 0
vt 0 0
vt 0 0
vt 0 0
vt 0 0
vt 0 0
vt 0 0
vt 0 0
vt 0 0
vt 0 0
vt 0 0
vt 0 0
vt 0 0
vt 0 0
vt 0 0
vt 0 0
vt 0 0
vt 0 0
vt 0 0
vt 0 0
vt 0 0
vt 0 0
vt 0 0
vt 0 0
vt 0 0
vt 0 0
vt 0 0
vt 0 0
vt 0 0
vt 0 0
vt 0 0
vt 0 0
vt 0 0
vt 0 0
vt 0 0
vt 0 0
vt 0 0
vt 0 0
vt 0 0
vt 0 0
vt 0 0
vt 0 0
vt 0 0
vt 0 0
vt 0 0
vt 0 0
vt 0 0
vt 0 0
vt 0 0
vt 0 0
vt 0 0
vt 0 0
vt 0 0
vt 0 0
vt 0 0
vt 0 0
vt 0 0
vt 0 0
vt 0 0
vt 0 0
vt 0 0
vt 0 0
vt 0 0
vt 0 0
vt 0 0
vt 0 0
vt 0 0
vt 0 0
vt 0 0
vt 0 0
vt 0 0
vt 0 0
vt 0 0
vt 0 0
vt 0 0
vt 0 0
vt 0 0
vt 0 0
vt 0 0
vt 0 0
vt 0 0
vt 0 0
vt 0 0
vt 0 0
vt 0 0
vt 0 0
vt 0 0
vt 0 0
vt 0 0
vt 0 0
vt 0 0
vt 0 0
vt 0 0
vt 0 0
vt 0 0
vt 0 0
vt 0 0
vt 0 0
vt 0 0
vt 0 0
vt 0 0
vt 0 0
vt 0 0
vt 0 0
vt 0 0
vt 0 0
vt 0 0
vt 0 0
vt 0 0
vt 0 0
vt 0 0
vt 0 0
vt 0 0
vt 0 0
vt 0 0
vt 0 0
vt 0 0
vt 0 0
vt 0 0
vt 0 0
vt 0 0
vt 0 0
vt 0 0
vt 0 0
vt 0 0
vt 0 0
vt 0 0
vt 0 0
vt 0 0
vt 0 0
vt 0 0
vt 0 0
vt 0 0
vt 0 0
vt 0 0
vt 0 0
vt 0 0
vt 0 0
vt 0 0
vt 0 0
vt 0 0
vt 0 0
vt 0 0
vt 0 0
vt 0 0
vt 0 0
vt 0 0
vt 0 0
vt 0 0
vt 0 0
vt 0 0
vt 0 0
vt 0 0
vt 0 0
vt 0 0
vt 0 0
vt 0 0
vt 0 0
vt 0 0
vt 0 0
vt 0 0
vt 0 0
vt 0 0
vt 0 0
vt 0 0
vt 0 0
vt 0 0
vt 0 0
vt 0 0
vt 0 0
vt 0 0
vt 0 0
vt 0 0
vt 0 0
vt 0 0
vt 0 0
vt 0 0
vt 0 0
vt 0 0
vt 0 0
vt 0 0
vt 0 0
vt 0 0
vt 0 0
vt 0 0
vt 0 0
vt 0 0
vt 0 0
vt 0 0
vt 0 0
vt 0 0
vt 0 0
vt 0 0
vt 0 0
vt 0 0
vt 0 0
vt 0 0
vt 0 0
vt 0 0
vt 0 0
vt 0 0
vt 0 0
vt 0 0
vt 0 0
vt 0 0
vt 0 0
vt 0 0
vt 0 0
vt 0 0
vt 0 0
vt 0 0
vt 0 0
vt 0 0
vt 0 0
vt 0 0
vt 0 0
vt 0 0
vt 0 0
vt 0 0
vt 0 0
vt 0 0
vt 0 0
vt 0 0
vt 0 0
vt 0 0
vt 0 0
vt 0 0
vt 0 0
vt 0 0
vt 0 0
vt 0 0
vt 0 0
vt 0 0
vt 0 0
vt 0 0
vt 0 0
vt 0 0
vt 0 0
vt 0 0
vt 0 0
vt 0 0
vt 0 0
vt 0 0
vt 0 0
vt 0 0
vt 0 0
vt 0 0
vt 0 0
vt 0 0
vt 0 0
vt 0 0
vt 0 0
vt 0 0
vt 0 0
vt 0 0
vt 0 0
vt 0 0
vt 0 0
vt 0 0
vt 0 0
vt 0 0
vt 0 0
vt 0 0
vt 0 0
vt 0 0
vt 0 0
vt 0 0
vt 0 0
vt 0 0
vt 0 0
vt 0 0
vt 0 0
vt 0 0
vt 0 0
vt 0 0
vt 0 0
vt 0 0
vt 0 0
vt 0 0
vt 0 0
vt 0 0
vt 0 0
vt 0 0
vt 0 0
vt 0 0
vt 0 0
vt 0 0
vt 0 0
vt 0 0
vt 0 0
vt 0 0
vt 0 0
vt 0 0
vt 0 0
vt 0 0
vt 0 0
vt 0 0
vt 0 0
vt 0 0
vt 0 0
vt 0 0
vt 0 0
vt 0 0
vt 0 0
vt 0 0
vt 0 0
vt 0 0
vt 0 0
vt 0 0
vt 0 0
vt 0 0
vt 0 0
vt 0 0
vt 0 0
vt 0 0
vt 0 0
vt 0 0
vt 0 0
vt 0 0
vt 0 0
vt 0 0
vt 0 0
vt 0 0
vt 0 0
vt 0 0
vt 0 0
vt 0 0
vt 0 0
vt 0 0
vt 0 0
vt 0 0
vt 0 0
vt 0 0
vt 0 0
vt 0 0
vt 0 0
vt 0 0
vt 0 0
vt 0 0
vt 0 0
vt 0 0
vt 0 0
vt 0 0
vt 0 0
vt 0 0
vt 0 0
vt 0 0
vt 0 0
vt 0 0
vt 0 0
vt 0 0
vt 0 0
vt 0 0
vt 0 0
vt 0 0
vt 0 0
vt 0 0
vt 0 0
vt 0 0
vt 0 0
vt 0 0
vt 0 0
vt 0 0
vt 0 0
vt 0 0
vt 0 0
vt 0 0
vt 0 0
vt 0 0
vt 0 0
vt 0 0
vt 0 0
vt 0 0
vt 0 0
vt 0 0
vt 0 0
vt 0 0
vt 0 0
vt 0 0
vt 0 0
vt 0 0
vt 0 0
vt 0 0
vt 0 0
vt 0 0
vt 0 0
vt 0 0
vt 0 0
vt 0 0
vt 0 0
vt 0 0
vt 0 0
vt 0 0
vt 0 0
vt 0 0
vt 0 0
vt 0 0
vt 0 0
vt 0 0
vt 0 0
vt 0 0
vt 0 0
vt 0 0
vt 0 0
vt 0 0
vt 0 0
vt 0 0
vt 0 0
vt 0 0
vt 0 0
vt 0 0
vt 0 0
vt 0 0
vt 0 0
vt 0 0
vt 0 0
vt 0 0
vt 0 0
vt 0 0
vt 0 0
vt 0 0
vt 0 0
vt 0 0
vt 0 0
vt 0 0
vt 0 0
vt 0 0
vt 0 0
vt 0 0
vt 0 0
vt 0 0
vt 0 0
vt 0 0
vt 0 0
vt 0 0
vt 0 0
vt 0 0
vt 0 0
vt 0 0
vt 0 0
vt 0 0
vt 0 0
vt 0 0
vt 0 0
vt 0 0
vt 0 0
vt 0 0
vt 0 0
vt 0 0
vt 0 0
vt 0 0
vt 0 0
vt 0 0
vt 0 0
vt 0 0
vt 0 0
vt 0 0
vt 0 0
vt 0 0
vt 0 0
vt 0 0
vt 0 0
vt 0 0
vt 0 0
vt 0 0
vt 0 0
vt 0 0
vt 0 0
vt 0 0
vt 0 0
vt 0 0
vt 0 0
vt 0 0
vt 0 0
vt 0 0
vt 0 0
vt 0 0
vt 0 0
vt 0 0
vt 0 0
vt 0 0
vt 0 0
vt 0 0
vt 0 0
vt 0 0
vt 0 0
vt 0 0
vt 0 0
vt 0 0
vt 0 0
vt 0 0
vt 0 0
vt 0 0
vt 0 0
vt 0 0
vt 0 0
vt 0 0
vt 0 0
vt 0 0
vt 0 0
vt 0 0
vt 0 0
vt 0 0
vt 0 0
vt 0 0
vt 0 0
vt 0 0
vt 0 0
vt 0 0
vt 0 0
vt 0 0
vt 0 0
vt 0 0
vt 0 0
vt 0 0
vt 0 0
vt 0 0
vt 0 0
vt 0 0
vt 0 0
vt 0 0
vt 0 0
vt 0 0
vt 0 0
vt 0 0
vt 0 0
vt 0 0
vt 0 0
vt 0 0
vt 0 0
vt 0 0
vt 0 0
vt 0 0
vt 0 0
vt 0 0
vt 0 0
vt 0 0
vt 0 0
vt 0 0
vt 0 0
vt 0 0
vt 0 0
vt 0 0
vt 0 0
vt 0 0
vt 0 0
vt 0 0
vt 0 0
vt 0 0
vt 0 0
vt 0 0
vt 0 0
vt 0 0
vt 0 0
vt 0 0
vt 0 0
vt 0 0
vt 0 0
vt 0 0
vt 0 0
vt 0 0
vt 0 0
vt 0 0
vt 0 0
vt 0 0
vt 0 0
vt 0 0
vt 0 0
vt 0 0
vt 0 0
vt 0 0
vt 0 0
vt 0 0
vt 0 0
vt 0 0
vt 0 0
vt 0 0
vt 0 0
vt 0 0
vt 0 0
vt 0 0
vt 0 0
vt 0 0
vt 0 0
vt 0 0
vt 0 0
vt 0 0
vt 0 0
vt 0 0
vt 0 0
vt 0 0
vt 0 0
vt 0 0
vt 0 0
vt 0 0
vt 0 0
vt 0 0
vt 0 0
vt 0 0
vt 0 0
vt 0 0
vt 0 0
vt 0 0
vt 0 0
vt 0 0
vt 0 0
vt 0 0
vt 0 0
vt 0 0
vt 0 0
vt 0 0
vt 0 0
vt 0 0
vt 0 0
vt 0 0
vt 0 0
vt 0 0
vt 0 0
vt 0 0
vt 0 0
vt 0 0
vt 0 0
vt 0 0
vt 0 0
vt 0 0
vt 0 0
vt 0 0
vt 0 0
vt 0 0
vt 0 0
vt 0 0
vt 0 0
vt 0 0
vt 0 0
vt 0 0
vt 0 0
vt 0 0
vt 0 0
vt 0 0
vt 0 0
vt 0 0
vt 0 0
vt 0 0
vt 0 0
vt 0 0
vt 0 0
vt 0 0
vt 0 0
vt 0 0
vt 0 0
vt 0 0
vt 0 0
vt 0 0
vt 0 0
vt 0 0
vt 0 0
vt 0 0
vt 0 0
vt 0 0
vt 0 0
vt 0 0
vt 0 0
vt 0 0
vt 0 0
vt 0 0
vt 0 0
vt 0 0
vt 0 0
vt 0 0
vt 0 0
vt 0 0
vt 0 0
vt 0 0
vt 0 0
vt 0 0
vt 0 0
vt 0 0
vt 0 0
vt 0 0
vt 0 0
vt 0 0
vt 0 0
vt 0 0
vt 0 0
vt 0 0
vt 0 0
vt 0 0
vt 0 0
vt 0 0
vt 0 0
vt 0 0
vt 0 0
vt 0 0
vt 0 0
vt 0 0
vt 0 0
vt 0 0
vt 0 0
vt 0 0
vt 0 0
vt 0 0
vt 0 0
vt 0 0
vt 0 0
vt 0 0
vt 0 0
vt 0 0
vt 0 0
vt 0 0
vt 0 0
vt 0 0
vt 0 0
vt 0 0
vt 0 0
vt 0 0
vt 0 0
vt 0 0
vt 0 0
vt 0 0
vt 0 0
vt 0 0
vt 0 0
vt 0 0
vt 0 0
vt 0 0
vt 0 0
vt 0 0
vt 0 0
vt 0 0
vt 0 0
vt 0 0
vt 0 0
vt 0 0
vt 0 0
vt 0 0
vt 0 0
vt 0 0
vt 0 0
vt 0 0
vt 0 0
vt 0 0
vt 0 0
vt 0 0
vt 0 0
vt 0 0
vt 0 0
vt 0 0
vt 0 0
vt 0 0
vt 0 0
vt 0 0
vt 0 0
vt 0 0
vt 0 0
vt 0 0
vt 0 0
vt 0 0
vt 0 0
vt 0 0
vt 0 0
vt 0 0
vt 0 0
vt 0 0
vt 0 0
vt 0 0
vt 0 0
vt 0 0
vt 0 0
vt 0 0
vt 0 0
vt 0 0
vt 0 0
vt 0 0
vt 0 0
vt 0 0
vt 0 0
vt 0 0
vt 0 0
vt 0 0
vt 0 0
vt 0 0
vt 0 0
vt 0 0
vt 0 0
vt 0 0
vt 0 0
vt 0 0
vt 0 0
vt 0 0
vt 0 0
vt 0 0
vt 0 0
vt 0 0
vt 0 0
vt 0 0
vt 0 0
vt 0 0
vt 0 0
vt 0 0
vt 0 0
vt 0 0
vt 0 0
vt 0 0
vt 0 0
vt 0 0
vt 0 0
vt 0 0
vt 0 0
vt 0 0
vt 0 0
vt 0 0
vt 0 0
vt 0 0
vt 0 0
vt 0 0
vt 0 0
vt 0 0
vt 0 0
vt 0 0
vt 0 0
vt 0 0
vt 0 0
vt 0 0
vt 0 0
vt 0 0
vt 0 0
vt 0 0
vt 0 0
vt 0 0
vt 0 0
vt 0 0
vt 0 0
vt 0 0
vt 0 0
vt 0 0
vt 0 0
vt 0 0
vt 0 0
vt 0 0
vt 0 0
vt 0 0
vt 0 0
vt 0 0
vt 0 0
vt 0 0
vt 0 0
vt 0 0
vt 0 0
vt 0 0
vt 0 0
vt 0 0
vt 0 0
vt 0 0
vt 0 0
vt 0 0
vt 0 0
vt 0 0
vt 0 0
vt 0 0
vt 0 0
vt 0 0
vt 0 0
vt 0 0
vt 0 0
vt 0 0
vt 0 0
vt 0 0
vt 0 0
vt 0 0
vt 0 0
vt 0 0
vt 0 0
vt 0 0
vt 0 0
vt 0 0
vt 0 0
vt 0 0
vt 0 0
vt 0 0
vt 0 0
vt 0 0
vt 0 0
vt 0 0
vt 0 0
vt 0 0
vt 0 0
vt 0 0
vt 0 0
vt 0 0
vt 0 0
vt 0 0
vt 0 0
vt 0 0
vt 0 0
vt 0 0
vt 0 0
vt 0 0
vt 0 0
vt 0 0
vt 0 0
vt 0 0
vt 0 0
vt 0 0
vt 0 0
vt 0 0
vt 0 0
vt 0 0
vt 0 0
vt 0 0
vt 0 0
vt 0 0
vt 0 0
vt 0 0
vt 0 0
vt 0 0
vt 0 0
vt 0 0
vt 0 0
vt 0 0
vt 0 0
vt 0 0
vt 0 0
vt 0 0
vt 0 0
vt 0 0
vt 0 0
vt 0 0
vt 0 0
vt 0 0
vt 0 0
vt 0 0
vt 0 0
vt 0 0
vt 0 0
vt 0 0
vt 0 0
vt 0 0
vt 0 0
vt 0 0
vt 0 0
vt 0 0
vt 0 0
vt 0 0
vt 0 0
vt 0 0
vt 0 0
vt 0 0
vt 0 0
vt 0 0
vt 0 0
vt 0 0
vt 0 0
vt 0 0
vt 0 0
vt 0 0
vt 0 0
vt 0 0
vt 0 0
vt 0 0
vt 0 0
vt 0 0
vt 0 0
vt 0 0
vt 0 0
vt 0 0
vt 0 0
vt 0 0
vt 0 0
vt 0 0
vt 0 0
vt 0 0
vt 0 0
vt 0 0
vt 0 0
vt 0 0
vt 0 0
vt 0 0
vt 0 0
vt 0 0
vt 0 0
vt 0 0
vt 0 0
vt 0 0
vt 0 0
vt 0 0
vt 0 0
vt 0 0
vt 0 0
vt 0 0
vt 0 0
vt 0 0
vt 0 0
vt 0 0
vt 0 0
vt 0 0
vt 0 0
vt 0 0
vt 0 0
vt 0 0
vt 0 0
vt 0 0
vt 0 0
vt 0 0
vt 0 0
vt 0 0
vt 0 0
vt 0 0
vt 0 0
vt 0 0
vt 0 0
vt 0 0
vt 0 0
vt 0 0
vt 0 0
vt 0 0
vt 0 0
vt 0 0
vt 0 0
vt 0 0
vt 0 0
vt 0 0
vt 0 0
vt 0 0
vt 0 0
vt 0 0
vt 0 0
vt 0 0
vt 0 0
vt 0 0
vt 0 0
vt 0 0
vt 0 0
vt 0 0
vt 0 0
vt 0 0
vt 0 0
vt 0 0
vt 0 0
vt 0 0
vt 0 0
vt 0 0
vt 0 0
vt 0 0
vt 0 0
vt 0 0
vt 0 0
vt 0 0
vt 0 0
vt 0 0
vt 0 0
vt 0 0
vt 0 0
vt 0 0
vt 0 0
vt 0 0
vt 0 0
vt 0 0
vt 0 0
vt 0 0
vt 0 0
vt 0 0
vt 0 0
vt 0 0
vt 0 0
vt 0 0
vt 0 0
vt 0 0
vt 0 0
vt 0 0
vt 0 0
vt 0 0
vt 0 0
vt 0 0
vt 0 0
vt 0 0
vt 0 0
vt 0 0
vt 0 0
vt 0 0
vt 0 0
vt 0 0
vt 0 0
vt 0 0
vt 0 0
vt 0 0
vt 0 0
vt 0 0
vt 0 0
vt 0 0
vt 0 0
vt 0 0
vt 0 0
vt 0 0
vt 0 0
vt 0 0
vt 0 0
vt 0 0
vt 0 0
vt 0 0
vt 0 0
vt 0 0
vt 0 0
vt 0 0
vt 0 0
vt 0 0
vt 0 0
vt 0 0
vt 0 0
vt 0 0
vt 0 0
vt 0 0
vt 0 0
vt 0 0
vt 0 0
vt 0 0
vt 0 0
vt 0 0
vt 0 0
vt 0 0
vt 0 0
vt 0 0
vt 0 0
vt 0 0
vt 0 0
vt 0 0
vt 0 0
vt 0 0
vt 0 0
vt 0 0
vt 0 0
vt 0 0
vt 0 0
vt 0 0
vt 0 0
vt 0 0
vt 0 0
vt 0 0
vt 0 0
vt 0 0
vt 0 0
vt 0 0
vt 0 0
vt 0 0
vt 0 0
vt 0 0
vt 0 0
vt 0 0
vt 0 0
vt 0 0
vt 0 0
vt 0 0
vt 0 0
vt 0 0
vt 0 0
vt 0 0
vt 0 0
vt 0 0
vt 0 0
vt 0 0
vt 0 0
vt 0 0
vt 0 0
vt 0 0
vt 0 0
vt 0 0
vt 0 0
vt 0 0
vt 0 0
vt 0 0
vt 0 0
vt 0 0
vt 0 0
vt 0 0
vt 0 0
vt 0 0
vt 0 0
vt 0 0
vt 0 0
vt 0 0
vt 0 0
vt 0 0
vt 0 0
vt 0 0
vt 0 0
vt 0 0
vt 0 0
vt 0 0
vt 0 0
vt 0 0
vt 0 0
vt 0 0
vt 0 0
vt 0 0
vt 0 0
vt 0 0
vt 0 0
vt 0 0
vt 0 0
vt 0 0
vt 0 0
vt 0 0
vt 0 0
vt 0 0
vt 0 0
vt 0 0
vt 0 0
vt 0 0
vt 0 0
vt 0 0
vt 0 0
vt 0 0
vt 0 0
vt 0 0
vt 0 0
vt 0 0
vt 0 0
vt 0 0
vt 0 0
vt 0 0
vt 0 0
vt 0 0
vt 0 0
vt 0 0
vt 0 0
vt 0 0
vt 0 0
vt 0 0
vt 0 0
vt 0 0
vt 0 0
vt 0 0
vt 0 0
vt 0 0
vt 0 0
vt 0 0
vt 0 0
vt 0 0
vt 0 0
vt 0 0
vt 0 0
vt 0 0
vt 0 0
vt 0 0

f 1/1/1 2/2/2 3/3/3
f 4/4/4 5/5/5 6/6/6
f 7/7/7 8/8/8 9/9/9
f 10/10/10 11/11/11 12/12/12
f 13/13/13 14/14/14 15/15/15
f 16/16/16 17/17/17 18/18/18
f 19/19/19 20/20/20 21/21/21
f 22/22/22 23/23/23 24/24/24
f 25/25/25 26/26/26 27/27/27
f 28/28/28 29/29/29 30/30/30
f 31/31/31 32/32/32 33/33/33
f 34/34/34 35/35/35 36/36/36
f 37/37/37 38/38/38 39/39/39
f 40/40/40 41/41/41 42/42/42
f 43/43/43 44/44/44 45/45/45
f 46/46/46 47/47/47 48/48/48
f 49/49/49 50/50/50 51/51/51
f 52/52/52 53/53/53 54/54/54
f 55/55/55 56/56/56 57/57/57
f 58/58/58 59/59/59 60/60/60
f 61/61/61 62/62/62 63/63/63
f 64/64/64 65/65/65 66/66/66
f 67/67/67 68/68/68 69/69/69
f 70/70/70 71/71/71 72/72/72
f 73/73/73 74/74/74 75/75/75
f 76/76/76 77/77/77 78/78/78
f 79/79/79 80/80/80 81/81/81
f 82/82/82 83/83/83 84/84/84
f 85/85/85 86/86/86 87/87/87
f 88/88/88 89/89/89 90/90/90
f 91/91/91 92/92/92 93/93/93
f 94/94/94 95/95/95 96/96/96
f 97/97/97 98/98/98 99/99/99
f 100/100/100 101/101/101 102/102/102
f 103/103/103 104/104/104 105/105/105
f 106/106/106 107/107/107 108/108/108
f 109/109/109 110/110/110 111/111/111
f 112/112/112 113/113/113 114/114/114
f 115/115/115 116/116/116 117/117/117
f 118/118/118 119/119/119 120/120/120
f 121/121/121 122/122/122 123/123/123
f 124/124/124 125/125/125 126/126/126
f 127/127/127 128/128/128 129/129/129
f 130/130/130 131/131/131 132/132/132
f 133/133/133 134/134/134 135/135/135
f 136/136/136 137/137/137 138/138/138
f 139/139/139 140/140/140 141/141/141
f 142/142/142 143/143/143 144/144/144
f 145/145/145 146/146/146 147/147/147
f 148/148/148 149/149/149 150/150/150
f 151/151/151 152/152/152 153/153/153
f 154/154/154 155/155/155 156/156/156
f 157/157/157 158/158/158 159/159/159
f 160/160/160 161/161/161 162/162/162
f 163/163/163 164/164/164 165/165/165
f 166/166/166 167/167/167 168/168/168
f 169/169/169 170/170/170 171/171/171
f 172/172/172 173/173/173 174/174/174
f 175/175/175 176/176/176 177/177/177
f 178/178/178 179/179/179 180/180/180
f 181/181/181 182/182/182 183/183/183
f 184/184/184 185/185/185 186/186/186
f 187/187/187 188/188/188 189/189/189
f 190/190/190 191/191/191 192/192/192
f 193/193/193 194/194/194 195/195/195
f 196/196/196 197/197/197 198/198/198
f 199/199/199 200/200/200 201/201/201
f 202/202/202 203/203/203 204/204/204
f 205/205/205 206/206/206 207/207/207
f 208/208/208 209/209/209 210/210/210
f 211/211/211 212/212/212 213/213/213
f 214/214/214 215/215/215 216/216/216
f 217/217/217 218/218/218 219/219/219
f 220/220/220 221/221/221 222/222/222
f 223/223/223 224/224/224 225/225/225
f 226/226/226 227/227/227 228/228/228
f 229/229/229 230/230/230 231/231/231
f 232/232/232 233/233/233 234/234/234
f 235/235/235 236/236/236 237/237/237
f 238/238/238 239/239/239 240/240/240
f 241/241/241 242/242/242 243/243/243
f 244/244/244 245/245/245 246/246/246
f 247/247/247 248/248/248 249/249/249
f 250/250/250 251/251/251 252/252/252
f 253/253/253 254/254/254 255/255/255
f 256/256/256 257/257/257 258/258/258
f 259/259/259 260/260/260 261/261/261
f 262/262/262 263/263/263 264/264/264
f 265/265/265 266/266/266 267/267/267
f 268/268/268 269/269/269 270/270/270
f 271/271/271 272/272/272 273/273/273
f 274/274/274 275/275/275 276/276/276
f 277/277/277 278/278/278 279/279/279
f 280/280/280 281/281/281 282/282/282
f 283/283/283 284/284/284 285/285/285
f 286/286/286 287/287/287 288/288/288
f 289/289/289 290/290/290 291/291/291
f 292/292/292 293/293/293 294/294/294
f 295/295/295 296/296/296 297/297/297
f 298/298/298 299/299/299 300/300/300
f 301/301/301 302/302/302 303/303/303
f 304/304/304 305/305/305 306/306/306
f 307/307/307 308/308/308 309/309/309
f 310/310/310 311/311/311 312/312/312
f 313/313/313 314/314/314 315/315/315
f 316/316/316 317/317/317 318/318/318
f 319/319/319 320/320/320 321/321/321
f 322/322/322 323/323/323 324/324/324
f 325/325/325 326/326/326 327/327/327
f 328/328/328 329/329/329 330/330/330
f 331/331/331 332/332/332 333/333/333
f 334/334/334 335/335/335 336/336/336
f 337/337/337 338/338/338 339/339/339
f 340/340/340 341/341/341 342/342/342
f 343/343/343 344/344/344 345/345/345
f 346/346/346 347/347/347 348/348/348
f 349/349/349 350/350/350 351/351/351
f 352/352/352 353/353/353 354/354/354
f 355/355/355 356/356/356 357/357/357
f 358/358/358 359/359/359 360/360/360
f 361/361/361 362/362/362 363/363/363
f 364/364/364 365/365/365 366/366/366
f 367/367/367 368/368/368 369/369/369
f 370/370/370 371/371/371 372/372/372
f 373/373/373 374/374/374 375/375/375
f 376/376/376 377/377/377 378/378/378
f 379/379/379 380/380/380 381/381/381
f 382/382/382 383/383/383 384/384/384
f 385/385/385 386/386/386 387/387/387
f 388/388/388 389/389/389 390/390/390
f 391/391/391 392/392/392 393/393/393
f 394/394/394 395/395/395 396/396/396
f 397/397/397 398/398/398 399/399/399
f 400/400/400 401/401/401 402/402/402
f 403/403/403 404/404/404 405/405/405
f 406/406/406 407/407/407 408/408/408
f 409/409/409 410/410/410 411/411/411
f 412/412/412 413/413/413 414/414/414
f 415/415/415 416/416/416 417/417/417
f 418/418/418 419/419/419 420/420/420
f 421/421/421 422/422/422 423/423/423
f 424/424/424 425/425/425 426/426/426
f 427/427/427 428/428/428 429/429/429
f 430/430/430 431/431/431 432/432/432
f 433/433/433 434/434/434 435/435/435
f 436/436/436 437/437/437 438/438/438
f 439/439/439 440/440/440 441/441/441
f 442/442/442 443/443/443 444/444/444
f 445/445/445 446/446/446 447/447/447
f 448/448/448 449/449/449 450/450/450
f 451/451/451 452/452/452 453/453/453
f 454/454/454 455/455/455 456/456/456
f 457/457/457 458/458/458 459/459/459
f 460/460/460 461/461/461 462/462/462
f 463/463/463 464/464/464 465/465/465
f 466/466/466 467/467/467 468/468/468
f 469/469/469 470/470/470 471/471/471
f 472/472/472 473/473/473 474/474/474
f 475/475/475 476/476/476 477/477/477
f 478/478/478 479/479/479 480/480/480
f 481/481/481 482/482/482 483/483/483
f 484/484/484 485/485/485 486/486/486
f 487/487/487 488/488/488 489/489/489
f 490/490/490 491/491/491 492/492/492
f 493/493/493 494/494/494 495/495/495
f 496/496/496 497/497/497 498/498/498
f 499/499/499 500/500/500 501/501/501
f 502/502/502 503/503/503 504/504/504
f 505/505/505 506/506/506 507/507/507
f 508/508/508 509/509/509 510/510/510
f 511/511/511 512/512/512 513/513/513
f 514/514/514 515/515/515 516/516/516
f 517/517/517 518/518/518 519/519/519
f 520/520/520 521/521/521 522/522/522
f 523/523/523 524/524/524 525/525/525
f 526/526/526 527/527/527 528/528/528
f 529/529/529 530/530/530 531/531/531
f 532/532/532 533/533/533 534/534/534
f 535/535/535 536/536/536 537/537/537
f 538/538/538 539/539/539 540/540/540
f 541/541/541 542/542/542 543/543/543
f 544/544/544 545/545/545 546/546/546
f 547/547/547 548/548/548 549/549/549
f 550/550/550 551/551/551 552/552/552
f 553/553/553 554/554/554 555/555/555
f 556/556/556 557/557/557 558/558/558
f 559/559/559 560/560/560 561/561/561
f 562/562/562 563/563/563 564/564/564
f 565/565/565 566/566/566 567/567/567
f 568/568/568 569/569/569 570/570/570
f 571/571/571 572/572/572 573/573/573
f 574/574/574 575/575/575 576/576/576
f 577/577/577 578/578/578 579/579/579
f 580/580/580 581/581/581 582/582/582
f 583/583/583 584/584/584 585/585/585
f 586/586/586 587/587/587 588/588/588
f 589/589/589 590/590/590 591/591/591
f 592/592/592 593/593/593 594/594/594
f 595/595/595 596/596/596 597/597/597
f 598/598/598 599/599/599 600/600/600
f 601/601/601 602/602/602 603/603/603
f 604/604/604 605/605/605 606/606/606
f 607/607/607 608/608/608 609/609/609
f 610/610/610 611/611/611 612/612/612
f 613/613/613 614/614/614 615/615/615
f 616/616/616 617/617/617 618/618/618
f 619/619/619 620/620/620 621/621/621
f 622/622/622 623/623/623 624/624/624
f 625/625/625 626/626/626 627/627/627
f 628/628/628 629/629/629 630/630/630
f 631/631/631 632/632/632 633/633/633
f 634/634/634 635/635/635 636/636/636
f 637/637/637 638/638/638 639/639/639
f 640/640/640 641/641/641 642/642/642
f 643/643/643 644/644/644 645/645/645
f 646/646/646 647/647/647 648/648/648
f 649/649/649 650/650/650 651/651/651
f 652/652/652 653/653/653 654/654/654
f 655/655/655 656/656/656 657/657/657
f 658/658/658 659/659/659 660/660/660
f 661/661/661 662/662/662 663/663/663
f 664/664/664 665/665/665 666/666/666
f 667/667/667 668/668/668 669/669/669
f 670/670/670 671/671/671 672/672/672
f 673/673/673 674/674/674 675/675/675
f 676/676/676 677/677/677 678/678/678
f 679/679/679 680/680/680 681/681/681
f 682/682/682 683/683/683 684/684/684
f 685/685/685 686/686/686 687/687/687
f 688/688/688 689/689/689 690/690/690
f 691/691/691 692/692/692 693/693/693
f 694/694/694 695/695/695 696/696/696
f 697/697/697 698/698/698 699/699/699
f 700/700/700 701/701/701 702/702/702
f 703/703/703 704/704/704 705/705/705
f 706/706/706 707/707/707 708/708/708
f 709/709/709 710/710/710 711/711/711
f 712/712/712 713/713/713 714/714/714
f 715/715/715 716/716/716 717/717/717
f 718/718/718 719/719/719 720/720/720
f 721/721/721 722/722/722 723/723/723
f 724/724/724 725/725/725 726/726/726
f 727/727/727 728/728/728 729/729/729
f 730/730/730 731/731/731 732/732/732
f 733/733/733 734/734/734 735/735/735
f 736/736/736 737/737/737 738/738/738
f 739/739/739 740/740/740 741/741/741
f 742/742/742 743/743/743 744/744/744
f 745/745/745 746/746/746 747/747/747
f 748/748/748 749/749/749 750/750/750
f 751/751/751 752/752/752 753/753/753
f 754/754/754 755/755/755 756/756/756
f 757/757/757 758/758/758 759/759/759
f 760/760/760 761/761/761 762/762/762
f 763/763/763 764/764/764 765/765/765
f 766/766/766 767/767/767 768/768/768
f 769/769/769 770/770/770 771/771/771
f 772/772/772 773/773/773 774/774/774
f 775/775/775 776/776/776 777/777/777
f 778/778/778 779/779/779 780/780/780
f 781/781/781 782/782/782 783/783/783
f 784/784/784 785/785/785 786/786/786
f 787/787/787 788/788/788 789/789/789
f 790/790/790 791/791/791 792/792/792
f 793/793/793 794/794/794 795/795/795
f 796/796/796 797/797/797 798/798/798
f 799/799/799 800/800/800 801/801/801
f 802/802/802 803/803/803 804/804/804
f 805/805/805 806/806/806 807/807/807
f 808/808/808 809/809/809 810/810/810
f 811/811/811 812/812/812 813/813/813
f 814/814/814 815/815/815 816/816/816
f 817/817/817 818/818/818 819/819/819
f 820/820/820 821/821/821 822/822/822
f 823/823/823 824/824/824 825/825/825
f 826/826/826 827/827/827 828/828/828
f 829/829/829 830/830/830 831/831/831
f 832/832/832 833/833/833 834/834/834
f 835/835/835 836/836/836 837/837/837
f 838/838/838 839/839/839 840/840/840
f 841/841/841 842/842/842 843/843/843
f 844/844/844 845/845/845 846/846/846
f 847/847/847 848/848/848 849/849/849
f 850/850/850 851/851/851 852/852/852
f 853/853/853 854/854/854 855/855/855
f 856/856/856 857/857/857 858/858/858
f 859/859/859 860/860/860 861/861/861
f 862/862/862 863/863/863 864/864/864
f 865/865/865 866/866/866 867/867/867
f 868/868/868 869/869/869 870/870/870
f 871/871/871 872/872/872 873/873/873
f 874/874/874 875/875/875 876/876/876
f 877/877/877 878/878/878 879/879/879
f 880/880/880 881/881/881 882/882/882
f 883/883/883 884/884/884 885/885/885
f 886/886/886 887/887/887 888/888/888
f 889/889/889 890/890/890 891/891/891
f 892/892/892 893/893/893 894/894/894
f 895/895/895 896/896/896 897/897/897
f 898/898/898 899/899/899 900/900/900
f 901/901/901 902/902/902 903/903/903
f 904/904/904 905/905/905 906/906/906
f 907/907/907 908/908/908 909/909/909
f 910/910/910 911/911/911 912/912/912
f 913/913/913 914/914/914 915/915/915
f 916/916/916 917/917/917 918/918/918
f 919/919/919 920/920/920 921/921/921
f 922/922/922 923/923/923 924/924/924
f 925/925/925 926/926/926 927/927/927
f 928/928/928 929/929/929 930/930/930
f 931/931/931 932/932/932 933/933/933
f 934/934/934 935/935/935 936/936/936
f 937/937/937 938/938/938 939/939/939
f 940/940/940 941/941/941 942/942/942
f 943/943/943 944/944/944 945/945/945
f 946/946/946 947/947/947 948/948/948
f 949/949/949 950/950/950 951/951/951
f 952/952/952 953/953/953 954/954/954
f 955/955/955 956/956/956 957/957/957
f 958/958/958 959/959/959 960/960/960
f 961/961/961 962/962/962 963/963/963
f 964/964/964 965/965/965 966/966/966
f 967/967/967 968/968/968 969/969/969
f 970/970/970 971/971/971 972/972/972
f 973/973/973 974/974/974 975/975/975
f 976/976/976 977/977/977 978/978/978
f 979/979/979 980/980/980 981/981/981
f 982/982/982 983/983/983 984/984/984
f 985/985/985 986/986/986 987/987/987
f 988/988/988 989/989/989 990/990/990
f 991/991/991 992/992/992 993/993/993
f 994/994/994 995/995/995 996/996/996
f 997/997/997 998/998/998 999/999/999
f 1000/1000/1000 1001/1001/1001 1002/1002/1002
f 1003/1003/1003 1004/1004/1004 1005/1005/1005
f 1006/1006/1006 1007/1007/1007 1008/1008/1008
f 1009/1009/1009 1010/1010/1010 1011/1011/1011
f 1012/1012/1012 1013/1013/1013 1014/1014/1014
f 1015/1015/1015 1016/1016/1016 1017/1017/1017
f 1018/1018/1018 1019/1019/1019 1020/1020/1020
f 1021/1021/1021 1022/1022/1022 1023/1023/1023
f 1024/1024/1024 1025/1025/1025 1026/1026/1026
f 1027/1027/1027 1028/1028/1028 1029/1029/1029
f 1030/1030/1030 1031/1031/1031 1032/1032/1032
f 1033/1033/1033 1034/1034/1034 1035/1035/1035
f 1036/1036/1036 1037/1037/1037 1038/1038/1038
f 1039/1039/1039 1040/1040/1040 1041/1041/1041
f 1042/1042/1042 1043/1043/1043 1044/1044/1044
f 1045/1045/1045 1046/1046/1046 1047/1047/1047
f 1048/1048/1048 1049/1049/1049 1050/1050/1050
f 1051/1051/1051 1052/1052/1052 1053/1053/1053
f 1054/1054/1054 1055/1055/1055 1056/1056/1056
f 1057/1057/1057 1058/1058/1058 1059/1059/1059
f 1060/1060/1060 1061/1061/1061 1062/1062/1062
f 1063/1063/1063 1064/1064/1064 1065/1065/1065
f 1066/1066/1066 1067/1067/1067 1068/1068/1068
f 1069/1069/1069 1070/1070/1070 1071/1071/1071
f 1072/1072/1072 1073/1073/1073 1074/1074/1074
f 1075/1075/1075 1076/1076/1076 1077/1077/1077
f 1078/1078/1078 1079/1079/1079 1080/1080/1080
f 1081/1081/1081 1082/1082/1082 1083/1083/1083
f 1084/1084/1084 1085/1085/1085 1086/1086/1086
f 1087/1087/1087 1088/1088/1088 1089/1089/1089
f 1090/1090/1090 1091/1091/1091 1092/1092/1092
f 1093/1093/1093 1094/1094/1094 1095/1095/1095
f 1096/1096/1096 1097/1097/1097 1098/1098/1098
f 1099/1099/1099 1100/1100/1100 1101/1101/1101
f 1102/1102/1102 1103/1103/1103 1104/1104/1104
f 1105/1105/1105 1106/1106/1106 1107/1107/1107
f 1108/1108/1108 1109/1109/1109 1110/1110/1110
f 1111/1111/1111 1112/1112/1112 1113/1113/1113
f 1114/1114/1114 1115/1115/1115 1116/1116/1116
f 1117/1117/1117 1118/1118/1118 1119/1119/1119
f 1120/1120/1120 1121/1121/1121 1122/1122/1122
f 1123/1123/1123 1124/1124/1124 1125/1125/1125
f 1126/1126/1126 1127/1127/1127 1128/1128/1128
f 1129/1129/1129 1130/1130/1130 1131/1131/1131
f 1132/1132/1132 1133/1133/1133 1134/1134/1134
f 1135/1135/1135 1136/1136/1136 1137/1137/1137
f 1138/1138/1138 1139/1139/1139 1140/1140/1140
f 1141/1141/1141 1142/1142/1142 1143/1143/1143
f 1144/1144/1144 1145/1145/1145 1146/1146/1146
f 1147/1147/1147 1148/1148/1148 1149/1149/1149
f 1150/1150/1150 1151/1151/1151 1152/1152/1152
f 1153/1153/1153 1154/1154/1154 1155/1155/1155
f 1156/1156/1156 1157/1157/1157 1158/1158/1158
f 1159/1159/1159 1160/1160/1160 1161/1161/1161
f 1162/1162/1162 1163/1163/1163 1164/1164/1164
f 1165/1165/1165 1166/1166/1166 1167/1167/1167
f 1168/1168/1168 1169/1169/1169 1170/1170/1170
f 1171/1171/1171 1172/1172/1172 1173/1173/1173
f 1174/1174/1174 1175/1175/1175 1176/1176/1176
f 1177/1177/1177 1178/1178/1178 1179/1179/1179
f 1180/1180/1180 1181/1181/1181 1182/1182/1182
f 1183/1183/1183 1184/1184/1184 1185/1185/1185
f 1186/1186/1186 1187/1187/1187 1188/1188/1188
f 1189/1189/1189 1190/1190/1190 1191/1191/1191
f 1192/1192/1192 1193/1193/1193 1194/1194/1194
f 1195/1195/1195 1196/1196/1196 1197/1197/1197
f 1198/1198/1198 1199/1199/1199 1200/1200/1200
f 1201/1201/1201 1202/1202/1202 1203/1203/1203
f 1204/1204/1204 1205/1205/1205 1206/1206/1206
f 1207/1207/1207 1208/1208/1208 1209/1209/1209
f 1210/1210/1210 1211/1211/1211 1212/1212/1212
f 1213/1213/1213 1214/1214/1214 1215/1215/1215
f 1216/1216/1216 1217/1217/1217 1218/1218/1218
f 1219/1219/1219 1220/1220/1220 1221/1221/1221
f 1222/1222/1222 1223/1223/1223 1224/1224/1224
f 1225/1225/1225 1226/1226/1226 1227/1227/1227
f 1228/1228/1228 1229/1229/1229 1230/1230/1230
f 1231/1231/1231 1232/1232/1232 1233/1233/1233
f 1234/1234/1234 1235/1235/1235 1236/1236/1236
f 1237/1237/1237 1238/1238/1238 1239/1239/1239
f 1240/1240/1240 1241/1241/1241 1242/1242/1242
f 1243/1243/1243 1244/1244/1244 1245/1245/1245
f 1246/1246/1246 1247/1247/1247 1248/1248/1248
f 1249/1249/1249 1250/1250/1250 1251/1251/1251
f 1252/1252/1252 1253/1253/1253 1254/1254/1254
f 1255/1255/1255 1256/1256/1256 1257/1257/1257
f 1258/1258/1258 1259/1259/1259 1260/1260/1260
f 1261/1261/1261 1262/1262/1262 1263/1263/1263
f 1264/1264/1264 1265/1265/1265 1266/1266/1266
f 1267/1267/1267 1268/1268/1268 1269/1269/1269
f 1270/1270/1270 1271/1271/1271 1272/1272/1272
f 1273/1273/1273 1274/1274/1274 1275/1275/1275
f 1276/1276/1276 1277/1277/1277 1278/1278/1278
f 1279/1279/1279 1280/1280/1280 1281/1281/1281
f 1282/1282/1282 1283/1283/1283 1284/1284/1284
f 1285/1285/1285 1286/1286/1286 1287/1287/1287
f 1288/1288/1288 1289/1289/1289 1290/1290/1290
f 1291/1291/1291 1292/1292/1292 1293/1293/1293
f 1294/1294/1294 1295/1295/1295 1296/1296/1296
f 1297/1297/1297 1298/1298/1298 1299/1299/1299
f 1300/1300/1300 1301/1301/1301 1302/1302/1302
f 1303/1303/1303 1304/1304/1304 1305/1305/1305
f 1306/1306/1306 1307/1307/1307 1308/1308/1308
f 1309/1309/1309 1310/1310/1310 1311/1311/1311
f 1312/1312/1312 1313/1313/1313 1314/1314/1314
f 1315/1315/1315 1316/1316/1316 1317/1317/1317
f 1318/1318/1318 1319/1319/1319 1320/1320/1320
f 1321/1321/1321 1322/1322/1322 1323/1323/1323
f 1324/1324/1324 1325/1325/1325 1326/1326/1326
f 1327/1327/1327 1328/1328/1328 1329/1329/1329
f 1330/1330/1330 1331/1331/1331 1332/1332/1332
f 1333/1333/1333 1334/1334/1334 1335/1335/1335
f 1336/1336/1336 1337/1337/1337 1338/1338/1338
f 1339/1339/1339 1340/1340/1340 1341/1341/1341
f 1342/1342/1342 1343/1343/1343 1344/1344/1344
f 1345/1345/1345 1346/1346/1346 1347/1347/1347
f 1348/1348/1348 1349/1349/1349 1350/1350/1350
f 1351/1351/1351 1352/1352/1352 1353/1353/1353
f 1354/1354/1354 1355/1355/1355 1356/1356/1356
f 1357/1357/1357 1358/1358/1358 1359/1359/1359
f 1360/1360/1360 1361/1361/1361 1362/1362/1362
f 1363/1363/1363 1364/1364/1364 1365/1365/1365
f 1366/1366/1366 1367/1367/1367 1368/1368/1368
f 1369/1369/1369 1370/1370/1370 1371/1371/1371
f 1372/1372/1372 1373/1373/1373 1374/1374/1374
f 1375/1375/1375 1376/1376/1376 1377/1377/1377
f 1378/1378/1378 1379/1379/1379 1380/1380/1380
f 1381/1381/1381 1382/1382/1382 1383/1383/1383
f 1384/1384/1384 1385/1385/1385 1386/1386/1386
f 1387/1387/1387 1388/1388/1388 1389/1389/1389
f 1390/1390/1390 1391/1391/1391 1392/1392/1392
f 1393/1393/1393 1394/1394/1394 1395/1395/1395
f 1396/1396/1396 1397/1397/1397 1398/1398/1398
f 1399/1399/1399 1400/1400/1400 1401/1401/1401
f 1402/1402/1402 1403/1403/1403 1404/1404/1404
f 1405/1405/1405 1406/1406/1406 1407/1407/1407
f 1408/1408/1408 1409/1409/1409 1410/1410/1410
f 1411/1411/1411 1412/1412/1412 1413/1413/1413
f 1414/1414/1414 1415/1415/1415 1416/1416/1416
f 1417/1417/1417 1418/1418/1418 1419/1419/1419
f 1420/1420/1420 1421/1421/1421 1422/1422/1422
f 1423/1423/1423 1424/1424/1424 1425/1425/1425
f 1426/1426/1426 1427/1427/1427 1428/1428/1428
f 1429/1429/1429 1430/1430/1430 1431/1431/1431
f 1432/1432/1432 1433/1433/1433 1434/1434/1434
f 1435/1435/1435 1436/1436/1436 1437/1437/1437
f 1438/1438/1438 1439/1439/1439 1440/1440/1440
f 1441/1441/1441 1442/1442/1442 1443/1443/1443
f 1444/1444/1444 1445/1445/1445 1446/1446/1446
f 1447/1447/1447 1448/1448/1448 1449/1449/1449
f 1450/1450/1450 1451/1451/1451 1452/1452/1452
f 1453/1453/1453 1454/1454/1454 1455/1455/1455
f 1456/1456/1456 1457/1457/1457 1458/1458/1458
f 1459/1459/1459 1460/1460/1460 1461/1461/1461
f 1462/1462/1462 1463/1463/1463 1464/1464/1464
f 1465/1465/1465 1466/1466/1466 1467/1467/1467
f 1468/1468/1468 1469/1469/1469 1470/1470/1470
f 1471/1471/1471 1472/1472/1472 1473/1473/1473
f 1474/1474/1474 1475/1475/1475 1476/1476/1476
f 1477/1477/1477 1478/1478/1478 1479/1479/1479
f 1480/1480/1480 1481/1481/1481 1482/1482/1482
f 1483/1483/1483 1484/1484/1484 1485/1485/1485
f 1486/1486/1486 1487/1487/1487 1488/1488/1488
f 1489/1489/1489 1490/1490/1490 1491/1491/1491
f 1492/1492/1492 1493/1493/1493 1494/1494/1494
f 1495/1495/1495 1496/1496/1496 1497/1497/1497
f 1498/1498/1498 1499/1499/1499 1500/1500/1500
f 1501/1501/1501 1502/1502/1502 1503/1503/1503
f 1504/1504/1504 1505/1505/1505 1506/1506/1506
f 1507/1507/1507 1508/1508/1508 1509/1509/1509
f 1510/1510/1510 1511/1511/1511 1512/1512/1512
f 1513/1513/1513 1514/1514/1514 1515/1515/1515
f 1516/1516/1516 1517/1517/1517 1518/1518/1518
f 1519/1519/1519 1520/1520/1520 1521/1521/1521
f 1522/1522/1522 1523/1523/1523 1524/1524/1524
f 1525/1525/1525 1526/1526/1526 1527/1527/1527
f 1528/1528/1528 1529/1529/1529 1530/1530/1530
f 1531/1531/1531 1532/1532/1532 1533/1533/1533
f 1534/1534/1534 1535/1535/1535 1536/1536/1536
f 1537/1537/1537 1538/1538/1538 1539/1539/1539
f 1540/1540/1540 1541/1541/1541 1542/1542/1542
f 1543/1543/1543 1544/1544/1544 1545/1545/1545
f 1546/1546/1546 1547/1547/1547 1548/1548/1548
f 1549/1549/1549 1550/1550/1550 1551/1551/1551
f 1552/1552/1552 1553/1553/1553 1554/1554/1554
f 1555/1555/1555 1556/1556/1556 1557/1557/1557
f 1558/1558/1558 1559/1559/1559 1560/1560/1560
f 1561/1561/1561 1562/1562/1562 1563/1563/1563
f 1564/1564/1564 1565/1565/1565 1566/1566/1566
f 1567/1567/1567 1568/1568/1568 1569/1569/1569
f 1570/1570/1570 1571/1571/1571 1572/1572/1572
f 1573/1573/1573 1574/1574/1574 1575/1575/1575
f 1576/1576/1576 1577/1577/1577 1578/1578/1578
f 1579/1579/1579 1580/1580/1580 1581/1581/1581
f 1582/1582/1582 1583/1583/1583 1584/1584/1584
f 1585/1585/1585 1586/1586/1586 1587/1587/1587
f 1588/1588/1588 1589/1589/1589 1590/1590/1590
f 1591/1591/1591 1592/1592/1592 1593/1593/1593
f 1594/1594/1594 1595/1595/1595 1596/1596/1596
f 1597/1597/1597 1598/1598/1598 1599/1599/1599
f 1600/1600/1600 1601/1601/1601 1602/1602/1602
f 1603/1603/1603 1604/1604/1604 1605/1605/1605
f 1606/1606/1606 1607/1607/1607 1608/1608/1608
f 1609/1609/1609 1610/1610/1610 1611/1611/1611
f 1612/1612/1612 1613/1613/1613 1614/1614/1614
f 1615/1615/1615 1616/1616/1616 1617/1617/1617
f 1618/1618/1618 1619/1619/1619 1620/1620/1620
f 1621/1621/1621 1622/1622/1622 1623/1623/1623
f 1624/1624/1624 1625/1625/1625 1626/1626/1626
f 1627/1627/1627 1628/1628/1628 1629/1629/1629
f 1630/1630/1630 1631/1631/1631 1632/1632/1632
f 1633/1633/1633 1634/1634/1634 1635/1635/1635
f 1636/1636/1636 1637/1637/1637 1638/1638/1638
f 1639/1639/1639 1640/1640/1640 1641/1641/1641
f 1642/1642/1642 1643/1643/1643 1644/1644/1644
f 1645/1645/1645 1646/1646/1646 1647/1647/1647
f 1648/1648/1648 1649/1649/1649 1650/1650/1650
f 1651/1651/1651 1652/1652/1652 1653/1653/1653
f 1654/1654/1654 1655/1655/1655 1656/1656/1656
f 1657/1657/1657 1658/1658/1658 1659/1659/1659
f 1660/1660/1660 1661/1661/1661 1662/1662/1662
f 1663/1663/1663 1664/1664/1664 1665/1665/1665
f 1666/1666/1666 1667/1667/1667 1668/1668/1668
f 1669/1669/1669 1670/1670/1670 1671/1671/1671
f 1672/1672/1672 1673/1673/1673 1674/1674/1674
f 1675/1675/1675 1676/1676/1676 1677/1677/1677
f 1678/1678/1678 1679/1679/1679 1680/1680/1680
f 1681/1681/1681 1682/1682/1682 1683/1683/1683
f 1684/1684/1684 1685/1685/1685 1686/1686/1686
f 1687/1687/1687 1688/1688/1688 1689/1689/1689
f 1690/1690/1690 1691/1691/1691 1692/1692/1692
f 1693/1693/1693 1694/1694/1694 1695/1695/1695
f 1696/1696/1696 1697/1697/1697 1698/1698/1698
f 1699/1699/1699 1700/1700/1700 1701/1701/1701
f 1702/1702/1702 1703/1703/1703 1704/1704/1704
f 1705/1705/1705 1706/1706/1706 1707/1707/1707
f 1708/1708/1708 1709/1709/1709 1710/1710/1710
f 1711/1711/1711 1712/1712/1712 1713/1713/1713
f 1714/1714/1714 1715/1715/1715 1716/1716/1716
f 1717/1717/1717 1718/1718/1718 1719/1719/1719
f 1720/1720/1720 1721/1721/1721 1722/1722/1722
f 1723/1723/1723 1724/1724/1724 1725/1725/1725
f 1726/1726/1726 1727/1727/1727 1728/1728/1728
f 1729/1729/1729 1730/1730/1730 1731/1731/1731
f 1732/1732/1732 1733/1733/1733 1734/1734/1734
f 1735/1735/1735 1736/1736/1736 1737/1737/1737
f 1738/1738/1738 1739/1739/1739 1740/1740/1740
f 1741/1741/1741 1742/1742/1742 1743/1743/1743
f 1744/1744/1744 1745/1745/1745 1746/1746/1746
f 1747/1747/1747 1748/1748/1748 1749/1749/1749
f 1750/1750/1750 1751/1751/1751 1752/1752/1752
f 1753/1753/1753 1754/1754/1754 1755/1755/1755
f 1756/1756/1756 1757/1757/1757 1758/1758/1758
f 1759/1759/1759 1760/1760/1760 1761/1761/1761
f 1762/1762/1762 1763/1763/1763 1764/1764/1764
f 1765/1765/1765 1766/1766/1766 1767/1767/1767
f 1768/1768/1768 1769/1769/1769 1770/1770/1770
f 1771/1771/1771 1772/1772/1772 1773/1773/1773
f 1774/1774/1774 1775/1775/1775 1776/1776/1776
f 1777/1777/1777 1778/1778/1778 1779/1779/1779
f 1780/1780/1780 1781/1781/1781 1782/1782/1782
f 1783/1783/1783 1784/1784/1784 1785/1785/1785
f 1786/1786/1786 1787/1787/1787 1788/1788/1788
f 1789/1789/1789 1790/1790/1790 1791/1791/1791
f 1792/1792/1792 1793/1793/1793 1794/1794/1794
f 1795/1795/1795 1796/1796/1796 1797/1797/1797
f 1798/1798/1798 1799/1799/1799 1800/1800/1800
f 1801/1801/1801 1802/1802/1802 1803/1803/1803
f 1804/1804/1804 1805/1805/1805 1806/1806/1806
f 1807/1807/1807 1808/1808/1808 1809/1809/1809
f 1810/1810/1810 1811/1811/1811 1812/1812/1812
f 1813/1813/1813 1814/1814/1814 1815/1815/1815
f 1816/1816/1816 1817/1817/1817 1818/1818/1818
f 1819/1819/1819 1820/1820/1820 1821/1821/1821
f 1822/1822/1822 1823/1823/1823 1824/1824/1824
f 1825/1825/1825 1826/1826/1826 1827/1827/1827
f 1828/1828/1828 1829/1829/1829 1830/1830/1830
f 1831/1831/1831 1832/1832/1832 1833/1833/1833
f 1834/1834/1834 1835/1835/1835 1836/1836/1836
f 1837/1837/1837 1838/1838/1838 1839/1839/1839
f 1840/1840/1840 1841/1841/1841 1842/1842/1842
f 1843/1843/1843 1844/1844/1844 1845/1845/1845
f 1846/1846/1846 1847/1847/1847 1848/1848/1848
f 1849/1849/1849 1850/1850/1850 1851/1851/1851
f 1852/1852/1852 1853/1853/1853 1854/1854/1854
f 1855/1855/1855 1856/1856/1856 1857/1857/1857
f 1858/1858/1858 1859/1859/1859 1860/1860/1860
f 1861/1861/1861 1862/1862/1862 1863/1863/1863
f 1864/1864/1864 1865/1865/1865 1866/1866/1866
f 1867/1867/1867 1868/1868/1868 1869/1869/1869
f 1870/1870/1870 1871/1871/1871 1872/1872/1872
f 1873/1873/1873 1874/1874/1874 1875/1875/1875
f 1876/1876/1876 1877/1877/1877 1878/1878/1878
f 1879/1879/1879 1880/1880/1880 1881/1881/1881
f 1882/1882/1882 1883/1883/1883 1884/1884/1884
f 1885/1885/1885 1886/1886/1886 1887/1887/1887
f 1888/1888/1888 1889/1889/1889 1890/1890/1890
f 1891/1891/1891 1892/1892/1892 1893/1893/1893
f 1894/1894/1894 1895/1895/1895 1896/1896/1896
f 1897/1897/1897 1898/1898/1898 1899/1899/1899
f 1900/1900/1900 1901/1901/1901 1902/1902/1902
f 1903/1903/1903 1904/1904/1904 1905/1905/1905
f 1906/1906/1906 1907/1907/1907 1908/1908/1908
f 1909/1909/1909 1910/1910/1910 1911/1911/1911
f 1912/1912/1912 1913/1913/1913 1914/1914/1914
f 1915/1915/1915 1916/1916/1916 1917/1917/1917
f 1918/1918/1918 1919/1919/1919 1920/1920/1920
f 1921/1921/1921 1922/1922/1922 1923/1923/1923
f 1924/1924/1924 1925/1925/1925 1926/1926/1926
f 1927/1927/1927 1928/1928/1928 1929/1929/1929
f 1930/1930/1930 1931/1931/1931 1932/1932/1932
f 1933/1933/1933 1934/1934/1934 1935/1935/1935
f 1936/1936/1936 1937/1937/1937 1938/1938/1938
f 1939/1939/1939 1940/1940/1940 1941/1941/1941
f 1942/1942/1942 1943/1943/1943 1944/1944/1944
f 1945/1945/1945 1946/1946/1946 1947/1947/1947
f 1948/1948/1948 1949/1949/1949 1950/1950/1950
f 1951/1951/1951 1952/1952/1952 1953/1953/1953
f 1954/1954/1954 1955/1955/1955 1956/1956/1956
f 1957/1957/1957 1958/1958/1958 1959/1959/1959
f 1960/1960/1960 1961/1961/1961 1962/1962/1962
f 1963/1963/1963 1964/1964/1964 1965/1965/1965
f 1966/1966/1966 1967/1967/1967 1968/1968/1968
f 1969/1969/1969 1970/1970/1970 1971/1971/1971
f 1972/1972/1972 1973/1973/1973 1974/1974/1974
f 1975/1975/1975 1976/1976/1976 1977/1977/1977
f 1978/1978/1978 1979/1979/1979 1980/1980/1980
f 1981/1981/1981 1982/1982/1982 1983/1983/1983
f 1984/1984/1984 1985/1985/1985 1986/1986/1986
f 1987/1987/1987 1988/1988/1988 1989/1989/1989
f 1990/1990/1990 1991/1991/1991 1992/1992/1992
f 1993/1993/1993 1994/1994/1994 1995/1995/1995
f 1996/1996/1996 1997/1997/1997 1998/1998/1998
f 1999/1999/1999 2000/2000/2000 2001/2001/2001
f 2002/2002/2002 2003/2003/2003 2004/2004/2004
f 2005/2005/2005 2006/2006/2006 2007/2007/2007
f 2008/2008/2008 2009/2009/2009 2010/2010/2010
f 2011/2011/2011 2012/2012/2012 2013/2013/2013
f 2014/2014/2014 2015/2015/2015 2016/2016/2016
f 2017/2017/2017 2018/2018/2018 2019/2019/2019
f 2020/2020/2020 2021/2021/2021 2022/2022/2022
f 2023/2023/2023 2024/2024/2024 2025/2025/2025
f 2026/2026/2026 2027/2027/2027 2028/2028/2028
f 2029/2029/2029 2030/2030/2030 2031/2031/2031
f 2032/2032/2032 2033/2033/2033 2034/2034/2034
f 2035/2035/2035 2036/2036/2036 2037/2037/2037
f 2038/2038/2038 2039/2039/2039 2040/2040/2040
f 2041/2041/2041 2042/2042/2042 2043/2043/2043
f 2044/2044/2044 2045/2045/2045 2046/2046/2046
f 2047/2047/2047 2048/2048/2048 2049/2049/2049
f 2050/2050/2050 2051/2051/2051 2052/2052/2052
f 2053/2053/2053 2054/2054/2054 2055/2055/2055
f 2056/2056/2056 2057/2057/2057 2058/2058/2058
f 2059/2059/2059 2060/2060/2060 2061/2061/2061
f 2062/2062/2062 2063/2063/2063 2064/2064/2064
f 2065/2065/2065 2066/2066/2066 2067/2067/2067
f 2068/2068/2068 2069/2069/2069 2070/2070/2070
f 2071/2071/2071 2072/2072/2072 2073/2073/2073
f 2074/2074/2074 2075/2075/2075 2076/2076/2076
f 2077/2077/2077 2078/2078/2078 2079/2079/2079
f 2080/2080/2080 2081/2081/2081 2082/2082/2082
f 2083/2083/2083 2084/2084/2084 2085/2085/2085
f 2086/2086/2086 2087/2087/2087 2088/2088/2088
f 2089/2089/2089 2090/2090/2090 2091/2091/2091
f 2092/2092/2092 2093/2093/2093 2094/2094/2094
f 2095/2095/2095 2096/2096/2096 2097/2097/2097
f 2098/2098/2098 2099/2099/2099 2100/2100/2100
f 2101/2101/2101 2102/2102/2102 2103/2103/2103
f 2104/2104/2104 2105/2105/2105 2106/2106/2106
f 2107/2107/2107 2108/2108/2108 2109/2109/2109
f 2110/2110/2110 2111/2111/2111 2112/2112/2112
f 2113/2113/2113 2114/2114/2114 2115/2115/2115
f 2116/2116/2116 2117/2117/2117 2118/2118/2118
f 2119/2119/2119 2120/2120/2120 2121/2121/2121
f 2122/2122/2122 2123/2123/2123 2124/2124/2124
f 2125/2125/2125 2126/2126/2126 2127/2127/2127
f 2128/2128/2128 2129/2129/2129 2130/2130/2130
f 2131/2131/2131 2132/2132/2132 2133/2133/2133
f 2134/2134/2134 2135/2135/2135 2136/2136/2136
f 2137/2137/2137 2138/2138/2138 2139/2139/2139
f 2140/2140/2140 2141/2141/2141 2142/2142/2142
f 2143/2143/2143 2144/2144/2144 2145/2145/2145
f 2146/2146/2146 2147/2147/2147 2148/2148/2148
f 2149/2149/2149 2150/2150/2150 2151/2151/2151
f 2152/2152/2152 2153/2153/2153 2154/2154/2154
f 2155/2155/2155 2156/2156/2156 2157/2157/2157
f 2158/2158/2158 2159/2159/2159 2160/2160/2160
f 2161/2161/2161 2162/2162/2162 2163/2163/2163
f 2164/2164/2164 2165/2165/2165 2166/2166/2166
f 2167/2167/2167 2168/2168/2168 2169/2169/2169
f 2170/2170/2170 2171/2171/2171 2172/2172/2172
f 2173/2173/2173 2174/2174/2174 2175/2175/2175
f 2176/2176/2176 2177/2177/2177 2178/2178/2178
f 2179/2179/2179 2180/2180/2180 2181/2181/2181
f 2182/2182/2182 2183/2183/2183 2184/2184/2184
f 2185/2185/2185 2186/2186/2186 2187/2187/2187
f 2188/2188/2188 2189/2189/2189 2190/2190/2190
f 2191/2191/2191 2192/2192/2192 2193/2193/2193
f 2194/2194/2194 2195/2195/2195 2196/2196/2196
f 2197/2197/2197 2198/2198/2198 2199/2199/2199
f 2200/2200/2200 2201/2201/2201 2202/2202/2202
f 2203/2203/2203 2204/2204/2204 2205/2205/2205
f 2206/2206/2206 2207/2207/2207 2208/2208/2208
f 2209/2209/2209 2210/2210/2210 2211/2211/2211
f 2212/2212/2212 2213/2213/2213 2214/2214/2214
f 2215/2215/2215 2216/2216/2216 2217/2217/2217
f 2218/2218/2218 2219/2219/2219 2220/2220/2220
f 2221/2221/2221 2222/2222/2222 2223/2223/2223
f 2224/2224/2224 2225/2225/2225 2226/2226/2226
f 2227/2227/2227 2228/2228/2228 2229/2229/2229
f 2230/2230/2230 2231/2231/2231 2232/2232/2232
f 2233/2233/2233 2234/2234/2234 2235/2235/2235
f 2236/2236/2236 2237/2237/2237 2238/2238/2238
f 2239/2239/2239 2240/2240/2240 2241/2241/2241
f 2242/2242/2242 2243/2243/2243 2244/2244/2244
f 2245/2245/2245 2246/2246/2246 2247/2247/2247
f 2248/2248/2248 2249/2249/2249 2250/2250/2250
f 2251/2251/2251 2252/2252/2252 2253/2253/2253
f 2254/2254/2254 2255/2255/2255 2256/2256/2256
f 2257/2257/2257 2258/2258/2258 2259/2259/2259
f 2260/2260/2260 2261/2261/2261 2262/2262/2262
f 2263/2263/2263 2264/2264/2264 2265/2265/2265
f 2266/2266/2266 2267/2267/2267 2268/2268/2268
f 2269/2269/2269 2270/2270/2270 2271/2271/2271
f 2272/2272/2272 2273/2273/2273 2274/2274/2274
f 2275/2275/2275 2276/2276/2276 2277/2277/2277
f 2278/2278/2278 2279/2279/2279 2280/2280/2280
f 2281/2281/2281 2282/2282/2282 2283/2283/2283
f 2284/2284/2284 2285/2285/2285 2286/2286/2286
f 2287/2287/2287 2288/2288/2288 2289/2289/2289
f 2290/2290/2290 2291/2291/2291 2292/2292/2292
f 2293/2293/2293 2294/2294/2294 2295/2295/2295
f 2296/2296/2296 2297/2297/2297 2298/2298/2298
f 2299/2299/2299 2300/2300/2300 2301/2301/2301
f 2302/2302/2302 2303/2303/2303 2304/2304/2304
f 2305/2305/2305 2306/2306/2306 2307/2307/2307
f 2308/2308/2308 2309/2309/2309 2310/2310/2310
f 2311/2311/2311 2312/2312/2312 2313/2313/2313
f 2314/2314/2314 2315/2315/2315 2316/2316/2316
f 2317/2317/2317 2318/2318/2318 2319/2319/2319
f 2320/2320/2320 2321/2321/2321 2322/2322/2322
f 2323/2323/2323 2324/2324/2324 2325/2325/2325
f 2326/2326/2326 2327/2327/2327 2328/2328/2328
f 2329/2329/2329 2330/2330/2330 2331/2331/2331
f 2332/2332/2332 2333/2333/2333 2334/2334/2334
f 2335/2335/2335 2336/2336/2336 2337/2337/2337
f 2338/2338/2338 2339/2339/2339 2340/2340/2340
f 2341/2341/2341 2342/2342/2342 2343/2343/2343
f 2344/2344/2344 2345/2345/2345 2346/2346/2346
f 2347/2347/2347 2348/2348/2348 2349/2349/2349
f 2350/2350/2350 2351/2351/2351 2352/2352/2352
f 2353/2353/2353 2354/2354/2354 2355/2355/2355
f 2356/2356/2356 2357/2357/2357 2358/2358/2358
f 2359/2359/2359 2360/2360/2360 2361/2361/2361
f 2362/2362/2362 2363/2363/2363 2364/2364/2364
f 2365/2365/2365 2366/2366/2366 2367/2367/2367
f 2368/2368/2368 2369/2369/2369 2370/2370/2370
f 2371/2371/2371 2372/2372/2372 2373/2373/2373
f 2374/2374/2374 2375/2375/2375 2376/2376/2376
f 2377/2377/2377 2378/2378/2378 2379/2379/2379
f 2380/2380/2380 2381/2381/2381 2382/2382/2382
f 2383/2383/2383 2384/2384/2384 2385/2385/2385
f 2386/2386/2386 2387/2387/2387 2388/2388/2388
f 2389/2389/2389 2390/2390/2390 2391/2391/2391
f 2392/2392/2392 2393/2393/2393 2394/2394/2394
f 2395/2395/2395 2396/2396/2396 2397/2397/2397
f 2398/2398/2398 2399/2399/2399 2400/2400/2400
f 2401/2401/2401 2402/2402/2402 2403/2403/2403
f 2404/2404/2404 2405/2405/2405 2406/2406/2406
f 2407/2407/2407 2408/2408/2408 2409/2409/2409
f 2410/2410/2410 2411/2411/2411 2412/2412/2412
f 2413/2413/2413 2414/2414/2414 2415/2415/2415
f 2416/2416/2416 2417/2417/2417 2418/2418/2418
f 2419/2419/2419 2420/2420/2420 2421/2421/2421
f 2422/2422/2422 2423/2423/2423 2424/2424/2424
f 2425/2425/2425 2426/2426/2426 2427/2427/2427
f 2428/2428/2428 2429/2429/2429 2430/2430/2430
f 2431/2431/2431 2432/2432/2432 2433/2433/2433
f 2434/2434/2434 2435/2435/2435 2436/2436/2436
f 2437/2437/2437 2438/2438/2438 2439/2439/2439
f 2440/2440/2440 2441/2441/2441 2442/2442/2442
f 2443/2443/2443 2444/2444/2444 2445/2445/2445
f 2446/2446/2446 2447/2447/2447 2448/2448/2448
f 2449/2449/2449 2450/2450/2450 2451/2451/2451
f 2452/2452/2452 2453/2453/2453 2454/2454/2454
f 2455/2455/2455 2456/2456/2456 2457/2457/2457
f 2458/2458/2458 2459/2459/2459 2460/2460/2460
f 2461/2461/2461 2462/2462/2462 2463/2463/2463
f 2464/2464/2464 2465/2465/2465 2466/2466/2466
f 2467/2467/2467 2468/2468/2468 2469/2469/2469
f 2470/2470/2470 2471/2471/2471 2472/2472/2472
f 2473/2473/2473 2474/2474/2474 2475/2475/2475
f 2476/2476/2476 2477/2477/2477 2478/2478/2478
f 2479/2479/2479 2480/2480/2480 2481/2481/2481
f 2482/2482/2482 2483/2483/2483 2484/2484/2484
f 2485/2485/2485 2486/2486/2486 2487/2487/2487
f 2488/2488/2488 2489/2489/2489 2490/2490/2490
f 2491/2491/2491 2492/2492/2492 2493/2493/2493
f 2494/2494/2494 2495/2495/2495 2496/2496/2496
f 2497/2497/2497 2498/2498/2498 2499/2499/2499
f 2500/2500/2500 2501/2501/2501 2502/2502/2502
f 2503/2503/2503 2504/2504/2504 2505/2505/2505
f 2506/2506/2506 2507/2507/2507 2508/2508/2508
f 2509/2509/2509 2510/2510/2510 2511/2511/2511
f 2512/2512/2512 2513/2513/2513 2514/2514/2514
f 2515/2515/2515 2516/2516/2516 2517/2517/2517
f 2518/2518/2518 2519/2519/2519 2520/2520/2520
f 2521/2521/2521 2522/2522/2522 2523/2523/2523
f 2524/2524/2524 2525/2525/2525 2526/2526/2526
f 2527/2527/2527 2528/2528/2528 2529/2529/2529
f 2530/2530/2530 2531/2531/2531 2532/2532/2532
f 2533/2533/2533 2534/2534/2534 2535/2535/2535
f 2536/2536/2536 2537/2537/2537 2538/2538/2538
f 2539/2539/2539 2540/2540/2540 2541/2541/2541
f 2542/2542/2542 2543/2543/2543 2544/2544/2544
f 2545/2545/2545 2546/2546/2546 2547/2547/2547
f 2548/2548/2548 2549/2549/2549 2550/2550/2550
f 2551/2551/2551 2552/2552/2552 2553/2553/2553
f 2554/2554/2554 2555/2555/2555 2556/2556/2556
f 2557/2557/2557 2558/2558/2558 2559/2559/2559
f 2560/2560/2560 2561/2561/2561 2562/2562/2562
f 2563/2563/2563 2564/2564/2564 2565/2565/2565
f 2566/2566/2566 2567/2567/2567 2568/2568/2568
f 2569/2569/2569 2570/2570/2570 2571/2571/2571
f 2572/2572/2572 2573/2573/2573 2574/2574/2574
f 2575/2575/2575 2576/2576/2576 2577/2577/2577
f 2578/2578/2578 2579/2579/2579 2580/2580/2580
f 2581/2581/2581 2582/2582/2582 2583/2583/2583
f 2584/2584/2584 2585/2585/2585 2586/2586/2586
f 2587/2587/2587 2588/2588/2588 2589/2589/2589
f 2590/2590/2590 2591/2591/2591 2592/2592/2592
f 2593/2593/2593 2594/2594/2594 2595/2595/2595
f 2596/2596/2596 2597/2597/2597 2598/2598/2598
f 2599/2599/2599 2600/2600/2600 2601/2601/2601
f 2602/2602/2602 2603/2603/2603 2604/2604/2604
f 2605/2605/2605 2606/2606/2606 2607/2607/2607
f 2608/2608/2608 2609/2609/2609 2610/2610/2610
f 2611/2611/2611 2612/2612/2612 2613/2613/2613
f 2614/2614/2614 2615/2615/2615 2616/2616/2616
f 2617/2617/2617 2618/2618/2618 2619/2619/2619
f 2620/2620/2620 2621/2621/2621 2622/2622/2622
f 2623/2623/2623 2624/2624/2624 2625/2625/2625
f 2626/2626/2626 2627/2627/2627 2628/2628/2628
f 2629/2629/2629 2630/2630/2630 2631/2631/2631
f 2632/2632/2632 2633/2633/2633 2634/2634/2634
f 2635/2635/2635 2636/2636/2636 2637/2637/2637
f 2638/2638/2638 2639/2639/2639 2640/2640/2640
f 2641/2641/2641 2642/2642/2642 2643/2643/2643
f 2644/2644/2644 2645/2645/2645 2646/2646/2646
f 2647/2647/2647 2648/2648/2648 2649/2649/2649
f 2650/2650/2650 2651/2651/2651 2652/2652/2652
f 2653/2653/2653 2654/2654/2654 2655/2655/2655
f 2656/2656/2656 2657/2657/2657 2658/2658/2658
f 2659/2659/2659 2660/2660/2660 2661/2661/2661
f 2662/2662/2662 2663/2663/2663 2664/2664/2664
f 2665/2665/2665 2666/2666/2666 2667/2667/2667
f 2668/2668/2668 2669/2669/2669 2670/2670/2670
f 2671/2671/2671 2672/2672/2672 2673/2673/2673
f 2674/2674/2674 2675/2675/2675 2676/2676/2676
f 2677/2677/2677 2678/2678/2678 2679/2679/2679
f 2680/2680/2680 2681/2681/2681 2682/2682/2682
f 2683/2683/2683 2684/2684/2684 2685/2685/2685
f 2686/2686/2686 2687/2687/2687 2688/2688/2688
f 2689/2689/2689 2690/2690/2690 2691/2691/2691
f 2692/2692/2692 2693/2693/2693 2694/2694/2694
f 2695/2695/2695 2696/2696/2696 2697/2697/2697
f 2698/2698/2698 2699/2699/2699 2700/2700/2700
f 2701/2701/2701 2702/2702/2702 2703/2703/2703
f 2704/2704/2704 2705/2705/2705 2706/2706/2706
f 2707/2707/2707 2708/2708/2708 2709/2709/2709
f 2710/2710/2710 2711/2711/2711 2712/2712/2712
f 2713/2713/2713 2714/2714/2714 2715/2715/2715
f 2716/2716/2716 2717/2717/2717 2718/2718/2718
f 2719/2719/2719 2720/2720/2720 2721/2721/2721
f 2722/2722/2722 2723/2723/2723 2724/2724/2724
f 2725/2725/2725 2726/2726/2726 2727/2727/2727
f 2728/2728/2728 2729/2729/2729 2730/2730/2730
f 2731/2731/2731 2732/2732/2732 2733/2733/2733
f 2734/2734/2734 2735/2735/2735 2736/2736/2736
f 2737/2737/2737 2738/2738/2738 2739/2739/2739
f 2740/2740/2740 2741/2741/2741 2742/2742/2742
f 2743/2743/2743 2744/2744/2744 2745/2745/2745
f 2746/2746/2746 2747/2747/2747 2748/2748/2748
f 2749/2749/2749 2750/2750/2750 2751/2751/2751
f 2752/2752/2752 2753/2753/2753 2754/2754/2754
f 2755/2755/2755 2756/2756/2756 2757/2757/2757
f 2758/2758/2758 2759/2759/2759 2760/2760/2760
f 2761/2761/2761 2762/2762/2762 2763/2763/2763
f 2764/2764/2764 2765/2765/2765 2766/2766/2766
f 2767/2767/2767 2768/2768/2768 2769/2769/2769
f 2770/2770/2770 2771/2771/2771 2772/2772/2772
f 2773/2773/2773 2774/2774/2774 2775/2775/2775
f 2776/2776/2776 2777/2777/2777 2778/2778/2778
f 2779/2779/2779 2780/2780/2780 2781/2781/2781
f 2782/2782/2782 2783/2783/2783 2784/2784/2784
f 2785/2785/2785 2786/2786/2786 2787/2787/2787
f 2788/2788/2788 2789/2789/2789 2790/2790/2790
f 2791/2791/2791 2792/2792/2792 2793/2793/2793
f 2794/2794/2794 2795/2795/2795 2796/2796/2796
f 2797/2797/2797 2798/2798/2798 2799/2799/2799
f 2800/2800/2800 2801/2801/2801 2802/2802/2802
f 2803/2803/2803 2804/2804/2804 2805/2805/2805
f 2806/2806/2806 2807/2807/2807 2808/2808/2808
f 2809/2809/2809 2810/2810/2810 2811/2811/2811
f 2812/2812/2812 2813/2813/2813 2814/2814/2814
f 2815/2815/2815 2816/2816/2816 2817/2817/2817
f 2818/2818/2818 2819/2819/2819 2820/2820/2820
f 2821/2821/2821 2822/2822/2822 2823/2823/2823
f 2824/2824/2824 2825/2825/2825 2826/2826/2826
f 2827/2827/2827 2828/2828/2828 2829/2829/2829
f 2830/2830/2830 2831/2831/2831 2832/2832/2832
f 2833/2833/2833 2834/2834/2834 2835/2835/2835
f 2836/2836/2836 2837/2837/2837 2838/2838/2838
f 2839/2839/2839 2840/2840/2840 2841/2841/2841
f 2842/2842/2842 2843/2843/2843 2844/2844/2844
f 2845/2845/2845 2846/2846/2846 2847/2847/2847
f 2848/2848/2848 2849/2849/2849 2850/2850/2850
f 2851/2851/2851 2852/2852/2852 2853/2853/2853
f 2854/2854/2854 2855/2855/2855 2856/2856/2856
f 2857/2857/2857 2858/2858/2858 2859/2859/2859
f 2860/2860/2860 2861/2861/2861 2862/2862/2862
f 2863/2863/2863 2864/2864/2864 2865/2865/2865
f 2866/2866/2866 2867/2867/2867 2868/2868/2868
f 2869/2869/2869 2870/2870/2870 2871/2871/2871
f 2872/2872/2872 2873/2873/2873 2874/2874/2874
f 2875/2875/2875 2876/2876/2876 2877/2877/2877
f 2878/2878/2878 2879/2879/2879 2880/2880/2880
f 2881/2881/2881 2882/2882/2882 2883/2883/2883
f 2884/2884/2884 2885/2885/2885 2886/2886/2886
f 2887/2887/2887 2888/2888/2888 2889/2889/2889
f 2890/2890/2890 2891/2891/2891 2892/2892/2892
f 2893/2893/2893 2894/2894/2894 2895/2895/2895
f 2896/2896/2896 2897/2897/2897 2898/2898/2898
f 2899/2899/2899 2900/2900/2900 2901/2901/2901
f 2902/2902/2902 2903/2903/2903 2904/2904/2904
f 2905/2905/2905 2906/2906/2906 2907/2907/2907
f 2908/2908/2908 2909/2909/2909 2910/2910/2910
f 2911/2911/2911 2912/2912/2912 2913/2913/2913
f 2914/2914/2914 2915/2915/2915 2916/2916/2916
f 2917/2917/2917 2918/2918/2918 2919/2919/2919
f 2920/2920/2920 2921/2921/2921 2922/2922/2922
f 2923/2923/2923 2924/2924/2924 2925/2925/2925
f 2926/2926/2926 2927/2927/2927 2928/2928/2928
f 2929/2929/2929 2930/2930/2930 2931/2931/2931
f 2932/2932/2932 2933/2933/2933 2934/2934/2934
f 2935/2935/2935 2936/2936/2936 2937/2937/2937
f 2938/2938/2938 2939/2939/2939 2940/2940/2940
f 2941/2941/2941 2942/2942/2942 2943/2943/2943
f 2944/2944/2944 2945/2945/2945 2946/2946/2946
f 2947/2947/2947 2948/2948/2948 2949/2949/2949
f 2950/2950/2950 2951/2951/2951 2952/2952/2952
f 2953/2953/2953 2954/2954/2954 2955/2955/2955
f 2956/2956/2956 2957/2957/2957 2958/2958/2958
f 2959/2959/2959 2960/2960/2960 2961/2961/2961
f 2962/2962/2962 2963/2963/2963 2964/2964/2964
f 2965/2965/2965 2966/2966/2966 2967/2967/2967
f 2968/2968/2968 2969/2969/2969 2970/2970/2970
f 2971/2971/2971 2972/2972/2972 2973/2973/2973
f 2974/2974/2974 2975/2975/2975 2976/2976/2976
f 2977/2977/2977 2978/2978/2978 2979/2979/2979
f 2980/2980/2980 2981/2981/2981 2982/2982/2982
f 2983/2983/2983 2984/2984/2984 2985/2985/2985
f 2986/2986/2986 2987/2987/2987 2988/2988/2988
f 2989/2989/2989 2990/2990/2990 2991/2991/2991
f 2992/2992/2992 2993/2993/2993 2994/2994/2994
f 2995/2995/2995 2996/2996/2996 2997/2997/2997
f 2998/2998/2998 2999/2999/2999 3000/3000/3000
f 3001/3001/3001 3002/3002/3002 3003/3003/3003
f 3004/3004/3004 3005/3005/3005 3006/3006/3006
f 3007/3007/3007 3008/3008/3008 3009/3009/3009
f 3010/3010/3010 3011/3011/3011 3012/3012/3012
f 3013/3013/3013 3014/3014/3014 3015/3015/3015
f 3016/3016/3016 3017/3017/3017 3018/3018/3018
f 3019/3019/3019 3020/3020/3020 3021/3021/3021
f 3022/3022/3022 3023/3023/3023 3024/3024/3024
f 3025/3025/3025 3026/3026/3026 3027/3027/3027
f 3028/3028/3028 3029/3029/3029 3030/3030/3030
f 3031/3031/3031 3032/3032/3032 3033/3033/3033
f 3034/3034/3034 3035/3035/3035 3036/3036/3036
f 3037/3037/3037 3038/3038/3038 3039/3039/3039
f 3040/3040/3040 3041/3041/3041 3042/3042/3042
f 3043/3043/3043 3044/3044/3044 3045/3045/3045
f 3046/3046/3046 3047/3047/3047 3048/3048/3048
f 3049/3049/3049 3050/3050/3050 3051/3051/3051
f 3052/3052/3052 3053/3053/3053 3054/3054/3054
f 3055/3055/3055 3056/3056/3056 3057/3057/3057
f 3058/3058/3058 3059/3059/3059 3060/3060/3060
f 3061/3061/3061 3062/3062/3062 3063/3063/3063
f 3064/3064/3064 3065/3065/3065 3066/3066/3066
f 3067/3067/3067 3068/3068/3068 3069/3069/3069
f 3070/3070/3070 3071/3071/3071 3072/3072/3072
f 3073/3073/3073 3074/3074/3074 3075/3075/3075
f 3076/3076/3076 3077/3077/3077 3078/3078/3078
f 3079/3079/3079 3080/3080/3080 3081/3081/3081
f 3082/3082/3082 3083/3083/3083 3084/3084/3084
f 3085/3085/3085 3086/3086/3086 3087/3087/3087
f 3088/3088/3088 3089/3089/3089 3090/3090/3090
f 3091/3091/3091 3092/3092/3092 3093/3093/3093
f 3094/3094/3094 3095/3095/3095 3096/3096/3096
f 3097/3097/3097 3098/3098/3098 3099/3099/3099
f 3100/3100/3100 3101/3101/3101 3102/3102/3102
f 3103/3103/3103 3104/3104/3104 3105/3105/3105
f 3106/3106/3106 3107/3107/3107 3108/3108/3108
f 3109/3109/3109 3110/3110/3110 3111/3111/3111
f 3112/3112/3112 3113/3113/3113 3114/3114/3114
f 3115/3115/3115 3116/3116/3116 3117/3117/3117
f 3118/3118/3118 3119/3119/3119 3120/3120/3120
f 3121/3121/3121 3122/3122/3122 3123/3123/3123
f 3124/3124/3124 3125/3125/3125 3126/3126/3126
f 3127/3127/3127 3128/3128/3128 3129/3129/3129
f 3130/3130/3130 3131/3131/3131 3132/3132/3132
f 3133/3133/3133 3134/3134/3134 3135/3135/3135
f 3136/3136/3136 3137/3137/3137 3138/3138/3138
f 3139/3139/3139 3140/3140/3140 3141/3141/3141
f 3142/3142/3142 3143/3143/3143 3144/3144/3144
f 3145/3145/3145 3146/3146/3146 3147/3147/3147
f 3148/3148/3148 3149/3149/3149 3150/3150/3150
f 3151/3151/3151 3152/3152/3152 3153/3153/3153
f 3154/3154/3154 3155/3155/3155 3156/3156/3156
f 3157/3157/3157 3158/3158/3158 3159/3159/3159
f 3160/3160/3160 3161/3161/3161 3162/3162/3162
f 3163/3163/3163 3164/3164/3164 3165/3165/3165
f 3166/3166/3166 3167/3167/3167 3168/3168/3168
f 3169/3169/3169 3170/3170/3170 3171/3171/3171
f 3172/3172/3172 3173/3173/3173 3174/3174/3174
f 3175/3175/3175 3176/3176/3176 3177/3177/3177
f 3178/3178/3178 3179/3179/3179 3180/3180/3180
f 3181/3181/3181 3182/3182/3182 3183/3183/3183
f 3184/3184/3184 3185/3185/3185 3186/3186/3186
f 3187/3187/3187 3188/3188/3188 3189/3189/3189
f 3190/3190/3190 3191/3191/3191 3192/3192/3192
f 3193/3193/3193 3194/3194/3194 3195/3195/3195
f 3196/3196/3196 3197/3197/3197 3198/3198/3198
f 3199/3199/3199 3200/3200/3200 3201/3201/3201
f 3202/3202/3202 3203/3203/3203 3204/3204/3204
f 3205/3205/3205 3206/3206/3206 3207/3207/3207
f 3208/3208/3208 3209/3209/3209 3210/3210/3210
f 3211/3211/3211 3212/3212/3212 3213/3213/3213
f 3214/3214/3214 3215/3215/3215 3216/3216/3216
f 3217/3217/3217 3218/3218/3218 3219/3219/3219
f 3220/3220/3220 3221/3221/3221 3222/3222/3222
f 3223/3223/3223 3224/3224/3224 3225/3225/3225
f 3226/3226/3226 3227/3227/3227 3228/3228/3228
f 3229/3229/3229 3230/3230/3230 3231/3231/3231
f 3232/3232/3232 3233/3233/3233 3234/3234/3234
f 3235/3235/3235 3236/3236/3236 3237/3237/3237
f 3238/3238/3238 3239/3239/3239 3240/3240/3240
f 3241/3241/3241 3242/3242/3242 3243/3243/3243
f 3244/3244/3244 3245/3245/3245 3246/3246/3246
f 3247/3247/3247 3248/3248/3248 3249/3249/3249
f 3250/3250/3250 3251/3251/3251 3252/3252/3252
f 3253/3253/3253 3254/3254/3254 3255/3255/3255
f 3256/3256/3256 3257/3257/3257 3258/3258/3258
f 3259/3259/3259 3260/3260/3260 3261/3261/3261
f 3262/3262/3262 3263/3263/3263 3264/3264/3264
f 3265/3265/3265 3266/3266/3266 3267/3267/3267
f 3268/3268/3268 3269/3269/3269 3270/3270/3270
f 3271/3271/3271 3272/3272/3272 3273/3273/3273
f 3274/3274/3274 3275/3275/3275 3276/3276/3276
f 3277/3277/3277 3278/3278/3278 3279/3279/3279
f 3280/3280/3280 3281/3281/3281 3282/3282/3282
f 3283/3283/3283 3284/3284/3284 3285/3285/3285
f 3286/3286/3286 3287/3287/3287 3288/3288/3288
f 3289/3289/3289 3290/3290/3290 3291/3291/3291
f 3292/3292/3292 3293/3293/3293 3294/3294/3294
f 3295/3295/3295 3296/3296/3296 3297/3297/3297
f 3298/3298/3298 3299/3299/3299 3300/3300/3300
f 3301/3301/3301 3302/3302/3302 3303/3303/3303
f 3304/3304/3304 3305/3305/3305 3306/3306/3306
f 3307/3307/3307 3308/3308/3308 3309/3309/3309
f 3310/3310/3310 3311/3311/3311 3312/3312/3312
f 3313/3313/3313 3314/3314/3314 3315/3315/3315
f 3316/3316/3316 3317/3317/3317 3318/3318/3318
f 3319/3319/3319 3320/3320/3320 3321/3321/3321
f 3322/3322/3322 3323/3323/3323 3324/3324/3324
f 3325/3325/3325 3326/3326/3326 3327/3327/3327
f 3328/3328/3328 3329/3329/3329 3330/3330/3330
f 3331/3331/3331 3332/3332/3332 3333/3333/3333
f 3334/3334/3334 3335/3335/3335 3336/3336/3336
f 3337/3337/3337 3338/3338/3338 3339/3339/3339
f 3340/3340/3340 3341/3341/3341 3342/3342/3342
f 3343/3343/3343 3344/3344/3344 3345/3345/3345
f 3346/3346/3346 3347/3347/3347 3348/3348/3348
f 3349/3349/3349 3350/3350/3350 3351/3351/3351
f 3352/3352/3352 3353/3353/3353 3354/3354/3354
f 3355/3355/3355 3356/3356/3356 3357/3357/3357
f 3358/3358/3358 3359/3359/3359 3360/3360/3360
f 3361/3361/3361 3362/3362/3362 3363/3363/3363
f 3364/3364/3364 3365/3365/3365 3366/3366/3366
f 3367/3367/3367 3368/3368/3368 3369/3369/3369
f 3370/3370/3370 3371/3371/3371 3372/3372/3372
f 3373/3373/3373 3374/3374/3374 3375/3375/3375
f 3376/3376/3376 3377/3377/3377 3378/3378/3378
f 3379/3379/3379 3380/3380/3380 3381/3381/3381
f 3382/3382/3382 3383/3383/3383 3384/3384/3384
f 3385/3385/3385 3386/3386/3386 3387/3387/3387
f 3388/3388/3388 3389/3389/3389 3390/3390/3390
f 3391/3391/3391 3392/3392/3392 3393/3393/3393
f 3394/3394/3394 3395/3395/3395 3396/3396/3396
f 3397/3397/3397 3398/3398/3398 3399/3399/3399
f 3400/3400/3400 3401/3401/3401 3402/3402/3402
f 3403/3403/3403 3404/3404/3404 3405/3405/3405
f 3406/3406/3406 3407/3407/3407 3408/3408/3408
f 3409/3409/3409 3410/3410/3410 3411/3411/3411
f 3412/3412/3412 3413/3413/3413 3414/3414/3414
f 3415/3415/3415 3416/3416/3416 3417/3417/3417
f 3418/3418/3418 3419/3419/3419 3420/3420/3420
f 3421/3421/3421 3422/3422/3422 3423/3423/3423
f 3424/3424/3424 3425/3425/3425 3426/3426/3426
f 3427/3427/3427 3428/3428/3428 3429/3429/3429
f 3430/3430/3430 3431/3431/3431 3432/3432/3432
f 3433/3433/3433 3434/3434/3434 3435/3435/3435
f 3436/3436/3436 3437/3437/3437 3438/3438/3438
f 3439/3439/3439 3440/3440/3440 3441/3441/3441
f 3442/3442/3442 3443/3443/3443 3444/3444/3444
f 3445/3445/3445 3446/3446/3446 3447/3447/3447
f 3448/3448/3448 3449/3449/3449 3450/3450/3450
f 3451/3451/3451 3452/3452/3452 3453/3453/3453
f 3454/3454/3454 3455/3455/3455 3456/3456/3456
f 3457/3457/3457 3458/3458/3458 3459/3459/3459
f 3460/3460/3460 3461/3461/3461 3462/3462/3462
f 3463/3463/3463 3464/3464/3464 3465/3465/3465
f 3466/3466/3466 3467/3467/3467 3468/3468/3468
f 3469/3469/3469 3470/3470/3470 3471/3471/3471
f 3472/3472/3472 3473/3473/3473 3474/3474/3474
f 3475/3475/3475 3476/3476/3476 3477/3477/3477
f 3478/3478/3478 3479/3479/3479 3480/3480/3480
f 3481/3481/3481 3482/3482/3482 3483/3483/3483
f 3484/3484/3484 3485/3485/3485 3486/3486/3486
f 3487/3487/3487 3488/3488/3488 3489/3489/3489
f 3490/3490/3490 3491/3491/3491 3492/3492/3492
f 3493/3493/3493 3494/3494/3494 3495/3495/3495
f 3496/3496/3496 3497/3497/3497 3498/3498/3498
f 3499/3499/3499 3500/3500/3500 3501/3501/3501
f 3502/3502/3502 3503/3503/3503 3504/3504/3504
f 3505/3505/3505 3506/3506/3506 3507/3507/3507
f 3508/3508/3508 3509/3509/3509 3510/3510/3510
f 3511/3511/3511 3512/3512/3512 3513/3513/3513
f 3514/3514/3514 3515/3515/3515 3516/3516/3516
f 3517/3517/3517 3518/3518/3518 3519/3519/3519
f 3520/3520/3520 3521/3521/3521 3522/3522/3522
f 3523/3523/3523 3524/3524/3524 3525/3525/3525
f 3526/3526/3526 3527/3527/3527 3528/3528/3528
f 3529/3529/3529 3530/3530/3530 3531/3531/3531
f 3532/3532/3532 3533/3533/3533 3534/3534/3534
f 3535/3535/3535 3536/3536/3536 3537/3537/3537
f 3538/3538/3538 3539/3539/3539 3540/3540/3540
f 3541/3541/3541 3542/3542/3542 3543/3543/3543
f 3544/3544/3544 3545/3545/3545 3546/3546/3546
f 3547/3547/3547 3548/3548/3548 3549/3549/3549
f 3550/3550/3550 3551/3551/3551 3552/3552/3552
f 3553/3553/3553 3554/3554/3554 3555/3555/3555
f 3556/3556/3556 3557/3557/3557 3558/3558/3558
f 3559/3559/3559 3560/3560/3560 3561/3561/3561
f 3562/3562/3562 3563/3563/3563 3564/3564/3564
f 3565/3565/3565 3566/3566/3566 3567/3567/3567
f 3568/3568/3568 3569/3569/3569 3570/3570/3570
f 3571/3571/3571 3572/3572/3572 3573/3573/3573
f 3574/3574/3574 3575/3575/3575 3576/3576/3576
f 3577/3577/3577 3578/3578/3578 3579/3579/3579
f 3580/3580/3580 3581/3581/3581 3582/3582/3582
f 3583/3583/3583 3584/3584/3584 3585/3585/3585
f 3586/3586/3586 3587/3587/3587 3588/3588/3588
f 3589/3589/3589 3590/3590/3590 3591/3591/3591
f 3592/3592/3592 3593/3593/3593 3594/3594/3594
f 3595/3595/3595 3596/3596/3596 3597/3597/3597
f 3598/3598/3598 3599/3599/3599 3600/3600/3600
f 3601/3601/3601 3602/3602/3602 3603/3603/3603
f 3604/3604/3604 3605/3605/3605 3606/3606/3606
f 3607/3607/3607 3608/3608/3608 3609/3609/3609
f 3610/3610/3610 3611/3611/3611 3612/3612/3612
f 3613/3613/3613 3614/3614/3614 3615/3615/3615
f 3616/3616/3616 3617/3617/3617 3618/3618/3618
f 3619/3619/3619 3620/3620/3620 3621/3621/3621
f 3622/3622/3622 3623/3623/3623 3624/3624/3624
f 3625/3625/3625 3626/3626/3626 3627/3627/3627
f 3628/3628/3628 3629/3629/3629 3630/3630/3630
f 3631/3631/3631 3632/3632/3632 3633/3633/3633
f 3634/3634/3634 3635/3635/3635 3636/3636/3636
f 3637/3637/3637 3638/3638/3638 3639/3639/3639
f 3640/3640/3640 3641/3641/3641 3642/3642/3642
f 3643/3643/3643 3644/3644/3644 3645/3645/3645
f 3646/3646/3646 3647/3647/3647 3648/3648/3648
f 3649/3649/3649 3650/3650/3650 3651/3651/3651
f 3652/3652/3652 3653/3653/3653 3654/3654/3654
f 3655/3655/3655 3656/3656/3656 3657/3657/3657
f 3658/3658/3658 3659/3659/3659 3660/3660/3660
f 3661/3661/3661 3662/3662/3662 3663/3663/3663
f 3664/3664/3664 3665/3665/3665 3666/3666/3666
f 3667/3667/3667 3668/3668/3668 3669/3669/3669
f 3670/3670/3670 3671/3671/3671 3672/3672/3672
f 3673/3673/3673 3674/3674/3674 3675/3675/3675
f 3676/3676/3676 3677/3677/3677 3678/3678/3678
f 3679/3679/3679 3680/3680/3680 3681/3681/3681
f 3682/3682/3682 3683/3683/3683 3684/3684/3684
f 3685/3685/3685 3686/3686/3686 3687/3687/3687
f 3688/3688/3688 3689/3689/3689 3690/3690/3690
f 3691/3691/3691 3692/3692/3692 3693/3693/3693
f 3694/3694/3694 3695/3695/3695 3696/3696/3696
f 3697/3697/3697 3698/3698/3698 3699/3699/3699
f 3700/3700/3700 3701/3701/3701 3702/3702/3702
f 3703/3703/3703 3704/3704/3704 3705/3705/3705
f 3706/3706/3706 3707/3707/3707 3708/3708/3708
f 3709/3709/3709 3710/3710/3710 3711/3711/3711
f 3712/3712/3712 3713/3713/3713 3714/3714/3714
f 3715/3715/3715 3716/3716/3716 3717/3717/3717
f 3718/3718/3718 3719/3719/3719 3720/3720/3720
f 3721/3721/3721 3722/3722/3722 3723/3723/3723
f 3724/3724/3724 3725/3725/3725 3726/3726/3726
f 3727/3727/3727 3728/3728/3728 3729/3729/3729
f 3730/3730/3730 3731/3731/3731 3732/3732/3732
f 3733/3733/3733 3734/3734/3734 3735/3735/3735
f 3736/3736/3736 3737/3737/3737 3738/3738/3738
f 3739/3739/3739 3740/3740/3740 3741/3741/3741
f 3742/3742/3742 3743/3743/3743 3744/3744/3744
f 3745/3745/3745 3746/3746/3746 3747/3747/3747
f 3748/3748/3748 3749/3749/3749 3750/3750/3750
f 3751/3751/3751 3752/3752/3752 3753/3753/3753
f 3754/3754/3754 3755/3755/3755 3756/3756/3756
f 3757/3757/3757 3758/3758/3758 3759/3759/3759
f 3760/3760/3760 3761/3761/3761 3762/3762/3762
f 3763/3763/3763 3764/3764/3764 3765/3765/3765
f 3766/3766/3766 3767/3767/3767 3768/3768/3768
f 3769/3769/3769 3770/3770/3770 3771/3771/3771
f 3772/3772/3772 3773/3773/3773 3774/3774/3774
f 3775/3775/3775 3776/3776/3776 3777/3777/3777
f 3778/3778/3778 3779/3779/3779 3780/3780/3780
f 3781/3781/3781 3782/3782/3782 3783/3783/3783
f 3784/3784/3784 3785/3785/3785 3786/3786/3786
f 3787/3787/3787 3788/3788/3788 3789/3789/3789
f 3790/3790/3790 3791/3791/3791 3792/3792/3792
f 3793/3793/3793 3794/3794/3794 3795/3795/3795
f 3796/3796/3796 3797/3797/3797 3798/3798/3798
f 3799/3799/3799 3800/3800/3800 3801/3801/3801
f 3802/3802/3802 3803/3803/3803 3804/3804/3804
f 3805/3805/3805 3806/3806/3806 3807/3807/3807
f 3808/3808/3808 3809/3809/3809 3810/3810/3810
f 3811/3811/3811 3812/3812/3812 3813/3813/3813
f 3814/3814/3814 3815/3815/3815 3816/3816/3816
f 3817/3817/3817 3818/3818/3818 3819/3819/3819
f 3820/3820/3820 3821/3821/3821 3822/3822/3822
f 3823/3823/3823 3824/3824/3824 3825/3825/3825
f 3826/3826/3826 3827/3827/3827 3828/3828/3828
f 3829/3829/3829 3830/3830/3830 3831/3831/3831
f 3832/3832/3832 3833/3833/3833 3834/3834/3834
f 3835/3835/3835 3836/3836/3836 3837/3837/3837
f 3838/3838/3838 3839/3839/3839 3840/3840/3840
f 3841/3841/3841 3842/3842/3842 3843/3843/3843
f 3844/3844/3844 3845/3845/3845 3846/3846/3846
f 3847/3847/3847 3848/3848/3848 3849/3849/3849
f 3850/3850/3850 3851/3851/3851 3852/3852/3852
f 3853/3853/3853 3854/3854/3854 3855/3855/3855
f 3856/3856/3856 3857/3857/3857 3858/3858/3858
f 3859/3859/3859 3860/3860/3860 3861/3861/3861
f 3862/3862/3862 3863/3863/3863 3864/3864/3864
f 3865/3865/3865 3866/3866/3866 3867/3867/3867
f 3868/3868/3868 3869/3869/3869 3870/3870/3870
f 3871/3871/3871 3872/3872/3872 3873/3873/3873
f 3874/3874/3874 3875/3875/3875 3876/3876/3876
f 3877/3877/3877 3878/3878/3878 3879/3879/3879
f 3880/3880/3880 3881/3881/3881 3882/3882/3882
f 3883/3883/3883 3884/3884/3884 3885/3885/3885
f 3886/3886/3886 3887/3887/3887 3888/3888/3888
f 3889/3889/3889 3890/3890/3890 3891/3891/3891
f 3892/3892/3892 3893/3893/3893 3894/3894/3894
f 3895/3895/3895 3896/3896/3896 3897/3897/3897
f 3898/3898/3898 3899/3899/3899 3900/3900/3900
f 3901/3901/3901 3902/3902/3902 3903/3903/3903
f 3904/3904/3904 3905/3905/3905 3906/3906/3906
f 3907/3907/3907 3908/3908/3908 3909/3909/3909
f 3910/3910/3910 3911/3911/3911 3912/3912/3912
f 3913/3913/3913 3914/3914/3914 3915/3915/3915
f 3916/3916/3916 3917/3917/3917 3918/3918/3918
f 3919/3919/3919 3920/3920/3920 3921/3921/3921
f 3922/3922/3922 3923/3923/3923 3924/3924/3924
f 3925/3925/3925 3926/3926/3926 3927/3927/3927
f 3928/3928/3928 3929/3929/3929 3930/3930/3930
f 3931/3931/3931 3932/3932/3932 3933/3933/3933
f 3934/3934/3934 3935/3935/3935 3936/3936/3936
f 3937/3937/3937 3938/3938/3938 3939/3939/3939
f 3940/3940/3940 3941/3941/3941 3942/3942/3942
f 3943/3943/3943 3944/3944/3944 3945/3945/3945
f 3946/3946/3946 3947/3947/3947 3948/3948/3948
f 3949/3949/3949 3950/3950/3950 3951/3951/3951
f 3952/3952/3952 3953/3953/3953 3954/3954/3954
f 3955/3955/3955 3956/3956/3956 3957/3957/3957
f 3958/3958/3958 3959/3959/3959 3960/3960/3960
f 3961/3961/3961 3962/3962/3962 3963/3963/3963
f 3964/3964/3964 3965/3965/3965 3966/3966/3966
f 3967/3967/3967 3968/3968/3968 3969/3969/3969
f 3970/3970/3970 3971/3971/3971 3972/3972/3972
f 3973/3973/3973 3974/3974/3974 3975/3975/3975
f 3976/3976/3976 3977/3977/3977 3978/3978/3978
f 3979/3979/3979 3980/3980/3980 3981/3981/3981
f 3982/3982/3982 3983/3983/3983 3984/3984/3984
f 3985/3985/3985 3986/3986/3986 3987/3987/3987
f 3988/3988/3988 3989/3989/3989 3990/3990/3990
f 3991/3991/3991 3992/3992/3992 3993/3993/3993
f 3994/3994/3994 3995/3995/3995 3996/3996/3996
f 3997/3997/3997 3998/3998/3998 3999/3999/3999
f 4000/4000/4000 4001/4001/4001 4002/4002/4002
f 4003/4003/4003 4004/4004/4004 4005/4005/4005
f 4006/4006/4006 4007/4007/4007 4008/4008/4008
f 4009/4009/4009 4010/4010/4010 4011/4011/4011
f 4012/4012/4012 4013/4013/4013 4014/4014/4014
f 4015/4015/4015 4016/4016/4016 4017/4017/4017
f 4018/4018/4018 4019/4019/4019 4020/4020/4020
f 4021/4021/4021 4022/4022/4022 4023/4023/4023
f 4024/4024/4024 4025/4025/4025 4026/4026/4026
f 4027/4027/4027 4028/4028/4028 4029/4029/4029
f 4030/4030/4030 4031/4031/4031 4032/4032/4032
f 4033/4033/4033 4034/4034/4034 4035/4035/4035
f 4036/4036/4036 4037/4037/4037 4038/4038/4038
f 4039/4039/4039 4040/4040/4040 4041/4041/4041
f 4042/4042/4042 4043/4043/4043 4044/4044/4044
f 4045/4045/4045 4046/4046/4046 4047/4047/4047
f 4048/4048/4048 4049/4049/4049 4050/4050/4050
f 4051/4051/4051 4052/4052/4052 4053/4053/4053
f 4054/4054/4054 4055/4055/4055 4056/4056/4056
f 4057/4057/4057 4058/4058/4058 4059/4059/4059
f 4060/4060/4060 4061/4061/4061 4062/4062/4062
f 4063/4063/4063 4064/4064/4064 4065/4065/4065
f 4066/4066/4066 4067/4067/4067 4068/4068/4068
f 4069/4069/4069 4070/4070/4070 4071/4071/4071
f 4072/4072/4072 4073/4073/4073 4074/4074/4074
f 4075/4075/4075 4076/4076/4076 4077/4077/4077
f 4078/4078/4078 4079/4079/4079 4080/4080/4080
f 4081/4081/4081 4082/4082/4082 4083/4083/4083
f 4084/4084/4084 4085/4085/4085 4086/4086/4086
f 4087/4087/4087 4088/4088/4088 4089/4089/4089
f 4090/4090/4090 4091/4091/4091 4092/4092/4092
f 4093/4093/4093 4094/4094/4094 4095/4095/4095
f 4096/4096/4096 4097/4097/4097 4098/4098/4098
f 4099/4099/4099 4100/4100/4100 4101/4101/4101
f 4102/4102/4102 4103/4103/4103 4104/4104/4104
f 4105/4105/4105 4106/4106/4106 4107/4107/4107
f 4108/4108/4108 4109/4109/4109 4110/4110/4110
f 4111/4111/4111 4112/4112/4112 4113/4113/4113
f 4114/4114/4114 4115/4115/4115 4116/4116/4116
f 4117/4117/4117 4118/4118/4118 4119/4119/4119
f 4120/4120/4120 4121/4121/4121 4122/4122/4122
f 4123/4123/4123 4124/4124/4124 4125/4125/4125
f 4126/4126/4126 4127/4127/4127 4128/4128/4128
f 4129/4129/4129 4130/4130/4130 4131/4131/4131
f 4132/4132/4132 4133/4133/4133 4134/4134/4134
f 4135/4135/4135 4136/4136/4136 4137/4137/4137
f 4138/4138/4138 4139/4139/4139 4140/4140/4140
f 4141/4141/4141 4142/4142/4142 4143/4143/4143
f 4144/4144/4144 4145/4145/4145 4146/4146/4146
f 4147/4147/4147 4148/4148/4148 4149/4149/4149
f 4150/4150/4150 4151/4151/4151 4152/4152/4152
f 4153/4153/4153 4154/4154/4154 4155/4155/4155
f 4156/4156/4156 4157/4157/4157 4158/4158/4158
f 4159/4159/4159 4160/4160/4160 4161/4161/4161
f 4162/4162/4162 4163/4163/4163 4164/4164/4164
f 4165/4165/4165 4166/4166/4166 4167/4167/4167
f 4168/4168/4168 4169/4169/4169 4170/4170/4170
f 4171/4171/4171 4172/4172/4172 4173/4173/4173
f 4174/4174/4174 4175/4175/4175 4176/4176/4176
f 4177/4177/4177 4178/4178/4178 4179/4179/4179
f 4180/4180/4180 4181/4181/4181 4182/4182/4182
f 4183/4183/4183 4184/4184/4184 4185/4185/4185
f 4186/4186/4186 4187/4187/4187 4188/4188/4188
f 4189/4189/4189 4190/4190/4190 4191/4191/4191
f 4192/4192/4192 4193/4193/4193 4194/4194/4194
f 4195/4195/4195 4196/4196/4196 4197/4197/4197
f 4198/4198/4198 4199/4199/4199 4200/4200/4200