o Mesh
v -1.337356686592102 -0.2018749713897705 -0.316998690366745
v -1.3724806308746338 -0.16675131022930145 0.3084723651409149
v -1.337356686592102 -0.20187506079673767 0.3084724247455597
v -1.337356686592102 -0.2018749713897705 -0.316998690366745
v -1.3724806308746338 -0.1667512208223343 -0.3169989287853241
v -1.3724806308746338 -0.16675131022930145 0.3084723651409149
v -1.288307547569275 -0.3175482749938965 0.24719996750354767
v -1.288307547569275 -0.3840782940387726 0.3119121491909027
v -1.3080941438674927 -0.36397606134414673 0.2667502462863922
v -1.278544306755066 -0.24985280632972717 0.23756776750087738
v -1.2519136667251587 -0.32299476861953735 0.3066096901893616
v -1.288307547569275 -0.3175482749938965 0.24719996750354767
v -1.288307547569275 -0.3840782940387726 0.3119121491909027
v -1.288307547569275 -0.3175482749938965 0.24719996750354767
v -1.2519136667251587 -0.32299476861953735 0.3066096901893616
v -1.2519136667251587 -0.32299476861953735 0.3066096901893616
v -1.278544306755066 -0.3939989507198334 0.377743661403656
v -1.288307547569275 -0.3840782940387726 0.3119121491909027
v -1.288307547569275 -0.18215596675872803 0.2471998780965805
v -1.2396563291549683 -0.24985282123088837 0.30130714178085327
v -1.278544306755066 -0.24985280632972717 0.23756776750087738
v -1.2519136667251587 -0.32299476861953735 0.3066096901893616
v -1.278544306755066 -0.24985280632972717 0.23756776750087738
v -1.2396563291549683 -0.24985282123088837 0.30130714178085327
v -1.2396563291549683 -0.24985282123088837 0.30130714178085327
v -1.2396563291549683 -0.32844308018684387 0.37774360179901123
v -1.2519136667251587 -0.32299476861953735 0.3066096901893616
v -1.278544306755066 -0.3939989507198334 0.377743661403656
v -1.2519136667251587 -0.32299476861953735 0.3066096901893616
v -1.2396563291549683 -0.32844308018684387 0.37774360179901123
v -1.2396563291549683 -0.32844308018684387 0.37774360179901123
v -1.288307547569275 -0.38407832384109497 0.44357389211654663
v -1.278544306755066 -0.3939989507198334 0.377743661403656
v -1.2396563291549683 -0.17126259207725525 0.37774351239204407
v -1.288307547569275 -0.11562735587358475 0.3119119703769684
v -1.278544306755066 -0.10570625215768814 0.37774351239204407
v -1.288307547569275 -0.11562735587358475 0.3119119703769684
v -1.2396563291549683 -0.17126259207725525 0.37774351239204407
v -1.2519136667251587 -0.17670950293540955 0.3066096007823944
v -1.2519136667251587 -0.17670950293540955 0.3066096007823944
v -1.3080941438674927 -0.13572821021080017 0.26675015687942505
v -1.288307547569275 -0.11562735587358475 0.3119119703769684
v -1.3080941438674927 -0.13572821021080017 0.26675015687942505
v -1.2519136667251587 -0.17670950293540955 0.3066096007823944
v -1.288307547569275 -0.18215596675872803 0.2471998780965805
v -1.2396563291549683 -0.24985282123088837 0.30130714178085327
v -1.288307547569275 -0.18215596675872803 0.2471998780965805
v -1.2519136667251587 -0.17670950293540955 0.3066096007823944
v -1.2519136667251587 -0.17670950293540955 0.3066096007823944
v -1.2266426086425781 -0.24985283613204956 0.37774360179901123
v -1.2396563291549683 -0.24985282123088837 0.30130714178085327
v -1.2396563291549683 -0.32844308018684387 0.37774360179901123
v -1.2396563291549683 -0.24985282123088837 0.30130714178085327
v -1.2266426086425781 -0.24985283613204956 0.37774360179901123
v -1.2266426086425781 -0.24985283613204956 0.37774360179901123
v -1.2519136667251587 -0.32299479842185974 0.44887635111808777
v -1.2396563291549683 -0.32844308018684387 0.37774360179901123
v -1.288307547569275 -0.38407832384109497 0.44357389211654663
v -1.2396563291549683 -0.32844308018684387 0.37774360179901123
v -1.2519136667251587 -0.32299479842185974 0.44887635111808777
v -1.2519136667251587 -0.32299479842185974 0.44887635111808777
v -1.3080941438674927 -0.3639760911464691 0.4887358248233795
v -1.288307547569275 -0.38407832384109497 0.44357389211654663
v -1.3080941438674927 -0.3639760911464691 0.4887358248233795
v -1.2519136667251587 -0.32299479842185974 0.44887635111808777
v -1.288307547569275 -0.31754833459854126 0.5082695484161377
v -1.2396563291549683 -0.24985285103321075 0.4541788101196289
v -1.288307547569275 -0.31754833459854126 0.5082695484161377
v -1.2519136667251587 -0.32299479842185974 0.44887635111808777
v -1.288307547569275 -0.31754833459854126 0.5082695484161377
v -1.2396563291549683 -0.24985285103321075 0.4541788101196289
v -1.278544306755066 -0.24985285103321075 0.5179181098937988
v -1.2519136667251587 -0.17670953273773193 0.4488763213157654
v -1.278544306755066 -0.24985285103321075 0.5179181098937988
v -1.2396563291549683 -0.24985285103321075 0.4541788101196289
v -1.278544306755066 -0.24985285103321075 0.5179181098937988
v -1.2519136667251587 -0.17670953273773193 0.4488763213157654
v -1.288307547569275 -0.1821560114622116 0.5082694292068481
v -1.288307547569275 -0.11562737077474594 0.4435737729072571
v -1.288307547569275 -0.1821560114622116 0.5082694292068481
v -1.2519136667251587 -0.17670953273773193 0.4488763213157654
v -1.288307547569275 -0.1821560114622116 0.5082694292068481
v -1.288307547569275 -0.11562737077474594 0.4435737729072571
v -1.3080941438674927 -0.13572824001312256 0.4887356758117676
v -1.2519136667251587 -0.32299479842185974 0.44887635111808777
v -1.2266426086425781 -0.24985283613204956 0.37774360179901123
v -1.2396563291549683 -0.24985285103321075 0.4541788101196289
v -1.2519136667251587 -0.17670953273773193 0.4488763213157654
v -1.278544306755066 -0.10570625215768814 0.37774351239204407
v -1.288307547569275 -0.11562737077474594 0.4435737729072571
v -1.278544306755066 -0.10570625215768814 0.37774351239204407
v -1.2519136667251587 -0.17670953273773193 0.4488763213157654
v -1.2396563291549683 -0.17126259207725525 0.37774351239204407
v -1.2396563291549683 -0.24985285103321075 0.4541788101196289
v -1.2396563291549683 -0.17126259207725525 0.37774351239204407
v -1.2519136667251587 -0.17670953273773193 0.4488763213157654
v -1.2396563291549683 -0.17126259207725525 0.37774351239204407
v -1.2396563291549683 -0.24985285103321075 0.4541788101196289
v -1.2266426086425781 -0.24985283613204956 0.37774360179901123
v -1.2266426086425781 -0.24985283613204956 0.37774360179901123
v -1.2519136667251587 -0.17670950293540955 0.3066096007823944
v -1.2396563291549683 -0.17126259207725525 0.37774351239204407
v -1.3245007991790771 -0.24985501170158386 -0.31699874997138977
v -1.337356686592102 -0.20187506079673767 0.3084724247455597
v -1.3245007991790771 -0.24985511600971222 0.30847251415252686
v -1.3245007991790771 -0.24985501170158386 -0.31699874997138977
v -1.337356686592102 -0.2018749713897705 -0.316998690366745
v -1.337356686592102 -0.20187506079673767 0.3084724247455597
v -1.3373571634292603 -0.2978346049785614 -0.3169987201690674
v -1.3245007991790771 -0.24985511600971222 0.30847251415252686
v -1.3373571634292603 -0.29783469438552856 0.30847257375717163
v -1.3373571634292603 -0.2978346049785614 -0.3169987201690674
v -1.3245007991790771 -0.24985501170158386 -0.31699874997138977
v -1.3245007991790771 -0.24985511600971222 0.30847251415252686
v -1.372480869293213 -0.3329589068889618 0.3084723949432373
v -1.3373571634292603 -0.2978346049785614 -0.3169987201690674
v -1.3373571634292603 -0.29783469438552856 0.30847257375717163
v -1.372480869293213 -0.3329589068889618 0.3084723949432373
v -1.372480869293213 -0.33295878767967224 -0.3169988989830017
v -1.3373571634292603 -0.2978346049785614 -0.3169987201690674
v -1.4204604625701904 -0.34581464529037476 -0.31699883937835693
v -1.372480869293213 -0.3329589068889618 0.3084723949432373
v -1.4204604625701904 -0.3458142876625061 0.3084724545478821
v -1.4204604625701904 -0.34581464529037476 -0.31699883937835693
v -1.372480869293213 -0.33295878767967224 -0.3169988989830017
v -1.372480869293213 -0.3329589068889618 0.3084723949432373
v -1.4684405326843262 -0.3329589068889618 0.3084723949432373
v -1.4204604625701904 -0.34581464529037476 -0.31699883937835693
v -1.4204604625701904 -0.3458142876625061 0.3084724545478821
v -1.4684405326843262 -0.3329589068889618 0.3084723949432373
v -1.4684405326843262 -0.33295878767967224 -0.3169988989830017
v -1.4204604625701904 -0.34581464529037476 -0.31699883937835693
v -1.5035642385482788 -0.2978346049785614 -0.3169987201690674
v -1.4684405326843262 -0.3329589068889618 0.3084723949432373
v -1.5035642385482788 -0.29783469438552856 0.30847257375717163
v -1.5035642385482788 -0.2978346049785614 -0.3169987201690674
v -1.4684405326843262 -0.33295878767967224 -0.3169988989830017
v -1.4684405326843262 -0.3329589068889618 0.3084723949432373
v -1.5164204835891724 -0.24985511600971222 0.30847251415252686
v -1.5035642385482788 -0.2978346049785614 -0.3169987201690674
v -1.5035642385482788 -0.29783469438552856 0.30847257375717163
v -1.5164204835891724 -0.24985511600971222 0.30847251415252686
v -1.5164204835891724 -0.24985501170158386 -0.31699874997138977
v -1.5035642385482788 -0.2978346049785614 -0.3169987201690674
v -1.5035642385482788 -0.20187506079673767 0.3084724247455597
v -1.5164204835891724 -0.24985501170158386 -0.31699874997138977
v -1.5164204835891724 -0.24985511600971222 0.30847251415252686
v -1.5035642385482788 -0.20187506079673767 0.3084724247455597
v -1.5035642385482788 -0.2018749713897705 -0.316998690366745
v -1.5164204835891724 -0.24985501170158386 -0.31699874997138977
v -1.4684405326843262 -0.16675131022930145 0.3084723651409149
v -1.5035642385482788 -0.2018749713897705 -0.316998690366745
v -1.5035642385482788 -0.20187506079673767 0.3084724247455597
v -1.4684405326843262 -0.16675131022930145 0.3084723651409149
v -1.4684405326843262 -0.1667512208223343 -0.31699874997138977
v -1.5035642385482788 -0.2018749713897705 -0.316998690366745
v -1.4204604625701904 -0.15389502048492432 0.30847230553627014
v -1.4684405326843262 -0.1667512208223343 -0.31699874997138977
v -1.4684405326843262 -0.16675131022930145 0.3084723651409149
v -1.4204604625701904 -0.15389502048492432 0.30847230553627014
v -1.4204604625701904 -0.15389491617679596 -0.31699874997138977
v -1.4684405326843262 -0.1667512208223343 -0.31699874997138977
v -1.4204671382904053 -0.06621679663658142 0.3013070523738861
v -1.3430814743041992 -0.06621681153774261 0.3777434825897217
v -1.3484477996826172 -0.07866659760475159 0.306609570980072
v -1.3484477996826172 -0.07866659760475159 0.306609570980072
v -1.4204671382904053 -0.10570622980594635 0.2375677227973938
v -1.4204671382904053 -0.06621679663658142 0.3013070523738861
v -1.4871081113815308 -0.11562734097242355 0.24719983339309692
v -1.4204671382904053 -0.06621679663658142 0.3013070523738861
v -1.4204671382904053 -0.10570622980594635 0.2375677227973938
v -1.4204671382904053 -0.10570622980594635 0.2375677227973938
v -1.3484477996826172 -0.07866659760475159 0.306609570980072
v -1.353813886642456 -0.11562734097242355 0.24719983339309692
v -1.5328277349472046 -0.135728657245636 0.26675015687942505
v -1.4924744367599487 -0.07866659760475159 0.306609570980072
v -1.4871081113815308 -0.11562734097242355 0.24719983339309692
v -1.4204671382904053 -0.06621679663658142 0.3013070523738861
v -1.4871081113815308 -0.11562734097242355 0.24719983339309692
v -1.4924744367599487 -0.07866659760475159 0.306609570980072
v -1.4924744367599487 -0.07866659760475159 0.306609570980072
v -1.4204671382904053 -0.05298835411667824 0.3777434825897217
v -1.4204671382904053 -0.06621679663658142 0.3013070523738861
v -1.3430814743041992 -0.06621681153774261 0.3777434825897217
v -1.4204671382904053 -0.06621679663658142 0.3013070523738861
v -1.4204671382904053 -0.05298835411667824 0.3777434825897217
v -1.4204671382904053 -0.05298835411667824 0.3777434825897217
v -1.3484477996826172 -0.07866661995649338 0.4488762319087982
v -1.3430814743041992 -0.06621681153774261 0.3777434825897217
v -1.353813886642456 -0.11562734097242355 0.24719983339309692
v -1.288307547569275 -0.11562735587358475 0.3119119703769684
v -1.3080941438674927 -0.13572821021080017 0.26675015687942505
v -1.288307547569275 -0.11562735587358475 0.3119119703769684
v -1.353813886642456 -0.11562734097242355 0.24719983339309692
v -1.3484477996826172 -0.07866659760475159 0.306609570980072
v -1.3484477996826172 -0.07866659760475159 0.306609570980072
v -1.278544306755066 -0.10570625215768814 0.37774351239204407
v -1.288307547569275 -0.11562735587358475 0.3119119703769684
v -1.278544306755066 -0.10570625215768814 0.37774351239204407
v -1.3484477996826172 -0.07866659760475159 0.306609570980072
v -1.3430814743041992 -0.06621681153774261 0.3777434825897217
v -1.3430814743041992 -0.06621681153774261 0.3777434825897217
v -1.288307547569275 -0.11562737077474594 0.4435737729072571
v -1.278544306755066 -0.10570625215768814 0.37774351239204407
v -1.288307547569275 -0.11562737077474594 0.4435737729072571
v -1.3430814743041992 -0.06621681153774261 0.3777434825897217
v -1.3484477996826172 -0.07866661995649338 0.4488762319087982
v -1.3484477996826172 -0.07866661995649338 0.4488762319087982
v -1.3080941438674927 -0.13572824001312256 0.4887356758117676
v -1.288307547569275 -0.11562737077474594 0.4435737729072571
v -1.3080941438674927 -0.13572824001312256 0.4887356758117676
v -1.3484477996826172 -0.07866661995649338 0.4488762319087982
v -1.353813886642456 -0.11562738567590714 0.5082694292068481
v -1.4204671382904053 -0.06621681898832321 0.45417866110801697
v -1.353813886642456 -0.11562738567590714 0.5082694292068481
v -1.3484477996826172 -0.07866661995649338 0.4488762319087982
v -1.3484477996826172 -0.07866661995649338 0.4488762319087982
v -1.4204671382904053 -0.05298835411667824 0.3777434825897217
v -1.4204671382904053 -0.06621681898832321 0.45417866110801697
v -1.4978406429290771 -0.06621681153774261 0.3777434825897217
v -1.4204671382904053 -0.06621681898832321 0.45417866110801697
v -1.4204671382904053 -0.05298835411667824 0.3777434825897217
v -1.4204671382904053 -0.05298835411667824 0.3777434825897217
v -1.4924744367599487 -0.07866659760475159 0.306609570980072
v -1.4978406429290771 -0.06621681153774261 0.3777434825897217
v -1.5526145696640015 -0.11562735587358475 0.3119119703769684
v -1.4978406429290771 -0.06621681153774261 0.3777434825897217
v -1.4924744367599487 -0.07866659760475159 0.306609570980072
v -1.4924744367599487 -0.07866659760475159 0.306609570980072
v -1.5328277349472046 -0.135728657245636 0.26675015687942505
v -1.5526145696640015 -0.11562735587358475 0.3119119703769684
v -1.353813886642456 -0.11562738567590714 0.5082694292068481
v -1.4204671382904053 -0.06621681898832321 0.45417866110801697
v -1.4204671382904053 -0.10570627450942993 0.5179181098937988
v -1.4924744367599487 -0.07866661995649338 0.4488762319087982
v -1.4204671382904053 -0.10570627450942993 0.5179181098937988
v -1.4204671382904053 -0.06621681898832321 0.45417866110801697
v -1.4204671382904053 -0.06621681898832321 0.45417866110801697
v -1.4978406429290771 -0.06621681153774261 0.3777434825897217
v -1.4924744367599487 -0.07866661995649338 0.4488762319087982
v -1.5623779296875 -0.10570625215768814 0.37774351239204407
v -1.4924744367599487 -0.07866661995649338 0.4488762319087982
v -1.4978406429290771 -0.06621681153774261 0.3777434825897217
v -1.4978406429290771 -0.06621681153774261 0.3777434825897217
v -1.5526145696640015 -0.11562735587358475 0.3119119703769684
v -1.5623779296875 -0.10570625215768814 0.37774351239204407
v -1.4204671382904053 -0.10570627450942993 0.5179181098937988
v -1.4924744367599487 -0.07866661995649338 0.4488762319087982
v -1.4871081113815308 -0.11562738567590714 0.5082694292068481
v -1.5526145696640015 -0.11562737077474594 0.4435737729072571
v -1.4871081113815308 -0.11562738567590714 0.5082694292068481
v -1.4924744367599487 -0.07866661995649338 0.4488762319087982
v -1.4924744367599487 -0.07866661995649338 0.4488762319087982
v -1.5623779296875 -0.10570625215768814 0.37774351239204407
v -1.5526145696640015 -0.11562737077474594 0.4435737729072571
v -1.4871081113815308 -0.11562738567590714 0.5082694292068481
v -1.5526145696640015 -0.11562737077474594 0.4435737729072571
v -1.5328277349472046 -0.13572870194911957 0.4887356758117676
v -1.3484477996826172 -0.42103812098503113 0.30660974979400635
v -1.3080941438674927 -0.36397606134414673 0.2667502462863922
v -1.288307547569275 -0.3840782940387726 0.3119121491909027
v -1.3080941438674927 -0.36397606134414673 0.2667502462863922
v -1.3484477996826172 -0.42103812098503113 0.30660974979400635
v -1.353813886642456 -0.3840782940387726 0.24719996750354767
v -1.3430814743041992 -0.4334883987903595 0.3777436316013336
v -1.288307547569275 -0.3840782940387726 0.3119121491909027
v -1.278544306755066 -0.3939989507198334 0.377743661403656
v -1.288307547569275 -0.3840782940387726 0.3119121491909027
v -1.3430814743041992 -0.4334883987903595 0.3777436316013336
v -1.3484477996826172 -0.42103812098503113 0.30660974979400635
v -1.4204671382904053 -0.44671595096588135 0.3777436316013336
v -1.3484477996826172 -0.42103812098503113 0.30660974979400635
v -1.3430814743041992 -0.4334883987903595 0.3777436316013336
v -1.3484477996826172 -0.42103812098503113 0.30660974979400635
v -1.4204671382904053 -0.44671595096588135 0.3777436316013336
v -1.4204671382904053 -0.4334883987903595 0.30130723118782043
v -1.4204671382904053 -0.4334883987903595 0.30130723118782043
v -1.353813886642456 -0.3840782940387726 0.24719996750354767
v -1.3484477996826172 -0.42103812098503113 0.30660974979400635
v -1.353813886642456 -0.3840782940387726 0.24719996750354767
v -1.4204671382904053 -0.4334883987903595 0.30130723118782043
v -1.4204671382904053 -0.393998920917511 0.23756787180900574
v -1.4204671382904053 -0.393998920917511 0.23756787180900574
v -1.4924744367599487 -0.42103812098503113 0.30660974979400635
v -1.4871081113815308 -0.3840782940387726 0.24719996750354767
v -1.4924744367599487 -0.42103812098503113 0.30660974979400635
v -1.4204671382904053 -0.393998920917511 0.23756787180900574
v -1.4204671382904053 -0.4334883987903595 0.30130723118782043
v -1.4204671382904053 -0.4334883987903595 0.30130723118782043
v -1.4978406429290771 -0.4334883987903595 0.3777436316013336
v -1.4924744367599487 -0.42103812098503113 0.30660974979400635
v -1.4978406429290771 -0.4334883987903595 0.3777436316013336
v -1.4204671382904053 -0.4334883987903595 0.30130723118782043
v -1.4204671382904053 -0.44671595096588135 0.3777436316013336
v -1.4204671382904053 -0.44671595096588135 0.3777436316013336
v -1.4924744367599487 -0.4210381507873535 0.44887641072273254
v -1.4978406429290771 -0.4334883987903595 0.3777436316013336
v -1.4924744367599487 -0.4210381507873535 0.44887641072273254
v -1.4204671382904053 -0.44671595096588135 0.3777436316013336
v -1.4204671382904053 -0.4334883987903595 0.45417889952659607
v -1.3430814743041992 -0.4334883987903595 0.3777436316013336
v -1.4204671382904053 -0.4334883987903595 0.45417889952659607
v -1.4204671382904053 -0.44671595096588135 0.3777436316013336
v -1.4204671382904053 -0.4334883987903595 0.45417889952659607
v -1.3430814743041992 -0.4334883987903595 0.3777436316013336
v -1.3484477996826172 -0.4210381507873535 0.44887641072273254
v -1.278544306755066 -0.3939989507198334 0.377743661403656
v -1.3484477996826172 -0.4210381507873535 0.44887641072273254
v -1.3430814743041992 -0.4334883987903595 0.3777436316013336
v -1.3484477996826172 -0.4210381507873535 0.44887641072273254
v -1.278544306755066 -0.3939989507198334 0.377743661403656
v -1.288307547569275 -0.38407832384109497 0.44357389211654663
v -1.353813886642456 -0.38407832384109497 0.5082695484161377
v -1.288307547569275 -0.38407832384109497 0.44357389211654663
v -1.3080941438674927 -0.3639760911464691 0.4887358248233795
v -1.288307547569275 -0.38407832384109497 0.44357389211654663
v -1.353813886642456 -0.38407832384109497 0.5082695484161377
v -1.3484477996826172 -0.4210381507873535 0.44887641072273254
v -1.4204671382904053 -0.39399898052215576 0.5179182291030884
v -1.3484477996826172 -0.4210381507873535 0.44887641072273254
v -1.353813886642456 -0.38407832384109497 0.5082695484161377
v -1.3484477996826172 -0.4210381507873535 0.44887641072273254
v -1.4204671382904053 -0.39399898052215576 0.5179182291030884
v -1.4204671382904053 -0.4334883987903595 0.45417889952659607
v -1.4871081113815308 -0.38407832384109497 0.5082695484161377
v -1.4204671382904053 -0.4334883987903595 0.45417889952659607
v -1.4204671382904053 -0.39399898052215576 0.5179182291030884
v -1.4204671382904053 -0.4334883987903595 0.45417889952659607
v -1.4871081113815308 -0.38407832384109497 0.5082695484161377
v -1.4924744367599487 -0.4210381507873535 0.44887641072273254
v -1.5328277349472046 -0.3639760911464691 0.4887358248233795
v -1.4924744367599487 -0.4210381507873535 0.44887641072273254
v -1.4871081113815308 -0.38407832384109497 0.5082695484161377
v -1.4924744367599487 -0.4210381507873535 0.44887641072273254
v -1.5328277349472046 -0.3639760911464691 0.4887358248233795
v -1.5526145696640015 -0.38407832384109497 0.44357389211654663
v -1.5526145696640015 -0.38407832384109497 0.44357389211654663
v -1.4978406429290771 -0.4334883987903595 0.3777436316013336
v -1.4924744367599487 -0.4210381507873535 0.44887641072273254
v -1.4978406429290771 -0.4334883987903595 0.3777436316013336
v -1.5526145696640015 -0.38407832384109497 0.44357389211654663
v -1.5623779296875 -0.3939989507198334 0.377743661403656
v -1.5623779296875 -0.3939989507198334 0.377743661403656
v -1.4924744367599487 -0.42103812098503113 0.30660974979400635
v -1.4978406429290771 -0.4334883987903595 0.3777436316013336
v -1.4924744367599487 -0.42103812098503113 0.30660974979400635
v -1.5623779296875 -0.3939989507198334 0.377743661403656
v -1.5526145696640015 -0.3840782940387726 0.3119121491909027
v -1.5526145696640015 -0.3840782940387726 0.3119121491909027
v -1.4871081113815308 -0.3840782940387726 0.24719996750354767
v -1.4924744367599487 -0.42103812098503113 0.30660974979400635
v -1.4871081113815308 -0.3840782940387726 0.24719996750354767
v -1.5526145696640015 -0.3840782940387726 0.3119121491909027
v -1.5328277349472046 -0.36397606134414673 0.2667502462863922
v -1.5526145696640015 -0.31754833459854126 0.5082695484161377
v -1.5526145696640015 -0.38407832384109497 0.44357389211654663
v -1.5328277349472046 -0.3639760911464691 0.4887358248233795
v -1.5526145696640015 -0.3175482749938965 0.24719996750354767
v -1.6012659072875977 -0.24985282123088837 0.30130714178085327
v -1.5623779296875 -0.24985280632972717 0.23756776750087738
v -1.6012659072875977 -0.24985282123088837 0.30130714178085327
v -1.5526145696640015 -0.3175482749938965 0.24719996750354767
v -1.5890083312988281 -0.322996586561203 0.3066096901893616
v -1.5328277349472046 -0.36397606134414673 0.2667502462863922
v -1.5890083312988281 -0.322996586561203 0.3066096901893616
v -1.5526145696640015 -0.3175482749938965 0.24719996750354767
v -1.5890083312988281 -0.322996586561203 0.3066096901893616
v -1.5328277349472046 -0.36397606134414673 0.2667502462863922
v -1.5526145696640015 -0.3840782940387726 0.3119121491909027
v -1.5526145696640015 -0.3840782940387726 0.3119121491909027
v -1.6012659072875977 -0.32844308018684387 0.37774360179901123
v -1.5890083312988281 -0.322996586561203 0.3066096901893616
v -1.6012659072875977 -0.32844308018684387 0.37774360179901123
v -1.5526145696640015 -0.3840782940387726 0.3119121491909027
v -1.5623779296875 -0.3939989507198334 0.377743661403656
v -1.5623779296875 -0.3939989507198334 0.377743661403656
v -1.5890083312988281 -0.3229966163635254 0.44887635111808777
v -1.6012659072875977 -0.32844308018684387 0.37774360179901123
v -1.5890083312988281 -0.3229966163635254 0.44887635111808777
v -1.5623779296875 -0.3939989507198334 0.377743661403656
v -1.5526145696640015 -0.38407832384109497 0.44357389211654663
v -1.5526145696640015 -0.38407832384109497 0.44357389211654663
v -1.5526145696640015 -0.31754833459854126 0.5082695484161377
v -1.5890083312988281 -0.3229966163635254 0.44887635111808777
v -1.5623779296875 -0.24985285103321075 0.5179181098937988
v -1.5890083312988281 -0.3229966163635254 0.44887635111808777
v -1.5526145696640015 -0.31754833459854126 0.5082695484161377
v -1.5890083312988281 -0.3229966163635254 0.44887635111808777
v -1.5623779296875 -0.24985285103321075 0.5179181098937988
v -1.6012659072875977 -0.24985285103321075 0.4541788101196289
v -1.5526145696640015 -0.1821560114622116 0.5082694292068481
v -1.6012659072875977 -0.24985285103321075 0.4541788101196289
v -1.5623779296875 -0.24985285103321075 0.5179181098937988
v -1.6012659072875977 -0.24985285103321075 0.4541788101196289
v -1.5526145696640015 -0.1821560114622116 0.5082694292068481
v -1.5890083312988281 -0.17670953273773193 0.4488763213157654
v -1.5328277349472046 -0.13572870194911957 0.4887356758117676
v -1.5890083312988281 -0.17670953273773193 0.4488763213157654
v -1.5526145696640015 -0.1821560114622116 0.5082694292068481
v -1.5890083312988281 -0.17670953273773193 0.4488763213157654
v -1.5328277349472046 -0.13572870194911957 0.4887356758117676
v -1.5526145696640015 -0.11562737077474594 0.4435737729072571
v -1.5526145696640015 -0.11562737077474594 0.4435737729072571
v -1.6012659072875977 -0.17126259207725525 0.37774351239204407
v -1.5890083312988281 -0.17670953273773193 0.4488763213157654
v -1.6012659072875977 -0.17126259207725525 0.37774351239204407
v -1.5526145696640015 -0.11562737077474594 0.4435737729072571
v -1.5623779296875 -0.10570625215768814 0.37774351239204407
v -1.5623779296875 -0.10570625215768814 0.37774351239204407
v -1.5890083312988281 -0.17670950293540955 0.3066096007823944
v -1.6012659072875977 -0.17126259207725525 0.37774351239204407
v -1.5890083312988281 -0.17670950293540955 0.3066096007823944
v -1.5623779296875 -0.10570625215768814 0.37774351239204407
v -1.5526145696640015 -0.11562735587358475 0.3119119703769684
v -1.5526145696640015 -0.11562735587358475 0.3119119703769684
v -1.5526145696640015 -0.18215596675872803 0.2471998780965805
v -1.5890083312988281 -0.17670950293540955 0.3066096007823944
v -1.5526145696640015 -0.18215596675872803 0.2471998780965805
v -1.5526145696640015 -0.11562735587358475 0.3119119703769684
v -1.5328277349472046 -0.135728657245636 0.26675015687942505
v -1.6142913103103638 -0.24985283613204956 0.37774360179901123
v -1.5890083312988281 -0.17670953273773193 0.4488763213157654
v -1.6012659072875977 -0.17126259207725525 0.37774351239204407
v -1.5890083312988281 -0.17670953273773193 0.4488763213157654
v -1.6142913103103638 -0.24985283613204956 0.37774360179901123
v -1.6012659072875977 -0.24985285103321075 0.4541788101196289
v -1.6012659072875977 -0.32844308018684387 0.37774360179901123
v -1.6012659072875977 -0.24985285103321075 0.4541788101196289
v -1.6142913103103638 -0.24985283613204956 0.37774360179901123
v -1.6012659072875977 -0.24985285103321075 0.4541788101196289
v -1.6012659072875977 -0.32844308018684387 0.37774360179901123
v -1.5890083312988281 -0.3229966163635254 0.44887635111808777
v -1.6142913103103638 -0.24985283613204956 0.37774360179901123
v -1.5890083312988281 -0.322996586561203 0.3066096901893616
v -1.6012659072875977 -0.32844308018684387 0.37774360179901123
v -1.5890083312988281 -0.322996586561203 0.3066096901893616
v -1.6142913103103638 -0.24985283613204956 0.37774360179901123
v -1.6012659072875977 -0.24985282123088837 0.30130714178085327
v -1.6012659072875977 -0.17126259207725525 0.37774351239204407
v -1.6012659072875977 -0.24985282123088837 0.30130714178085327
v -1.6142913103103638 -0.24985283613204956 0.37774360179901123
v -1.6012659072875977 -0.24985282123088837 0.30130714178085327
v -1.6012659072875977 -0.17126259207725525 0.37774351239204407
v -1.5890083312988281 -0.17670950293540955 0.3066096007823944
v -1.5890083312988281 -0.17670950293540955 0.3066096007823944
v -1.5623779296875 -0.24985280632972717 0.23756776750087738
v -1.6012659072875977 -0.24985282123088837 0.30130714178085327
v -1.5623779296875 -0.24985280632972717 0.23756776750087738
v -1.5890083312988281 -0.17670950293540955 0.3066096007823944
v -1.5526145696640015 -0.18215596675872803 0.2471998780965805
v -1.3080941438674927 -0.3639768660068512 -0.26675140857696533
v -1.2519136667251587 -0.3229955732822418 -0.3066107928752899
v -1.288307547569275 -0.31754910945892334 -0.24719998240470886
v -1.2519136667251587 -0.3229955732822418 -0.3066107928752899
v -1.3080941438674927 -0.3639768660068512 -0.26675140857696533
v -1.288307547569275 -0.38407865166664124 -0.31189554929733276
v -1.288307547569275 -0.38407865166664124 -0.31189554929733276
v -1.2396563291549683 -0.32844340801239014 -0.37774360179901123
v -1.2519136667251587 -0.3229955732822418 -0.3066107928752899
v -1.2396563291549683 -0.32844340801239014 -0.37774360179901123
v -1.288307547569275 -0.38407865166664124 -0.31189554929733276
v -1.278544306755066 -0.39399927854537964 -0.37774357199668884
v -1.2519136667251587 -0.32299691438674927 -0.4488598108291626
v -1.278544306755066 -0.39399927854537964 -0.37774357199668884
v -1.288307547569275 -0.38407862186431885 -0.44357502460479736
v -1.278544306755066 -0.39399927854537964 -0.37774357199668884
v -1.2519136667251587 -0.32299691438674927 -0.4488598108291626
v -1.2396563291549683 -0.32844340801239014 -0.37774360179901123
v -1.2396563291549683 -0.24985361099243164 -0.45416224002838135
v -1.2396563291549683 -0.32844340801239014 -0.37774360179901123
v -1.2519136667251587 -0.32299691438674927 -0.4488598108291626
v -1.2396563291549683 -0.32844340801239014 -0.37774360179901123
v -1.2396563291549683 -0.24985361099243164 -0.45416224002838135
v -1.2266426086425781 -0.24985362589359283 -0.37774360179901123
v -1.2266426086425781 -0.24985362589359283 -0.37774360179901123
v -1.2519136667251587 -0.3229955732822418 -0.3066107928752899
v -1.2396563291549683 -0.32844340801239014 -0.37774360179901123
v -1.2519136667251587 -0.3229955732822418 -0.3066107928752899
v -1.2266426086425781 -0.24985362589359283 -0.37774360179901123
v -1.2396563291549683 -0.24985364079475403 -0.30130839347839355
v -1.2396563291549683 -0.24985364079475403 -0.30130839347839355
v -1.288307547569275 -0.31754910945892334 -0.24719998240470886
v -1.2519136667251587 -0.3229955732822418 -0.3066107928752899
v -1.288307547569275 -0.31754910945892334 -0.24719998240470886
v -1.2396563291549683 -0.24985364079475403 -0.30130839347839355
v -1.278544306755066 -0.24985364079475403 -0.23755131661891937
v -1.288307547569275 -0.18215635418891907 -0.24720001220703125
v -1.288307547569275 -0.1156277060508728 -0.31189560890197754
v -1.3080941438674927 -0.13572858273983002 -0.2667514979839325
v -1.288307547569275 -0.1156277060508728 -0.31189560890197754
v -1.288307547569275 -0.18215635418891907 -0.24720001220703125
v -1.2519136667251587 -0.1767098605632782 -0.3066108822822571
v -1.278544306755066 -0.24985364079475403 -0.23755131661891937
v -1.2519136667251587 -0.1767098605632782 -0.3066108822822571
v -1.288307547569275 -0.18215635418891907 -0.24720001220703125
v -1.2519136667251587 -0.1767098605632782 -0.3066108822822571
v -1.278544306755066 -0.24985364079475403 -0.23755131661891937
v -1.2396563291549683 -0.24985364079475403 -0.30130839347839355
v -1.2396563291549683 -0.24985364079475403 -0.30130839347839355
v -1.2396563291549683 -0.1712629199028015 -0.3777436316013336
v -1.2519136667251587 -0.1767098605632782 -0.3066108822822571
v -1.2396563291549683 -0.1712629199028015 -0.3777436316013336
v -1.2396563291549683 -0.24985364079475403 -0.30130839347839355
v -1.2266426086425781 -0.24985362589359283 -0.37774360179901123
v -1.2266426086425781 -0.24985362589359283 -0.37774360179901123
v -1.2519136667251587 -0.176709845662117 -0.44885993003845215
v -1.2396563291549683 -0.1712629199028015 -0.3777436316013336
v -1.2519136667251587 -0.176709845662117 -0.44885993003845215
v -1.2266426086425781 -0.24985362589359283 -0.37774360179901123
v -1.2396563291549683 -0.24985361099243164 -0.45416224002838135
v -1.2396563291549683 -0.24985361099243164 -0.45416224002838135
v -1.288307547569275 -0.18215630948543549 -0.5082695484161377
v -1.2519136667251587 -0.176709845662117 -0.44885993003845215
v -1.288307547569275 -0.18215630948543549 -0.5082695484161377
v -1.2396563291549683 -0.24985361099243164 -0.45416224002838135
v -1.278544306755066 -0.24985359609127045 -0.5179194211959839
v -1.2519136667251587 -0.32299691438674927 -0.4488598108291626
v -1.278544306755066 -0.24985359609127045 -0.5179194211959839
v -1.2396563291549683 -0.24985361099243164 -0.45416224002838135
v -1.278544306755066 -0.24985359609127045 -0.5179194211959839
v -1.2519136667251587 -0.32299691438674927 -0.4488598108291626
v -1.288307547569275 -0.31754907965660095 -0.5082695484161377
v -1.288307547569275 -0.38407862186431885 -0.44357502460479736
v -1.288307547569275 -0.31754907965660095 -0.5082695484161377
v -1.2519136667251587 -0.32299691438674927 -0.4488598108291626
v -1.288307547569275 -0.31754907965660095 -0.5082695484161377
v -1.288307547569275 -0.38407862186431885 -0.44357502460479736
v -1.3080941438674927 -0.3639768362045288 -0.4887191653251648
v -1.3080941438674927 -0.13572853803634644 -0.48871928453445435
v -1.2519136667251587 -0.176709845662117 -0.44885993003845215
v -1.288307547569275 -0.18215630948543549 -0.5082695484161377
v -1.2519136667251587 -0.176709845662117 -0.44885993003845215
v -1.3080941438674927 -0.13572853803634644 -0.48871928453445435
v -1.288307547569275 -0.11562768369913101 -0.4435751438140869
v -1.288307547569275 -0.11562768369913101 -0.4435751438140869
v -1.2396563291549683 -0.1712629199028015 -0.3777436316013336
v -1.2519136667251587 -0.176709845662117 -0.44885993003845215
v -1.2396563291549683 -0.1712629199028015 -0.3777436316013336
v -1.288307547569275 -0.11562768369913101 -0.4435751438140869
v -1.278544306755066 -0.105706587433815 -0.3777436912059784
v -1.278544306755066 -0.105706587433815 -0.3777436912059784
v -1.2519136667251587 -0.1767098605632782 -0.3066108822822571
v -1.2396563291549683 -0.1712629199028015 -0.3777436316013336
v -1.2519136667251587 -0.1767098605632782 -0.3066108822822571
v -1.278544306755066 -0.105706587433815 -0.3777436912059784
v -1.288307547569275 -0.1156277060508728 -0.31189560890197754
v -1.353813886642456 -0.11562738567590714 0.5082694292068481
v -1.288307547569275 -0.1821560114622116 0.5082694292068481
v -1.3080941438674927 -0.13572824001312256 0.4887356758117676
v -1.4204671382904053 -0.10570627450942993 0.5179181098937988
v -1.3484477996826172 -0.17670954763889313 0.5442140102386475
v -1.353813886642456 -0.11562738567590714 0.5082694292068481
v -1.288307547569275 -0.1821560114622116 0.5082694292068481
v -1.353813886642456 -0.11562738567590714 0.5082694292068481
v -1.3484477996826172 -0.17670954763889313 0.5442140102386475
v -1.3484477996826172 -0.17670954763889313 0.5442140102386475
v -1.278544306755066 -0.24985285103321075 0.5179181098937988
v -1.288307547569275 -0.1821560114622116 0.5082694292068481
v -1.4871081113815308 -0.11562738567590714 0.5082694292068481
v -1.4204671382904053 -0.17126262187957764 0.5563342571258545
v -1.4204671382904053 -0.10570627450942993 0.5179181098937988
v -1.3484477996826172 -0.17670954763889313 0.5442140102386475
v -1.4204671382904053 -0.10570627450942993 0.5179181098937988
v -1.4204671382904053 -0.17126262187957764 0.5563342571258545
v -1.4204671382904053 -0.17126262187957764 0.5563342571258545
v -1.3430814743041992 -0.24985286593437195 0.5563342571258545
v -1.3484477996826172 -0.17670954763889313 0.5442140102386475
v -1.278544306755066 -0.24985285103321075 0.5179181098937988
v -1.3484477996826172 -0.17670954763889313 0.5442140102386475
v -1.3430814743041992 -0.24985286593437195 0.5563342571258545
v -1.3430814743041992 -0.24985286593437195 0.5563342571258545
v -1.288307547569275 -0.31754833459854126 0.5082695484161377
v -1.278544306755066 -0.24985285103321075 0.5179181098937988
v -1.353813886642456 -0.38407832384109497 0.5082695484161377
v -1.4204671382904053 -0.32844310998916626 0.556334376335144
v -1.4204671382904053 -0.39399898052215576 0.5179182291030884
v -1.4204671382904053 -0.32844310998916626 0.556334376335144
v -1.353813886642456 -0.38407832384109497 0.5082695484161377
v -1.3484477996826172 -0.32299479842185974 0.544214129447937
v -1.3080941438674927 -0.3639760911464691 0.4887358248233795
v -1.3484477996826172 -0.32299479842185974 0.544214129447937
v -1.353813886642456 -0.38407832384109497 0.5082695484161377
v -1.3484477996826172 -0.32299479842185974 0.544214129447937
v -1.3080941438674927 -0.3639760911464691 0.4887358248233795
v -1.288307547569275 -0.31754833459854126 0.5082695484161377
v -1.288307547569275 -0.31754833459854126 0.5082695484161377
v -1.3430814743041992 -0.24985286593437195 0.5563342571258545
v -1.3484477996826172 -0.32299479842185974 0.544214129447937
v -1.4204671382904053 -0.24985286593437195 0.5691945552825928
v -1.3484477996826172 -0.32299479842185974 0.544214129447937
v -1.3430814743041992 -0.24985286593437195 0.5563342571258545
v -1.3430814743041992 -0.24985286593437195 0.5563342571258545
v -1.4204671382904053 -0.17126262187957764 0.5563342571258545
v -1.4204671382904053 -0.24985286593437195 0.5691945552825928
v -1.4924744367599487 -0.17670954763889313 0.5442140102386475
v -1.4204671382904053 -0.24985286593437195 0.5691945552825928
v -1.4204671382904053 -0.17126262187957764 0.5563342571258545
v -1.4204671382904053 -0.17126262187957764 0.5563342571258545
v -1.4871081113815308 -0.11562738567590714 0.5082694292068481
v -1.4924744367599487 -0.17670954763889313 0.5442140102386475
v -1.5328277349472046 -0.13572870194911957 0.4887356758117676
v -1.4924744367599487 -0.17670954763889313 0.5442140102386475
v -1.4871081113815308 -0.11562738567590714 0.5082694292068481
v -1.4924744367599487 -0.17670954763889313 0.5442140102386475
v -1.5328277349472046 -0.13572870194911957 0.4887356758117676
v -1.5526145696640015 -0.1821560114622116 0.5082694292068481
v -1.5526145696640015 -0.1821560114622116 0.5082694292068481
v -1.4978406429290771 -0.24985286593437195 0.5563342571258545
v -1.4924744367599487 -0.17670954763889313 0.5442140102386475
v -1.4978406429290771 -0.24985286593437195 0.5563342571258545
v -1.5526145696640015 -0.1821560114622116 0.5082694292068481
v -1.5623779296875 -0.24985285103321075 0.5179181098937988
v -1.5623779296875 -0.24985285103321075 0.5179181098937988
v -1.4924744367599487 -0.32299479842185974 0.544214129447937
v -1.4978406429290771 -0.24985286593437195 0.5563342571258545
v -1.4924744367599487 -0.32299479842185974 0.544214129447937
v -1.5623779296875 -0.24985285103321075 0.5179181098937988
v -1.5526145696640015 -0.31754833459854126 0.5082695484161377
v -1.5526145696640015 -0.31754833459854126 0.5082695484161377
v -1.4871081113815308 -0.38407832384109497 0.5082695484161377
v -1.4924744367599487 -0.32299479842185974 0.544214129447937
v -1.4871081113815308 -0.38407832384109497 0.5082695484161377
v -1.5526145696640015 -0.31754833459854126 0.5082695484161377
v -1.5328277349472046 -0.3639760911464691 0.4887358248233795
v -1.3484477996826172 -0.32299479842185974 0.544214129447937
v -1.4204671382904053 -0.24985286593437195 0.5691945552825928
v -1.4204671382904053 -0.32844310998916626 0.556334376335144
v -1.4978406429290771 -0.24985286593437195 0.5563342571258545
v -1.4204671382904053 -0.32844310998916626 0.556334376335144
v -1.4204671382904053 -0.24985286593437195 0.5691945552825928
v -1.4204671382904053 -0.24985286593437195 0.5691945552825928
v -1.4924744367599487 -0.17670954763889313 0.5442140102386475
v -1.4978406429290771 -0.24985286593437195 0.5563342571258545
v -1.4204671382904053 -0.32844310998916626 0.556334376335144
v -1.4978406429290771 -0.24985286593437195 0.5563342571258545
v -1.4924744367599487 -0.32299479842185974 0.544214129447937
v -1.4924744367599487 -0.32299479842185974 0.544214129447937
v -1.4204671382904053 -0.39399898052215576 0.5179182291030884
v -1.4204671382904053 -0.32844310998916626 0.556334376335144
v -1.4204671382904053 -0.39399898052215576 0.5179182291030884
v -1.4924744367599487 -0.32299479842185974 0.544214129447937
v -1.4871081113815308 -0.38407832384109497 0.5082695484161377
v -1.4204671382904053 -0.43348872661590576 -0.45416221022605896
v -1.4978406429290771 -0.43348872661590576 -0.37774357199668884
v -1.4924744367599487 -0.4210389256477356 -0.4488597512245178
v -1.4924744367599487 -0.4210389256477356 -0.4488597512245178
v -1.4204671382904053 -0.39399927854537964 -0.5179193019866943
v -1.4204671382904053 -0.43348872661590576 -0.45416221022605896
v -1.353813886642456 -0.38407862186431885 -0.5082694292068481
v -1.4204671382904053 -0.43348872661590576 -0.45416221022605896
v -1.4204671382904053 -0.39399927854537964 -0.5179193019866943
v -1.4204671382904053 -0.39399927854537964 -0.5179193019866943
v -1.4924744367599487 -0.4210389256477356 -0.4488597512245178
v -1.4871081113815308 -0.38407862186431885 -0.5082694292068481
v -1.3080941438674927 -0.3639768362045288 -0.4887191653251648
v -1.3484477996826172 -0.4210389256477356 -0.4488597512245178
v -1.353813886642456 -0.38407862186431885 -0.5082694292068481
v -1.4204671382904053 -0.43348872661590576 -0.45416221022605896
v -1.353813886642456 -0.38407862186431885 -0.5082694292068481
v -1.3484477996826172 -0.4210389256477356 -0.4488597512245178
v -1.3484477996826172 -0.4210389256477356 -0.4488597512245178
v -1.4204671382904053 -0.4467167258262634 -0.37774357199668884
v -1.4204671382904053 -0.43348872661590576 -0.45416221022605896
v -1.4978406429290771 -0.43348872661590576 -0.37774357199668884
v -1.4204671382904053 -0.43348872661590576 -0.45416221022605896
v -1.4204671382904053 -0.4467167258262634 -0.37774357199668884
v -1.4204671382904053 -0.4467167258262634 -0.37774357199668884
v -1.4924744367599487 -0.421038955450058 -0.30661076307296753
v -1.4978406429290771 -0.43348872661590576 -0.37774357199668884
v -1.4871081113815308 -0.38407862186431885 -0.5082694292068481
v -1.5526145696640015 -0.38407862186431885 -0.44357502460479736
v -1.5328277349472046 -0.3639768362045288 -0.4887191653251648
v -1.5526145696640015 -0.38407862186431885 -0.44357502460479736
v -1.4871081113815308 -0.38407862186431885 -0.5082694292068481
v -1.4924744367599487 -0.4210389256477356 -0.4488597512245178
v -1.4924744367599487 -0.4210389256477356 -0.4488597512245178
v -1.5623779296875 -0.39399927854537964 -0.37774357199668884
v -1.5526145696640015 -0.38407862186431885 -0.44357502460479736
v -1.5623779296875 -0.39399927854537964 -0.37774357199668884
v -1.4924744367599487 -0.4210389256477356 -0.4488597512245178
v -1.4978406429290771 -0.43348872661590576 -0.37774357199668884
v -1.4978406429290771 -0.43348872661590576 -0.37774357199668884
v -1.5526145696640015 -0.38407865166664124 -0.31189554929733276
v -1.5623779296875 -0.39399927854537964 -0.37774357199668884
v -1.5526145696640015 -0.38407865166664124 -0.31189554929733276
v -1.4978406429290771 -0.43348872661590576 -0.37774357199668884
v -1.4924744367599487 -0.421038955450058 -0.30661076307296753
v -1.4924744367599487 -0.421038955450058 -0.30661076307296753
v -1.5328277349472046 -0.3639768660068512 -0.26675140857696533
v -1.5526145696640015 -0.38407865166664124 -0.31189554929733276
v -1.5328277349472046 -0.3639768660068512 -0.26675140857696533
v -1.4924744367599487 -0.421038955450058 -0.30661076307296753
v -1.4871081113815308 -0.38407865166664124 -0.24719995260238647
v -1.4204671382904053 -0.43348875641822815 -0.3013083040714264
v -1.4871081113815308 -0.38407865166664124 -0.24719995260238647
v -1.4924744367599487 -0.421038955450058 -0.30661076307296753
v -1.4924744367599487 -0.421038955450058 -0.30661076307296753
v -1.4204671382904053 -0.4467167258262634 -0.37774357199668884
v -1.4204671382904053 -0.43348875641822815 -0.3013083040714264
v -1.3430814743041992 -0.43348872661590576 -0.37774357199668884
v -1.4204671382904053 -0.43348875641822815 -0.3013083040714264
v -1.4204671382904053 -0.4467167258262634 -0.37774357199668884
v -1.4204671382904053 -0.4467167258262634 -0.37774357199668884
v -1.3484477996826172 -0.4210389256477356 -0.4488597512245178
v -1.3430814743041992 -0.43348872661590576 -0.37774357199668884
v -1.288307547569275 -0.38407862186431885 -0.44357502460479736
v -1.3430814743041992 -0.43348872661590576 -0.37774357199668884
v -1.3484477996826172 -0.4210389256477356 -0.4488597512245178
v -1.3484477996826172 -0.4210389256477356 -0.4488597512245178
v -1.3080941438674927 -0.3639768362045288 -0.4887191653251648
v -1.288307547569275 -0.38407862186431885 -0.44357502460479736
v -1.4871081113815308 -0.38407865166664124 -0.24719995260238647
v -1.4204671382904053 -0.43348875641822815 -0.3013083040714264
v -1.4204671382904053 -0.393999308347702 -0.23755119740962982
v -1.3484477996826172 -0.421038955450058 -0.30661076307296753
v -1.4204671382904053 -0.393999308347702 -0.23755119740962982
v -1.4204671382904053 -0.43348875641822815 -0.3013083040714264
v -1.4204671382904053 -0.43348875641822815 -0.3013083040714264
v -1.3430814743041992 -0.43348872661590576 -0.37774357199668884
v -1.3484477996826172 -0.421038955450058 -0.30661076307296753
v -1.278544306755066 -0.39399927854537964 -0.37774357199668884
v -1.3484477996826172 -0.421038955450058 -0.30661076307296753
v -1.3430814743041992 -0.43348872661590576 -0.37774357199668884
v -1.3430814743041992 -0.43348872661590576 -0.37774357199668884
v -1.288307547569275 -0.38407862186431885 -0.44357502460479736
v -1.278544306755066 -0.39399927854537964 -0.37774357199668884
v -1.4204671382904053 -0.393999308347702 -0.23755119740962982
v -1.3484477996826172 -0.421038955450058 -0.30661076307296753
v -1.353813886642456 -0.38407865166664124 -0.24719995260238647
v -1.288307547569275 -0.38407865166664124 -0.31189554929733276
v -1.353813886642456 -0.38407865166664124 -0.24719995260238647
v -1.3484477996826172 -0.421038955450058 -0.30661076307296753
v -1.3484477996826172 -0.421038955450058 -0.30661076307296753
v -1.278544306755066 -0.39399927854537964 -0.37774357199668884
v -1.288307547569275 -0.38407865166664124 -0.31189554929733276
v -1.353813886642456 -0.38407865166664124 -0.24719995260238647
v -1.288307547569275 -0.38407865166664124 -0.31189554929733276
v -1.3080941438674927 -0.3639768660068512 -0.26675140857696533
v -1.4924744367599487 -0.1767098307609558 -0.5442154407501221
v -1.4204671382904053 -0.24985359609127045 -0.5691945552825928
v -1.4978406429290771 -0.24985359609127045 -0.5563178062438965
v -1.4204671382904053 -0.32844337821006775 -0.5563178062438965
v -1.4978406429290771 -0.24985359609127045 -0.5563178062438965
v -1.4204671382904053 -0.24985359609127045 -0.5691945552825928
v -1.4978406429290771 -0.24985359609127045 -0.5563178062438965
v -1.4204671382904053 -0.32844337821006775 -0.5563178062438965
v -1.4924744367599487 -0.32299691438674927 -0.5442154407501221
v -1.4204671382904053 -0.24985359609127045 -0.5691945552825928
v -1.3484477996826172 -0.32299691438674927 -0.5442154407501221
v -1.4204671382904053 -0.32844337821006775 -0.5563178062438965
v -1.3484477996826172 -0.32299691438674927 -0.5442154407501221
v -1.4204671382904053 -0.24985359609127045 -0.5691945552825928
v -1.3430814743041992 -0.24985359609127045 -0.5563178062438965
v -1.4204671382904053 -0.17126289010047913 -0.5563178062438965
v -1.3430814743041992 -0.24985359609127045 -0.5563178062438965
v -1.4204671382904053 -0.24985359609127045 -0.5691945552825928
v -1.4204671382904053 -0.24985359609127045 -0.5691945552825928
v -1.4924744367599487 -0.1767098307609558 -0.5442154407501221
v -1.4204671382904053 -0.17126289010047913 -0.5563178062438965
v -1.4871081113815308 -0.11562767624855042 -0.5082696676254272
v -1.4204671382904053 -0.17126289010047913 -0.5563178062438965
v -1.4924744367599487 -0.1767098307609558 -0.5442154407501221
v -1.4924744367599487 -0.1767098307609558 -0.5442154407501221
v -1.5328277349472046 -0.13572899997234344 -0.48871928453445435
v -1.4871081113815308 -0.11562767624855042 -0.5082696676254272
v -1.5328277349472046 -0.13572899997234344 -0.48871928453445435
v -1.4924744367599487 -0.1767098307609558 -0.5442154407501221
v -1.5526145696640015 -0.18215630948543549 -0.5082695484161377
v -1.4978406429290771 -0.24985359609127045 -0.5563178062438965
v -1.5526145696640015 -0.18215630948543549 -0.5082695484161377
v -1.4924744367599487 -0.1767098307609558 -0.5442154407501221
v -1.5526145696640015 -0.18215630948543549 -0.5082695484161377
v -1.4978406429290771 -0.24985359609127045 -0.5563178062438965
v -1.5623779296875 -0.24985359609127045 -0.5179194211959839
v -1.4924744367599487 -0.32299691438674927 -0.5442154407501221
v -1.5623779296875 -0.24985359609127045 -0.5179194211959839
v -1.4978406429290771 -0.24985359609127045 -0.5563178062438965
v -1.5623779296875 -0.24985359609127045 -0.5179194211959839
v -1.4924744367599487 -0.32299691438674927 -0.5442154407501221
v -1.5526145696640015 -0.31754907965660095 -0.5082695484161377
v -1.3430814743041992 -0.24985359609127045 -0.5563178062438965
v -1.4204671382904053 -0.17126289010047913 -0.5563178062438965
v -1.3484477996826172 -0.1767098307609558 -0.5442154407501221
v -1.4204671382904053 -0.10570656508207321 -0.5179194211959839
v -1.3484477996826172 -0.1767098307609558 -0.5442154407501221
v -1.4204671382904053 -0.17126289010047913 -0.5563178062438965
v -1.4204671382904053 -0.17126289010047913 -0.5563178062438965
v -1.4871081113815308 -0.11562767624855042 -0.5082696676254272
v -1.4204671382904053 -0.10570656508207321 -0.5179194211959839
v -1.3484477996826172 -0.1767098307609558 -0.5442154407501221
v -1.4204671382904053 -0.10570656508207321 -0.5179194211959839
v -1.353813886642456 -0.11562767624855042 -0.5082696676254272
v -1.5526145696640015 -0.31754907965660095 -0.5082695484161377
v -1.4871081113815308 -0.38407862186431885 -0.5082694292068481
v -1.5328277349472046 -0.3639768362045288 -0.4887191653251648
v -1.4871081113815308 -0.38407862186431885 -0.5082694292068481
v -1.5526145696640015 -0.31754907965660095 -0.5082695484161377
v -1.4924744367599487 -0.32299691438674927 -0.5442154407501221
v -1.4924744367599487 -0.32299691438674927 -0.5442154407501221
v -1.4204671382904053 -0.39399927854537964 -0.5179193019866943
v -1.4871081113815308 -0.38407862186431885 -0.5082694292068481
v -1.4204671382904053 -0.39399927854537964 -0.5179193019866943
v -1.4924744367599487 -0.32299691438674927 -0.5442154407501221
v -1.4204671382904053 -0.32844337821006775 -0.5563178062438965
v -1.4204671382904053 -0.32844337821006775 -0.5563178062438965
v -1.353813886642456 -0.38407862186431885 -0.5082694292068481
v -1.4204671382904053 -0.39399927854537964 -0.5179193019866943
v -1.353813886642456 -0.38407862186431885 -0.5082694292068481
v -1.4204671382904053 -0.32844337821006775 -0.5563178062438965
v -1.3484477996826172 -0.32299691438674927 -0.5442154407501221
v -1.3484477996826172 -0.32299691438674927 -0.5442154407501221
v -1.3080941438674927 -0.3639768362045288 -0.4887191653251648
v -1.353813886642456 -0.38407862186431885 -0.5082694292068481
v -1.3080941438674927 -0.3639768362045288 -0.4887191653251648
v -1.3484477996826172 -0.32299691438674927 -0.5442154407501221
v -1.288307547569275 -0.31754907965660095 -0.5082695484161377
v -1.3430814743041992 -0.24985359609127045 -0.5563178062438965
v -1.288307547569275 -0.31754907965660095 -0.5082695484161377
v -1.3484477996826172 -0.32299691438674927 -0.5442154407501221
v -1.288307547569275 -0.31754907965660095 -0.5082695484161377
v -1.3430814743041992 -0.24985359609127045 -0.5563178062438965
v -1.278544306755066 -0.24985359609127045 -0.5179194211959839
v -1.3484477996826172 -0.1767098307609558 -0.5442154407501221
v -1.278544306755066 -0.24985359609127045 -0.5179194211959839
v -1.3430814743041992 -0.24985359609127045 -0.5563178062438965
v -1.278544306755066 -0.24985359609127045 -0.5179194211959839
v -1.3484477996826172 -0.1767098307609558 -0.5442154407501221
v -1.288307547569275 -0.18215630948543549 -0.5082695484161377
v -1.353813886642456 -0.11562767624855042 -0.5082696676254272
v -1.288307547569275 -0.18215630948543549 -0.5082695484161377
v -1.3484477996826172 -0.1767098307609558 -0.5442154407501221
v -1.288307547569275 -0.18215630948543549 -0.5082695484161377
v -1.353813886642456 -0.11562767624855042 -0.5082696676254272
v -1.3080941438674927 -0.13572853803634644 -0.48871928453445435
v -1.5526145696640015 -0.3175482749938965 0.24719996750354767
v -1.4871081113815308 -0.3840782940387726 0.24719996750354767
v -1.5328277349472046 -0.36397606134414673 0.2667502462863922
v -1.5623779296875 -0.24985280632972717 0.23756776750087738
v -1.4924744367599487 -0.322996586561203 0.21127185225486755
v -1.5526145696640015 -0.3175482749938965 0.24719996750354767
v -1.4871081113815308 -0.3840782940387726 0.24719996750354767
v -1.5526145696640015 -0.3175482749938965 0.24719996750354767
v -1.4924744367599487 -0.322996586561203 0.21127185225486755
v -1.4924744367599487 -0.322996586561203 0.21127185225486755
v -1.4204671382904053 -0.393998920917511 0.23756787180900574
v -1.4871081113815308 -0.3840782940387726 0.24719996750354767
v -1.5526145696640015 -0.18215596675872803 0.2471998780965805
v -1.4978406429290771 -0.24985326826572418 0.19915162026882172
v -1.5623779296875 -0.24985280632972717 0.23756776750087738
v -1.4924744367599487 -0.322996586561203 0.21127185225486755
v -1.5623779296875 -0.24985280632972717 0.23756776750087738
v -1.4978406429290771 -0.24985326826572418 0.19915162026882172
v -1.4978406429290771 -0.24985326826572418 0.19915162026882172
v -1.4204671382904053 -0.3284430503845215 0.1991516798734665
v -1.4924744367599487 -0.322996586561203 0.21127185225486755
v -1.4204671382904053 -0.393998920917511 0.23756787180900574
v -1.4924744367599487 -0.322996586561203 0.21127185225486755
v -1.4204671382904053 -0.3284430503845215 0.1991516798734665
v -1.4204671382904053 -0.3284430503845215 0.1991516798734665
v -1.353813886642456 -0.3840782940387726 0.24719996750354767
v -1.4204671382904053 -0.393998920917511 0.23756787180900574
v -1.288307547569275 -0.18215596675872803 0.2471998780965805
v -1.353813886642456 -0.11562734097242355 0.24719983339309692
v -1.3080941438674927 -0.13572821021080017 0.26675015687942505
v -1.353813886642456 -0.11562734097242355 0.24719983339309692
v -1.288307547569275 -0.18215596675872803 0.2471998780965805
v -1.3484477996826172 -0.17670994997024536 0.21127180755138397
v -1.3484477996826172 -0.17670994997024536 0.21127180755138397
v -1.4204671382904053 -0.10570622980594635 0.2375677227973938
v -1.353813886642456 -0.11562734097242355 0.24719983339309692
v -1.4204671382904053 -0.10570622980594635 0.2375677227973938
v -1.3484477996826172 -0.17670994997024536 0.21127180755138397
v -1.4204671382904053 -0.17126302421092987 0.19915157556533813
v -1.4204671382904053 -0.17126302421092987 0.19915157556533813
v -1.4871081113815308 -0.11562734097242355 0.24719983339309692
v -1.4204671382904053 -0.10570622980594635 0.2375677227973938
v -1.4871081113815308 -0.11562734097242355 0.24719983339309692
v -1.4204671382904053 -0.17126302421092987 0.19915157556533813
v -1.4924744367599487 -0.17670994997024536 0.21127180755138397
v -1.4924744367599487 -0.17670994997024536 0.21127180755138397
v -1.5328277349472046 -0.135728657245636 0.26675015687942505
v -1.4871081113815308 -0.11562734097242355 0.24719983339309692
v -1.5328277349472046 -0.135728657245636 0.26675015687942505
v -1.4924744367599487 -0.17670994997024536 0.21127180755138397
v -1.5526145696640015 -0.18215596675872803 0.2471998780965805
v -1.4978406429290771 -0.24985326826572418 0.19915162026882172
v -1.5526145696640015 -0.18215596675872803 0.2471998780965805
v -1.4924744367599487 -0.17670994997024536 0.21127180755138397
v -1.4924744367599487 -0.17670994997024536 0.21127180755138397
v -1.4204671382904053 -0.249853253364563 0.18629266321659088
v -1.4978406429290771 -0.24985326826572418 0.19915162026882172
v -1.4204671382904053 -0.3284430503845215 0.1991516798734665
v -1.4978406429290771 -0.24985326826572418 0.19915162026882172
v -1.4204671382904053 -0.249853253364563 0.18629266321659088
v -1.4204671382904053 -0.249853253364563 0.18629266321659088
v -1.3484477996826172 -0.322996586561203 0.21127185225486755
v -1.4204671382904053 -0.3284430503845215 0.1991516798734665
v -1.353813886642456 -0.3840782940387726 0.24719996750354767
v -1.4204671382904053 -0.3284430503845215 0.1991516798734665
v -1.3484477996826172 -0.322996586561203 0.21127185225486755
v -1.3484477996826172 -0.322996586561203 0.21127185225486755
v -1.3080941438674927 -0.36397606134414673 0.2667502462863922
v -1.353813886642456 -0.3840782940387726 0.24719996750354767
v -1.3080941438674927 -0.36397606134414673 0.2667502462863922
v -1.3484477996826172 -0.322996586561203 0.21127185225486755
v -1.288307547569275 -0.3175482749938965 0.24719996750354767
v -1.3430814743041992 -0.24985326826572418 0.19915162026882172
v -1.288307547569275 -0.3175482749938965 0.24719996750354767
v -1.3484477996826172 -0.322996586561203 0.21127185225486755
v -1.3484477996826172 -0.322996586561203 0.21127185225486755
v -1.4204671382904053 -0.249853253364563 0.18629266321659088
v -1.3430814743041992 -0.24985326826572418 0.19915162026882172
v -1.4204671382904053 -0.17126302421092987 0.19915157556533813
v -1.3430814743041992 -0.24985326826572418 0.19915162026882172
v -1.4204671382904053 -0.249853253364563 0.18629266321659088
v -1.4204671382904053 -0.249853253364563 0.18629266321659088
v -1.4924744367599487 -0.17670994997024536 0.21127180755138397
v -1.4204671382904053 -0.17126302421092987 0.19915157556533813
v -1.3430814743041992 -0.24985326826572418 0.19915162026882172
v -1.4204671382904053 -0.17126302421092987 0.19915157556533813
v -1.3484477996826172 -0.17670994997024536 0.21127180755138397
v -1.3484477996826172 -0.17670994997024536 0.21127180755138397
v -1.278544306755066 -0.24985280632972717 0.23756776750087738
v -1.3430814743041992 -0.24985326826572418 0.19915162026882172
v -1.288307547569275 -0.3175482749938965 0.24719996750354767
v -1.3430814743041992 -0.24985326826572418 0.19915162026882172
v -1.278544306755066 -0.24985280632972717 0.23756776750087738
v -1.278544306755066 -0.24985280632972717 0.23756776750087738
v -1.3484477996826172 -0.17670994997024536 0.21127180755138397
v -1.288307547569275 -0.18215596675872803 0.2471998780965805
v -1.4924744367599487 -0.07866695523262024 -0.30661094188690186
v -1.5623779296875 -0.105706587433815 -0.3777436912059784
v -1.5526145696640015 -0.1156277060508728 -0.31189560890197754
v -1.4204671382904053 -0.06621715426445007 -0.3013084828853607
v -1.4978406429290771 -0.06621713936328888 -0.3777436912059784
v -1.4924744367599487 -0.07866695523262024 -0.30661094188690186
v -1.5623779296875 -0.105706587433815 -0.3777436912059784
v -1.4924744367599487 -0.07866695523262024 -0.30661094188690186
v -1.4978406429290771 -0.06621713936328888 -0.3777436912059784
v -1.4978406429290771 -0.06621713936328888 -0.3777436912059784
v -1.5526145696640015 -0.11562768369913101 -0.4435751438140869
v -1.5623779296875 -0.105706587433815 -0.3777436912059784
v -1.3484477996826172 -0.07866695523262024 -0.30661094188690186
v -1.4204671382904053 -0.0529886893928051 -0.3777436912059784
v -1.4204671382904053 -0.06621715426445007 -0.3013084828853607
v -1.4978406429290771 -0.06621713936328888 -0.3777436912059784
v -1.4204671382904053 -0.06621715426445007 -0.3013084828853607
v -1.4204671382904053 -0.0529886893928051 -0.3777436912059784
v -1.4204671382904053 -0.0529886893928051 -0.3777436912059784
v -1.4924744367599487 -0.07866693288087845 -0.44885995984077454
v -1.4978406429290771 -0.06621713936328888 -0.3777436912059784
v -1.5526145696640015 -0.11562768369913101 -0.4435751438140869
v -1.4978406429290771 -0.06621713936328888 -0.3777436912059784
v -1.4924744367599487 -0.07866693288087845 -0.44885995984077454
v -1.4924744367599487 -0.07866693288087845 -0.44885995984077454
v -1.5328277349472046 -0.13572899997234344 -0.48871928453445435
v -1.5526145696640015 -0.11562768369913101 -0.4435751438140869
v -1.5328277349472046 -0.13572899997234344 -0.48871928453445435
v -1.4924744367599487 -0.07866693288087845 -0.44885995984077454
v -1.4871081113815308 -0.11562767624855042 -0.5082696676254272
v -1.4204671382904053 -0.06621713191270828 -0.4541623890399933
v -1.4871081113815308 -0.11562767624855042 -0.5082696676254272
v -1.4924744367599487 -0.07866693288087845 -0.44885995984077454
v -1.4924744367599487 -0.07866693288087845 -0.44885995984077454
v -1.4204671382904053 -0.0529886893928051 -0.3777436912059784
v -1.4204671382904053 -0.06621713191270828 -0.4541623890399933
v -1.3430814743041992 -0.06621713936328888 -0.3777436912059784
v -1.4204671382904053 -0.06621713191270828 -0.4541623890399933
v -1.4204671382904053 -0.0529886893928051 -0.3777436912059784
v -1.4204671382904053 -0.0529886893928051 -0.3777436912059784
v -1.3484477996826172 -0.07866695523262024 -0.30661094188690186
v -1.3430814743041992 -0.06621713936328888 -0.3777436912059784
v -1.288307547569275 -0.1156277060508728 -0.31189560890197754
v -1.3430814743041992 -0.06621713936328888 -0.3777436912059784
v -1.3484477996826172 -0.07866695523262024 -0.30661094188690186
v -1.3484477996826172 -0.07866695523262024 -0.30661094188690186
v -1.3080941438674927 -0.13572858273983002 -0.2667514979839325
v -1.288307547569275 -0.1156277060508728 -0.31189560890197754
v -1.3080941438674927 -0.13572858273983002 -0.2667514979839325
v -1.3484477996826172 -0.07866695523262024 -0.30661094188690186
v -1.353813886642456 -0.115627720952034 -0.24720007181167603
v -1.4204671382904053 -0.06621715426445007 -0.3013084828853607
v -1.353813886642456 -0.115627720952034 -0.24720007181167603
v -1.3484477996826172 -0.07866695523262024 -0.30661094188690186
v -1.353813886642456 -0.115627720952034 -0.24720007181167603
v -1.4204671382904053 -0.06621715426445007 -0.3013084828853607
v -1.4204671382904053 -0.1057066097855568 -0.23755142092704773
v -1.4924744367599487 -0.07866695523262024 -0.30661094188690186
v -1.4204671382904053 -0.1057066097855568 -0.23755142092704773
v -1.4204671382904053 -0.06621715426445007 -0.3013084828853607
v -1.4204671382904053 -0.1057066097855568 -0.23755142092704773
v -1.4924744367599487 -0.07866695523262024 -0.30661094188690186
v -1.4871081113815308 -0.115627720952034 -0.24720007181167603
v -1.5526145696640015 -0.1156277060508728 -0.31189560890197754
v -1.4871081113815308 -0.115627720952034 -0.24720007181167603
v -1.4924744367599487 -0.07866695523262024 -0.30661094188690186
v -1.4871081113815308 -0.115627720952034 -0.24720007181167603
v -1.5526145696640015 -0.1156277060508728 -0.31189560890197754
v -1.5328277349472046 -0.13572902977466583 -0.2667514979839325
v -1.4871081113815308 -0.11562767624855042 -0.5082696676254272
v -1.4204671382904053 -0.06621713191270828 -0.4541623890399933
v -1.4204671382904053 -0.10570656508207321 -0.5179194211959839
v -1.3484477996826172 -0.07866693288087845 -0.44885995984077454
v -1.4204671382904053 -0.10570656508207321 -0.5179194211959839
v -1.4204671382904053 -0.06621713191270828 -0.4541623890399933
v -1.4204671382904053 -0.06621713191270828 -0.4541623890399933
v -1.3430814743041992 -0.06621713936328888 -0.3777436912059784
v -1.3484477996826172 -0.07866693288087845 -0.44885995984077454
v -1.278544306755066 -0.105706587433815 -0.3777436912059784
v -1.3484477996826172 -0.07866693288087845 -0.44885995984077454
v -1.3430814743041992 -0.06621713936328888 -0.3777436912059784
v -1.3430814743041992 -0.06621713936328888 -0.3777436912059784
v -1.288307547569275 -0.1156277060508728 -0.31189560890197754
v -1.278544306755066 -0.105706587433815 -0.3777436912059784
v -1.4204671382904053 -0.10570656508207321 -0.5179194211959839
v -1.3484477996826172 -0.07866693288087845 -0.44885995984077454
v -1.353813886642456 -0.11562767624855042 -0.5082696676254272
v -1.288307547569275 -0.11562768369913101 -0.4435751438140869
v -1.353813886642456 -0.11562767624855042 -0.5082696676254272
v -1.3484477996826172 -0.07866693288087845 -0.44885995984077454
v -1.3484477996826172 -0.07866693288087845 -0.44885995984077454
v -1.278544306755066 -0.105706587433815 -0.3777436912059784
v -1.288307547569275 -0.11562768369913101 -0.4435751438140869
v -1.353813886642456 -0.11562767624855042 -0.5082696676254272
v -1.288307547569275 -0.11562768369913101 -0.4435751438140869
v -1.3080941438674927 -0.13572853803634644 -0.48871928453445435
v -1.5526145696640015 -0.31754910945892334 -0.24719998240470886
v -1.5526145696640015 -0.38407865166664124 -0.31189554929733276
v -1.5328277349472046 -0.3639768660068512 -0.26675140857696533
v -1.5623779296875 -0.24985364079475403 -0.23755131661891937
v -1.5890083312988281 -0.32299694418907166 -0.3066107928752899
v -1.5526145696640015 -0.31754910945892334 -0.24719998240470886
v -1.5526145696640015 -0.38407865166664124 -0.31189554929733276
v -1.5526145696640015 -0.31754910945892334 -0.24719998240470886
v -1.5890083312988281 -0.32299694418907166 -0.3066107928752899
v -1.5890083312988281 -0.32299694418907166 -0.3066107928752899
v -1.5623779296875 -0.39399927854537964 -0.37774357199668884
v -1.5526145696640015 -0.38407865166664124 -0.31189554929733276
v -1.5526145696640015 -0.18215635418891907 -0.24720001220703125
v -1.6012659072875977 -0.24985364079475403 -0.30130839347839355
v -1.5623779296875 -0.24985364079475403 -0.23755131661891937
v -1.5890083312988281 -0.32299694418907166 -0.3066107928752899
v -1.5623779296875 -0.24985364079475403 -0.23755131661891937
v -1.6012659072875977 -0.24985364079475403 -0.30130839347839355
v -1.6012659072875977 -0.24985364079475403 -0.30130839347839355
v -1.6012659072875977 -0.32844340801239014 -0.37774360179901123
v -1.5890083312988281 -0.32299694418907166 -0.3066107928752899
v -1.5623779296875 -0.39399927854537964 -0.37774357199668884
v -1.5890083312988281 -0.32299694418907166 -0.3066107928752899
v -1.6012659072875977 -0.32844340801239014 -0.37774360179901123
v -1.6012659072875977 -0.32844340801239014 -0.37774360179901123
v -1.5526145696640015 -0.38407862186431885 -0.44357502460479736
v -1.5623779296875 -0.39399927854537964 -0.37774357199668884
v -1.5526145696640015 -0.31754907965660095 -0.5082695484161377
v -1.6012659072875977 -0.24985361099243164 -0.45416224002838135
v -1.5623779296875 -0.24985359609127045 -0.5179194211959839
v -1.6012659072875977 -0.24985361099243164 -0.45416224002838135
v -1.5526145696640015 -0.31754907965660095 -0.5082695484161377
v -1.5890083312988281 -0.32299691438674927 -0.4488598108291626
v -1.5328277349472046 -0.3639768362045288 -0.4887191653251648
v -1.5890083312988281 -0.32299691438674927 -0.4488598108291626
v -1.5526145696640015 -0.31754907965660095 -0.5082695484161377
v -1.5890083312988281 -0.32299691438674927 -0.4488598108291626
v -1.5328277349472046 -0.3639768362045288 -0.4887191653251648
v -1.5526145696640015 -0.38407862186431885 -0.44357502460479736
v -1.5526145696640015 -0.38407862186431885 -0.44357502460479736
v -1.6012659072875977 -0.32844340801239014 -0.37774360179901123
v -1.5890083312988281 -0.32299691438674927 -0.4488598108291626
v -1.6142913103103638 -0.24985362589359283 -0.37774360179901123
v -1.5890083312988281 -0.32299691438674927 -0.4488598108291626
v -1.6012659072875977 -0.32844340801239014 -0.37774360179901123
v -1.6012659072875977 -0.32844340801239014 -0.37774360179901123
v -1.6012659072875977 -0.24985364079475403 -0.30130839347839355
v -1.6142913103103638 -0.24985362589359283 -0.37774360179901123
v -1.5890083312988281 -0.1767098605632782 -0.3066108822822571
v -1.6142913103103638 -0.24985362589359283 -0.37774360179901123
v -1.6012659072875977 -0.24985364079475403 -0.30130839347839355
v -1.6012659072875977 -0.24985364079475403 -0.30130839347839355
v -1.5526145696640015 -0.18215635418891907 -0.24720001220703125
v -1.5890083312988281 -0.1767098605632782 -0.3066108822822571
v -1.5328277349472046 -0.13572902977466583 -0.2667514979839325
v -1.5890083312988281 -0.1767098605632782 -0.3066108822822571
v -1.5526145696640015 -0.18215635418891907 -0.24720001220703125
v -1.5890083312988281 -0.1767098605632782 -0.3066108822822571
v -1.5328277349472046 -0.13572902977466583 -0.2667514979839325
v -1.5526145696640015 -0.1156277060508728 -0.31189560890197754
v -1.5526145696640015 -0.1156277060508728 -0.31189560890197754
v -1.6012659072875977 -0.1712629199028015 -0.3777436316013336
v -1.5890083312988281 -0.1767098605632782 -0.3066108822822571
v -1.6012659072875977 -0.1712629199028015 -0.3777436316013336
v -1.5526145696640015 -0.1156277060508728 -0.31189560890197754
v -1.5623779296875 -0.105706587433815 -0.3777436912059784
v -1.5623779296875 -0.105706587433815 -0.3777436912059784
v -1.5890083312988281 -0.176709845662117 -0.44885993003845215
v -1.6012659072875977 -0.1712629199028015 -0.3777436316013336
v -1.5890083312988281 -0.176709845662117 -0.44885993003845215
v -1.5623779296875 -0.105706587433815 -0.3777436912059784
v -1.5526145696640015 -0.11562768369913101 -0.4435751438140869
v -1.5526145696640015 -0.11562768369913101 -0.4435751438140869
v -1.5526145696640015 -0.18215630948543549 -0.5082695484161377
v -1.5890083312988281 -0.176709845662117 -0.44885993003845215
v -1.5526145696640015 -0.18215630948543549 -0.5082695484161377
v -1.5526145696640015 -0.11562768369913101 -0.4435751438140869
v -1.5328277349472046 -0.13572899997234344 -0.48871928453445435
v -1.5890083312988281 -0.32299691438674927 -0.4488598108291626
v -1.6142913103103638 -0.24985362589359283 -0.37774360179901123
v -1.6012659072875977 -0.24985361099243164 -0.45416224002838135
v -1.6012659072875977 -0.1712629199028015 -0.3777436316013336
v -1.6012659072875977 -0.24985361099243164 -0.45416224002838135
v -1.6142913103103638 -0.24985362589359283 -0.37774360179901123
v -1.6142913103103638 -0.24985362589359283 -0.37774360179901123
v -1.5890083312988281 -0.1767098605632782 -0.3066108822822571
v -1.6012659072875977 -0.1712629199028015 -0.3777436316013336
v -1.6012659072875977 -0.24985361099243164 -0.45416224002838135
v -1.6012659072875977 -0.1712629199028015 -0.3777436316013336
v -1.5890083312988281 -0.176709845662117 -0.44885993003845215
v -1.5890083312988281 -0.176709845662117 -0.44885993003845215
v -1.5623779296875 -0.24985359609127045 -0.5179194211959839
v -1.6012659072875977 -0.24985361099243164 -0.45416224002838135
v -1.5623779296875 -0.24985359609127045 -0.5179194211959839
v -1.5890083312988281 -0.176709845662117 -0.44885993003845215
v -1.5526145696640015 -0.18215630948543549 -0.5082695484161377
v 2.0415968894958496 -4.37639045715332 -0.15137320756912231
v 2.142396926879883 4.249455451965332 0.16828973591327667
v 2.0415966510772705 -4.37639045715332 0.16829396784305573
v 2.142396926879883 4.249455451965332 0.16828973591327667
v 2.0415968894958496 -4.37639045715332 -0.15137320756912231
v 2.142396926879883 4.249455451965332 -0.15137743949890137
v 2.142396926879883 4.249455451965332 0.16828973591327667
v -2.142396926879883 4.37639045715332 -0.15137746930122375
v -2.142396926879883 4.37639045715332 0.16828970611095428
v -2.142396926879883 4.37639045715332 -0.15137746930122375
v 2.142396926879883 4.249455451965332 0.16828973591327667
v 2.142396926879883 4.249455451965332 -0.15137743949890137
v -2.142396926879883 4.37639045715332 0.16828970611095428
v -2.0631678104400635 -4.37639045715332 -0.15137320756912231
v -2.0631678104400635 -4.37639045715332 0.16829396784305573
v -2.0631678104400635 -4.37639045715332 -0.15137320756912231
v -2.142396926879883 4.37639045715332 0.16828970611095428
v -2.142396926879883 4.37639045715332 -0.15137746930122375
v 2.142396926879883 4.249455451965332 -0.15137743949890137
v -2.0631678104400635 -4.37639045715332 -0.15137320756912231
v -2.142396926879883 4.37639045715332 -0.15137746930122375
v -2.0631678104400635 -4.37639045715332 -0.15137320756912231
v 2.142396926879883 4.249455451965332 -0.15137743949890137
v 2.0415968894958496 -4.37639045715332 -0.15137320756912231
v -2.0631678104400635 -4.37639045715332 0.16829396784305573
v 2.0415968894958496 -4.37639045715332 -0.15137320756912231
v 2.0415966510772705 -4.37639045715332 0.16829396784305573
v 2.0415968894958496 -4.37639045715332 -0.15137320756912231
v -2.0631678104400635 -4.37639045715332 0.16829396784305573
v -2.0631678104400635 -4.37639045715332 -0.15137320756912231
v 2.142396926879883 4.249455451965332 0.16828973591327667
v -2.0631678104400635 -4.37639045715332 0.16829396784305573
v 2.0415966510772705 -4.37639045715332 0.16829396784305573
v -2.0631678104400635 -4.37639045715332 0.16829396784305573
v 2.142396926879883 4.249455451965332 0.16828973591327667
v -2.142396926879883 4.37639045715332 0.16828970611095428
v -1.3724806308746338 -0.16675131022930145 0.3084723651409149
v -1.4204604625701904 -0.15389491617679596 -0.31699874997138977
v -1.4204604625701904 -0.15389502048492432 0.30847230553627014
v -1.3724806308746338 -0.16675131022930145 0.3084723651409149
v -1.3724806308746338 -0.1667512208223343 -0.3169989287853241
v -1.4204604625701904 -0.15389491617679596 -0.31699874997138977
v -1.4204671382904053 -0.393999308347702 -0.23755119740962982
v -1.4924744367599487 -0.32299697399139404 -0.2112552970647812
v -1.4871081113815308 -0.38407865166664124 -0.24719995260238647
v -1.5526145696640015 -0.31754910945892334 -0.24719998240470886
v -1.4871081113815308 -0.38407865166664124 -0.24719995260238647
v -1.4924744367599487 -0.32299697399139404 -0.2112552970647812
v -1.4924744367599487 -0.32299697399139404 -0.2112552970647812
v -1.5623779296875 -0.24985364079475403 -0.23755131661891937
v -1.5526145696640015 -0.31754910945892334 -0.24719998240470886
v -1.5623779296875 -0.24985364079475403 -0.23755131661891937
v -1.4924744367599487 -0.32299697399139404 -0.2112552970647812
v -1.4978406429290771 -0.2498531937599182 -0.199152871966362
v -1.4978406429290771 -0.2498531937599182 -0.199152871966362
v -1.5526145696640015 -0.18215635418891907 -0.24720001220703125
v -1.5623779296875 -0.24985364079475403 -0.23755131661891937
v -1.5526145696640015 -0.18215635418891907 -0.24720001220703125
v -1.4978406429290771 -0.2498531937599182 -0.199152871966362
v -1.4924744367599487 -0.1767098754644394 -0.21125540137290955
v -1.4924744367599487 -0.1767098754644394 -0.21125540137290955
v -1.5328277349472046 -0.13572902977466583 -0.2667514979839325
v -1.5526145696640015 -0.18215635418891907 -0.24720001220703125
v -1.5328277349472046 -0.13572902977466583 -0.2667514979839325
v -1.4924744367599487 -0.1767098754644394 -0.21125540137290955
v -1.4871081113815308 -0.115627720952034 -0.24720007181167603
v -1.4204671382904053 -0.1712624877691269 -0.19915291666984558
v -1.4871081113815308 -0.115627720952034 -0.24720007181167603
v -1.4924744367599487 -0.1767098754644394 -0.21125540137290955
v -1.4871081113815308 -0.115627720952034 -0.24720007181167603
v -1.4204671382904053 -0.1712624877691269 -0.19915291666984558
v -1.4204671382904053 -0.1057066097855568 -0.23755142092704773
v -1.3484477996826172 -0.1767098754644394 -0.21125540137290955
v -1.4204671382904053 -0.1057066097855568 -0.23755142092704773
v -1.4204671382904053 -0.1712624877691269 -0.19915291666984558
v -1.4204671382904053 -0.1057066097855568 -0.23755142092704773
v -1.3484477996826172 -0.1767098754644394 -0.21125540137290955
v -1.353813886642456 -0.115627720952034 -0.24720007181167603
v -1.288307547569275 -0.18215635418891907 -0.24720001220703125
v -1.353813886642456 -0.115627720952034 -0.24720007181167603
v -1.3484477996826172 -0.1767098754644394 -0.21125540137290955
v -1.353813886642456 -0.115627720952034 -0.24720007181167603
v -1.288307547569275 -0.18215635418891907 -0.24720001220703125
v -1.3080941438674927 -0.13572858273983002 -0.2667514979839325
v -1.4871081113815308 -0.38407865166664124 -0.24719995260238647
v -1.5526145696640015 -0.31754910945892334 -0.24719998240470886
v -1.5328277349472046 -0.3639768660068512 -0.26675140857696533
v -1.3484477996826172 -0.3229956030845642 -0.2112552970647812
v -1.3080941438674927 -0.3639768660068512 -0.26675140857696533
v -1.288307547569275 -0.31754910945892334 -0.24719998240470886
v -1.3080941438674927 -0.3639768660068512 -0.26675140857696533
v -1.3484477996826172 -0.3229956030845642 -0.2112552970647812
v -1.353813886642456 -0.38407865166664124 -0.24719995260238647
v -1.4204671382904053 -0.3284429907798767 -0.19915282726287842
v -1.353813886642456 -0.38407865166664124 -0.24719995260238647
v -1.3484477996826172 -0.3229956030845642 -0.2112552970647812
v -1.353813886642456 -0.38407865166664124 -0.24719995260238647
v -1.4204671382904053 -0.3284429907798767 -0.19915282726287842
v -1.4204671382904053 -0.393999308347702 -0.23755119740962982
v -1.4924744367599487 -0.32299697399139404 -0.2112552970647812
v -1.4204671382904053 -0.393999308347702 -0.23755119740962982
v -1.4204671382904053 -0.3284429907798767 -0.19915282726287842
v -1.4204671382904053 -0.3284429907798767 -0.19915282726287842
v -1.4978406429290771 -0.2498531937599182 -0.199152871966362
v -1.4924744367599487 -0.32299697399139404 -0.2112552970647812
v -1.4978406429290771 -0.2498531937599182 -0.199152871966362
v -1.4204671382904053 -0.3284429907798767 -0.19915282726287842
v -1.4204671382904053 -0.2498531937599182 -0.18629270792007446
v -1.4204671382904053 -0.2498531937599182 -0.18629270792007446
v -1.4924744367599487 -0.1767098754644394 -0.21125540137290955
v -1.4978406429290771 -0.2498531937599182 -0.199152871966362
v -1.4924744367599487 -0.1767098754644394 -0.21125540137290955
v -1.4204671382904053 -0.2498531937599182 -0.18629270792007446
v -1.4204671382904053 -0.1712624877691269 -0.19915291666984558
v -1.3430814743041992 -0.2498531937599182 -0.199152871966362
v -1.4204671382904053 -0.1712624877691269 -0.19915291666984558
v -1.4204671382904053 -0.2498531937599182 -0.18629270792007446
v -1.4204671382904053 -0.1712624877691269 -0.19915291666984558
v -1.3430814743041992 -0.2498531937599182 -0.199152871966362
v -1.3484477996826172 -0.1767098754644394 -0.21125540137290955
v -1.278544306755066 -0.24985364079475403 -0.23755131661891937
v -1.3484477996826172 -0.1767098754644394 -0.21125540137290955
v -1.3430814743041992 -0.2498531937599182 -0.199152871966362
v -1.3484477996826172 -0.1767098754644394 -0.21125540137290955
v -1.278544306755066 -0.24985364079475403 -0.23755131661891937
v -1.288307547569275 -0.18215635418891907 -0.24720001220703125
v -1.3484477996826172 -0.3229956030845642 -0.2112552970647812
v -1.4204671382904053 -0.2498531937599182 -0.18629270792007446
v -1.4204671382904053 -0.3284429907798767 -0.19915282726287842
v -1.4204671382904053 -0.2498531937599182 -0.18629270792007446
v -1.3484477996826172 -0.3229956030845642 -0.2112552970647812
v -1.3430814743041992 -0.2498531937599182 -0.199152871966362
v -1.288307547569275 -0.31754910945892334 -0.24719998240470886
v -1.3430814743041992 -0.2498531937599182 -0.199152871966362
v -1.3484477996826172 -0.3229956030845642 -0.2112552970647812
v -1.3430814743041992 -0.2498531937599182 -0.199152871966362
v -1.288307547569275 -0.31754910945892334 -0.24719998240470886
v -1.278544306755066 -0.24985364079475403 -0.23755131661891937
v -1.4204604625701904 -0.3458142876625061 0.3084724545478821
v -1.5035642385482788 -0.29783469438552856 0.30847257375717163
v -1.4684405326843262 -0.3329589068889618 0.3084723949432373
v -1.4204604625701904 -0.3458142876625061 0.3084724545478821
v -1.5164204835891724 -0.24985511600971222 0.30847251415252686
v -1.5035642385482788 -0.29783469438552856 0.30847257375717163
v -1.4204604625701904 -0.3458142876625061 0.3084724545478821
v -1.5035642385482788 -0.20187506079673767 0.3084724247455597
v -1.5164204835891724 -0.24985511600971222 0.30847251415252686
v -1.4204604625701904 -0.3458142876625061 0.3084724545478821
v -1.4684405326843262 -0.16675131022930145 0.3084723651409149
v -1.5035642385482788 -0.20187506079673767 0.3084724247455597
v -1.4204604625701904 -0.3458142876625061 0.3084724545478821
v -1.4204604625701904 -0.15389502048492432 0.30847230553627014
v -1.4684405326843262 -0.16675131022930145 0.3084723651409149
v -1.4204604625701904 -0.3458142876625061 0.3084724545478821
v -1.3724806308746338 -0.16675131022930145 0.3084723651409149
v -1.4204604625701904 -0.15389502048492432 0.30847230553627014
v -1.4204604625701904 -0.3458142876625061 0.3084724545478821
v -1.337356686592102 -0.20187506079673767 0.3084724247455597
v -1.3724806308746338 -0.16675131022930145 0.3084723651409149
v -1.4204604625701904 -0.3458142876625061 0.3084724545478821
v -1.3245007991790771 -0.24985511600971222 0.30847251415252686
v -1.337356686592102 -0.20187506079673767 0.3084724247455597
v -1.4204604625701904 -0.3458142876625061 0.3084724545478821
v -1.3373571634292603 -0.29783469438552856 0.30847257375717163
v -1.3245007991790771 -0.24985511600971222 0.30847251415252686
v -1.4204604625701904 -0.3458142876625061 0.3084724545478821
v -1.372480869293213 -0.3329589068889618 0.3084723949432373
v -1.3373571634292603 -0.29783469438552856 0.30847257375717163
v -1.3245007991790771 -0.24985501170158386 -0.31699874997138977
v -1.3724806308746338 -0.1667512208223343 -0.3169989287853241
v -1.337356686592102 -0.2018749713897705 -0.316998690366745
v -1.3245007991790771 -0.24985501170158386 -0.31699874997138977
v -1.4204604625701904 -0.15389491617679596 -0.31699874997138977
v -1.3724806308746338 -0.1667512208223343 -0.3169989287853241
v -1.3245007991790771 -0.24985501170158386 -0.31699874997138977
v -1.4684405326843262 -0.1667512208223343 -0.31699874997138977
v -1.4204604625701904 -0.15389491617679596 -0.31699874997138977
v -1.3245007991790771 -0.24985501170158386 -0.31699874997138977
v -1.5035642385482788 -0.2018749713897705 -0.316998690366745
v -1.4684405326843262 -0.1667512208223343 -0.31699874997138977
v -1.3245007991790771 -0.24985501170158386 -0.31699874997138977
v -1.5164204835891724 -0.24985501170158386 -0.31699874997138977
v -1.5035642385482788 -0.2018749713897705 -0.316998690366745
v -1.3245007991790771 -0.24985501170158386 -0.31699874997138977
v -1.5035642385482788 -0.2978346049785614 -0.3169987201690674
v -1.5164204835891724 -0.24985501170158386 -0.31699874997138977
v -1.3245007991790771 -0.24985501170158386 -0.31699874997138977
v -1.4684405326843262 -0.33295878767967224 -0.3169988989830017
v -1.5035642385482788 -0.2978346049785614 -0.3169987201690674
v -1.3245007991790771 -0.24985501170158386 -0.31699874997138977
v -1.4204604625701904 -0.34581464529037476 -0.31699883937835693
v -1.4684405326843262 -0.33295878767967224 -0.3169988989830017
v -1.3245007991790771 -0.24985501170158386 -0.31699874997138977
v -1.372480869293213 -0.33295878767967224 -0.3169988989830017
v -1.4204604625701904 -0.34581464529037476 -0.31699883937835693
v -1.3245007991790771 -0.24985501170158386 -0.31699874997138977
v -1.3373571634292603 -0.2978346049785614 -0.3169987201690674
v -1.372480869293213 -0.33295878767967224 -0.3169988989830017

vn 0.6557322144508362 0.37855833768844604 -0.6532295346260071
vn 0.3785582482814789 0.6557320952415466 0.6532297134399414
vn 0.6557322144508362 0.37855812907218933 0.6532296538352966
vn 0.6557322144508362 0.37855833768844604 -0.6532295346260071
vn 0.37856581807136536 0.6557149291038513 -0.6532425880432129
vn 0.3785582482814789 0.6557320952415466 0.6532297134399414
vn 0.6569581627845764 -0.3391912579536438 -0.6733165979385376
vn 0.6619951725006104 -0.6619951128959656 -0.35146093368530273
vn 0.5653061270713806 -0.574980616569519 -0.591461181640625
vn 0.7034657001495361 0.00003063491021748632 -0.7107292413711548
vn 0.8733398914337158 -0.3398932218551636 -0.3489270508289337
vn 0.6569581627845764 -0.3391912579536438 -0.6733165979385376
vn 0.6619951725006104 -0.6619951128959656 -0.35146093368530273
vn 0.6569581627845764 -0.3391912579536438 -0.6733165979385376
vn 0.8733398914337158 -0.3398932218551636 -0.3489270508289337
vn 0.8733398914337158 -0.3398932218551636 -0.3489270508289337
vn 0.7116394639015198 -0.7025448679924011 -0.00003063334952457808
vn 0.6619951725006104 -0.6619951128959656 -0.35146093368530273
vn 0.6659342050552368 0.3392542004585266 -0.6644081473350525
vn 0.9348496198654175 0.003723342437297106 -0.3550243675708771
vn 0.7034657001495361 0.00003063491021748632 -0.7107292413711548
vn 0.8733398914337158 -0.3398932218551636 -0.3489270508289337
vn 0.7034657001495361 0.00003063491021748632 -0.7107292413711548
vn 0.9348496198654175 0.003723342437297106 -0.3550243675708771
vn 0.9348496198654175 0.003723342437297106 -0.3550243675708771
vn 0.9376652836799622 -0.3475196957588196 0.003723259549587965
vn 0.8733398914337158 -0.3398932218551636 -0.3489270508289337
vn 0.7116394639015198 -0.7025448679924011 -0.00003063334952457808
vn 0.8733398914337158 -0.3398932218551636 -0.3489270508289337
vn 0.9376652836799622 -0.3475196957588196 0.003723259549587965
vn 0.9376652836799622 -0.3475196957588196 0.003723259549587965
vn 0.6711201667785645 -0.6528085470199585 0.3513384461402893
vn 0.7116394639015198 -0.7025448679924011 -0.00003063334952457808
vn 0.9376652836799622 0.3475196957588196 -0.003723259549587965
vn 0.6711201667785645 0.6528085470199585 -0.3513384461402893
vn 0.7116394639015198 0.7025448679924011 0.00003063334952457808
vn 0.6711201667785645 0.6528085470199585 -0.3513384461402893
vn 0.9376652836799622 0.3475196957588196 -0.003723259549587965
vn 0.8719642758369446 0.34166258573532104 -0.3506351113319397
vn 0.8719642758369446 0.34166258573532104 -0.3506351113319397
vn 0.5903712511062622 0.5625680088996887 -0.5787737369537354
vn 0.6711201667785645 0.6528085470199585 -0.3513384461402893
vn 0.5903712511062622 0.5625680088996887 -0.5787737369537354
vn 0.8719642758369446 0.34166258573532104 -0.3506351113319397
vn 0.6659342050552368 0.3392542004585266 -0.6644081473350525
vn 0.9348496198654175 0.003723342437297106 -0.3550243675708771
vn 0.6659342050552368 0.3392542004585266 -0.6644081473350525
vn 0.8719642758369446 0.34166258573532104 -0.3506351113319397
vn 0.8719642758369446 0.34166258573532104 -0.3506351113319397
vn 1 3.188731726986659e-39 1.2246468525851679e-16
vn 0.9348496198654175 0.003723342437297106 -0.3550243675708771
vn 0.9376652836799622 -0.3475196957588196 0.003723259549587965
vn 0.9348496198654175 0.003723342437297106 -0.3550243675708771
vn 1 3.188731726986659e-39 1.2246468525851679e-16
vn 1 3.188731726986659e-39 1.2246468525851679e-16
vn 0.8719640374183655 -0.3416319787502289 0.35066553950309753
vn 0.9376652836799622 -0.3475196957588196 0.003723259549587965
vn 0.6711201667785645 -0.6528085470199585 0.3513384461402893
vn 0.9376652836799622 -0.3475196957588196 0.003723259549587965
vn 0.8719640374183655 -0.3416319787502289 0.35066553950309753
vn 0.8719640374183655 -0.3416319787502289 0.35066553950309753
vn 0.5839266180992126 -0.5561541318893433 0.5913732647895813
vn 0.6711201667785645 -0.6528085470199585 0.3513384461402893
vn 0.5839266180992126 -0.5561541318893433 0.5913732647895813
vn 0.8719640374183655 -0.3416319787502289 0.35066553950309753
vn 0.6608976721763611 -0.3416038155555725 0.6682223081588745
vn 0.93483567237854 -0.00372340832836926 0.3550611436367035
vn 0.6608976721763611 -0.3416038155555725 0.6682223081588745
vn 0.8719640374183655 -0.3416319787502289 0.35066553950309753
vn 0.6608976721763611 -0.3416038155555725 0.6682223081588745
vn 0.93483567237854 -0.00372340832836926 0.3550611436367035
vn 0.7034445405006409 -0.0040286933071911335 0.7107387185096741
vn 0.8733049631118774 0.3399220407009125 0.34898632764816284
vn 0.7034445405006409 -0.0040286933071911335 0.7107387185096741
vn 0.93483567237854 -0.00372340832836926 0.3550611436367035
vn 0.7034445405006409 -0.0040286933071911335 0.7107387185096741
vn 0.8733049631118774 0.3399220407009125 0.34898632764816284
vn 0.6620271801948547 0.33693423867225647 0.6694739460945129
vn 0.6620014905929565 0.6619709134101868 0.35149478912353516
vn 0.6620271801948547 0.33693423867225647 0.6694739460945129
vn 0.8733049631118774 0.3399220407009125 0.34898632764816284
vn 0.6620271801948547 0.33693423867225647 0.6694739460945129
vn 0.6620014905929565 0.6619709134101868 0.35149478912353516
vn 0.5716896653175354 0.5812726616859436 0.5790448784828186
vn 0.8719640374183655 -0.3416319787502289 0.35066553950309753
vn 1 3.188731726986659e-39 1.2246468525851679e-16
vn 0.93483567237854 -0.00372340832836926 0.3550611436367035
vn 0.8733049631118774 0.3399220407009125 0.34898632764816284
vn 0.7116394639015198 0.7025448679924011 0.00003063334952457808
vn 0.6620014905929565 0.6619709134101868 0.35149478912353516
vn 0.7116394639015198 0.7025448679924011 0.00003063334952457808
vn 0.8733049631118774 0.3399220407009125 0.34898632764816284
vn 0.9376652836799622 0.3475196957588196 -0.003723259549587965
vn 0.93483567237854 -0.00372340832836926 0.3550611436367035
vn 0.9376652836799622 0.3475196957588196 -0.003723259549587965
vn 0.8733049631118774 0.3399220407009125 0.34898632764816284
vn 0.9376652836799622 0.3475196957588196 -0.003723259549587965
vn 0.93483567237854 -0.00372340832836926 0.3550611436367035
vn 1 3.188731726986659e-39 1.2246468525851679e-16
vn 1 3.188731726986659e-39 1.2246468525851679e-16
vn 0.8719642758369446 0.34166258573532104 -0.3506351113319397
vn 0.9376652836799622 0.3475196957588196 -0.003723259549587965
vn 0.7571544051170349 1.0642565229090906e-7 -0.6532359719276428
vn 0.6557322144508362 0.37855812907218933 0.6532296538352966
vn 0.7571544051170349 -1.0642565229090906e-7 0.6532359719276428
vn 0.7571544051170349 1.0642565229090906e-7 -0.6532359719276428
vn 0.6557322144508362 0.37855833768844604 -0.6532295346260071
vn 0.6557322144508362 0.37855812907218933 0.6532296538352966
vn 0.6557322144508362 -0.37855812907218933 -0.6532296538352966
vn 0.7571544051170349 -1.0642565229090906e-7 0.6532359719276428
vn 0.6557322144508362 -0.37855833768844604 0.6532295346260071
vn 0.6557322144508362 -0.37855812907218933 -0.6532296538352966
vn 0.7571544051170349 1.0642565229090906e-7 -0.6532359719276428
vn 0.7571544051170349 -1.0642565229090906e-7 0.6532359719276428
vn 0.3785582482814789 -0.6557323336601257 0.6532294750213623
vn 0.6557322144508362 -0.37855812907218933 -0.6532296538352966
vn 0.6557322144508362 -0.37855833768844604 0.6532295346260071
vn 0.3785582482814789 -0.6557323336601257 0.6532294750213623
vn 0.3785582482814789 -0.6557320952415466 -0.6532297134399414
vn 0.6557322144508362 -0.37855812907218933 -0.6532296538352966
vn 7.999835095823252e-17 -0.7571542859077454 -0.6532360911369324
vn 0.3785582482814789 -0.6557323336601257 0.6532294750213623
vn -7.999831787100801e-17 -0.7571544647216797 0.6532358527183533
vn 7.999835095823252e-17 -0.7571542859077454 -0.6532360911369324
vn 0.3785582482814789 -0.6557320952415466 -0.6532297134399414
vn 0.3785582482814789 -0.6557323336601257 0.6532294750213623
vn -0.3785582482814789 -0.6557323336601257 0.6532294750213623
vn 7.999835095823252e-17 -0.7571542859077454 -0.6532360911369324
vn -7.999831787100801e-17 -0.7571544647216797 0.6532358527183533
vn -0.3785582482814789 -0.6557323336601257 0.6532294750213623
vn -0.3785843849182129 -0.6557245254516602 -0.6532221436500549
vn 7.999835095823252e-17 -0.7571542859077454 -0.6532360911369324
vn -0.6557322144508362 -0.37855812907218933 -0.6532296538352966
vn -0.3785582482814789 -0.6557323336601257 0.6532294750213623
vn -0.6557322144508362 -0.37855833768844604 0.6532295346260071
vn -0.6557322144508362 -0.37855812907218933 -0.6532296538352966
vn -0.3785843849182129 -0.6557245254516602 -0.6532221436500549
vn -0.3785582482814789 -0.6557323336601257 0.6532294750213623
vn -0.7571544051170349 -1.0642565229090906e-7 0.6532359719276428
vn -0.6557322144508362 -0.37855812907218933 -0.6532296538352966
vn -0.6557322144508362 -0.37855833768844604 0.6532295346260071
vn -0.7571544051170349 -1.0642565229090906e-7 0.6532359719276428
vn -0.7571544051170349 1.0642565229090906e-7 -0.6532359719276428
vn -0.6557322144508362 -0.37855812907218933 -0.6532296538352966
vn -0.6557246446609497 0.37858426570892334 0.6532221436500549
vn -0.7571544051170349 1.0642565229090906e-7 -0.6532359719276428
vn -0.7571544051170349 -1.0642565229090906e-7 0.6532359719276428
vn -0.6557246446609497 0.37858426570892334 0.6532221436500549
vn -0.6557246446609497 0.37858450412750244 -0.6532220244407654
vn -0.7571544051170349 1.0642565229090906e-7 -0.6532359719276428
vn -0.3785582482814789 0.6557320952415466 0.6532297134399414
vn -0.6557246446609497 0.37858450412750244 -0.6532220244407654
vn -0.6557246446609497 0.37858426570892334 0.6532221436500549
vn -0.3785582482814789 0.6557320952415466 0.6532297134399414
vn -0.3785582482814789 0.6557323336601257 -0.6532294750213623
vn -0.6557246446609497 0.37858450412750244 -0.6532220244407654
vn -7.999835095823252e-17 0.7571542859077454 0.6532360911369324
vn -0.3785582482814789 0.6557323336601257 -0.6532294750213623
vn -0.3785582482814789 0.6557320952415466 0.6532297134399414
vn -7.999835095823252e-17 0.7571542859077454 0.6532360911369324
vn 7.999831787100801e-17 0.7571544647216797 -0.6532358527183533
vn -0.3785582482814789 0.6557323336601257 -0.6532294750213623
vn -0.0037843547761440277 0.9331791996955872 -0.3593914806842804
vn 0.3560359477996826 0.9344645738601685 0.003784521948546171
vn 0.3478870093822479 0.8689699172973633 -0.3519459068775177
vn 0.3478870093822479 0.8689699172973633 -0.3519459068775177
vn -0.004058966413140297 0.698874831199646 -0.7152324914932251
vn -0.0037843547761440277 0.9331791996955872 -0.3593914806842804
vn -0.3483444154262543 0.654511570930481 -0.6710221767425537
vn -0.0037843547761440277 0.9331791996955872 -0.3593914806842804
vn -0.004058966413140297 0.698874831199646 -0.7152324914932251
vn -0.004058966413140297 0.698874831199646 -0.7152324914932251
vn 0.3478870093822479 0.8689699172973633 -0.3519459068775177
vn 0.34358546137809753 0.6556752324104309 -0.6723384857177734
vn -0.5653061270713806 0.5749807953834534 -0.5914609432220459
vn -0.349624365568161 0.8675909638404846 -0.3536221981048584
vn -0.3483444154262543 0.654511570930481 -0.6710221767425537
vn -0.0037843547761440277 0.9331791996955872 -0.3593914806842804
vn -0.3483444154262543 0.654511570930481 -0.6710221767425537
vn -0.349624365568161 0.8675909638404846 -0.3536221981048584
vn -0.349624365568161 0.8675909638404846 -0.3536221981048584
vn -1.9952029364752685e-23 1 1.6292068494294654e-7
vn -0.0037843547761440277 0.9331791996955872 -0.3593914806842804
vn 0.3560359477996826 0.9344645738601685 0.003784521948546171
vn -0.0037843547761440277 0.9331791996955872 -0.3593914806842804
vn -1.9952029364752685e-23 1 1.6292068494294654e-7
vn -1.9952029364752685e-23 1 1.6292068494294654e-7
vn 0.34959930181503296 0.8675738573074341 0.353689044713974
vn 0.3560359477996826 0.9344645738601685 0.003784521948546171
vn 0.34358546137809753 0.6556752324104309 -0.6723384857177734
vn 0.6711201667785645 0.6528085470199585 -0.3513384461402893
vn 0.5903712511062622 0.5625680088996887 -0.5787737369537354
vn 0.6711201667785645 0.6528085470199585 -0.3513384461402893
vn 0.34358546137809753 0.6556752324104309 -0.6723384857177734
vn 0.3478870093822479 0.8689699172973633 -0.3519459068775177
vn 0.3478870093822479 0.8689699172973633 -0.3519459068775177
vn 0.7116394639015198 0.7025448679924011 0.00003063334952457808
vn 0.6711201667785645 0.6528085470199585 -0.3513384461402893
vn 0.7116394639015198 0.7025448679924011 0.00003063334952457808
vn 0.3478870093822479 0.8689699172973633 -0.3519459068775177
vn 0.3560359477996826 0.9344645738601685 0.003784521948546171
vn 0.3560359477996826 0.9344645738601685 0.003784521948546171
vn 0.6620014905929565 0.6619709134101868 0.35149478912353516
vn 0.7116394639015198 0.7025448679924011 0.00003063334952457808
vn 0.6620014905929565 0.6619709134101868 0.35149478912353516
vn 0.3560359477996826 0.9344645738601685 0.003784521948546171
vn 0.34959930181503296 0.8675738573074341 0.353689044713974
vn 0.34959930181503296 0.8675738573074341 0.353689044713974
vn 0.5716896653175354 0.5812726616859436 0.5790448784828186
vn 0.6620014905929565 0.6619709134101868 0.35149478912353516
vn 0.5716896653175354 0.5812726616859436 0.5790448784828186
vn 0.34959930181503296 0.8675738573074341 0.353689044713974
vn 0.3460889160633087 0.6596441864967346 0.6671521663665771
vn 0.0037843130994588137 0.933168888092041 0.3594183623790741
vn 0.3460889160633087 0.6596441864967346 0.6671521663665771
vn 0.34959930181503296 0.8675738573074341 0.353689044713974
vn 0.34959930181503296 0.8675738573074341 0.353689044713974
vn -1.9952029364752685e-23 1 1.6292068494294654e-7
vn 0.0037843130994588137 0.933168888092041 0.3594183623790741
vn -0.3560359477996826 0.9344645738601685 -0.003784217406064272
vn 0.0037843130994588137 0.933168888092041 0.3594183623790741
vn -1.9952029364752685e-23 1 1.6292068494294654e-7
vn -1.9952029364752685e-23 1 1.6292068494294654e-7
vn -0.349624365568161 0.8675909638404846 -0.3536221981048584
vn -0.3560359477996826 0.9344645738601685 -0.003784217406064272
vn -0.6619951725006104 0.6619952321052551 -0.351460725069046
vn -0.3560359477996826 0.9344645738601685 -0.003784217406064272
vn -0.349624365568161 0.8675909638404846 -0.3536221981048584
vn -0.349624365568161 0.8675909638404846 -0.3536221981048584
vn -0.5653061270713806 0.5749807953834534 -0.5914609432220459
vn -0.6619951725006104 0.6619952321052551 -0.351460725069046
vn 0.3460889160633087 0.6596441864967346 0.6671521663665771
vn 0.0037843130994588137 0.933168888092041 0.3594183623790741
vn 0.00006103889609221369 0.6988646984100342 0.7152538895606995
vn -0.3479193449020386 0.8689437508583069 0.3519785404205322
vn 0.00006103889609221369 0.6988646984100342 0.7152538895606995
vn 0.0037843130994588137 0.933168888092041 0.3594183623790741
vn 0.0037843130994588137 0.933168888092041 0.3594183623790741
vn -0.3560359477996826 0.9344645738601685 -0.003784217406064272
vn -0.3479193449020386 0.8689437508583069 0.3519785404205322
vn -0.7116394639015198 0.7025448679924011 -0.000030404431527131237
vn -0.3479193449020386 0.8689437508583069 0.3519785404205322
vn -0.3560359477996826 0.9344645738601685 -0.003784217406064272
vn -0.3560359477996826 0.9344645738601685 -0.003784217406064272
vn -0.6619951725006104 0.6619952321052551 -0.351460725069046
vn -0.7116394639015198 0.7025448679924011 -0.000030404431527131237
vn 0.00006103889609221369 0.6988646984100342 0.7152538895606995
vn -0.3479193449020386 0.8689437508583069 0.3519785404205322
vn -0.34587720036506653 0.6505529880523682 0.6761285066604614
vn -0.6711201667785645 0.652808427810669 0.3513386845588684
vn -0.34587720036506653 0.6505529880523682 0.6761285066604614
vn -0.3479193449020386 0.8689437508583069 0.3519785404205322
vn -0.3479193449020386 0.8689437508583069 0.3519785404205322
vn -0.7116394639015198 0.7025448679924011 -0.000030404431527131237
vn -0.6711201667785645 0.652808427810669 0.3513386845588684
vn -0.34587720036506653 0.6505529880523682 0.6761285066604614
vn -0.6711201667785645 0.652808427810669 0.3513386845588684
vn -0.5839266180992126 0.5561538934707642 0.5913734436035156
vn 0.349624365568161 -0.8675909042358398 -0.3536224961280823
vn 0.5653061270713806 -0.574980616569519 -0.591461181640625
vn 0.6619951725006104 -0.6619951128959656 -0.35146093368530273
vn 0.5653061270713806 -0.574980616569519 -0.591461181640625
vn 0.349624365568161 -0.8675909042358398 -0.3536224961280823
vn 0.3483444154262543 -0.6545113325119019 -0.6710224151611328
vn 0.3560359477996826 -0.9344645738601685 -0.003784521948546171
vn 0.6619951725006104 -0.6619951128959656 -0.35146093368530273
vn 0.7116394639015198 -0.7025448679924011 -0.00003063334952457808
vn 0.6619951725006104 -0.6619951128959656 -0.35146093368530273
vn 0.3560359477996826 -0.9344645738601685 -0.003784521948546171
vn 0.349624365568161 -0.8675909042358398 -0.3536224961280823
vn 1.9952029364752685e-23 -1 -1.6292068494294654e-7
vn 0.349624365568161 -0.8675909042358398 -0.3536224961280823
vn 0.3560359477996826 -0.9344645738601685 -0.003784521948546171
vn 0.349624365568161 -0.8675909042358398 -0.3536224961280823
vn 1.9952029364752685e-23 -1 -1.6292068494294654e-7
vn 0.0037538360338658094 -0.9331791996955872 -0.35939180850982666
vn 0.0037538360338658094 -0.9331791996955872 -0.35939180850982666
vn 0.3483444154262543 -0.6545113325119019 -0.6710224151611328
vn 0.349624365568161 -0.8675909042358398 -0.3536224961280823
vn 0.3483444154262543 -0.6545113325119019 -0.6710224151611328
vn 0.0037538360338658094 -0.9331791996955872 -0.35939180850982666
vn 0.004028536379337311 -0.6988899111747742 -0.7152178883552551
vn 0.004028536379337311 -0.6988899111747742 -0.7152178883552551
vn -0.34792307019233704 -0.8689531087875366 -0.3519517779350281
vn -0.343612402677536 -0.6556681394577026 -0.6723316311836243
vn -0.34792307019233704 -0.8689531087875366 -0.3519517779350281
vn 0.004028536379337311 -0.6988899111747742 -0.7152178883552551
vn 0.0037538360338658094 -0.9331791996955872 -0.35939180850982666
vn 0.0037538360338658094 -0.9331791996955872 -0.35939180850982666
vn -0.3560359477996826 -0.9344645738601685 0.003784217406064272
vn -0.34792307019233704 -0.8689531087875366 -0.3519517779350281
vn -0.3560359477996826 -0.9344645738601685 0.003784217406064272
vn 0.0037538360338658094 -0.9331791996955872 -0.35939180850982666
vn 1.9952029364752685e-23 -1 -1.6292068494294654e-7
vn 1.9952029364752685e-23 -1 -1.6292068494294654e-7
vn -0.34962984919548035 -0.8675740957260132 0.3536582887172699
vn -0.3560359477996826 -0.9344645738601685 0.003784217406064272
vn -0.34962984919548035 -0.8675740957260132 0.3536582887172699
vn 1.9952029364752685e-23 -1 -1.6292068494294654e-7
vn -0.0038148732855916023 -0.9331790804862976 0.3593914210796356
vn 0.3560359477996826 -0.9344645738601685 -0.003784521948546171
vn -0.0038148732855916023 -0.9331790804862976 0.3593914210796356
vn 1.9952029364752685e-23 -1 -1.6292068494294654e-7
vn -0.0038148732855916023 -0.9331790804862976 0.3593914210796356
vn 0.3560359477996826 -0.9344645738601685 -0.003784521948546171
vn 0.3479193449020386 -0.8689438700675964 0.35197824239730835
vn 0.7116394639015198 -0.7025448679924011 -0.00003063334952457808
vn 0.3479193449020386 -0.8689438700675964 0.35197824239730835
vn 0.3560359477996826 -0.9344645738601685 -0.003784521948546171
vn 0.3479193449020386 -0.8689438700675964 0.35197824239730835
vn 0.7116394639015198 -0.7025448679924011 -0.00003063334952457808
vn 0.6711201667785645 -0.6528085470199585 0.3513384461402893
vn 0.34584319591522217 -0.650546669960022 0.6761519908905029
vn 0.6711201667785645 -0.6528085470199585 0.3513384461402893
vn 0.5839266180992126 -0.5561541318893433 0.5913732647895813
vn 0.6711201667785645 -0.6528085470199585 0.3513384461402893
vn 0.34584319591522217 -0.650546669960022 0.6761519908905029
vn 0.3479193449020386 -0.8689438700675964 0.35197824239730835
vn -0.00009155834413832054 -0.6988649368286133 0.7152536511421204
vn 0.3479193449020386 -0.8689438700675964 0.35197824239730835
vn 0.34584319591522217 -0.650546669960022 0.6761519908905029
vn 0.3479193449020386 -0.8689438700675964 0.35197824239730835
vn -0.00009155834413832054 -0.6988649368286133 0.7152536511421204
vn -0.0038148732855916023 -0.9331790804862976 0.3593914210796356
vn -0.3460889160633087 -0.6596444249153137 0.667151927947998
vn -0.0038148732855916023 -0.9331790804862976 0.3593914210796356
vn -0.00009155834413832054 -0.6988649368286133 0.7152536511421204
vn -0.0038148732855916023 -0.9331790804862976 0.3593914210796356
vn -0.3460889160633087 -0.6596444249153137 0.667151927947998
vn -0.34962984919548035 -0.8675740957260132 0.3536582887172699
vn -0.5716997981071472 -0.5812526345252991 0.5790549516677856
vn -0.34962984919548035 -0.8675740957260132 0.3536582887172699
vn -0.3460889160633087 -0.6596444249153137 0.667151927947998
vn -0.34962984919548035 -0.8675740957260132 0.3536582887172699
vn -0.5716997981071472 -0.5812526345252991 0.5790549516677856
vn -0.6620014905929565 -0.6619710326194763 0.35149458050727844
vn -0.6620014905929565 -0.6619710326194763 0.35149458050727844
vn -0.3560359477996826 -0.9344645738601685 0.003784217406064272
vn -0.34962984919548035 -0.8675740957260132 0.3536582887172699
vn -0.3560359477996826 -0.9344645738601685 0.003784217406064272
vn -0.6620014905929565 -0.6619710326194763 0.35149458050727844
vn -0.7116394639015198 -0.7025448679924011 0.000030404431527131237
vn -0.7116394639015198 -0.7025448679924011 0.000030404431527131237
vn -0.34792307019233704 -0.8689531087875366 -0.3519517779350281
vn -0.3560359477996826 -0.9344645738601685 0.003784217406064272
vn -0.34792307019233704 -0.8689531087875366 -0.3519517779350281
vn -0.7116394639015198 -0.7025448679924011 0.000030404431527131237
vn -0.6711201667785645 -0.652808427810669 -0.3513386845588684
vn -0.6711201667785645 -0.652808427810669 -0.3513386845588684
vn -0.343612402677536 -0.6556681394577026 -0.6723316311836243
vn -0.34792307019233704 -0.8689531087875366 -0.3519517779350281
vn -0.343612402677536 -0.6556681394577026 -0.6723316311836243
vn -0.6711201667785645 -0.652808427810669 -0.3513386845588684
vn -0.5903712511062622 -0.5625678300857544 -0.5787739157676697
vn -0.6620271801948547 -0.3369344472885132 0.6694738268852234
vn -0.6620014905929565 -0.6619710326194763 0.35149458050727844
vn -0.5716997981071472 -0.5812526345252991 0.5790549516677856
vn -0.6659342050552368 -0.3392539918422699 -0.664408266544342
vn -0.9348256587982178 -0.003692733822390437 -0.35508787631988525
vn -0.7034657001495361 -0.00003040332558157388 -0.7107292413711548
vn -0.9348256587982178 -0.003692733822390437 -0.35508787631988525
vn -0.6659342050552368 -0.3392539918422699 -0.664408266544342
vn -0.871955156326294 -0.34168943762779236 -0.35063156485557556
vn -0.5903712511062622 -0.5625678300857544 -0.5787739157676697
vn -0.871955156326294 -0.34168943762779236 -0.35063156485557556
vn -0.6659342050552368 -0.3392539918422699 -0.664408266544342
vn -0.871955156326294 -0.34168943762779236 -0.35063156485557556
vn -0.5903712511062622 -0.5625678300857544 -0.5787739157676697
vn -0.6711201667785645 -0.652808427810669 -0.3513386845588684
vn -0.6711201667785645 -0.652808427810669 -0.3513386845588684
vn -0.9376417398452759 -0.3475832939147949 -0.0037234004121273756
vn -0.871955156326294 -0.34168943762779236 -0.35063156485557556
vn -0.9376417398452759 -0.3475832939147949 -0.0037234004121273756
vn -0.6711201667785645 -0.652808427810669 -0.3513386845588684
vn -0.7116394639015198 -0.7025448679924011 0.000030404431527131237
vn -0.7116394639015198 -0.7025448679924011 0.000030404431527131237
vn -0.8733049631118774 -0.339922159910202 0.3489862084388733
vn -0.9376417398452759 -0.3475832939147949 -0.0037234004121273756
vn -0.8733049631118774 -0.339922159910202 0.3489862084388733
vn -0.7116394639015198 -0.7025448679924011 0.000030404431527131237
vn -0.6620014905929565 -0.6619710326194763 0.35149458050727844
vn -0.6620014905929565 -0.6619710326194763 0.35149458050727844
vn -0.6620271801948547 -0.3369344472885132 0.6694738268852234
vn -0.8733049631118774 -0.339922159910202 0.3489862084388733
vn -0.7034445405006409 0.004028461407870054 0.7107387185096741
vn -0.8733049631118774 -0.339922159910202 0.3489862084388733
vn -0.6620271801948547 -0.3369344472885132 0.6694738268852234
vn -0.8733049631118774 -0.339922159910202 0.3489862084388733
vn -0.7034445405006409 0.004028461407870054 0.7107387185096741
vn -0.9348255395889282 0.0037232523318380117 0.3550878167152405
vn -0.6608976721763611 0.3416036069393158 0.6682224273681641
vn -0.9348255395889282 0.0037232523318380117 0.3550878167152405
vn -0.7034445405006409 0.004028461407870054 0.7107387185096741
vn -0.9348255395889282 0.0037232523318380117 0.3550878167152405
vn -0.6608976721763611 0.3416036069393158 0.6682224273681641
vn -0.8719382882118225 0.34166425466537476 0.3506980836391449
vn -0.5839266180992126 0.5561538934707642 0.5913734436035156
vn -0.8719382882118225 0.34166425466537476 0.3506980836391449
vn -0.6608976721763611 0.3416036069393158 0.6682224273681641
vn -0.8719382882118225 0.34166425466537476 0.3506980836391449
vn -0.5839266180992126 0.5561538934707642 0.5913734436035156
vn -0.6711201667785645 0.652808427810669 0.3513386845588684
vn -0.6711201667785645 0.652808427810669 0.3513386845588684
vn -0.9376417398452759 0.3475832939147949 0.0037234004121273756
vn -0.8719382882118225 0.34166425466537476 0.3506980836391449
vn -0.9376417398452759 0.3475832939147949 0.0037234004121273756
vn -0.6711201667785645 0.652808427810669 0.3513386845588684
vn -0.7116394639015198 0.7025448679924011 -0.000030404431527131237
vn -0.7116394639015198 0.7025448679924011 -0.000030404431527131237
vn -0.8733398914337158 0.3398933410644531 -0.34892693161964417
vn -0.9376417398452759 0.3475832939147949 0.0037234004121273756
vn -0.8733398914337158 0.3398933410644531 -0.34892693161964417
vn -0.7116394639015198 0.7025448679924011 -0.000030404431527131237
vn -0.6619951725006104 0.6619952321052551 -0.351460725069046
vn -0.6619951725006104 0.6619952321052551 -0.351460725069046
vn -0.6569581627845764 0.3391914665699005 -0.673316478729248
vn -0.8733398914337158 0.3398933410644531 -0.34892693161964417
vn -0.6569581627845764 0.3391914665699005 -0.673316478729248
vn -0.6619951725006104 0.6619952321052551 -0.351460725069046
vn -0.5653061270713806 0.5749807953834534 -0.5914609432220459
vn -1 -3.188731726986659e-39 -1.2246468525851679e-16
vn -0.8719382882118225 0.34166425466537476 0.3506980836391449
vn -0.9376417398452759 0.3475832939147949 0.0037234004121273756
vn -0.8719382882118225 0.34166425466537476 0.3506980836391449
vn -1 -3.188731726986659e-39 -1.2246468525851679e-16
vn -0.9348255395889282 0.0037232523318380117 0.3550878167152405
vn -0.9376417398452759 -0.3475832939147949 -0.0037234004121273756
vn -0.9348255395889282 0.0037232523318380117 0.3550878167152405
vn -1 -3.188731726986659e-39 -1.2246468525851679e-16
vn -0.9348255395889282 0.0037232523318380117 0.3550878167152405
vn -0.9376417398452759 -0.3475832939147949 -0.0037234004121273756
vn -0.8733049631118774 -0.339922159910202 0.3489862084388733
vn -1 -3.188731726986659e-39 -1.2246468525851679e-16
vn -0.871955156326294 -0.34168943762779236 -0.35063156485557556
vn -0.9376417398452759 -0.3475832939147949 -0.0037234004121273756
vn -0.871955156326294 -0.34168943762779236 -0.35063156485557556
vn -1 -3.188731726986659e-39 -1.2246468525851679e-16
vn -0.9348256587982178 -0.003692733822390437 -0.35508787631988525
vn -0.9376417398452759 0.3475832939147949 0.0037234004121273756
vn -0.9348256587982178 -0.003692733822390437 -0.35508787631988525
vn -1 -3.188731726986659e-39 -1.2246468525851679e-16
vn -0.9348256587982178 -0.003692733822390437 -0.35508787631988525
vn -0.9376417398452759 0.3475832939147949 0.0037234004121273756
vn -0.8733398914337158 0.3398933410644531 -0.34892693161964417
vn -0.8733398914337158 0.3398933410644531 -0.34892693161964417
vn -0.7034657001495361 -0.00003040332558157388 -0.7107292413711548
vn -0.9348256587982178 -0.003692733822390437 -0.35508787631988525
vn -0.7034657001495361 -0.00003040332558157388 -0.7107292413711548
vn -0.8733398914337158 0.3398933410644531 -0.34892693161964417
vn -0.6569581627845764 0.3391914665699005 -0.673316478729248
vn 0.5840067863464355 -0.5560822486877441 0.5913617014884949
vn 0.8719733357429504 -0.34163564443588257 0.3506387770175934
vn 0.6608973741531372 -0.34166470170021057 0.6681914925575256
vn 0.8719733357429504 -0.34163564443588257 0.3506387770175934
vn 0.5840067863464355 -0.5560822486877441 0.5913617014884949
vn 0.6711191534996033 -0.6527770757675171 0.3513989746570587
vn 0.6711191534996033 -0.6527770757675171 0.3513989746570587
vn 0.9376654028892517 -0.34751972556114197 0.0036927410401403904
vn 0.8719733357429504 -0.34163564443588257 0.3506387770175934
vn 0.9376654028892517 -0.34751972556114197 0.0036927410401403904
vn 0.6711191534996033 -0.6527770757675171 0.3513989746570587
vn 0.7116394639015198 -0.7025448679924011 -0.00006115224095992744
vn 0.8733398914337158 -0.3398932218551636 -0.3489270508289337
vn 0.7116394639015198 -0.7025448679924011 -0.00006115224095992744
vn 0.6619701385498047 -0.6619700789451599 -0.35155537724494934
vn 0.7116394639015198 -0.7025448679924011 -0.00006115224095992744
vn 0.8733398914337158 -0.3398932218551636 -0.3489270508289337
vn 0.9376654028892517 -0.34751972556114197 0.0036927410401403904
vn 0.9348597526550293 0.003723382716998458 -0.3549976944923401
vn 0.9376654028892517 -0.34751972556114197 0.0036927410401403904
vn 0.8733398914337158 -0.3398932218551636 -0.3489270508289337
vn 0.9376654028892517 -0.34751972556114197 0.0036927410401403904
vn 0.9348597526550293 0.003723382716998458 -0.3549976944923401
vn 1 3.188731726986659e-39 1.2246468525851679e-16
vn 1 3.188731726986659e-39 1.2246468525851679e-16
vn 0.8719733357429504 -0.34163564443588257 0.3506387770175934
vn 0.9376654028892517 -0.34751972556114197 0.0036927410401403904
vn 0.8719733357429504 -0.34163564443588257 0.3506387770175934
vn 1 3.188731726986659e-39 1.2246468525851679e-16
vn 0.9348597526550293 -0.003723382716998458 0.3549976944923401
vn 0.9348597526550293 -0.003723382716998458 0.3549976944923401
vn 0.6608973741531372 -0.34166470170021057 0.6681914925575256
vn 0.8719733357429504 -0.34163564443588257 0.3506387770175934
vn 0.6608973741531372 -0.34166470170021057 0.6681914925575256
vn 0.9348597526550293 -0.003723382716998458 0.3549976944923401
vn 0.7034444808959961 -0.004059212282299995 0.7107386589050293
vn 0.6620885133743286 0.3369343876838684 0.6694132089614868
vn 0.6619943976402283 0.6619638204574585 0.3515215218067169
vn 0.5716589093208313 0.5813639760017395 0.5789836049079895
vn 0.6619943976402283 0.6619638204574585 0.3515215218067169
vn 0.6620885133743286 0.3369343876838684 0.6694132089614868
vn 0.8733564019203186 0.339887797832489 0.34889093041419983
vn 0.7034444808959961 -0.004059212282299995 0.7107386589050293
vn 0.8733564019203186 0.339887797832489 0.34889093041419983
vn 0.6620885133743286 0.3369343876838684 0.6694132089614868
vn 0.8733564019203186 0.339887797832489 0.34889093041419983
vn 0.7034444808959961 -0.004059212282299995 0.7107386589050293
vn 0.9348597526550293 -0.003723382716998458 0.3549976944923401
vn 0.9348597526550293 -0.003723382716998458 0.3549976944923401
vn 0.9376651644706726 0.3475196361541748 -0.0037537780590355396
vn 0.8733564019203186 0.339887797832489 0.34889093041419983
vn 0.9376651644706726 0.3475196361541748 -0.0037537780590355396
vn 0.9348597526550293 -0.003723382716998458 0.3549976944923401
vn 1 3.188731726986659e-39 1.2246468525851679e-16
vn 1 3.188731726986659e-39 1.2246468525851679e-16
vn 0.8719733357429504 0.34163564443588257 -0.3506387770175934
vn 0.9376651644706726 0.3475196361541748 -0.0037537780590355396
vn 0.8719733357429504 0.34163564443588257 -0.3506387770175934
vn 1 3.188731726986659e-39 1.2246468525851679e-16
vn 0.9348597526550293 0.003723382716998458 -0.3549976944923401
vn 0.9348597526550293 0.003723382716998458 -0.3549976944923401
vn 0.6659879684448242 0.33934205770492554 -0.6643093824386597
vn 0.8719733357429504 0.34163564443588257 -0.3506387770175934
vn 0.6659879684448242 0.33934205770492554 -0.6643093824386597
vn 0.9348597526550293 0.003723382716998458 -0.3549976944923401
vn 0.7034350037574768 1.1579743386391783e-7 -0.7107595801353455
vn 0.8733398914337158 -0.3398932218551636 -0.3489270508289337
vn 0.7034350037574768 1.1579743386391783e-7 -0.7107595801353455
vn 0.9348597526550293 0.003723382716998458 -0.3549976944923401
vn 0.7034350037574768 1.1579743386391783e-7 -0.7107595801353455
vn 0.8733398914337158 -0.3398932218551636 -0.3489270508289337
vn 0.656964898109436 -0.33922523260116577 -0.6732929348945618
vn 0.6619701385498047 -0.6619700789451599 -0.35155537724494934
vn 0.656964898109436 -0.33922523260116577 -0.6732929348945618
vn 0.8733398914337158 -0.3398932218551636 -0.3489270508289337
vn 0.656964898109436 -0.33922523260116577 -0.6732929348945618
vn 0.6619701385498047 -0.6619700789451599 -0.35155537724494934
vn 0.5652543902397156 -0.5749900341033936 -0.5915014147758484
vn 0.5903706550598145 0.5625064373016357 -0.5788341760635376
vn 0.8719733357429504 0.34163564443588257 -0.3506387770175934
vn 0.6659879684448242 0.33934205770492554 -0.6643093824386597
vn 0.8719733357429504 0.34163564443588257 -0.3506387770175934
vn 0.5903706550598145 0.5625064373016357 -0.5788341760635376
vn 0.6711191534996033 0.6527770757675171 -0.3513989746570587
vn 0.6711191534996033 0.6527770757675171 -0.3513989746570587
vn 0.9376651644706726 0.3475196361541748 -0.0037537780590355396
vn 0.8719733357429504 0.34163564443588257 -0.3506387770175934
vn 0.9376651644706726 0.3475196361541748 -0.0037537780590355396
vn 0.6711191534996033 0.6527770757675171 -0.3513989746570587
vn 0.7116394639015198 0.7025448679924011 1.1445908398854954e-7
vn 0.7116394639015198 0.7025448679924011 1.1445908398854954e-7
vn 0.8733564019203186 0.339887797832489 0.34889093041419983
vn 0.9376651644706726 0.3475196361541748 -0.0037537780590355396
vn 0.8733564019203186 0.339887797832489 0.34889093041419983
vn 0.7116394639015198 0.7025448679924011 1.1445908398854954e-7
vn 0.6619943976402283 0.6619638204574585 0.3515215218067169
vn 0.3460889160633087 0.6596441864967346 0.6671521663665771
vn 0.6620271801948547 0.33693423867225647 0.6694739460945129
vn 0.5716896653175354 0.5812726616859436 0.5790448784828186
vn 0.00006103889609221369 0.6988646984100342 0.7152538895606995
vn 0.34260794520378113 0.3376026749610901 0.87672358751297
vn 0.3460889160633087 0.6596441864967346 0.6671521663665771
vn 0.6620271801948547 0.33693423867225647 0.6694739460945129
vn 0.3460889160633087 0.6596441864967346 0.6671521663665771
vn 0.34260794520378113 0.3376026749610901 0.87672358751297
vn 0.34260794520378113 0.3376026749610901 0.87672358751297
vn 0.7034445405006409 -0.0040286933071911335 0.7107387185096741
vn 0.6620271801948547 0.33693423867225647 0.6694739460945129
vn -0.34587720036506653 0.6505529880523682 0.6761285066604614
vn -0.0036928164772689342 0.3441947400569916 0.9388909935951233
vn 0.00006103889609221369 0.6988646984100342 0.7152538895606995
vn 0.34260794520378113 0.3376026749610901 0.87672358751297
vn 0.00006103889609221369 0.6988646984100342 0.7152538895606995
vn -0.0036928164772689342 0.3441947400569916 0.9388909935951233
vn -0.0036928164772689342 0.3441947400569916 0.9388909935951233
vn 0.34834355115890503 -0.0036929482594132423 0.9373596906661987
vn 0.34260794520378113 0.3376026749610901 0.87672358751297
vn 0.7034445405006409 -0.0040286933071911335 0.7107387185096741
vn 0.34260794520378113 0.3376026749610901 0.87672358751297
vn 0.34834355115890503 -0.0036929482594132423 0.9373596906661987
vn 0.34834355115890503 -0.0036929482594132423 0.9373596906661987
vn 0.6608976721763611 -0.3416038155555725 0.6682223081588745
vn 0.7034445405006409 -0.0040286933071911335 0.7107387185096741
vn 0.34584319591522217 -0.650546669960022 0.6761519908905029
vn 0.003662297734990716 -0.34419509768486023 0.9388909935951233
vn -0.00009155834413832054 -0.6988649368286133 0.7152536511421204
vn 0.003662297734990716 -0.34419509768486023 0.9388909935951233
vn 0.34584319591522217 -0.650546669960022 0.6761519908905029
vn 0.3443136513233185 -0.3393697440624237 0.875372052192688
vn 0.5839266180992126 -0.5561541318893433 0.5913732647895813
vn 0.3443136513233185 -0.3393697440624237 0.875372052192688
vn 0.34584319591522217 -0.650546669960022 0.6761519908905029
vn 0.3443136513233185 -0.3393697440624237 0.875372052192688
vn 0.5839266180992126 -0.5561541318893433 0.5913732647895813
vn 0.6608976721763611 -0.3416038155555725 0.6682223081588745
vn 0.6608976721763611 -0.3416038155555725 0.6682223081588745
vn 0.34834355115890503 -0.0036929482594132423 0.9373596906661987
vn 0.3443136513233185 -0.3393697440624237 0.875372052192688
vn -1.2246468525851679e-16 -1.6292068494294654e-7 1
vn 0.3443136513233185 -0.3393697440624237 0.875372052192688
vn 0.34834355115890503 -0.0036929482594132423 0.9373596906661987
vn 0.34834355115890503 -0.0036929482594132423 0.9373596906661987
vn -0.0036928164772689342 0.3441947400569916 0.9388909935951233
vn -1.2246468525851679e-16 -1.6292068494294654e-7 1
vn -0.34434977173805237 0.33937495946884155 0.8753558397293091
vn -1.2246468525851679e-16 -1.6292068494294654e-7 1
vn -0.0036928164772689342 0.3441947400569916 0.9388909935951233
vn -0.0036928164772689342 0.3441947400569916 0.9388909935951233
vn -0.34587720036506653 0.6505529880523682 0.6761285066604614
vn -0.34434977173805237 0.33937495946884155 0.8753558397293091
vn -0.5839266180992126 0.5561538934707642 0.5913734436035156
vn -0.34434977173805237 0.33937495946884155 0.8753558397293091
vn -0.34587720036506653 0.6505529880523682 0.6761285066604614
vn -0.34434977173805237 0.33937495946884155 0.8753558397293091
vn -0.5839266180992126 0.5561538934707642 0.5913734436035156
vn -0.6608976721763611 0.3416036069393158 0.6682224273681641
vn -0.6608976721763611 0.3416036069393158 0.6682224273681641
vn -0.34834355115890503 0.0036926427856087685 0.9373596906661987
vn -0.34434977173805237 0.33937495946884155 0.8753558397293091
vn -0.34834355115890503 0.0036926427856087685 0.9373596906661987
vn -0.6608976721763611 0.3416036069393158 0.6682224273681641
vn -0.7034445405006409 0.004028461407870054 0.7107387185096741
vn -0.7034445405006409 0.004028461407870054 0.7107387185096741
vn -0.34260794520378113 -0.3376029431819916 0.8767234683036804
vn -0.34834355115890503 0.0036926427856087685 0.9373596906661987
vn -0.34260794520378113 -0.3376029431819916 0.8767234683036804
vn -0.7034445405006409 0.004028461407870054 0.7107387185096741
vn -0.6620271801948547 -0.3369344472885132 0.6694738268852234
vn -0.6620271801948547 -0.3369344472885132 0.6694738268852234
vn -0.3460889160633087 -0.6596444249153137 0.667151927947998
vn -0.34260794520378113 -0.3376029431819916 0.8767234683036804
vn -0.3460889160633087 -0.6596444249153137 0.667151927947998
vn -0.6620271801948547 -0.3369344472885132 0.6694738268852234
vn -0.5716997981071472 -0.5812526345252991 0.5790549516677856
vn 0.3443136513233185 -0.3393697440624237 0.875372052192688
vn -1.2246468525851679e-16 -1.6292068494294654e-7 1
vn 0.003662297734990716 -0.34419509768486023 0.9388909935951233
vn -0.34834355115890503 0.0036926427856087685 0.9373596906661987
vn 0.003662297734990716 -0.34419509768486023 0.9388909935951233
vn -1.2246468525851679e-16 -1.6292068494294654e-7 1
vn -1.2246468525851679e-16 -1.6292068494294654e-7 1
vn -0.34434977173805237 0.33937495946884155 0.8753558397293091
vn -0.34834355115890503 0.0036926427856087685 0.9373596906661987
vn 0.003662297734990716 -0.34419509768486023 0.9388909935951233
vn -0.34834355115890503 0.0036926427856087685 0.9373596906661987
vn -0.34260794520378113 -0.3376029431819916 0.8767234683036804
vn -0.34260794520378113 -0.3376029431819916 0.8767234683036804
vn -0.00009155834413832054 -0.6988649368286133 0.7152536511421204
vn 0.003662297734990716 -0.34419509768486023 0.9388909935951233
vn -0.00009155834413832054 -0.6988649368286133 0.7152536511421204
vn -0.34260794520378113 -0.3376029431819916 0.8767234683036804
vn -0.3460889160633087 -0.6596444249153137 0.667151927947998
vn 0.003784396219998598 -0.933189332485199 -0.35936519503593445
vn -0.356035977602005 -0.934464693069458 0.0037536986637860537
vn -0.3478870093822479 -0.8689697980880737 -0.3519462049007416
vn -0.3478870093822479 -0.8689697980880737 -0.3519462049007416
vn 0.004089571535587311 -0.6988588571548462 -0.7152478694915771
vn 0.003784396219998598 -0.933189332485199 -0.35936519503593445
vn 0.34834474325180054 -0.6545730233192444 -0.6709620356559753
vn 0.003784396219998598 -0.933189332485199 -0.35936519503593445
vn 0.004089571535587311 -0.6988588571548462 -0.7152478694915771
vn 0.004089571535587311 -0.6988588571548462 -0.7152478694915771
vn -0.3478870093822479 -0.8689697980880737 -0.3519462049007416
vn -0.343707412481308 -0.6557052731513977 -0.6722468733787537
vn 0.5652543902397156 -0.5749900341033936 -0.5915014147758484
vn 0.3495938181877136 -0.8675907850265503 -0.3536529541015625
vn 0.34834474325180054 -0.6545730233192444 -0.6709620356559753
vn 0.003784396219998598 -0.933189332485199 -0.35936519503593445
vn 0.34834474325180054 -0.6545730233192444 -0.6709620356559753
vn 0.3495938181877136 -0.8675907850265503 -0.3536529541015625
vn 0.3495938181877136 -0.8675907850265503 -0.3536529541015625
vn 1.9952029364752685e-23 -1 -1.6292068494294654e-7
vn 0.003784396219998598 -0.933189332485199 -0.35936519503593445
vn -0.356035977602005 -0.934464693069458 0.0037536986637860537
vn 0.003784396219998598 -0.933189332485199 -0.35936519503593445
vn 1.9952029364752685e-23 -1 -1.6292068494294654e-7
vn 1.9952029364752685e-23 -1 -1.6292068494294654e-7
vn -0.34959760308265686 -0.8676002621650696 0.35362598299980164
vn -0.356035977602005 -0.934464693069458 0.0037536986637860537
vn -0.343707412481308 -0.6557052731513977 -0.6722468733787537
vn -0.6711191534996033 -0.6527769565582275 -0.35139918327331543
vn -0.5903602242469788 -0.5624963045120239 -0.5788546800613403
vn -0.6711191534996033 -0.6527769565582275 -0.35139918327331543
vn -0.343707412481308 -0.6557052731513977 -0.6722468733787537
vn -0.3478870093822479 -0.8689697980880737 -0.3519462049007416
vn -0.3478870093822479 -0.8689697980880737 -0.3519462049007416
vn -0.7116394639015198 -0.7025448679924011 -1.1445908398854954e-7
vn -0.6711191534996033 -0.6527769565582275 -0.35139918327331543
vn -0.7116394639015198 -0.7025448679924011 -1.1445908398854954e-7
vn -0.3478870093822479 -0.8689697980880737 -0.3519462049007416
vn -0.356035977602005 -0.934464693069458 0.0037536986637860537
vn -0.356035977602005 -0.934464693069458 0.0037536986637860537
vn -0.6619943976402283 -0.661963939666748 0.3515213131904602
vn -0.7116394639015198 -0.7025448679924011 -1.1445908398854954e-7
vn -0.6619943976402283 -0.661963939666748 0.3515213131904602
vn -0.356035977602005 -0.934464693069458 0.0037536986637860537
vn -0.34959760308265686 -0.8676002621650696 0.35362598299980164
vn -0.34959760308265686 -0.8676002621650696 0.35362598299980164
vn -0.5716589093208313 -0.5813641548156738 0.5789834260940552
vn -0.6619943976402283 -0.661963939666748 0.3515213131904602
vn -0.5716589093208313 -0.5813641548156738 0.5789834260940552
vn -0.34959760308265686 -0.8676002621650696 0.35362598299980164
vn -0.34614983201026917 -0.6597052216529846 0.6670601963996887
vn -0.003784396219998598 -0.9331894516944885 0.35936489701271057
vn -0.34614983201026917 -0.6597052216529846 0.6670601963996887
vn -0.34959760308265686 -0.8676002621650696 0.35362598299980164
vn -0.34959760308265686 -0.8676002621650696 0.35362598299980164
vn 1.9952029364752685e-23 -1 -1.6292068494294654e-7
vn -0.003784396219998598 -0.9331894516944885 0.35936489701271057
vn 0.3560359477996826 -0.9344645738601685 -0.003784521948546171
vn -0.003784396219998598 -0.9331894516944885 0.35936489701271057
vn 1.9952029364752685e-23 -1 -1.6292068494294654e-7
vn 1.9952029364752685e-23 -1 -1.6292068494294654e-7
vn 0.3495938181877136 -0.8675907850265503 -0.3536529541015625
vn 0.3560359477996826 -0.9344645738601685 -0.003784521948546171
vn 0.6619701385498047 -0.6619700789451599 -0.35155537724494934
vn 0.3560359477996826 -0.9344645738601685 -0.003784521948546171
vn 0.3495938181877136 -0.8675907850265503 -0.3536529541015625
vn 0.3495938181877136 -0.8675907850265503 -0.3536529541015625
vn 0.5652543902397156 -0.5749900341033936 -0.5915014147758484
vn 0.6619701385498047 -0.6619700789451599 -0.35155537724494934
vn -0.34614983201026917 -0.6597052216529846 0.6670601963996887
vn -0.003784396219998598 -0.9331894516944885 0.35936489701271057
vn -0.00006103889609221369 -0.6988649368286133 0.7152536511421204
vn 0.3478907644748688 -0.8689792156219482 0.35191917419433594
vn -0.00006103889609221369 -0.6988649368286133 0.7152536511421204
vn -0.003784396219998598 -0.9331894516944885 0.35936489701271057
vn -0.003784396219998598 -0.9331894516944885 0.35936489701271057
vn 0.3560359477996826 -0.9344645738601685 -0.003784521948546171
vn 0.3478907644748688 -0.8689792156219482 0.35191917419433594
vn 0.7116394639015198 -0.7025448679924011 -0.00006115224095992744
vn 0.3478907644748688 -0.8689792156219482 0.35191917419433594
vn 0.3560359477996826 -0.9344645738601685 -0.003784521948546171
vn 0.3560359477996826 -0.9344645738601685 -0.003784521948546171
vn 0.6619701385498047 -0.6619700789451599 -0.35155537724494934
vn 0.7116394639015198 -0.7025448679924011 -0.00006115224095992744
vn -0.00006103889609221369 -0.6988649368286133 0.7152536511421204
vn 0.3478907644748688 -0.8689792156219482 0.35191917419433594
vn 0.34587720036506653 -0.6505532264709473 0.6761283278465271
vn 0.6711191534996033 -0.6527770757675171 0.3513989746570587
vn 0.34587720036506653 -0.6505532264709473 0.6761283278465271
vn 0.3478907644748688 -0.8689792156219482 0.35191917419433594
vn 0.3478907644748688 -0.8689792156219482 0.35191917419433594
vn 0.7116394639015198 -0.7025448679924011 -0.00006115224095992744
vn 0.6711191534996033 -0.6527770757675171 0.3513989746570587
vn 0.34587720036506653 -0.6505532264709473 0.6761283278465271
vn 0.6711191534996033 -0.6527770757675171 0.3513989746570587
vn 0.5840067863464355 -0.5560822486877441 0.5913617014884949
vn -0.344317227602005 0.33934271335601807 -0.8753811717033386
vn 1.2246468525851679e-16 1.6292068494294654e-7 -1
vn -0.3483435809612274 0.003662429517135024 -0.9373597502708435
vn 0.003662336152046919 -0.34416788816452026 -0.9389010071754456
vn -0.3483435809612274 0.003662429517135024 -0.9373597502708435
vn 1.2246468525851679e-16 1.6292068494294654e-7 -1
vn -0.3483435809612274 0.003662429517135024 -0.9373597502708435
vn 0.003662336152046919 -0.34416788816452026 -0.9389010071754456
vn -0.3425193727016449 -0.33751407265663147 -0.876792311668396
vn 1.2246468525851679e-16 1.6292068494294654e-7 -1
vn 0.3442903459072113 -0.3393460214138031 -0.8753904700279236
vn 0.003662336152046919 -0.34416788816452026 -0.9389010071754456
vn 0.3442903459072113 -0.3393460214138031 -0.8753904700279236
vn 1.2246468525851679e-16 1.6292068494294654e-7 -1
vn 0.3483167588710785 -0.003662163158878684 -0.9373697638511658
vn -0.003662336152046919 0.34416818618774414 -0.938900887966156
vn 0.3483167588710785 -0.003662163158878684 -0.9373697638511658
vn 1.2246468525851679e-16 1.6292068494294654e-7 -1
vn 1.2246468525851679e-16 1.6292068494294654e-7 -1
vn -0.344317227602005 0.33934271335601807 -0.8753811717033386
vn -0.003662336152046919 0.34416818618774414 -0.938900887966156
vn -0.3483785390853882 0.6545488834381104 -0.6709681153297424
vn -0.003662336152046919 0.34416818618774414 -0.938900887966156
vn -0.344317227602005 0.33934271335601807 -0.8753811717033386
vn -0.344317227602005 0.33934271335601807 -0.8753811717033386
vn -0.5652543902397156 0.5749902725219727 -0.5915012359619141
vn -0.3483785390853882 0.6545488834381104 -0.6709681153297424
vn -0.5652543902397156 0.5749902725219727 -0.5915012359619141
vn -0.344317227602005 0.33934271335601807 -0.8753811717033386
vn -0.656964898109436 0.3392254412174225 -0.6732928156852722
vn -0.3483435809612274 0.003662429517135024 -0.9373597502708435
vn -0.656964898109436 0.3392254412174225 -0.6732928156852722
vn -0.344317227602005 0.33934271335601807 -0.8753811717033386
vn -0.656964898109436 0.3392254412174225 -0.6732928156852722
vn -0.3483435809612274 0.003662429517135024 -0.9373597502708435
vn -0.7034350037574768 1.1579743386391783e-7 -0.7107595801353455
vn -0.3425193727016449 -0.33751407265663147 -0.876792311668396
vn -0.7034350037574768 1.1579743386391783e-7 -0.7107595801353455
vn -0.3483435809612274 0.003662429517135024 -0.9373597502708435
vn -0.7034350037574768 1.1579743386391783e-7 -0.7107595801353455
vn -0.3425193727016449 -0.33751407265663147 -0.876792311668396
vn -0.6659879684448242 -0.3393418490886688 -0.6643095016479492
vn 0.3483167588710785 -0.003662163158878684 -0.9373697638511658
vn -0.003662336152046919 0.34416818618774414 -0.938900887966156
vn 0.3424832820892334 0.3375088572502136 -0.8768084049224854
vn -0.004120090510696173 0.6988590359687805 -0.7152475714683533
vn 0.3424832820892334 0.3375088572502136 -0.8768084049224854
vn -0.003662336152046919 0.34416818618774414 -0.938900887966156
vn -0.003662336152046919 0.34416818618774414 -0.938900887966156
vn -0.3483785390853882 0.6545488834381104 -0.6709681153297424
vn -0.004120090510696173 0.6988590359687805 -0.7152475714683533
vn 0.3424832820892334 0.3375088572502136 -0.8768084049224854
vn -0.004120090510696173 0.6988590359687805 -0.7152475714683533
vn 0.343673437833786 0.6556988954544067 -0.6722704172134399
vn -0.6659879684448242 -0.3393418490886688 -0.6643095016479492
vn -0.343707412481308 -0.6557052731513977 -0.6722468733787537
vn -0.5903602242469788 -0.5624963045120239 -0.5788546800613403
vn -0.343707412481308 -0.6557052731513977 -0.6722468733787537
vn -0.6659879684448242 -0.3393418490886688 -0.6643095016479492
vn -0.3425193727016449 -0.33751407265663147 -0.876792311668396
vn -0.3425193727016449 -0.33751407265663147 -0.876792311668396
vn 0.004089571535587311 -0.6988588571548462 -0.7152478694915771
vn -0.343707412481308 -0.6557052731513977 -0.6722468733787537
vn 0.004089571535587311 -0.6988588571548462 -0.7152478694915771
vn -0.3425193727016449 -0.33751407265663147 -0.876792311668396
vn 0.003662336152046919 -0.34416788816452026 -0.9389010071754456
vn 0.003662336152046919 -0.34416788816452026 -0.9389010071754456
vn 0.34834474325180054 -0.6545730233192444 -0.6709620356559753
vn 0.004089571535587311 -0.6988588571548462 -0.7152478694915771
vn 0.34834474325180054 -0.6545730233192444 -0.6709620356559753
vn 0.003662336152046919 -0.34416788816452026 -0.9389010071754456
vn 0.3442903459072113 -0.3393460214138031 -0.8753904700279236
vn 0.3442903459072113 -0.3393460214138031 -0.8753904700279236
vn 0.5652543902397156 -0.5749900341033936 -0.5915014147758484
vn 0.34834474325180054 -0.6545730233192444 -0.6709620356559753
vn 0.5652543902397156 -0.5749900341033936 -0.5915014147758484
vn 0.3442903459072113 -0.3393460214138031 -0.8753904700279236
vn 0.656964898109436 -0.33922523260116577 -0.6732929348945618
vn 0.3483167588710785 -0.003662163158878684 -0.9373697638511658
vn 0.656964898109436 -0.33922523260116577 -0.6732929348945618
vn 0.3442903459072113 -0.3393460214138031 -0.8753904700279236
vn 0.656964898109436 -0.33922523260116577 -0.6732929348945618
vn 0.3483167588710785 -0.003662163158878684 -0.9373697638511658
vn 0.7034350037574768 1.1579743386391783e-7 -0.7107595801353455
vn 0.3424832820892334 0.3375088572502136 -0.8768084049224854
vn 0.7034350037574768 1.1579743386391783e-7 -0.7107595801353455
vn 0.3483167588710785 -0.003662163158878684 -0.9373697638511658
vn 0.7034350037574768 1.1579743386391783e-7 -0.7107595801353455
vn 0.3424832820892334 0.3375088572502136 -0.8768084049224854
vn 0.6659879684448242 0.33934205770492554 -0.6643093824386597
vn 0.343673437833786 0.6556988954544067 -0.6722704172134399
vn 0.6659879684448242 0.33934205770492554 -0.6643093824386597
vn 0.3424832820892334 0.3375088572502136 -0.8768084049224854
vn 0.6659879684448242 0.33934205770492554 -0.6643093824386597
vn 0.343673437833786 0.6556988954544067 -0.6722704172134399
vn 0.5903706550598145 0.5625064373016357 -0.5788341760635376
vn -0.6659342050552368 -0.3392539918422699 -0.664408266544342
vn -0.343612402677536 -0.6556681394577026 -0.6723316311836243
vn -0.5903712511062622 -0.5625678300857544 -0.5787739157676697
vn -0.7034657001495361 -0.00003040332558157388 -0.7107292413711548
vn -0.3425427973270416 -0.33753758668899536 -0.8767740726470947
vn -0.6659342050552368 -0.3392539918422699 -0.664408266544342
vn -0.343612402677536 -0.6556681394577026 -0.6723316311836243
vn -0.6659342050552368 -0.3392539918422699 -0.664408266544342
vn -0.3425427973270416 -0.33753758668899536 -0.8767740726470947
vn -0.3425427973270416 -0.33753758668899536 -0.8767740726470947
vn 0.004028536379337311 -0.6988899111747742 -0.7152178883552551
vn -0.343612402677536 -0.6556681394577026 -0.6723316311836243
vn -0.6569581627845764 0.3391914665699005 -0.673316478729248
vn -0.3483167588710785 0.003662468632683158 -0.9373697638511658
vn -0.7034657001495361 -0.00003040332558157388 -0.7107292413711548
vn -0.3425427973270416 -0.33753758668899536 -0.8767740726470947
vn -0.7034657001495361 -0.00003040332558157388 -0.7107292413711548
vn -0.3483167588710785 0.003662468632683158 -0.9373697638511658
vn -0.3483167588710785 0.003662468632683158 -0.9373697638511658
vn 0.003662336152046919 -0.34416788816452026 -0.9389010071754456
vn -0.3425427973270416 -0.33753758668899536 -0.8767740726470947
vn 0.004028536379337311 -0.6988899111747742 -0.7152178883552551
vn -0.3425427973270416 -0.33753758668899536 -0.8767740726470947
vn 0.003662336152046919 -0.34416788816452026 -0.9389010071754456
vn 0.003662336152046919 -0.34416788816452026 -0.9389010071754456
vn 0.3483444154262543 -0.6545113325119019 -0.6710224151611328
vn 0.004028536379337311 -0.6988899111747742 -0.7152178883552551
vn 0.6659342050552368 0.3392542004585266 -0.6644081473350525
vn 0.34358546137809753 0.6556752324104309 -0.6723384857177734
vn 0.5903712511062622 0.5625680088996887 -0.5787737369537354
vn 0.34358546137809753 0.6556752324104309 -0.6723384857177734
vn 0.6659342050552368 0.3392542004585266 -0.6644081473350525
vn 0.34251585602760315 0.337541401386261 -0.8767831325531006
vn 0.34251585602760315 0.337541401386261 -0.8767831325531006
vn -0.004058966413140297 0.698874831199646 -0.7152324914932251
vn 0.34358546137809753 0.6556752324104309 -0.6723384857177734
vn -0.004058966413140297 0.698874831199646 -0.7152324914932251
vn 0.34251585602760315 0.337541401386261 -0.8767831325531006
vn -0.003692855127155781 0.34416815638542175 -0.9389007687568665
vn -0.003692855127155781 0.34416815638542175 -0.9389007687568665
vn -0.3483444154262543 0.654511570930481 -0.6710221767425537
vn -0.004058966413140297 0.698874831199646 -0.7152324914932251
vn -0.3483444154262543 0.654511570930481 -0.6710221767425537
vn -0.003692855127155781 0.34416815638542175 -0.9389007687568665
vn -0.34428471326828003 0.3393102288246155 -0.8754065632820129
vn -0.34428471326828003 0.3393102288246155 -0.8754065632820129
vn -0.5653061270713806 0.5749807953834534 -0.5914609432220459
vn -0.3483444154262543 0.654511570930481 -0.6710221767425537
vn -0.5653061270713806 0.5749807953834534 -0.5914609432220459
vn -0.34428471326828003 0.3393102288246155 -0.8754065632820129
vn -0.6569581627845764 0.3391914665699005 -0.673316478729248
vn -0.3483167588710785 0.003662468632683158 -0.9373697638511658
vn -0.6569581627845764 0.3391914665699005 -0.673316478729248
vn -0.34428471326828003 0.3393102288246155 -0.8754065632820129
vn -0.34428471326828003 0.3393102288246155 -0.8754065632820129
vn 1.2246468525851679e-16 1.6292068494294654e-7 -1
vn -0.3483167588710785 0.003662468632683158 -0.9373697638511658
vn 0.003662336152046919 -0.34416788816452026 -0.9389010071754456
vn -0.3483167588710785 0.003662468632683158 -0.9373697638511658
vn 1.2246468525851679e-16 1.6292068494294654e-7 -1
vn 1.2246468525851679e-16 1.6292068494294654e-7 -1
vn 0.34428471326828003 -0.3393099308013916 -0.8754066824913025
vn 0.003662336152046919 -0.34416788816452026 -0.9389010071754456
vn 0.3483444154262543 -0.6545113325119019 -0.6710224151611328
vn 0.003662336152046919 -0.34416788816452026 -0.9389010071754456
vn 0.34428471326828003 -0.3393099308013916 -0.8754066824913025
vn 0.34428471326828003 -0.3393099308013916 -0.8754066824913025
vn 0.5653061270713806 -0.574980616569519 -0.591461181640625
vn 0.3483444154262543 -0.6545113325119019 -0.6710224151611328
vn 0.5653061270713806 -0.574980616569519 -0.591461181640625
vn 0.34428471326828003 -0.3393099308013916 -0.8754066824913025
vn 0.6569581627845764 -0.3391912579536438 -0.6733165979385376
vn 0.3483167588710785 -0.003662163158878684 -0.9373697638511658
vn 0.6569581627845764 -0.3391912579536438 -0.6733165979385376
vn 0.34428471326828003 -0.3393099308013916 -0.8754066824913025
vn 0.34428471326828003 -0.3393099308013916 -0.8754066824913025
vn 1.2246468525851679e-16 1.6292068494294654e-7 -1
vn 0.3483167588710785 -0.003662163158878684 -0.9373697638511658
vn -0.003692855127155781 0.34416815638542175 -0.9389007687568665
vn 0.3483167588710785 -0.003662163158878684 -0.9373697638511658
vn 1.2246468525851679e-16 1.6292068494294654e-7 -1
vn 1.2246468525851679e-16 1.6292068494294654e-7 -1
vn -0.34428471326828003 0.3393102288246155 -0.8754065632820129
vn -0.003692855127155781 0.34416815638542175 -0.9389007687568665
vn 0.3483167588710785 -0.003662163158878684 -0.9373697638511658
vn -0.003692855127155781 0.34416815638542175 -0.9389007687568665
vn 0.34251585602760315 0.337541401386261 -0.8767831325531006
vn 0.34251585602760315 0.337541401386261 -0.8767831325531006
vn 0.7034657001495361 0.00003063491021748632 -0.7107292413711548
vn 0.3483167588710785 -0.003662163158878684 -0.9373697638511658
vn 0.6569581627845764 -0.3391912579536438 -0.6733165979385376
vn 0.3483167588710785 -0.003662163158878684 -0.9373697638511658
vn 0.7034657001495361 0.00003063491021748632 -0.7107292413711548
vn 0.7034657001495361 0.00003063491021748632 -0.7107292413711548
vn 0.34251585602760315 0.337541401386261 -0.8767831325531006
vn 0.6659342050552368 0.3392542004585266 -0.6644081473350525
vn -0.3478907644748688 0.8689790964126587 0.3519194424152374
vn -0.7116394639015198 0.7025448679924011 -0.000060923321143491194
vn -0.6711191534996033 0.6527769565582275 0.35139918327331543
vn 0.003753877244889736 0.9331894516944885 0.35936522483825684
vn -0.3560359477996826 0.9344645738601685 -0.003784217406064272
vn -0.3478907644748688 0.8689790964126587 0.3519194424152374
vn -0.7116394639015198 0.7025448679924011 -0.000060923321143491194
vn -0.3478907644748688 0.8689790964126587 0.3519194424152374
vn -0.3560359477996826 0.9344645738601685 -0.003784217406064272
vn -0.3560359477996826 0.9344645738601685 -0.003784217406064272
vn -0.6619701385498047 0.6619701981544495 -0.3515551686286926
vn -0.7116394639015198 0.7025448679924011 -0.000060923321143491194
vn 0.34959760308265686 0.86760014295578 0.3536262512207031
vn -1.9952029364752685e-23 1 1.6292068494294654e-7
vn 0.003753877244889736 0.9331894516944885 0.35936522483825684
vn -0.3560359477996826 0.9344645738601685 -0.003784217406064272
vn 0.003753877244889736 0.9331894516944885 0.35936522483825684
vn -1.9952029364752685e-23 1 1.6292068494294654e-7
vn -1.9952029364752685e-23 1 1.6292068494294654e-7
vn -0.3495938181877136 0.8675909042358398 -0.353652685880661
vn -0.3560359477996826 0.9344645738601685 -0.003784217406064272
vn -0.6619701385498047 0.6619701981544495 -0.3515551686286926
vn -0.3560359477996826 0.9344645738601685 -0.003784217406064272
vn -0.3495938181877136 0.8675909042358398 -0.353652685880661
vn -0.3495938181877136 0.8675909042358398 -0.353652685880661
vn -0.5652543902397156 0.5749902725219727 -0.5915012359619141
vn -0.6619701385498047 0.6619701981544495 -0.3515551686286926
vn -0.5652543902397156 0.5749902725219727 -0.5915012359619141
vn -0.3495938181877136 0.8675909042358398 -0.353652685880661
vn -0.3483785390853882 0.6545488834381104 -0.6709681153297424
vn -0.003784396219998598 0.9331894516944885 -0.35936489701271057
vn -0.3483785390853882 0.6545488834381104 -0.6709681153297424
vn -0.3495938181877136 0.8675909042358398 -0.353652685880661
vn -0.3495938181877136 0.8675909042358398 -0.353652685880661
vn -1.9952029364752685e-23 1 1.6292068494294654e-7
vn -0.003784396219998598 0.9331894516944885 -0.35936489701271057
vn 0.356035977602005 0.934464693069458 0.003754003206267953
vn -0.003784396219998598 0.9331894516944885 -0.35936489701271057
vn -1.9952029364752685e-23 1 1.6292068494294654e-7
vn -1.9952029364752685e-23 1 1.6292068494294654e-7
vn 0.34959760308265686 0.86760014295578 0.3536262512207031
vn 0.356035977602005 0.934464693069458 0.003754003206267953
vn 0.6619943976402283 0.6619638204574585 0.3515215218067169
vn 0.356035977602005 0.934464693069458 0.003754003206267953
vn 0.34959760308265686 0.86760014295578 0.3536262512207031
vn 0.34959760308265686 0.86760014295578 0.3536262512207031
vn 0.5716589093208313 0.5813639760017395 0.5789836049079895
vn 0.6619943976402283 0.6619638204574585 0.3515215218067169
vn 0.5716589093208313 0.5813639760017395 0.5789836049079895
vn 0.34959760308265686 0.86760014295578 0.3536262512207031
vn 0.34611594676971436 0.6596985459327698 0.6670843958854675
vn 0.003753877244889736 0.9331894516944885 0.35936522483825684
vn 0.34611594676971436 0.6596985459327698 0.6670843958854675
vn 0.34959760308265686 0.86760014295578 0.3536262512207031
vn 0.34611594676971436 0.6596985459327698 0.6670843958854675
vn 0.003753877244889736 0.9331894516944885 0.35936522483825684
vn 0.000030519448046106845 0.6988646984100342 0.7152538895606995
vn -0.3478907644748688 0.8689790964126587 0.3519194424152374
vn 0.000030519448046106845 0.6988646984100342 0.7152538895606995
vn 0.003753877244889736 0.9331894516944885 0.35936522483825684
vn 0.000030519448046106845 0.6988646984100342 0.7152538895606995
vn -0.3478907644748688 0.8689790964126587 0.3519194424152374
vn -0.34590405225753784 0.650546133518219 0.6761213541030884
vn -0.6711191534996033 0.6527769565582275 0.35139918327331543
vn -0.34590405225753784 0.650546133518219 0.6761213541030884
vn -0.3478907644748688 0.8689790964126587 0.3519194424152374
vn -0.34590405225753784 0.650546133518219 0.6761213541030884
vn -0.6711191534996033 0.6527769565582275 0.35139918327331543
vn -0.584017276763916 0.5560920834541321 0.591342031955719
vn -0.3483785390853882 0.6545488834381104 -0.6709681153297424
vn -0.003784396219998598 0.9331894516944885 -0.35936489701271057
vn -0.004120090510696173 0.6988590359687805 -0.7152475714683533
vn 0.3478870093822479 0.8689699172973633 -0.3519459068775177
vn -0.004120090510696173 0.6988590359687805 -0.7152475714683533
vn -0.003784396219998598 0.9331894516944885 -0.35936489701271057
vn -0.003784396219998598 0.9331894516944885 -0.35936489701271057
vn 0.356035977602005 0.934464693069458 0.003754003206267953
vn 0.3478870093822479 0.8689699172973633 -0.3519459068775177
vn 0.7116394639015198 0.7025448679924011 1.1445908398854954e-7
vn 0.3478870093822479 0.8689699172973633 -0.3519459068775177
vn 0.356035977602005 0.934464693069458 0.003754003206267953
vn 0.356035977602005 0.934464693069458 0.003754003206267953
vn 0.6619943976402283 0.6619638204574585 0.3515215218067169
vn 0.7116394639015198 0.7025448679924011 1.1445908398854954e-7
vn -0.004120090510696173 0.6988590359687805 -0.7152475714683533
vn 0.3478870093822479 0.8689699172973633 -0.3519459068775177
vn 0.343673437833786 0.6556988954544067 -0.6722704172134399
vn 0.6711191534996033 0.6527770757675171 -0.3513989746570587
vn 0.343673437833786 0.6556988954544067 -0.6722704172134399
vn 0.3478870093822479 0.8689699172973633 -0.3519459068775177
vn 0.3478870093822479 0.8689699172973633 -0.3519459068775177
vn 0.7116394639015198 0.7025448679924011 1.1445908398854954e-7
vn 0.6711191534996033 0.6527770757675171 -0.3513989746570587
vn 0.343673437833786 0.6556988954544067 -0.6722704172134399
vn 0.6711191534996033 0.6527770757675171 -0.3513989746570587
vn 0.5903706550598145 0.5625064373016357 -0.5788341760635376
vn -0.6620816588401794 -0.33696165680885315 0.6694062352180481
vn -0.6619943976402283 -0.661963939666748 0.3515213131904602
vn -0.5716589093208313 -0.5813641548156738 0.5789834260940552
vn -0.7034444808959961 0.0040589808486402035 0.7107386589050293
vn -0.8733491897583008 -0.33989694714546204 0.34890010952949524
vn -0.6620816588401794 -0.33696165680885315 0.6694062352180481
vn -0.6619943976402283 -0.661963939666748 0.3515213131904602
vn -0.6620816588401794 -0.33696165680885315 0.6694062352180481
vn -0.8733491897583008 -0.33989694714546204 0.34890010952949524
vn -0.8733491897583008 -0.33989694714546204 0.34890010952949524
vn -0.7116394639015198 -0.7025448679924011 -1.1445908398854954e-7
vn -0.6619943976402283 -0.661963939666748 0.3515213131904602
vn -0.6608973741531372 0.34166449308395386 0.6681916117668152
vn -0.9348458051681519 0.003723332891240716 0.3550344705581665
vn -0.7034444808959961 0.0040589808486402035 0.7107386589050293
vn -0.8733491897583008 -0.33989694714546204 0.34890010952949524
vn -0.7034444808959961 0.0040589808486402035 0.7107386589050293
vn -0.9348458051681519 0.003723332891240716 0.3550344705581665
vn -0.9348458051681519 0.003723332891240716 0.3550344705581665
vn -0.9376417398452759 -0.3475832939147949 -0.0037234004121273756
vn -0.8733491897583008 -0.33989694714546204 0.34890010952949524
vn -0.7116394639015198 -0.7025448679924011 -1.1445908398854954e-7
vn -0.8733491897583008 -0.33989694714546204 0.34890010952949524
vn -0.9376417398452759 -0.3475832939147949 -0.0037234004121273756
vn -0.9376417398452759 -0.3475832939147949 -0.0037234004121273756
vn -0.6711191534996033 -0.6527769565582275 -0.35139918327331543
vn -0.7116394639015198 -0.7025448679924011 -1.1445908398854954e-7
vn -0.6659879684448242 -0.3393418490886688 -0.6643095016479492
vn -0.93483567237854 -0.003723292611539364 -0.3550611436367035
vn -0.7034350037574768 1.1579743386391783e-7 -0.7107595801353455
vn -0.93483567237854 -0.003723292611539364 -0.3550611436367035
vn -0.6659879684448242 -0.3393418490886688 -0.6643095016479492
vn -0.8719549179077148 -0.3416588306427002 -0.3506619930267334
vn -0.5903602242469788 -0.5624963045120239 -0.5788546800613403
vn -0.8719549179077148 -0.3416588306427002 -0.3506619930267334
vn -0.6659879684448242 -0.3393418490886688 -0.6643095016479492
vn -0.8719549179077148 -0.3416588306427002 -0.3506619930267334
vn -0.5903602242469788 -0.5624963045120239 -0.5788546800613403
vn -0.6711191534996033 -0.6527769565582275 -0.35139918327331543
vn -0.6711191534996033 -0.6527769565582275 -0.35139918327331543
vn -0.9376417398452759 -0.3475832939147949 -0.0037234004121273756
vn -0.8719549179077148 -0.3416588306427002 -0.3506619930267334
vn -1 -3.188731726986659e-39 -1.2246468525851679e-16
vn -0.8719549179077148 -0.3416588306427002 -0.3506619930267334
vn -0.9376417398452759 -0.3475832939147949 -0.0037234004121273756
vn -0.9376417398452759 -0.3475832939147949 -0.0037234004121273756
vn -0.9348458051681519 0.003723332891240716 0.3550344705581665
vn -1 -3.188731726986659e-39 -1.2246468525851679e-16
vn -0.8719642758369446 0.3416624665260315 0.35063523054122925
vn -1 -3.188731726986659e-39 -1.2246468525851679e-16
vn -0.9348458051681519 0.003723332891240716 0.3550344705581665
vn -0.9348458051681519 0.003723332891240716 0.3550344705581665
vn -0.6608973741531372 0.34166449308395386 0.6681916117668152
vn -0.8719642758369446 0.3416624665260315 0.35063523054122925
vn -0.584017276763916 0.5560920834541321 0.591342031955719
vn -0.8719642758369446 0.3416624665260315 0.35063523054122925
vn -0.6608973741531372 0.34166449308395386 0.6681916117668152
vn -0.8719642758369446 0.3416624665260315 0.35063523054122925
vn -0.584017276763916 0.5560920834541321 0.591342031955719
vn -0.6711191534996033 0.6527769565582275 0.35139918327331543
vn -0.6711191534996033 0.6527769565582275 0.35139918327331543
vn -0.9376417994499207 0.3475833237171173 0.0036928816698491573
vn -0.8719642758369446 0.3416624665260315 0.35063523054122925
vn -0.9376417994499207 0.3475833237171173 0.0036928816698491573
vn -0.6711191534996033 0.6527769565582275 0.35139918327331543
vn -0.7116394639015198 0.7025448679924011 -0.000060923321143491194
vn -0.7116394639015198 0.7025448679924011 -0.000060923321143491194
vn -0.8733398914337158 0.3398933410644531 -0.34892693161964417
vn -0.9376417994499207 0.3475833237171173 0.0036928816698491573
vn -0.8733398914337158 0.3398933410644531 -0.34892693161964417
vn -0.7116394639015198 0.7025448679924011 -0.000060923321143491194
vn -0.6619701385498047 0.6619701981544495 -0.3515551686286926
vn -0.6619701385498047 0.6619701981544495 -0.3515551686286926
vn -0.656964898109436 0.3392254412174225 -0.6732928156852722
vn -0.8733398914337158 0.3398933410644531 -0.34892693161964417
vn -0.656964898109436 0.3392254412174225 -0.6732928156852722
vn -0.6619701385498047 0.6619701981544495 -0.3515551686286926
vn -0.5652543902397156 0.5749902725219727 -0.5915012359619141
vn -0.8719549179077148 -0.3416588306427002 -0.3506619930267334
vn -1 -3.188731726986659e-39 -1.2246468525851679e-16
vn -0.93483567237854 -0.003723292611539364 -0.3550611436367035
vn -0.9376417994499207 0.3475833237171173 0.0036928816698491573
vn -0.93483567237854 -0.003723292611539364 -0.3550611436367035
vn -1 -3.188731726986659e-39 -1.2246468525851679e-16
vn -1 -3.188731726986659e-39 -1.2246468525851679e-16
vn -0.8719642758369446 0.3416624665260315 0.35063523054122925
vn -0.9376417994499207 0.3475833237171173 0.0036928816698491573
vn -0.93483567237854 -0.003723292611539364 -0.3550611436367035
vn -0.9376417994499207 0.3475833237171173 0.0036928816698491573
vn -0.8733398914337158 0.3398933410644531 -0.34892693161964417
vn -0.8733398914337158 0.3398933410644531 -0.34892693161964417
vn -0.7034350037574768 1.1579743386391783e-7 -0.7107595801353455
vn -0.93483567237854 -0.003723292611539364 -0.3550611436367035
vn -0.7034350037574768 1.1579743386391783e-7 -0.7107595801353455
vn -0.8733398914337158 0.3398933410644531 -0.34892693161964417
vn -0.656964898109436 0.3392254412174225 -0.6732928156852722
vn 0.5736609697341919 -0.5804054737091064 -0.577964186668396
vn 0.5886515974998474 0.5648466348648071 0.5783057808876038
vn 0.5736609697341919 -0.5804056525230408 0.5779640078544617
vn 0.5886515974998474 0.5648466348648071 0.5783057808876038
vn 0.5736609697341919 -0.5804054737091064 -0.577964186668396
vn 0.5886515974998474 0.5648468732833862 -0.5783055424690247
vn 0.5886515974998474 0.5648466348648071 0.5783057808876038
vn -0.5723636150360107 0.5842663049697876 -0.5753544569015503
vn -0.5723636150360107 0.5842661261558533 0.5753546357154846
vn -0.5723636150360107 0.5842663049697876 -0.5753544569015503
vn 0.5886515974998474 0.5648466348648071 0.5783057808876038
vn 0.5886515974998474 0.5648468732833862 -0.5783055424690247
vn -0.5723636150360107 0.5842661261558533 0.5753546357154846
vn -0.5744977593421936 -0.5797165036201477 -0.5778244733810425
vn -0.5744977593421936 -0.579716682434082 0.5778242945671082
vn -0.5744977593421936 -0.5797165036201477 -0.5778244733810425
vn -0.5723636150360107 0.5842661261558533 0.5753546357154846
vn -0.5723636150360107 0.5842663049697876 -0.5753544569015503
vn 0.5886515974998474 0.5648468732833862 -0.5783055424690247
vn -0.5744977593421936 -0.5797165036201477 -0.5778244733810425
vn -0.5723636150360107 0.5842663049697876 -0.5753544569015503
vn -0.5744977593421936 -0.5797165036201477 -0.5778244733810425
vn 0.5886515974998474 0.5648468732833862 -0.5783055424690247
vn 0.5736609697341919 -0.5804054737091064 -0.577964186668396
vn -0.5744977593421936 -0.579716682434082 0.5778242945671082
vn 0.5736609697341919 -0.5804054737091064 -0.577964186668396
vn 0.5736609697341919 -0.5804056525230408 0.5779640078544617
vn 0.5736609697341919 -0.5804054737091064 -0.577964186668396
vn -0.5744977593421936 -0.579716682434082 0.5778242945671082
vn -0.5744977593421936 -0.5797165036201477 -0.5778244733810425
vn 0.5886515974998474 0.5648466348648071 0.5783057808876038
vn -0.5744977593421936 -0.579716682434082 0.5778242945671082
vn 0.5736609697341919 -0.5804056525230408 0.5779640078544617
vn -0.5744977593421936 -0.579716682434082 0.5778242945671082
vn 0.5886515974998474 0.5648466348648071 0.5783057808876038
vn -0.5723636150360107 0.5842661261558533 0.5753546357154846
vn 0.3785582482814789 0.6557320952415466 0.6532297134399414
vn 7.999831787100801e-17 0.7571544647216797 -0.6532358527183533
vn -7.999835095823252e-17 0.7571542859077454 0.6532360911369324
vn 0.3785582482814789 0.6557320952415466 0.6532297134399414
vn 0.37856581807136536 0.6557149291038513 -0.6532425880432129
vn 7.999831787100801e-17 0.7571544647216797 -0.6532358527183533
vn -0.00006103889609221369 -0.6988649368286133 0.7152536511421204
vn -0.3424832820892334 -0.3375088572502136 0.8768084049224854
vn -0.34614983201026917 -0.6597052216529846 0.6670601963996887
vn -0.6620816588401794 -0.33696165680885315 0.6694062352180481
vn -0.34614983201026917 -0.6597052216529846 0.6670601963996887
vn -0.3424832820892334 -0.3375088572502136 0.8768084049224854
vn -0.3424832820892334 -0.3375088572502136 0.8768084049224854
vn -0.7034444808959961 0.0040589808486402035 0.7107386589050293
vn -0.6620816588401794 -0.33696165680885315 0.6694062352180481
vn -0.7034444808959961 0.0040589808486402035 0.7107386589050293
vn -0.3424832820892334 -0.3375088572502136 0.8768084049224854
vn -0.34825313091278076 0.0036926548928022385 0.9373932480812073
vn -0.34825313091278076 0.0036926548928022385 0.9373932480812073
vn -0.6608973741531372 0.34166449308395386 0.6681916117668152
vn -0.7034444808959961 0.0040589808486402035 0.7107386589050293
vn -0.6608973741531372 0.34166449308395386 0.6681916117668152
vn -0.34825313091278076 0.0036926548928022385 0.9373932480812073
vn -0.34428471326828003 0.3393099308013916 0.8754066824913025
vn -0.34428471326828003 0.3393099308013916 0.8754066824913025
vn -0.584017276763916 0.5560920834541321 0.591342031955719
vn -0.6608973741531372 0.34166449308395386 0.6681916117668152
vn -0.584017276763916 0.5560920834541321 0.591342031955719
vn -0.34428471326828003 0.3393099308013916 0.8754066824913025
vn -0.34590405225753784 0.650546133518219 0.6761213541030884
vn -0.0036928269546478987 0.34410417079925537 0.9389241933822632
vn -0.34590405225753784 0.650546133518219 0.6761213541030884
vn -0.34428471326828003 0.3393099308013916 0.8754066824913025
vn -0.34590405225753784 0.650546133518219 0.6761213541030884
vn -0.0036928269546478987 0.34410417079925537 0.9389241933822632
vn 0.000030519448046106845 0.6988646984100342 0.7152538895606995
vn 0.3424832820892334 0.33750855922698975 0.8768085241317749
vn 0.000030519448046106845 0.6988646984100342 0.7152538895606995
vn -0.0036928269546478987 0.34410417079925537 0.9389241933822632
vn 0.000030519448046106845 0.6988646984100342 0.7152538895606995
vn 0.3424832820892334 0.33750855922698975 0.8768085241317749
vn 0.34611594676971436 0.6596985459327698 0.6670843958854675
vn 0.6620885133743286 0.3369343876838684 0.6694132089614868
vn 0.34611594676971436 0.6596985459327698 0.6670843958854675
vn 0.3424832820892334 0.33750855922698975 0.8768085241317749
vn 0.34611594676971436 0.6596985459327698 0.6670843958854675
vn 0.6620885133743286 0.3369343876838684 0.6694132089614868
vn 0.5716589093208313 0.5813639760017395 0.5789836049079895
vn -0.34614983201026917 -0.6597052216529846 0.6670601963996887
vn -0.6620816588401794 -0.33696165680885315 0.6694062352180481
vn -0.5716589093208313 -0.5813641548156738 0.5789834260940552
vn 0.34425777196884155 -0.339313805103302 0.8754157423973083
vn 0.5840067863464355 -0.5560822486877441 0.5913617014884949
vn 0.6608973741531372 -0.34166470170021057 0.6681914925575256
vn 0.5840067863464355 -0.5560822486877441 0.5913617014884949
vn 0.34425777196884155 -0.339313805103302 0.8754157423973083
vn 0.34587720036506653 -0.6505532264709473 0.6761283278465271
vn 0.0036623082123696804 -0.34410449862480164 0.9389241933822632
vn 0.34587720036506653 -0.6505532264709473 0.6761283278465271
vn 0.34425777196884155 -0.339313805103302 0.8754157423973083
vn 0.34587720036506653 -0.6505532264709473 0.6761283278465271
vn 0.0036623082123696804 -0.34410449862480164 0.9389241933822632
vn -0.00006103889609221369 -0.6988649368286133 0.7152536511421204
vn -0.3424832820892334 -0.3375088572502136 0.8768084049224854
vn -0.00006103889609221369 -0.6988649368286133 0.7152536511421204
vn 0.0036623082123696804 -0.34410449862480164 0.9389241933822632
vn 0.0036623082123696804 -0.34410449862480164 0.9389241933822632
vn -0.34825313091278076 0.0036926548928022385 0.9373932480812073
vn -0.3424832820892334 -0.3375088572502136 0.8768084049224854
vn -0.34825313091278076 0.0036926548928022385 0.9373932480812073
vn 0.0036623082123696804 -0.34410449862480164 0.9389241933822632
vn -1.2246468525851679e-16 -1.6292068494294654e-7 1
vn -1.2246468525851679e-16 -1.6292068494294654e-7 1
vn -0.34428471326828003 0.3393099308013916 0.8754066824913025
vn -0.34825313091278076 0.0036926548928022385 0.9373932480812073
vn -0.34428471326828003 0.3393099308013916 0.8754066824913025
vn -1.2246468525851679e-16 -1.6292068494294654e-7 1
vn -0.0036928269546478987 0.34410417079925537 0.9389241933822632
vn 0.34825313091278076 -0.0036929603666067123 0.9373932480812073
vn -0.0036928269546478987 0.34410417079925537 0.9389241933822632
vn -1.2246468525851679e-16 -1.6292068494294654e-7 1
vn -0.0036928269546478987 0.34410417079925537 0.9389241933822632
vn 0.34825313091278076 -0.0036929603666067123 0.9373932480812073
vn 0.3424832820892334 0.33750855922698975 0.8768085241317749
vn 0.7034444808959961 -0.004059212282299995 0.7107386589050293
vn 0.3424832820892334 0.33750855922698975 0.8768085241317749
vn 0.34825313091278076 -0.0036929603666067123 0.9373932480812073
vn 0.3424832820892334 0.33750855922698975 0.8768085241317749
vn 0.7034444808959961 -0.004059212282299995 0.7107386589050293
vn 0.6620885133743286 0.3369343876838684 0.6694132089614868
vn 0.34425777196884155 -0.339313805103302 0.8754157423973083
vn -1.2246468525851679e-16 -1.6292068494294654e-7 1
vn 0.0036623082123696804 -0.34410449862480164 0.9389241933822632
vn -1.2246468525851679e-16 -1.6292068494294654e-7 1
vn 0.34425777196884155 -0.339313805103302 0.8754157423973083
vn 0.34825313091278076 -0.0036929603666067123 0.9373932480812073
vn 0.6608973741531372 -0.34166470170021057 0.6681914925575256
vn 0.34825313091278076 -0.0036929603666067123 0.9373932480812073
vn 0.34425777196884155 -0.339313805103302 0.8754157423973083
vn 0.34825313091278076 -0.0036929603666067123 0.9373932480812073
vn 0.6608973741531372 -0.34166470170021057 0.6681914925575256
vn 0.7034444808959961 -0.004059212282299995 0.7107386589050293
vn -7.999831787100801e-17 -0.7571544647216797 0.6532358527183533
vn -0.6557322144508362 -0.37855833768844604 0.6532295346260071
vn -0.3785582482814789 -0.6557323336601257 0.6532294750213623
vn -7.999831787100801e-17 -0.7571544647216797 0.6532358527183533
vn -0.7571544051170349 -1.0642565229090906e-7 0.6532359719276428
vn -0.6557322144508362 -0.37855833768844604 0.6532295346260071
vn -7.999831787100801e-17 -0.7571544647216797 0.6532358527183533
vn -0.6557246446609497 0.37858426570892334 0.6532221436500549
vn -0.7571544051170349 -1.0642565229090906e-7 0.6532359719276428
vn -7.999831787100801e-17 -0.7571544647216797 0.6532358527183533
vn -0.3785582482814789 0.6557320952415466 0.6532297134399414
vn -0.6557246446609497 0.37858426570892334 0.6532221436500549
vn -7.999831787100801e-17 -0.7571544647216797 0.6532358527183533
vn -7.999835095823252e-17 0.7571542859077454 0.6532360911369324
vn -0.3785582482814789 0.6557320952415466 0.6532297134399414
vn -7.999831787100801e-17 -0.7571544647216797 0.6532358527183533
vn 0.3785582482814789 0.6557320952415466 0.6532297134399414
vn -7.999835095823252e-17 0.7571542859077454 0.6532360911369324
vn -7.999831787100801e-17 -0.7571544647216797 0.6532358527183533
vn 0.6557322144508362 0.37855812907218933 0.6532296538352966
vn 0.3785582482814789 0.6557320952415466 0.6532297134399414
vn -7.999831787100801e-17 -0.7571544647216797 0.6532358527183533
vn 0.7571544051170349 -1.0642565229090906e-7 0.6532359719276428
vn 0.6557322144508362 0.37855812907218933 0.6532296538352966
vn -7.999831787100801e-17 -0.7571544647216797 0.6532358527183533
vn 0.6557322144508362 -0.37855833768844604 0.6532295346260071
vn 0.7571544051170349 -1.0642565229090906e-7 0.6532359719276428
vn -7.999831787100801e-17 -0.7571544647216797 0.6532358527183533
vn 0.3785582482814789 -0.6557323336601257 0.6532294750213623
vn 0.6557322144508362 -0.37855833768844604 0.6532295346260071
vn 0.7571544051170349 1.0642565229090906e-7 -0.6532359719276428
vn 0.37856581807136536 0.6557149291038513 -0.6532425880432129
vn 0.6557322144508362 0.37855833768844604 -0.6532295346260071
vn 0.7571544051170349 1.0642565229090906e-7 -0.6532359719276428
vn 7.999831787100801e-17 0.7571544647216797 -0.6532358527183533
vn 0.37856581807136536 0.6557149291038513 -0.6532425880432129
vn 0.7571544051170349 1.0642565229090906e-7 -0.6532359719276428
vn -0.3785582482814789 0.6557323336601257 -0.6532294750213623
vn 7.999831787100801e-17 0.7571544647216797 -0.6532358527183533
vn 0.7571544051170349 1.0642565229090906e-7 -0.6532359719276428
vn -0.6557246446609497 0.37858450412750244 -0.6532220244407654
vn -0.3785582482814789 0.6557323336601257 -0.6532294750213623
vn 0.7571544051170349 1.0642565229090906e-7 -0.6532359719276428
vn -0.7571544051170349 1.0642565229090906e-7 -0.6532359719276428
vn -0.6557246446609497 0.37858450412750244 -0.6532220244407654
vn 0.7571544051170349 1.0642565229090906e-7 -0.6532359719276428
vn -0.6557322144508362 -0.37855812907218933 -0.6532296538352966
vn -0.7571544051170349 1.0642565229090906e-7 -0.6532359719276428
vn 0.7571544051170349 1.0642565229090906e-7 -0.6532359719276428
vn -0.3785843849182129 -0.6557245254516602 -0.6532221436500549
vn -0.6557322144508362 -0.37855812907218933 -0.6532296538352966
vn 0.7571544051170349 1.0642565229090906e-7 -0.6532359719276428
vn 7.999835095823252e-17 -0.7571542859077454 -0.6532360911369324
vn -0.3785843849182129 -0.6557245254516602 -0.6532221436500549
vn 0.7571544051170349 1.0642565229090906e-7 -0.6532359719276428
vn 0.3785582482814789 -0.6557320952415466 -0.6532297134399414
vn 7.999835095823252e-17 -0.7571542859077454 -0.6532360911369324
vn 0.7571544051170349 1.0642565229090906e-7 -0.6532359719276428
vn 0.6557322144508362 -0.37855812907218933 -0.6532296538352966
vn 0.3785582482814789 -0.6557320952415466 -0.6532297134399414

vt 0.6035799980163574 -0.5620989799499512
vt 0.6098600029945374 -0.6231510639190674
vt 0.6070510149002075 -0.6223030090332031
vt 0.6035799980163574 -0.5620989799499512
vt 0.6066259741783142 -0.5624759197235107
vt 0.6098600029945374 -0.6231510639190674
vt 0.5776810050010681 -0.6299550533294678
vt 0.5776810050010681 -0.6299550533294678
vt 0.5916339755058289 -0.5904209613800049
vt 0.6035940051078796 -0.6073639392852783
vt 0.6029300093650818 -0.5885939598083496
vt 0.5776810050010681 -0.6299550533294678
vt 0.5776810050010681 -0.6299550533294678
vt 0.5776810050010681 -0.6299550533294678
vt 0.6029300093650818 -0.5885939598083496
vt 0.6029300093650818 -0.5885939598083496
vt 0.6035940051078796 -0.6073639392852783
vt 0.5776810050010681 -0.6299550533294678
vt 0.5776810050010681 -0.6299550533294678
vt 0.6065840125083923 -0.6028790473937988
vt 0.6035940051078796 -0.6073639392852783
vt 0.6029300093650818 -0.5885939598083496
vt 0.6035940051078796 -0.6073639392852783
vt 0.6065840125083923 -0.6028790473937988
vt 0.6065840125083923 -0.6028790473937988
vt 0.6065840125083923 -0.6028790473937988
vt 0.6029300093650818 -0.5885939598083496
vt 0.6035940051078796 -0.6073639392852783
vt 0.6029300093650818 -0.5885939598083496
vt 0.6065840125083923 -0.6028790473937988
vt 0.6065840125083923 -0.6028790473937988
vt 0.5776810050010681 -0.6299550533294678
vt 0.6035940051078796 -0.6073639392852783
vt 0.6065840125083923 -0.6028790473937988
vt 0.5776810050010681 -0.6299550533294678
vt 0.6035940051078796 -0.6073639392852783
vt 0.5776810050010681 -0.6299550533294678
vt 0.6065840125083923 -0.6028790473937988
vt 0.6029300093650818 -0.5885939598083496
vt 0.6029300093650818 -0.5885939598083496
vt 0.5916339755058289 -0.5904209613800049
vt 0.5776810050010681 -0.6299550533294678
vt 0.5916339755058289 -0.5904209613800049
vt 0.6029300093650818 -0.5885939598083496
vt 0.5776810050010681 -0.6299550533294678
vt 0.6065840125083923 -0.6028790473937988
vt 0.5776810050010681 -0.6299550533294678
vt 0.6029300093650818 -0.5885939598083496
vt 0.6029300093650818 -0.5885939598083496
vt 0.5843250155448914 -0.6155040264129639
vt 0.6065840125083923 -0.6028790473937988
vt 0.6065840125083923 -0.6028790473937988
vt 0.6065840125083923 -0.6028790473937988
vt 0.5843250155448914 -0.6155040264129639
vt 0.5843250155448914 -0.6155040264129639
vt 0.6029300093650818 -0.5885939598083496
vt 0.6065840125083923 -0.6028790473937988
vt 0.5776810050010681 -0.6299550533294678
vt 0.6065840125083923 -0.6028790473937988
vt 0.6029300093650818 -0.5885939598083496
vt 0.6029300093650818 -0.5885939598083496
vt 0.5916339755058289 -0.5904209613800049
vt 0.5776810050010681 -0.6299550533294678
vt 0.5916339755058289 -0.5904209613800049
vt 0.6029300093650818 -0.5885939598083496
vt 0.5776810050010681 -0.6299550533294678
vt 0.6065840125083923 -0.6028790473937988
vt 0.5776810050010681 -0.6299550533294678
vt 0.6029300093650818 -0.5885939598083496
vt 0.5776810050010681 -0.6299550533294678
vt 0.6065840125083923 -0.6028790473937988
vt 0.6035940051078796 -0.6073639392852783
vt 0.6029300093650818 -0.5885939598083496
vt 0.6035940051078796 -0.6073639392852783
vt 0.6065840125083923 -0.6028790473937988
vt 0.6035940051078796 -0.6073639392852783
vt 0.6029300093650818 -0.5885939598083496
vt 0.5776810050010681 -0.6299550533294678
vt 0.5776810050010681 -0.6299550533294678
vt 0.5776810050010681 -0.6299550533294678
vt 0.6029300093650818 -0.5885939598083496
vt 0.5776810050010681 -0.6299550533294678
vt 0.5776810050010681 -0.6299550533294678
vt 0.5916339755058289 -0.5904209613800049
vt 0.6029300093650818 -0.5885939598083496
vt 0.5843250155448914 -0.6155040264129639
vt 0.6065840125083923 -0.6028790473937988
vt 0.6029300093650818 -0.5885939598083496
vt 0.6035940051078796 -0.6073639392852783
vt 0.5776810050010681 -0.6299550533294678
vt 0.6035940051078796 -0.6073639392852783
vt 0.6029300093650818 -0.5885939598083496
vt 0.6065840125083923 -0.6028790473937988
vt 0.6065840125083923 -0.6028790473937988
vt 0.6065840125083923 -0.6028790473937988
vt 0.6029300093650818 -0.5885939598083496
vt 0.6065840125083923 -0.6028790473937988
vt 0.6065840125083923 -0.6028790473937988
vt 0.5843250155448914 -0.6155040264129639
vt 0.5843250155448914 -0.6155040264129639
vt 0.6029300093650818 -0.5885939598083496
vt 0.6065840125083923 -0.6028790473937988
vt 0.5990980267524719 -0.5619299411773682
vt 0.6070510149002075 -0.6223030090332031
vt 0.602948009967804 -0.6219789981842041
vt 0.5990980267524719 -0.5619299411773682
vt 0.6035799980163574 -0.5620989799499512
vt 0.6070510149002075 -0.6223030090332031
vt 0.594310998916626 -0.5620100498199463
vt 0.602948009967804 -0.6219789981842041
vt 0.5985890030860901 -0.6222560405731201
vt 0.594310998916626 -0.5620100498199463
vt 0.5990980267524719 -0.5619299411773682
vt 0.602948009967804 -0.6219789981842041
vt 0.5950760245323181 -0.6230690479278564
vt 0.594310998916626 -0.5620100498199463
vt 0.5985890030860901 -0.6222560405731201
vt 0.5950760245323181 -0.6230690479278564
vt 0.5904200077056885 -0.5623209476470947
vt 0.594310998916626 -0.5620100498199463
vt 0.5884580016136169 -0.5627889633178711
vt 0.5950760245323181 -0.6230690479278564
vt 0.5933430194854736 -0.6242200136184692
vt 0.5884580016136169 -0.5627889633178711
vt 0.5904200077056885 -0.5623209476470947
vt 0.5950760245323181 -0.6230690479278564
vt 0.5939130187034607 -0.6254110336303711
vt 0.5884580016136169 -0.5627889633178711
vt 0.5933430194854736 -0.6242200136184692
vt 0.5939130187034607 -0.6254110336303711
vt 0.5890200138092041 -0.5632929801940918
vt 0.5884580016136169 -0.5627889633178711
vt 0.592041015625 -0.563696026802063
vt 0.5939130187034607 -0.6254110336303711
vt 0.5967029929161072 -0.6263139247894287
vt 0.592041015625 -0.563696026802063
vt 0.5890200138092041 -0.5632929801940918
vt 0.5939130187034607 -0.6254110336303711
vt 0.600974977016449 -0.6266649961471558
vt 0.592041015625 -0.563696026802063
vt 0.5967029929161072 -0.6263139247894287
vt 0.600974977016449 -0.6266649961471558
vt 0.5967239737510681 -0.5638790130615234
vt 0.592041015625 -0.563696026802063
vt 0.605521023273468 -0.6263599395751953
vt 0.5967239737510681 -0.5638790130615234
vt 0.600974977016449 -0.6266649961471558
vt 0.605521023273468 -0.6263599395751953
vt 0.6017379760742188 -0.5637879371643066
vt 0.5967239737510681 -0.5638790130615234
vt 0.6090520024299622 -0.6254919767379761
vt 0.6017379760742188 -0.5637879371643066
vt 0.605521023273468 -0.6263599395751953
vt 0.6090520024299622 -0.6254919767379761
vt 0.6056540012359619 -0.5634510517120361
vt 0.6017379760742188 -0.5637879371643066
vt 0.6106169819831848 -0.6243140697479248
vt 0.6056540012359619 -0.5634510517120361
vt 0.6090520024299622 -0.6254919767379761
vt 0.6106169819831848 -0.6243140697479248
vt 0.6074150204658508 -0.5629689693450928
vt 0.6056540012359619 -0.5634510517120361
vt 0.6122320294380188 -0.5939090251922607
vt 0.5893089771270752 -0.6284599304199219
vt 0.6035940051078796 -0.5982279777526855
vt 0.6035940051078796 -0.5982279777526855
vt 0.6122320294380188 -0.5939090251922607
vt 0.6122320294380188 -0.5939090251922607
vt 0.6065840125083923 -0.6198220252990723
vt 0.6122320294380188 -0.5939090251922607
vt 0.6122320294380188 -0.5939090251922607
vt 0.6122320294380188 -0.5939090251922607
vt 0.6035940051078796 -0.5982279777526855
vt 0.5750229954719543 -0.6106860637664795
vt 0.589972972869873 -0.5975639820098877
vt 0.578013002872467 -0.5897560119628906
vt 0.6065840125083923 -0.6198220252990723
vt 0.6122320294380188 -0.5939090251922607
vt 0.6065840125083923 -0.6198220252990723
vt 0.578013002872467 -0.5897560119628906
vt 0.578013002872467 -0.5897560119628906
vt 0.6122320294380188 -0.5939090251922607
vt 0.6122320294380188 -0.5939090251922607
vt 0.5893089771270752 -0.6284599304199219
vt 0.6122320294380188 -0.5939090251922607
vt 0.6122320294380188 -0.5939090251922607
vt 0.6122320294380188 -0.5939090251922607
vt 0.6035940051078796 -0.5982279777526855
vt 0.5893089771270752 -0.6284599304199219
vt 0.5750229954719543 -0.6106860637664795
vt 0.5776810050010681 -0.6299550533294678
vt 0.5916339755058289 -0.5904209613800049
vt 0.5776810050010681 -0.6299550533294678
vt 0.5750229954719543 -0.6106860637664795
vt 0.6035940051078796 -0.5982279777526855
vt 0.6035940051078796 -0.5982279777526855
vt 0.6035940051078796 -0.6073639392852783
vt 0.5776810050010681 -0.6299550533294678
vt 0.6035940051078796 -0.6073639392852783
vt 0.6035940051078796 -0.5982279777526855
vt 0.5893089771270752 -0.6284599304199219
vt 0.5893089771270752 -0.6284599304199219
vt 0.5776810050010681 -0.6299550533294678
vt 0.6035940051078796 -0.6073639392852783
vt 0.5776810050010681 -0.6299550533294678
vt 0.5893089771270752 -0.6284599304199219
vt 0.6035940051078796 -0.5982279777526855
vt 0.6035940051078796 -0.5982279777526855
vt 0.5916339755058289 -0.5904209613800049
vt 0.5776810050010681 -0.6299550533294678
vt 0.5916339755058289 -0.5904209613800049
vt 0.6035940051078796 -0.5982279777526855
vt 0.5750229954719543 -0.6106860637664795
vt 0.6122320294380188 -0.5939090251922607
vt 0.5750229954719543 -0.6106860637664795
vt 0.6035940051078796 -0.5982279777526855
vt 0.6035940051078796 -0.5982279777526855
vt 0.6122320294380188 -0.5939090251922607
vt 0.6122320294380188 -0.5939090251922607
vt 0.5922989845275879 -0.6020489931106567
vt 0.6122320294380188 -0.5939090251922607
vt 0.6122320294380188 -0.5939090251922607
vt 0.6122320294380188 -0.5939090251922607
vt 0.578013002872467 -0.5897560119628906
vt 0.5922989845275879 -0.6020489931106567
vt 0.6039260029792786 -0.6005539894104004
vt 0.5922989845275879 -0.6020489931106567
vt 0.578013002872467 -0.5897560119628906
vt 0.578013002872467 -0.5897560119628906
vt 0.589972972869873 -0.5975639820098877
vt 0.6039260029792786 -0.6005539894104004
vt 0.5750229954719543 -0.6106860637664795
vt 0.6122320294380188 -0.5939090251922607
vt 0.6122320294380188 -0.5939090251922607
vt 0.578013002872467 -0.5897560119628906
vt 0.6122320294380188 -0.5939090251922607
vt 0.6122320294380188 -0.5939090251922607
vt 0.6122320294380188 -0.5939090251922607
vt 0.5922989845275879 -0.6020489931106567
vt 0.578013002872467 -0.5897560119628906
vt 0.578345000743866 -0.6231449842453003
vt 0.578013002872467 -0.5897560119628906
vt 0.5922989845275879 -0.6020489931106567
vt 0.5922989845275879 -0.6020489931106567
vt 0.6039260029792786 -0.6005539894104004
vt 0.578345000743866 -0.6231449842453003
vt 0.6122320294380188 -0.5939090251922607
vt 0.578013002872467 -0.5897560119628906
vt 0.6065840125083923 -0.6198220252990723
vt 0.6039260029792786 -0.6005539894104004
vt 0.6065840125083923 -0.6198220252990723
vt 0.578013002872467 -0.5897560119628906
vt 0.578013002872467 -0.5897560119628906
vt 0.578345000743866 -0.6231449842453003
vt 0.6039260029792786 -0.6005539894104004
vt 0.6065840125083923 -0.6198220252990723
vt 0.6039260029792786 -0.6005539894104004
vt 0.589972972869873 -0.5975639820098877
vt 0.6035940051078796 -0.5982279777526855
vt 0.5916339755058289 -0.5904209613800049
vt 0.5776810050010681 -0.6299550533294678
vt 0.5916339755058289 -0.5904209613800049
vt 0.6035940051078796 -0.5982279777526855
vt 0.5750229954719543 -0.6106860637664795
vt 0.5893089771270752 -0.6284599304199219
vt 0.5776810050010681 -0.6299550533294678
vt 0.6035940051078796 -0.6073639392852783
vt 0.5776810050010681 -0.6299550533294678
vt 0.5893089771270752 -0.6284599304199219
vt 0.6035940051078796 -0.5982279777526855
vt 0.6122320294380188 -0.5939090251922607
vt 0.6035940051078796 -0.5982279777526855
vt 0.5893089771270752 -0.6284599304199219
vt 0.6035940051078796 -0.5982279777526855
vt 0.6122320294380188 -0.5939090251922607
vt 0.6122320294380188 -0.5939090251922607
vt 0.6122320294380188 -0.5939090251922607
vt 0.5750229954719543 -0.6106860637664795
vt 0.6035940051078796 -0.5982279777526855
vt 0.5750229954719543 -0.6106860637664795
vt 0.6122320294380188 -0.5939090251922607
vt 0.6122320294380188 -0.5939090251922607
vt 0.6122320294380188 -0.5939090251922607
vt 0.578013002872467 -0.5897560119628906
vt 0.6065840125083923 -0.6198220252990723
vt 0.578013002872467 -0.5897560119628906
vt 0.6122320294380188 -0.5939090251922607
vt 0.6122320294380188 -0.5939090251922607
vt 0.6122320294380188 -0.5939090251922607
vt 0.5922989845275879 -0.6020489931106567
vt 0.578013002872467 -0.5897560119628906
vt 0.5922989845275879 -0.6020489931106567
vt 0.6122320294380188 -0.5939090251922607
vt 0.6122320294380188 -0.5939090251922607
vt 0.6122320294380188 -0.5939090251922607
vt 0.578013002872467 -0.5897560119628906
vt 0.5922989845275879 -0.6020489931106567
vt 0.578013002872467 -0.5897560119628906
vt 0.6122320294380188 -0.5939090251922607
vt 0.6122320294380188 -0.5939090251922607
vt 0.5893089771270752 -0.6284599304199219
vt 0.6122320294380188 -0.5939090251922607
vt 0.6122320294380188 -0.5939090251922607
vt 0.6122320294380188 -0.5939090251922607
vt 0.5893089771270752 -0.6284599304199219
vt 0.6032620072364807 -0.5982279777526855
vt 0.6035940051078796 -0.6073639392852783
vt 0.6032620072364807 -0.5982279777526855
vt 0.5893089771270752 -0.6284599304199219
vt 0.6032620072364807 -0.5982279777526855
vt 0.6035940051078796 -0.6073639392852783
vt 0.5776810050010681 -0.6299550533294678
vt 0.5750229954719543 -0.6106860637664795
vt 0.5776810050010681 -0.6299550533294678
vt 0.5916339755058289 -0.5904209613800049
vt 0.5776810050010681 -0.6299550533294678
vt 0.5750229954719543 -0.6106860637664795
vt 0.6032620072364807 -0.5982279777526855
vt 0.6122320294380188 -0.5939090251922607
vt 0.6032620072364807 -0.5982279777526855
vt 0.5750229954719543 -0.6106860637664795
vt 0.6032620072364807 -0.5982279777526855
vt 0.6122320294380188 -0.5939090251922607
vt 0.6122320294380188 -0.5939090251922607
vt 0.6065840125083923 -0.6198220252990723
vt 0.6122320294380188 -0.5939090251922607
vt 0.6122320294380188 -0.5939090251922607
vt 0.6122320294380188 -0.5939090251922607
vt 0.6065840125083923 -0.6198220252990723
vt 0.578013002872467 -0.5897560119628906
vt 0.589972972869873 -0.5975639820098877
vt 0.578013002872467 -0.5897560119628906
vt 0.6065840125083923 -0.6198220252990723
vt 0.578013002872467 -0.5897560119628906
vt 0.589972972869873 -0.5975639820098877
vt 0.6039260029792786 -0.6005539894104004
vt 0.6039260029792786 -0.6005539894104004
vt 0.5922989845275879 -0.6020489931106567
vt 0.578013002872467 -0.5897560119628906
vt 0.5922989845275879 -0.6020489931106567
vt 0.6039260029792786 -0.6005539894104004
vt 0.578345000743866 -0.6231449842453003
vt 0.578345000743866 -0.6231449842453003
vt 0.578013002872467 -0.5897560119628906
vt 0.5922989845275879 -0.6020489931106567
vt 0.578013002872467 -0.5897560119628906
vt 0.578345000743866 -0.6231449842453003
vt 0.6039260029792786 -0.6005539894104004
vt 0.6039260029792786 -0.6005539894104004
vt 0.6065840125083923 -0.6198220252990723
vt 0.578013002872467 -0.5897560119628906
vt 0.6065840125083923 -0.6198220252990723
vt 0.6039260029792786 -0.6005539894104004
vt 0.589972972869873 -0.5975639820098877
vt 0.6039260029792786 -0.6005539894104004
vt 0.6039260029792786 -0.6005539894104004
vt 0.589972972869873 -0.5975639820098877
vt 0.6039260029792786 -0.6005539894104004
vt 0.5750229954719543 -0.6276299953460693
vt 0.578345000743866 -0.6231449842453003
vt 0.5750229954719543 -0.6276299953460693
vt 0.6039260029792786 -0.6005539894104004
vt 0.579010009765625 -0.599390983581543
vt 0.589972972869873 -0.5975639820098877
vt 0.579010009765625 -0.599390983581543
vt 0.6039260029792786 -0.6005539894104004
vt 0.579010009765625 -0.599390983581543
vt 0.589972972869873 -0.5975639820098877
vt 0.6039260029792786 -0.6005539894104004
vt 0.6039260029792786 -0.6005539894104004
vt 0.5750229954719543 -0.6276299953460693
vt 0.579010009765625 -0.599390983581543
vt 0.5750229954719543 -0.6276299953460693
vt 0.6039260029792786 -0.6005539894104004
vt 0.578345000743866 -0.6231449842453003
vt 0.578345000743866 -0.6231449842453003
vt 0.579010009765625 -0.599390983581543
vt 0.5750229954719543 -0.6276299953460693
vt 0.579010009765625 -0.599390983581543
vt 0.578345000743866 -0.6231449842453003
vt 0.6039260029792786 -0.6005539894104004
vt 0.6039260029792786 -0.6005539894104004
vt 0.6039260029792786 -0.6005539894104004
vt 0.579010009765625 -0.599390983581543
vt 0.578345000743866 -0.6231449842453003
vt 0.579010009765625 -0.599390983581543
vt 0.6039260029792786 -0.6005539894104004
vt 0.579010009765625 -0.599390983581543
vt 0.578345000743866 -0.6231449842453003
vt 0.5750229954719543 -0.6276299953460693
vt 0.6039260029792786 -0.6005539894104004
vt 0.5750229954719543 -0.6276299953460693
vt 0.578345000743866 -0.6231449842453003
vt 0.5750229954719543 -0.6276299953460693
vt 0.6039260029792786 -0.6005539894104004
vt 0.579010009765625 -0.599390983581543
vt 0.589972972869873 -0.5975639820098877
vt 0.579010009765625 -0.599390983581543
vt 0.6039260029792786 -0.6005539894104004
vt 0.579010009765625 -0.599390983581543
vt 0.589972972869873 -0.5975639820098877
vt 0.6039260029792786 -0.6005539894104004
vt 0.6039260029792786 -0.6005539894104004
vt 0.5750229954719543 -0.6276299953460693
vt 0.579010009765625 -0.599390983581543
vt 0.5750229954719543 -0.6276299953460693
vt 0.6039260029792786 -0.6005539894104004
vt 0.578345000743866 -0.6231449842453003
vt 0.578345000743866 -0.6231449842453003
vt 0.579010009765625 -0.599390983581543
vt 0.5750229954719543 -0.6276299953460693
vt 0.579010009765625 -0.599390983581543
vt 0.578345000743866 -0.6231449842453003
vt 0.6039260029792786 -0.6005539894104004
vt 0.6039260029792786 -0.6005539894104004
vt 0.6039260029792786 -0.6005539894104004
vt 0.579010009765625 -0.599390983581543
vt 0.6039260029792786 -0.6005539894104004
vt 0.6039260029792786 -0.6005539894104004
vt 0.589972972869873 -0.5975639820098877
vt 0.5972819924354553 -0.6150050163269043
vt 0.579010009765625 -0.599390983581543
vt 0.5750229954719543 -0.6276299953460693
vt 0.579010009765625 -0.599390983581543
vt 0.5972819924354553 -0.6150050163269043
vt 0.5750229954719543 -0.6276299953460693
vt 0.5750229954719543 -0.6276299953460693
vt 0.5750229954719543 -0.6276299953460693
vt 0.5972819924354553 -0.6150050163269043
vt 0.5750229954719543 -0.6276299953460693
vt 0.5750229954719543 -0.6276299953460693
vt 0.579010009765625 -0.599390983581543
vt 0.5972819924354553 -0.6150050163269043
vt 0.579010009765625 -0.599390983581543
vt 0.5750229954719543 -0.6276299953460693
vt 0.579010009765625 -0.599390983581543
vt 0.5972819924354553 -0.6150050163269043
vt 0.5750229954719543 -0.6276299953460693
vt 0.5750229954719543 -0.6276299953460693
vt 0.5750229954719543 -0.6276299953460693
vt 0.5972819924354553 -0.6150050163269043
vt 0.5750229954719543 -0.6276299953460693
vt 0.5750229954719543 -0.6276299953460693
vt 0.579010009765625 -0.599390983581543
vt 0.579010009765625 -0.599390983581543
vt 0.578345000743866 -0.6231449842453003
vt 0.5750229954719543 -0.6276299953460693
vt 0.578345000743866 -0.6231449842453003
vt 0.579010009765625 -0.599390983581543
vt 0.6039260029792786 -0.6005539894104004
vt 0.5916339755058289 -0.5904209613800049
vt 0.6029300093650818 -0.5885939598083496
vt 0.5776810050010681 -0.6299550533294678
vt 0.6029300093650818 -0.5885939598083496
vt 0.5916339755058289 -0.5904209613800049
vt 0.5776810050010681 -0.6299550533294678
vt 0.5776810050010681 -0.6299550533294678
vt 0.6065840125083923 -0.6028790473937988
vt 0.6029300093650818 -0.5885939598083496
vt 0.6065840125083923 -0.6028790473937988
vt 0.5776810050010681 -0.6299550533294678
vt 0.6035940051078796 -0.6073639392852783
vt 0.6029300093650818 -0.5885939598083496
vt 0.6035940051078796 -0.6073639392852783
vt 0.5776810050010681 -0.6299550533294678
vt 0.6035940051078796 -0.6073639392852783
vt 0.6029300093650818 -0.5885939598083496
vt 0.6065840125083923 -0.6028790473937988
vt 0.6065840125083923 -0.6028790473937988
vt 0.6065840125083923 -0.6028790473937988
vt 0.6029300093650818 -0.5885939598083496
vt 0.6065840125083923 -0.6028790473937988
vt 0.6065840125083923 -0.6028790473937988
vt 0.5843250155448914 -0.6155040264129639
vt 0.5843250155448914 -0.6155040264129639
vt 0.6029300093650818 -0.5885939598083496
vt 0.6065840125083923 -0.6028790473937988
vt 0.6029300093650818 -0.5885939598083496
vt 0.5843250155448914 -0.6155040264129639
vt 0.6065840125083923 -0.6028790473937988
vt 0.6065840125083923 -0.6028790473937988
vt 0.5776810050010681 -0.6299550533294678
vt 0.6029300093650818 -0.5885939598083496
vt 0.5776810050010681 -0.6299550533294678
vt 0.6065840125083923 -0.6028790473937988
vt 0.6035940051078796 -0.6073639392852783
vt 0.5776810050010681 -0.6299550533294678
vt 0.5776810050010681 -0.6299550533294678
vt 0.5916339755058289 -0.5904209613800049
vt 0.5776810050010681 -0.6299550533294678
vt 0.5776810050010681 -0.6299550533294678
vt 0.6029300093650818 -0.5885939598083496
vt 0.6035940051078796 -0.6073639392852783
vt 0.6029300093650818 -0.5885939598083496
vt 0.5776810050010681 -0.6299550533294678
vt 0.6029300093650818 -0.5885939598083496
vt 0.6035940051078796 -0.6073639392852783
vt 0.6065840125083923 -0.6028790473937988
vt 0.6065840125083923 -0.6028790473937988
vt 0.6065840125083923 -0.6028790473937988
vt 0.6029300093650818 -0.5885939598083496
vt 0.6065840125083923 -0.6028790473937988
vt 0.6065840125083923 -0.6028790473937988
vt 0.5843250155448914 -0.6155040264129639
vt 0.5843250155448914 -0.6155040264129639
vt 0.6029300093650818 -0.5885939598083496
vt 0.6065840125083923 -0.6028790473937988
vt 0.6029300093650818 -0.5885939598083496
vt 0.5843250155448914 -0.6155040264129639
vt 0.6065840125083923 -0.6028790473937988
vt 0.6065840125083923 -0.6028790473937988
vt 0.5776810050010681 -0.6299550533294678
vt 0.6029300093650818 -0.5885939598083496
vt 0.5776810050010681 -0.6299550533294678
vt 0.6065840125083923 -0.6028790473937988
vt 0.6035940051078796 -0.6073639392852783
vt 0.6029300093650818 -0.5885939598083496
vt 0.6035940051078796 -0.6073639392852783
vt 0.6065840125083923 -0.6028790473937988
vt 0.6035940051078796 -0.6073639392852783
vt 0.6029300093650818 -0.5885939598083496
vt 0.5776810050010681 -0.6299550533294678
vt 0.5776810050010681 -0.6299550533294678
vt 0.5776810050010681 -0.6299550533294678
vt 0.6029300093650818 -0.5885939598083496
vt 0.5776810050010681 -0.6299550533294678
vt 0.5776810050010681 -0.6299550533294678
vt 0.5916339755058289 -0.5904209613800049
vt 0.5916339755058289 -0.5904209613800049
vt 0.6029300093650818 -0.5885939598083496
vt 0.5776810050010681 -0.6299550533294678
vt 0.6029300093650818 -0.5885939598083496
vt 0.5916339755058289 -0.5904209613800049
vt 0.5776810050010681 -0.6299550533294678
vt 0.5776810050010681 -0.6299550533294678
vt 0.6065840125083923 -0.6028790473937988
vt 0.6029300093650818 -0.5885939598083496
vt 0.6065840125083923 -0.6028790473937988
vt 0.5776810050010681 -0.6299550533294678
vt 0.6035940051078796 -0.6073639392852783
vt 0.6035940051078796 -0.6073639392852783
vt 0.6029300093650818 -0.5885939598083496
vt 0.6065840125083923 -0.6028790473937988
vt 0.6029300093650818 -0.5885939598083496
vt 0.6035940051078796 -0.6073639392852783
vt 0.5776810050010681 -0.6299550533294678
vt 0.5750229954719543 -0.6106860637664795
vt 0.5776810050010681 -0.6299550533294678
vt 0.5916339755058289 -0.5904209613800049
vt 0.6122320294380188 -0.5939090251922607
vt 0.6035940051078796 -0.5982279777526855
vt 0.5750229954719543 -0.6106860637664795
vt 0.5776810050010681 -0.6299550533294678
vt 0.5750229954719543 -0.6106860637664795
vt 0.6035940051078796 -0.5982279777526855
vt 0.6035940051078796 -0.5982279777526855
vt 0.6035940051078796 -0.6073639392852783
vt 0.5776810050010681 -0.6299550533294678
vt 0.6065840125083923 -0.6198220252990723
vt 0.6122320294380188 -0.5939090251922607
vt 0.6122320294380188 -0.5939090251922607
vt 0.6035940051078796 -0.5982279777526855
vt 0.6122320294380188 -0.5939090251922607
vt 0.6122320294380188 -0.5939090251922607
vt 0.6122320294380188 -0.5939090251922607
vt 0.5893089771270752 -0.6284599304199219
vt 0.6035940051078796 -0.5982279777526855
vt 0.6035940051078796 -0.6073639392852783
vt 0.6035940051078796 -0.5982279777526855
vt 0.5893089771270752 -0.6284599304199219
vt 0.5893089771270752 -0.6284599304199219
vt 0.5776810050010681 -0.6299550533294678
vt 0.6035940051078796 -0.6073639392852783
vt 0.5750229954719543 -0.6106860637664795
vt 0.6122320294380188 -0.5939090251922607
vt 0.6122320294380188 -0.5939090251922607
vt 0.6122320294380188 -0.5939090251922607
vt 0.5750229954719543 -0.6106860637664795
vt 0.6032620072364807 -0.5982279777526855
vt 0.5916339755058289 -0.5904209613800049
vt 0.6032620072364807 -0.5982279777526855
vt 0.5750229954719543 -0.6106860637664795
vt 0.6032620072364807 -0.5982279777526855
vt 0.5916339755058289 -0.5904209613800049
vt 0.5776810050010681 -0.6299550533294678
vt 0.5776810050010681 -0.6299550533294678
vt 0.5893089771270752 -0.6284599304199219
vt 0.6032620072364807 -0.5982279777526855
vt 0.6122320294380188 -0.5939090251922607
vt 0.6032620072364807 -0.5982279777526855
vt 0.5893089771270752 -0.6284599304199219
vt 0.5893089771270752 -0.6284599304199219
vt 0.6122320294380188 -0.5939090251922607
vt 0.6122320294380188 -0.5939090251922607
vt 0.578013002872467 -0.5897560119628906
vt 0.6122320294380188 -0.5939090251922607
vt 0.6122320294380188 -0.5939090251922607
vt 0.6122320294380188 -0.5939090251922607
vt 0.6065840125083923 -0.6198220252990723
vt 0.578013002872467 -0.5897560119628906
vt 0.589972972869873 -0.5975639820098877
vt 0.578013002872467 -0.5897560119628906
vt 0.6065840125083923 -0.6198220252990723
vt 0.578013002872467 -0.5897560119628906
vt 0.589972972869873 -0.5975639820098877
vt 0.6039260029792786 -0.6005539894104004
vt 0.6039260029792786 -0.6005539894104004
vt 0.5922989845275879 -0.6020489931106567
vt 0.578013002872467 -0.5897560119628906
vt 0.5922989845275879 -0.6020489931106567
vt 0.6039260029792786 -0.6005539894104004
vt 0.578345000743866 -0.6231449842453003
vt 0.578345000743866 -0.6231449842453003
vt 0.578013002872467 -0.5897560119628906
vt 0.5922989845275879 -0.6020489931106567
vt 0.578013002872467 -0.5897560119628906
vt 0.578345000743866 -0.6231449842453003
vt 0.6039260029792786 -0.6005539894104004
vt 0.6039260029792786 -0.6005539894104004
vt 0.6065840125083923 -0.6198220252990723
vt 0.578013002872467 -0.5897560119628906
vt 0.6065840125083923 -0.6198220252990723
vt 0.6039260029792786 -0.6005539894104004
vt 0.589972972869873 -0.5975639820098877
vt 0.6032620072364807 -0.5982279777526855
vt 0.6122320294380188 -0.5939090251922607
vt 0.6122320294380188 -0.5939090251922607
vt 0.5922989845275879 -0.6020489931106567
vt 0.6122320294380188 -0.5939090251922607
vt 0.6122320294380188 -0.5939090251922607
vt 0.6122320294380188 -0.5939090251922607
vt 0.578013002872467 -0.5897560119628906
vt 0.5922989845275879 -0.6020489931106567
vt 0.6122320294380188 -0.5939090251922607
vt 0.5922989845275879 -0.6020489931106567
vt 0.578013002872467 -0.5897560119628906
vt 0.578013002872467 -0.5897560119628906
vt 0.6122320294380188 -0.5939090251922607
vt 0.6122320294380188 -0.5939090251922607
vt 0.6122320294380188 -0.5939090251922607
vt 0.578013002872467 -0.5897560119628906
vt 0.6065840125083923 -0.6198220252990723
vt 0.6122320294380188 -0.5939090251922607
vt 0.5922989845275879 -0.6020489931106567
vt 0.578013002872467 -0.5897560119628906
vt 0.578013002872467 -0.5897560119628906
vt 0.6122320294380188 -0.5939090251922607
vt 0.6122320294380188 -0.5939090251922607
vt 0.5750229954719543 -0.6106860637664795
vt 0.6122320294380188 -0.5939090251922607
vt 0.6122320294380188 -0.5939090251922607
vt 0.6122320294380188 -0.5939090251922607
vt 0.578013002872467 -0.5897560119628906
vt 0.6065840125083923 -0.6198220252990723
vt 0.5916339755058289 -0.5904209613800049
vt 0.6035940051078796 -0.5982279777526855
vt 0.5750229954719543 -0.6106860637664795
vt 0.6122320294380188 -0.5939090251922607
vt 0.5750229954719543 -0.6106860637664795
vt 0.6035940051078796 -0.5982279777526855
vt 0.6035940051078796 -0.5982279777526855
vt 0.6122320294380188 -0.5939090251922607
vt 0.6122320294380188 -0.5939090251922607
vt 0.5922989845275879 -0.6020489931106567
vt 0.6122320294380188 -0.5939090251922607
vt 0.6122320294380188 -0.5939090251922607
vt 0.6122320294380188 -0.5939090251922607
vt 0.578013002872467 -0.5897560119628906
vt 0.5922989845275879 -0.6020489931106567
vt 0.6065840125083923 -0.6198220252990723
vt 0.6039260029792786 -0.6005539894104004
vt 0.589972972869873 -0.5975639820098877
vt 0.6039260029792786 -0.6005539894104004
vt 0.6065840125083923 -0.6198220252990723
vt 0.578013002872467 -0.5897560119628906
vt 0.578013002872467 -0.5897560119628906
vt 0.578345000743866 -0.6231449842453003
vt 0.6039260029792786 -0.6005539894104004
vt 0.578345000743866 -0.6231449842453003
vt 0.578013002872467 -0.5897560119628906
vt 0.5922989845275879 -0.6020489931106567
vt 0.5922989845275879 -0.6020489931106567
vt 0.6039260029792786 -0.6005539894104004
vt 0.578345000743866 -0.6231449842453003
vt 0.6039260029792786 -0.6005539894104004
vt 0.5922989845275879 -0.6020489931106567
vt 0.578013002872467 -0.5897560119628906
vt 0.578013002872467 -0.5897560119628906
vt 0.589972972869873 -0.5975639820098877
vt 0.6039260029792786 -0.6005539894104004
vt 0.589972972869873 -0.5975639820098877
vt 0.578013002872467 -0.5897560119628906
vt 0.6065840125083923 -0.6198220252990723
vt 0.6122320294380188 -0.5939090251922607
vt 0.6065840125083923 -0.6198220252990723
vt 0.578013002872467 -0.5897560119628906
vt 0.578013002872467 -0.5897560119628906
vt 0.6122320294380188 -0.5939090251922607
vt 0.6122320294380188 -0.5939090251922607
vt 0.5893089771270752 -0.6284599304199219
vt 0.6122320294380188 -0.5939090251922607
vt 0.6122320294380188 -0.5939090251922607
vt 0.6122320294380188 -0.5939090251922607
vt 0.6035940051078796 -0.5982279777526855
vt 0.5893089771270752 -0.6284599304199219
vt 0.5776810050010681 -0.6299550533294678
vt 0.5893089771270752 -0.6284599304199219
vt 0.6035940051078796 -0.5982279777526855
vt 0.6035940051078796 -0.5982279777526855
vt 0.5916339755058289 -0.5904209613800049
vt 0.5776810050010681 -0.6299550533294678
vt 0.6065840125083923 -0.6198220252990723
vt 0.6122320294380188 -0.5939090251922607
vt 0.6122320294380188 -0.5939090251922607
vt 0.6032620072364807 -0.5982279777526855
vt 0.6122320294380188 -0.5939090251922607
vt 0.6122320294380188 -0.5939090251922607
vt 0.6122320294380188 -0.5939090251922607
vt 0.5893089771270752 -0.6284599304199219
vt 0.6032620072364807 -0.5982279777526855
vt 0.6035940051078796 -0.6073639392852783
vt 0.6032620072364807 -0.5982279777526855
vt 0.5893089771270752 -0.6284599304199219
vt 0.5893089771270752 -0.6284599304199219
vt 0.5776810050010681 -0.6299550533294678
vt 0.6035940051078796 -0.6073639392852783
vt 0.6122320294380188 -0.5939090251922607
vt 0.6032620072364807 -0.5982279777526855
vt 0.5750229954719543 -0.6106860637664795
vt 0.5776810050010681 -0.6299550533294678
vt 0.5750229954719543 -0.6106860637664795
vt 0.6032620072364807 -0.5982279777526855
vt 0.6032620072364807 -0.5982279777526855
vt 0.6035940051078796 -0.6073639392852783
vt 0.5776810050010681 -0.6299550533294678
vt 0.5750229954719543 -0.6106860637664795
vt 0.5776810050010681 -0.6299550533294678
vt 0.5916339755058289 -0.5904209613800049
vt 0.578013002872467 -0.5897560119628906
vt 0.6122320294380188 -0.5939090251922607
vt 0.5922989845275879 -0.6020489931106567
vt 0.6122320294380188 -0.5939090251922607
vt 0.5922989845275879 -0.6020489931106567
vt 0.6122320294380188 -0.5939090251922607
vt 0.5922989845275879 -0.6020489931106567
vt 0.6122320294380188 -0.5939090251922607
vt 0.578013002872467 -0.5897560119628906
vt 0.6122320294380188 -0.5939090251922607
vt 0.6035940051078796 -0.5982279777526855
vt 0.6122320294380188 -0.5939090251922607
vt 0.6035940051078796 -0.5982279777526855
vt 0.6122320294380188 -0.5939090251922607
vt 0.5893089771270752 -0.6284599304199219
vt 0.6122320294380188 -0.5939090251922607
vt 0.5893089771270752 -0.6284599304199219
vt 0.6122320294380188 -0.5939090251922607
vt 0.6122320294380188 -0.5939090251922607
vt 0.578013002872467 -0.5897560119628906
vt 0.6122320294380188 -0.5939090251922607
vt 0.6065840125083923 -0.6198220252990723
vt 0.6122320294380188 -0.5939090251922607
vt 0.578013002872467 -0.5897560119628906
vt 0.578013002872467 -0.5897560119628906
vt 0.589972972869873 -0.5975639820098877
vt 0.6065840125083923 -0.6198220252990723
vt 0.589972972869873 -0.5975639820098877
vt 0.578013002872467 -0.5897560119628906
vt 0.6039260029792786 -0.6005539894104004
vt 0.5922989845275879 -0.6020489931106567
vt 0.6039260029792786 -0.6005539894104004
vt 0.578013002872467 -0.5897560119628906
vt 0.6039260029792786 -0.6005539894104004
vt 0.5922989845275879 -0.6020489931106567
vt 0.578345000743866 -0.6231449842453003
vt 0.578013002872467 -0.5897560119628906
vt 0.578345000743866 -0.6231449842453003
vt 0.5922989845275879 -0.6020489931106567
vt 0.578345000743866 -0.6231449842453003
vt 0.578013002872467 -0.5897560119628906
vt 0.6035940051078796 -0.6005539894104004
vt 0.5893089771270752 -0.6284599304199219
vt 0.6122320294380188 -0.5939090251922607
vt 0.6035940051078796 -0.5982279777526855
vt 0.6122320294380188 -0.5939090251922607
vt 0.6035940051078796 -0.5982279777526855
vt 0.6122320294380188 -0.5939090251922607
vt 0.6122320294380188 -0.5939090251922607
vt 0.6065840125083923 -0.6198220252990723
vt 0.6122320294380188 -0.5939090251922607
vt 0.6035940051078796 -0.5982279777526855
vt 0.6122320294380188 -0.5939090251922607
vt 0.5750229954719543 -0.6106860637664795
vt 0.6035940051078796 -0.6005539894104004
vt 0.6065840125083923 -0.6198220252990723
vt 0.589972972869873 -0.5975639820098877
vt 0.6065840125083923 -0.6198220252990723
vt 0.6035940051078796 -0.6005539894104004
vt 0.578013002872467 -0.5897560119628906
vt 0.578013002872467 -0.5897560119628906
vt 0.6122320294380188 -0.5939090251922607
vt 0.6065840125083923 -0.6198220252990723
vt 0.6122320294380188 -0.5939090251922607
vt 0.578013002872467 -0.5897560119628906
vt 0.6122320294380188 -0.5939090251922607
vt 0.6122320294380188 -0.5939090251922607
vt 0.5750229954719543 -0.6106860637664795
vt 0.6122320294380188 -0.5939090251922607
vt 0.5750229954719543 -0.6106860637664795
vt 0.6122320294380188 -0.5939090251922607
vt 0.6035940051078796 -0.5982279777526855
vt 0.6035940051078796 -0.5982279777526855
vt 0.5916339755058289 -0.5904209613800049
vt 0.5750229954719543 -0.6106860637664795
vt 0.5916339755058289 -0.5904209613800049
vt 0.6035940051078796 -0.5982279777526855
vt 0.5776810050010681 -0.6299550533294678
vt 0.5893089771270752 -0.6284599304199219
vt 0.5776810050010681 -0.6299550533294678
vt 0.6035940051078796 -0.5982279777526855
vt 0.5776810050010681 -0.6299550533294678
vt 0.5893089771270752 -0.6284599304199219
vt 0.6035940051078796 -0.6073639392852783
vt 0.6035940051078796 -0.5982279777526855
vt 0.6035940051078796 -0.6073639392852783
vt 0.5893089771270752 -0.6284599304199219
vt 0.6035940051078796 -0.6073639392852783
vt 0.6035940051078796 -0.5982279777526855
vt 0.5776810050010681 -0.6299550533294678
vt 0.5750229954719543 -0.6106860637664795
vt 0.5776810050010681 -0.6299550533294678
vt 0.6035940051078796 -0.5982279777526855
vt 0.5776810050010681 -0.6299550533294678
vt 0.5750229954719543 -0.6106860637664795
vt 0.5916339755058289 -0.5904209613800049
vt 0.6039260029792786 -0.6005539894104004
vt 0.6065840125083923 -0.6198220252990723
vt 0.589972972869873 -0.5975639820098877
vt 0.578345000743866 -0.6231449842453003
vt 0.578013002872467 -0.5897560119628906
vt 0.6039260029792786 -0.6005539894104004
vt 0.6065840125083923 -0.6198220252990723
vt 0.6039260029792786 -0.6005539894104004
vt 0.578013002872467 -0.5897560119628906
vt 0.578013002872467 -0.5897560119628906
vt 0.6122320294380188 -0.5939090251922607
vt 0.6065840125083923 -0.6198220252990723
vt 0.6039260029792786 -0.6005539894104004
vt 0.5922989845275879 -0.6020489931106567
vt 0.578345000743866 -0.6231449842453003
vt 0.578013002872467 -0.5897560119628906
vt 0.578345000743866 -0.6231449842453003
vt 0.5922989845275879 -0.6020489931106567
vt 0.5922989845275879 -0.6020489931106567
vt 0.6122320294380188 -0.5939090251922607
vt 0.578013002872467 -0.5897560119628906
vt 0.6122320294380188 -0.5939090251922607
vt 0.578013002872467 -0.5897560119628906
vt 0.6122320294380188 -0.5939090251922607
vt 0.6122320294380188 -0.5939090251922607
vt 0.5750229954719543 -0.6106860637664795
vt 0.6122320294380188 -0.5939090251922607
vt 0.5776810050010681 -0.6299550533294678
vt 0.5750229954719543 -0.6106860637664795
vt 0.5916339755058289 -0.5904209613800049
vt 0.5750229954719543 -0.6106860637664795
vt 0.5776810050010681 -0.6299550533294678
vt 0.6035940051078796 -0.5982279777526855
vt 0.6035940051078796 -0.5982279777526855
vt 0.6122320294380188 -0.5939090251922607
vt 0.5750229954719543 -0.6106860637664795
vt 0.6122320294380188 -0.5939090251922607
vt 0.6035940051078796 -0.5982279777526855
vt 0.6122320294380188 -0.5939090251922607
vt 0.6122320294380188 -0.5939090251922607
vt 0.6065840125083923 -0.6198220252990723
vt 0.6122320294380188 -0.5939090251922607
vt 0.6065840125083923 -0.6198220252990723
vt 0.6122320294380188 -0.5939090251922607
vt 0.578013002872467 -0.5897560119628906
vt 0.578013002872467 -0.5897560119628906
vt 0.589972972869873 -0.5975639820098877
vt 0.6065840125083923 -0.6198220252990723
vt 0.589972972869873 -0.5975639820098877
vt 0.578013002872467 -0.5897560119628906
vt 0.6039260029792786 -0.6005539894104004
vt 0.5922989845275879 -0.6020489931106567
vt 0.6039260029792786 -0.6005539894104004
vt 0.578013002872467 -0.5897560119628906
vt 0.578013002872467 -0.5897560119628906
vt 0.6122320294380188 -0.5939090251922607
vt 0.5922989845275879 -0.6020489931106567
vt 0.6122320294380188 -0.5939090251922607
vt 0.5922989845275879 -0.6020489931106567
vt 0.6122320294380188 -0.5939090251922607
vt 0.6122320294380188 -0.5939090251922607
vt 0.6035940051078796 -0.5982279777526855
vt 0.6122320294380188 -0.5939090251922607
vt 0.5750229954719543 -0.6106860637664795
vt 0.6122320294380188 -0.5939090251922607
vt 0.6035940051078796 -0.5982279777526855
vt 0.6035940051078796 -0.5982279777526855
vt 0.5916339755058289 -0.5904209613800049
vt 0.5750229954719543 -0.6106860637664795
vt 0.5916339755058289 -0.5904209613800049
vt 0.6035940051078796 -0.5982279777526855
vt 0.5776810050010681 -0.6299550533294678
vt 0.5893089771270752 -0.6284599304199219
vt 0.5776810050010681 -0.6299550533294678
vt 0.6035940051078796 -0.5982279777526855
vt 0.6035940051078796 -0.5982279777526855
vt 0.6122320294380188 -0.5939090251922607
vt 0.5893089771270752 -0.6284599304199219
vt 0.6122320294380188 -0.5939090251922607
vt 0.5893089771270752 -0.6284599304199219
vt 0.6122320294380188 -0.5939090251922607
vt 0.6122320294380188 -0.5939090251922607
vt 0.578013002872467 -0.5897560119628906
vt 0.6122320294380188 -0.5939090251922607
vt 0.5893089771270752 -0.6284599304199219
vt 0.6122320294380188 -0.5939090251922607
vt 0.6035940051078796 -0.5982279777526855
vt 0.6035940051078796 -0.5982279777526855
vt 0.6035940051078796 -0.6073639392852783
vt 0.5893089771270752 -0.6284599304199219
vt 0.5776810050010681 -0.6299550533294678
vt 0.5893089771270752 -0.6284599304199219
vt 0.6035940051078796 -0.6073639392852783
vt 0.6035940051078796 -0.6073639392852783
vt 0.6035940051078796 -0.5982279777526855
vt 0.5776810050010681 -0.6299550533294678
vt 0.578013002872467 -0.5897560119628906
vt 0.578345000743866 -0.6231449842453003
vt 0.6039260029792786 -0.6005539894104004
vt 0.6122320294380188 -0.5939090251922607
vt 0.5922989845275879 -0.6020489931106567
vt 0.578013002872467 -0.5897560119628906
vt 0.578345000743866 -0.6231449842453003
vt 0.578013002872467 -0.5897560119628906
vt 0.5922989845275879 -0.6020489931106567
vt 0.5922989845275879 -0.6020489931106567
vt 0.6039260029792786 -0.6005539894104004
vt 0.578345000743866 -0.6231449842453003
vt 0.6035940051078796 -0.5982279777526855
vt 0.6122320294380188 -0.5939090251922607
vt 0.6122320294380188 -0.5939090251922607
vt 0.5922989845275879 -0.6020489931106567
vt 0.6122320294380188 -0.5939090251922607
vt 0.6122320294380188 -0.5939090251922607
vt 0.6122320294380188 -0.5939090251922607
vt 0.578013002872467 -0.5897560119628906
vt 0.5922989845275879 -0.6020489931106567
vt 0.6039260029792786 -0.6005539894104004
vt 0.5922989845275879 -0.6020489931106567
vt 0.578013002872467 -0.5897560119628906
vt 0.578013002872467 -0.5897560119628906
vt 0.589972972869873 -0.5975639820098877
vt 0.6039260029792786 -0.6005539894104004
vt 0.589972972869873 -0.5975639820098877
vt 0.578013002872467 -0.5897560119628906
vt 0.6065840125083923 -0.6198220252990723
vt 0.6122320294380188 -0.5939090251922607
vt 0.6065840125083923 -0.6198220252990723
vt 0.578013002872467 -0.5897560119628906
vt 0.578013002872467 -0.5897560119628906
vt 0.6122320294380188 -0.5939090251922607
vt 0.6122320294380188 -0.5939090251922607
vt 0.5893089771270752 -0.6284599304199219
vt 0.6122320294380188 -0.5939090251922607
vt 0.6122320294380188 -0.5939090251922607
vt 0.6122320294380188 -0.5939090251922607
vt 0.6035940051078796 -0.5982279777526855
vt 0.5893089771270752 -0.6284599304199219
vt 0.5776810050010681 -0.6299550533294678
vt 0.5893089771270752 -0.6284599304199219
vt 0.6035940051078796 -0.5982279777526855
vt 0.6035940051078796 -0.5982279777526855
vt 0.5916339755058289 -0.5904209613800049
vt 0.5776810050010681 -0.6299550533294678
vt 0.5916339755058289 -0.5904209613800049
vt 0.6035940051078796 -0.5982279777526855
vt 0.5750229954719543 -0.6106860637664795
vt 0.6122320294380188 -0.5939090251922607
vt 0.5750229954719543 -0.6106860637664795
vt 0.6035940051078796 -0.5982279777526855
vt 0.5750229954719543 -0.6106860637664795
vt 0.6122320294380188 -0.5939090251922607
vt 0.6122320294380188 -0.5939090251922607
vt 0.578013002872467 -0.5897560119628906
vt 0.6122320294380188 -0.5939090251922607
vt 0.6122320294380188 -0.5939090251922607
vt 0.6122320294380188 -0.5939090251922607
vt 0.578013002872467 -0.5897560119628906
vt 0.6065840125083923 -0.6198220252990723
vt 0.6039260029792786 -0.6005539894104004
vt 0.6065840125083923 -0.6198220252990723
vt 0.578013002872467 -0.5897560119628906
vt 0.6065840125083923 -0.6198220252990723
vt 0.6039260029792786 -0.6005539894104004
vt 0.589972972869873 -0.5975639820098877
vt 0.6065840125083923 -0.6198220252990723
vt 0.6122320294380188 -0.5939090251922607
vt 0.6122320294380188 -0.5939090251922607
vt 0.6035940051078796 -0.5982279777526855
vt 0.6122320294380188 -0.5939090251922607
vt 0.6122320294380188 -0.5939090251922607
vt 0.6122320294380188 -0.5939090251922607
vt 0.5893089771270752 -0.6284599304199219
vt 0.6035940051078796 -0.5982279777526855
vt 0.6035940051078796 -0.6073639392852783
vt 0.6035940051078796 -0.5982279777526855
vt 0.5893089771270752 -0.6284599304199219
vt 0.5893089771270752 -0.6284599304199219
vt 0.5776810050010681 -0.6299550533294678
vt 0.6035940051078796 -0.6073639392852783
vt 0.6122320294380188 -0.5939090251922607
vt 0.6035940051078796 -0.5982279777526855
vt 0.5750229954719543 -0.6106860637664795
vt 0.5776810050010681 -0.6299550533294678
vt 0.5750229954719543 -0.6106860637664795
vt 0.6035940051078796 -0.5982279777526855
vt 0.6035940051078796 -0.5982279777526855
vt 0.6035940051078796 -0.6073639392852783
vt 0.5776810050010681 -0.6299550533294678
vt 0.5750229954719543 -0.6106860637664795
vt 0.5776810050010681 -0.6299550533294678
vt 0.5916339755058289 -0.5904209613800049
vt 0.6039260029792786 -0.6005539894104004
vt 0.6039260029792786 -0.6005539894104004
vt 0.589972972869873 -0.5975639820098877
vt 0.578345000743866 -0.6231449842453003
vt 0.579010009765625 -0.599390983581543
vt 0.6039260029792786 -0.6005539894104004
vt 0.6039260029792786 -0.6005539894104004
vt 0.6039260029792786 -0.6005539894104004
vt 0.579010009765625 -0.599390983581543
vt 0.579010009765625 -0.599390983581543
vt 0.578345000743866 -0.6231449842453003
vt 0.6039260029792786 -0.6005539894104004
vt 0.6039260029792786 -0.6005539894104004
vt 0.5750229954719543 -0.6276299953460693
vt 0.578345000743866 -0.6231449842453003
vt 0.579010009765625 -0.599390983581543
vt 0.578345000743866 -0.6231449842453003
vt 0.5750229954719543 -0.6276299953460693
vt 0.5750229954719543 -0.6276299953460693
vt 0.5750229954719543 -0.6276299953460693
vt 0.579010009765625 -0.599390983581543
vt 0.578345000743866 -0.6231449842453003
vt 0.579010009765625 -0.599390983581543
vt 0.5750229954719543 -0.6276299953460693
vt 0.5750229954719543 -0.6276299953460693
vt 0.6039260029792786 -0.6005539894104004
vt 0.578345000743866 -0.6231449842453003
vt 0.6035940051078796 -0.6005539894104004
vt 0.5750229954719543 -0.6276299953460693
vt 0.578345000743866 -0.6231449842453003
vt 0.5750229954719543 -0.6276299953460693
vt 0.6035940051078796 -0.6005539894104004
vt 0.579010009765625 -0.599390983581543
vt 0.589972972869873 -0.5975639820098877
vt 0.579010009765625 -0.599390983581543
vt 0.6035940051078796 -0.6005539894104004
vt 0.579010009765625 -0.599390983581543
vt 0.589972972869873 -0.5975639820098877
vt 0.6039260029792786 -0.6005539894104004
vt 0.6039260029792786 -0.6005539894104004
vt 0.5750229954719543 -0.6276299953460693
vt 0.579010009765625 -0.599390983581543
vt 0.5972819924354553 -0.6150050163269043
vt 0.579010009765625 -0.599390983581543
vt 0.5750229954719543 -0.6276299953460693
vt 0.5750229954719543 -0.6276299953460693
vt 0.5750229954719543 -0.6276299953460693
vt 0.5972819924354553 -0.6150050163269043
vt 0.579010009765625 -0.599390983581543
vt 0.5972819924354553 -0.6150050163269043
vt 0.5750229954719543 -0.6276299953460693
vt 0.5750229954719543 -0.6276299953460693
vt 0.6039260029792786 -0.6005539894104004
vt 0.579010009765625 -0.599390983581543
vt 0.589972972869873 -0.5975639820098877
vt 0.579010009765625 -0.599390983581543
vt 0.6039260029792786 -0.6005539894104004
vt 0.579010009765625 -0.599390983581543
vt 0.589972972869873 -0.5975639820098877
vt 0.6039260029792786 -0.6005539894104004
vt 0.6039260029792786 -0.6005539894104004
vt 0.5750229954719543 -0.6276299953460693
vt 0.579010009765625 -0.599390983581543
vt 0.5750229954719543 -0.6276299953460693
vt 0.6039260029792786 -0.6005539894104004
vt 0.578345000743866 -0.6231449842453003
vt 0.578345000743866 -0.6231449842453003
vt 0.579010009765625 -0.599390983581543
vt 0.5750229954719543 -0.6276299953460693
vt 0.579010009765625 -0.599390983581543
vt 0.578345000743866 -0.6231449842453003
vt 0.6039260029792786 -0.6005539894104004
vt 0.6039260029792786 -0.6005539894104004
vt 0.6039260029792786 -0.6005539894104004
vt 0.579010009765625 -0.599390983581543
vt 0.6039260029792786 -0.6005539894104004
vt 0.6039260029792786 -0.6005539894104004
vt 0.589972972869873 -0.5975639820098877
vt 0.579010009765625 -0.599390983581543
vt 0.5972819924354553 -0.6150050163269043
vt 0.5750229954719543 -0.6276299953460693
vt 0.5750229954719543 -0.6276299953460693
vt 0.5750229954719543 -0.6276299953460693
vt 0.5972819924354553 -0.6150050163269043
vt 0.5972819924354553 -0.6150050163269043
vt 0.579010009765625 -0.599390983581543
vt 0.5750229954719543 -0.6276299953460693
vt 0.5750229954719543 -0.6276299953460693
vt 0.5750229954719543 -0.6276299953460693
vt 0.579010009765625 -0.599390983581543
vt 0.579010009765625 -0.599390983581543
vt 0.578345000743866 -0.6231449842453003
vt 0.5750229954719543 -0.6276299953460693
vt 0.578345000743866 -0.6231449842453003
vt 0.579010009765625 -0.599390983581543
vt 0.6039260029792786 -0.6005539894104004
vt 0.625806987285614 -0.9523780345916748
vt 0.8214449882507324 -0.9391649961471558
vt 0.625806987285614 -0.9391649961471558
vt 0.8214449882507324 -0.9391649961471558
vt 0.625806987285614 -0.9523780345916748
vt 0.8214449882507324 -0.9523780345916748
vt 0.6260989904403687 -0.9376330375671387
vt 0.8220570087432861 -0.9531550407409668
vt 0.8220570087432861 -0.9376330375671387
vt 0.8220570087432861 -0.9531550407409668
vt 0.6260989904403687 -0.9376330375671387
vt 0.6260989904403687 -0.9531550407409668
vt 0.8209789991378784 -0.952017068862915
vt 0.626937985420227 -0.9388530254364014
vt 0.626937985420227 -0.952017068862915
vt 0.626937985420227 -0.9388530254364014
vt 0.8209789991378784 -0.952017068862915
vt 0.8209789991378784 -0.9388530254364014
vt 0.4851529896259308 -0.5029499530792236
vt 0.7048090100288391 -0.4024850130081177
vt 0.4813480079174042 -0.4023010730743408
vt 0.7048090100288391 -0.4024850130081177
vt 0.4851529896259308 -0.5029499530792236
vt 0.7051169872283936 -0.49944496154785156
vt 0.8221589922904968 -0.9517650604248047
vt 0.6262789964675903 -0.9390559196472168
vt 0.6262789964675903 -0.9517650604248047
vt 0.6262789964675903 -0.9390559196472168
vt 0.8221589922904968 -0.9517650604248047
vt 0.8221589922904968 -0.9390559196472168
vt 0.4852609932422638 -0.502830982208252
vt 0.7045720219612122 -0.4024970531463623
vt 0.7050359845161438 -0.49957597255706787
vt 0.7045720219612122 -0.4024970531463623
vt 0.4852609932422638 -0.502830982208252
vt 0.48131901025772095 -0.40236496925354004
vt 0.6098600029945374 -0.6231510639190674
vt 0.6074150204658508 -0.5629689693450928
vt 0.6106169819831848 -0.6243140697479248
vt 0.6098600029945374 -0.6231510639190674
vt 0.6066259741783142 -0.5624759197235107
vt 0.6074150204658508 -0.5629689693450928
vt 0.6122320294380188 -0.5939090251922607
vt 0.578013002872467 -0.5897560119628906
vt 0.6065840125083923 -0.6198220252990723
vt 0.6039260029792786 -0.6005539894104004
vt 0.6065840125083923 -0.6198220252990723
vt 0.578013002872467 -0.5897560119628906
vt 0.578013002872467 -0.5897560119628906
vt 0.578345000743866 -0.6231449842453003
vt 0.6039260029792786 -0.6005539894104004
vt 0.578345000743866 -0.6231449842453003
vt 0.578013002872467 -0.5897560119628906
vt 0.5922989845275879 -0.6020489931106567
vt 0.5922989845275879 -0.6020489931106567
vt 0.6039260029792786 -0.6005539894104004
vt 0.578345000743866 -0.6231449842453003
vt 0.6039260029792786 -0.6005539894104004
vt 0.5922989845275879 -0.6020489931106567
vt 0.578013002872467 -0.5897560119628906
vt 0.578013002872467 -0.5897560119628906
vt 0.589972972869873 -0.5975639820098877
vt 0.6039260029792786 -0.6005539894104004
vt 0.589972972869873 -0.5975639820098877
vt 0.578013002872467 -0.5897560119628906
vt 0.6065840125083923 -0.6198220252990723
vt 0.6122320294380188 -0.5939090251922607
vt 0.6065840125083923 -0.6198220252990723
vt 0.578013002872467 -0.5897560119628906
vt 0.6065840125083923 -0.6198220252990723
vt 0.6122320294380188 -0.5939090251922607
vt 0.6122320294380188 -0.5939090251922607
vt 0.6035940051078796 -0.5982279777526855
vt 0.6122320294380188 -0.5939090251922607
vt 0.6122320294380188 -0.5939090251922607
vt 0.6122320294380188 -0.5939090251922607
vt 0.6035940051078796 -0.5982279777526855
vt 0.5750229954719543 -0.6106860637664795
vt 0.5776810050010681 -0.6299550533294678
vt 0.5750229954719543 -0.6106860637664795
vt 0.6035940051078796 -0.5982279777526855
vt 0.5750229954719543 -0.6106860637664795
vt 0.5776810050010681 -0.6299550533294678
vt 0.5916339755058289 -0.5904209613800049
vt 0.6065840125083923 -0.6198220252990723
vt 0.6039260029792786 -0.6005539894104004
vt 0.589972972869873 -0.5975639820098877
vt 0.6032620072364807 -0.5982279777526855
vt 0.5916339755058289 -0.5904209613800049
vt 0.5776810050010681 -0.6299550533294678
vt 0.5916339755058289 -0.5904209613800049
vt 0.6032620072364807 -0.5982279777526855
vt 0.5750229954719543 -0.6106860637664795
vt 0.6122320294380188 -0.5939090251922607
vt 0.5750229954719543 -0.6106860637664795
vt 0.6032620072364807 -0.5982279777526855
vt 0.5750229954719543 -0.6106860637664795
vt 0.6122320294380188 -0.5939090251922607
vt 0.6122320294380188 -0.5939090251922607
vt 0.578013002872467 -0.5897560119628906
vt 0.6122320294380188 -0.5939090251922607
vt 0.6122320294380188 -0.5939090251922607
vt 0.6122320294380188 -0.5939090251922607
vt 0.5922989845275879 -0.6020489931106567
vt 0.578013002872467 -0.5897560119628906
vt 0.5922989845275879 -0.6020489931106567
vt 0.6122320294380188 -0.5939090251922607
vt 0.6122320294380188 -0.5939090251922607
vt 0.6122320294380188 -0.5939090251922607
vt 0.578013002872467 -0.5897560119628906
vt 0.5922989845275879 -0.6020489931106567
vt 0.578013002872467 -0.5897560119628906
vt 0.6122320294380188 -0.5939090251922607
vt 0.6122320294380188 -0.5939090251922607
vt 0.5893089771270752 -0.6284599304199219
vt 0.6122320294380188 -0.5939090251922607
vt 0.6122320294380188 -0.5939090251922607
vt 0.6122320294380188 -0.5939090251922607
vt 0.5893089771270752 -0.6284599304199219
vt 0.6035940051078796 -0.5982279777526855
vt 0.6035940051078796 -0.6073639392852783
vt 0.6035940051078796 -0.5982279777526855
vt 0.5893089771270752 -0.6284599304199219
vt 0.6035940051078796 -0.5982279777526855
vt 0.6035940051078796 -0.6073639392852783
vt 0.5776810050010681 -0.6299550533294678
vt 0.6032620072364807 -0.5982279777526855
vt 0.6122320294380188 -0.5939090251922607
vt 0.6122320294380188 -0.5939090251922607
vt 0.6122320294380188 -0.5939090251922607
vt 0.6032620072364807 -0.5982279777526855
vt 0.5893089771270752 -0.6284599304199219
vt 0.5776810050010681 -0.6299550533294678
vt 0.5893089771270752 -0.6284599304199219
vt 0.6032620072364807 -0.5982279777526855
vt 0.5893089771270752 -0.6284599304199219
vt 0.5776810050010681 -0.6299550533294678
vt 0.6035940051078796 -0.6073639392852783
vt 0.5988270044326782 -0.6147019863128662
vt 0.5989689826965332 -0.6147909164428711
vt 0.5988510251045227 -0.614753007888794
vt 0.5988270044326782 -0.6147019863128662
vt 0.5991500020027161 -0.6148059368133545
vt 0.5989689826965332 -0.6147909164428711
vt 0.5988270044326782 -0.6147019863128662
vt 0.5993430018424988 -0.614793062210083
vt 0.5991500020027161 -0.6148059368133545
vt 0.5988270044326782 -0.6147019863128662
vt 0.5994930267333984 -0.6147559881210327
vt 0.5993430018424988 -0.614793062210083
vt 0.5988270044326782 -0.6147019863128662
vt 0.5995590090751648 -0.6147060394287109
vt 0.5994930267333984 -0.6147559881210327
vt 0.5988270044326782 -0.6147019863128662
vt 0.5995270013809204 -0.614656925201416
vt 0.5995590090751648 -0.6147060394287109
vt 0.5988270044326782 -0.6147019863128662
vt 0.599407970905304 -0.6146209239959717
vt 0.5995270013809204 -0.614656925201416
vt 0.5988270044326782 -0.6147019863128662
vt 0.5992339849472046 -0.6146069765090942
vt 0.599407970905304 -0.6146209239959717
vt 0.5988270044326782 -0.6147019863128662
vt 0.5990489721298218 -0.6146190166473389
vt 0.5992339849472046 -0.6146069765090942
vt 0.5988270044326782 -0.6147019863128662
vt 0.5989009737968445 -0.6146529912948608
vt 0.5990489721298218 -0.6146190166473389
vt 0.5990710258483887 -0.612064003944397
vt 0.5993899703025818 -0.6120870113372803
vt 0.5992609858512878 -0.6120710372924805
vt 0.5990710258483887 -0.612064003944397
vt 0.5994229912757874 -0.6121079921722412
vt 0.5993899703025818 -0.6120870113372803
vt 0.5990710258483887 -0.612064003944397
vt 0.5993490219116211 -0.6121280193328857
vt 0.5994229912757874 -0.6121079921722412
vt 0.5990710258483887 -0.612064003944397
vt 0.5991830229759216 -0.6121420860290527
vt 0.5993490219116211 -0.6121280193328857
vt 0.5990710258483887 -0.612064003944397
vt 0.5989699959754944 -0.6121460199356079
vt 0.5991830229759216 -0.6121420860290527
vt 0.5990710258483887 -0.612064003944397
vt 0.5987719893455505 -0.6121389865875244
vt 0.5989699959754944 -0.6121460199356079
vt 0.5990710258483887 -0.612064003944397
vt 0.5986440181732178 -0.6121220588684082
vt 0.5987719893455505 -0.6121389865875244
vt 0.5990710258483887 -0.612064003944397
vt 0.5986199975013733 -0.6121000051498413
vt 0.5986440181732178 -0.6121220588684082
vt 0.5990710258483887 -0.612064003944397
vt 0.5987030267715454 -0.6120799779891968
vt 0.5986199975013733 -0.6121000051498413
vt 0.5990710258483887 -0.612064003944397
vt 0.5988680124282837 -0.6120669841766357
vt 0.5987030267715454 -0.6120799779891968

f 1/1/1 2/2/2 3/3/3
f 4/4/4 5/5/5 6/6/6
f 7/7/7 8/8/8 9/9/9
f 10/10/10 11/11/11 12/12/12
f 13/13/13 14/14/14 15/15/15
f 16/16/16 17/17/17 18/18/18
f 19/19/19 20/20/20 21/21/21
f 22/22/22 23/23/23 24/24/24
f 25/25/25 26/26/26 27/27/27
f 28/28/28 29/29/29 30/30/30
f 31/31/31 32/32/32 33/33/33
f 34/34/34 35/35/35 36/36/36
f 37/37/37 38/38/38 39/39/39
f 40/40/40 41/41/41 42/42/42
f 43/43/43 44/44/44 45/45/45
f 46/46/46 47/47/47 48/48/48
f 49/49/49 50/50/50 51/51/51
f 52/52/52 53/53/53 54/54/54
f 55/55/55 56/56/56 57/57/57
f 58/58/58 59/59/59 60/60/60
f 61/61/61 62/62/62 63/63/63
f 64/64/64 65/65/65 66/66/66
f 67/67/67 68/68/68 69/69/69
f 70/70/70 71/71/71 72/72/72
f 73/73/73 74/74/74 75/75/75
f 76/76/76 77/77/77 78/78/78
f 79/79/79 80/80/80 81/81/81
f 82/82/82 83/83/83 84/84/84
f 85/85/85 86/86/86 87/87/87
f 88/88/88 89/89/89 90/90/90
f 91/91/91 92/92/92 93/93/93
f 94/94/94 95/95/95 96/96/96
f 97/97/97 98/98/98 99/99/99
f 100/100/100 101/101/101 102/102/102
f 103/103/103 104/104/104 105/105/105
f 106/106/106 107/107/107 108/108/108
f 109/109/109 110/110/110 111/111/111
f 112/112/112 113/113/113 114/114/114
f 115/115/115 116/116/116 117/117/117
f 118/118/118 119/119/119 120/120/120
f 121/121/121 122/122/122 123/123/123
f 124/124/124 125/125/125 126/126/126
f 127/127/127 128/128/128 129/129/129
f 130/130/130 131/131/131 132/132/132
f 133/133/133 134/134/134 135/135/135
f 136/136/136 137/137/137 138/138/138
f 139/139/139 140/140/140 141/141/141
f 142/142/142 143/143/143 144/144/144
f 145/145/145 146/146/146 147/147/147
f 148/148/148 149/149/149 150/150/150
f 151/151/151 152/152/152 153/153/153
f 154/154/154 155/155/155 156/156/156
f 157/157/157 158/158/158 159/159/159
f 160/160/160 161/161/161 162/162/162
f 163/163/163 164/164/164 165/165/165
f 166/166/166 167/167/167 168/168/168
f 169/169/169 170/170/170 171/171/171
f 172/172/172 173/173/173 174/174/174
f 175/175/175 176/176/176 177/177/177
f 178/178/178 179/179/179 180/180/180
f 181/181/181 182/182/182 183/183/183
f 184/184/184 185/185/185 186/186/186
f 187/187/187 188/188/188 189/189/189
f 190/190/190 191/191/191 192/192/192
f 193/193/193 194/194/194 195/195/195
f 196/196/196 197/197/197 198/198/198
f 199/199/199 200/200/200 201/201/201
f 202/202/202 203/203/203 204/204/204
f 205/205/205 206/206/206 207/207/207
f 208/208/208 209/209/209 210/210/210
f 211/211/211 212/212/212 213/213/213
f 214/214/214 215/215/215 216/216/216
f 217/217/217 218/218/218 219/219/219
f 220/220/220 221/221/221 222/222/222
f 223/223/223 224/224/224 225/225/225
f 226/226/226 227/227/227 228/228/228
f 229/229/229 230/230/230 231/231/231
f 232/232/232 233/233/233 234/234/234
f 235/235/235 236/236/236 237/237/237
f 238/238/238 239/239/239 240/240/240
f 241/241/241 242/242/242 243/243/243
f 244/244/244 245/245/245 246/246/246
f 247/247/247 248/248/248 249/249/249
f 250/250/250 251/251/251 252/252/252
f 253/253/253 254/254/254 255/255/255
f 256/256/256 257/257/257 258/258/258
f 259/259/259 260/260/260 261/261/261
f 262/262/262 263/263/263 264/264/264
f 265/265/265 266/266/266 267/267/267
f 268/268/268 269/269/269 270/270/270
f 271/271/271 272/272/272 273/273/273
f 274/274/274 275/275/275 276/276/276
f 277/277/277 278/278/278 279/279/279
f 280/280/280 281/281/281 282/282/282
f 283/283/283 284/284/284 285/285/285
f 286/286/286 287/287/287 288/288/288
f 289/289/289 290/290/290 291/291/291
f 292/292/292 293/293/293 294/294/294
f 295/295/295 296/296/296 297/297/297
f 298/298/298 299/299/299 300/300/300
f 301/301/301 302/302/302 303/303/303
f 304/304/304 305/305/305 306/306/306
f 307/307/307 308/308/308 309/309/309
f 310/310/310 311/311/311 312/312/312
f 313/313/313 314/314/314 315/315/315
f 316/316/316 317/317/317 318/318/318
f 319/319/319 320/320/320 321/321/321
f 322/322/322 323/323/323 324/324/324
f 325/325/325 326/326/326 327/327/327
f 328/328/328 329/329/329 330/330/330
f 331/331/331 332/332/332 333/333/333
f 334/334/334 335/335/335 336/336/336
f 337/337/337 338/338/338 339/339/339
f 340/340/340 341/341/341 342/342/342
f 343/343/343 344/344/344 345/345/345
f 346/346/346 347/347/347 348/348/348
f 349/349/349 350/350/350 351/351/351
f 352/352/352 353/353/353 354/354/354
f 355/355/355 356/356/356 357/357/357
f 358/358/358 359/359/359 360/360/360
f 361/361/361 362/362/362 363/363/363
f 364/364/364 365/365/365 366/366/366
f 367/367/367 368/368/368 369/369/369
f 370/370/370 371/371/371 372/372/372
f 373/373/373 374/374/374 375/375/375
f 376/376/376 377/377/377 378/378/378
f 379/379/379 380/380/380 381/381/381
f 382/382/382 383/383/383 384/384/384
f 385/385/385 386/386/386 387/387/387
f 388/388/388 389/389/389 390/390/390
f 391/391/391 392/392/392 393/393/393
f 394/394/394 395/395/395 396/396/396
f 397/397/397 398/398/398 399/399/399
f 400/400/400 401/401/401 402/402/402
f 403/403/403 404/404/404 405/405/405
f 406/406/406 407/407/407 408/408/408
f 409/409/409 410/410/410 411/411/411
f 412/412/412 413/413/413 414/414/414
f 415/415/415 416/416/416 417/417/417
f 418/418/418 419/419/419 420/420/420
f 421/421/421 422/422/422 423/423/423
f 424/424/424 425/425/425 426/426/426
f 427/427/427 428/428/428 429/429/429
f 430/430/430 431/431/431 432/432/432
f 433/433/433 434/434/434 435/435/435
f 436/436/436 437/437/437 438/438/438
f 439/439/439 440/440/440 441/441/441
f 442/442/442 443/443/443 444/444/444
f 445/445/445 446/446/446 447/447/447
f 448/448/448 449/449/449 450/450/450
f 451/451/451 452/452/452 453/453/453
f 454/454/454 455/455/455 456/456/456
f 457/457/457 458/458/458 459/459/459
f 460/460/460 461/461/461 462/462/462
f 463/463/463 464/464/464 465/465/465
f 466/466/466 467/467/467 468/468/468
f 469/469/469 470/470/470 471/471/471
f 472/472/472 473/473/473 474/474/474
f 475/475/475 476/476/476 477/477/477
f 478/478/478 479/479/479 480/480/480
f 481/481/481 482/482/482 483/483/483
f 484/484/484 485/485/485 486/486/486
f 487/487/487 488/488/488 489/489/489
f 490/490/490 491/491/491 492/492/492
f 493/493/493 494/494/494 495/495/495
f 496/496/496 497/497/497 498/498/498
f 499/499/499 500/500/500 501/501/501
f 502/502/502 503/503/503 504/504/504
f 505/505/505 506/506/506 507/507/507
f 508/508/508 509/509/509 510/510/510
f 511/511/511 512/512/512 513/513/513
f 514/514/514 515/515/515 516/516/516
f 517/517/517 518/518/518 519/519/519
f 520/520/520 521/521/521 522/522/522
f 523/523/523 524/524/524 525/525/525
f 526/526/526 527/527/527 528/528/528
f 529/529/529 530/530/530 531/531/531
f 532/532/532 533/533/533 534/534/534
f 535/535/535 536/536/536 537/537/537
f 538/538/538 539/539/539 540/540/540
f 541/541/541 542/542/542 543/543/543
f 544/544/544 545/545/545 546/546/546
f 547/547/547 548/548/548 549/549/549
f 550/550/550 551/551/551 552/552/552
f 553/553/553 554/554/554 555/555/555
f 556/556/556 557/557/557 558/558/558
f 559/559/559 560/560/560 561/561/561
f 562/562/562 563/563/563 564/564/564
f 565/565/565 566/566/566 567/567/567
f 568/568/568 569/569/569 570/570/570
f 571/571/571 572/572/572 573/573/573
f 574/574/574 575/575/575 576/576/576
f 577/577/577 578/578/578 579/579/579
f 580/580/580 581/581/581 582/582/582
f 583/583/583 584/584/584 585/585/585
f 586/586/586 587/587/587 588/588/588
f 589/589/589 590/590/590 591/591/591
f 592/592/592 593/593/593 594/594/594
f 595/595/595 596/596/596 597/597/597
f 598/598/598 599/599/599 600/600/600
f 601/601/601 602/602/602 603/603/603
f 604/604/604 605/605/605 606/606/606
f 607/607/607 608/608/608 609/609/609
f 610/610/610 611/611/611 612/612/612
f 613/613/613 614/614/614 615/615/615
f 616/616/616 617/617/617 618/618/618
f 619/619/619 620/620/620 621/621/621
f 622/622/622 623/623/623 624/624/624
f 625/625/625 626/626/626 627/627/627
f 628/628/628 629/629/629 630/630/630
f 631/631/631 632/632/632 633/633/633
f 634/634/634 635/635/635 636/636/636
f 637/637/637 638/638/638 639/639/639
f 640/640/640 641/641/641 642/642/642
f 643/643/643 644/644/644 645/645/645
f 646/646/646 647/647/647 648/648/648
f 649/649/649 650/650/650 651/651/651
f 652/652/652 653/653/653 654/654/654
f 655/655/655 656/656/656 657/657/657
f 658/658/658 659/659/659 660/660/660
f 661/661/661 662/662/662 663/663/663
f 664/664/664 665/665/665 666/666/666
f 667/667/667 668/668/668 669/669/669
f 670/670/670 671/671/671 672/672/672
f 673/673/673 674/674/674 675/675/675
f 676/676/676 677/677/677 678/678/678
f 679/679/679 680/680/680 681/681/681
f 682/682/682 683/683/683 684/684/684
f 685/685/685 686/686/686 687/687/687
f 688/688/688 689/689/689 690/690/690
f 691/691/691 692/692/692 693/693/693
f 694/694/694 695/695/695 696/696/696
f 697/697/697 698/698/698 699/699/699
f 700/700/700 701/701/701 702/702/702
f 703/703/703 704/704/704 705/705/705
f 706/706/706 707/707/707 708/708/708
f 709/709/709 710/710/710 711/711/711
f 712/712/712 713/713/713 714/714/714
f 715/715/715 716/716/716 717/717/717
f 718/718/718 719/719/719 720/720/720
f 721/721/721 722/722/722 723/723/723
f 724/724/724 725/725/725 726/726/726
f 727/727/727 728/728/728 729/729/729
f 730/730/730 731/731/731 732/732/732
f 733/733/733 734/734/734 735/735/735
f 736/736/736 737/737/737 738/738/738
f 739/739/739 740/740/740 741/741/741
f 742/742/742 743/743/743 744/744/744
f 745/745/745 746/746/746 747/747/747
f 748/748/748 749/749/749 750/750/750
f 751/751/751 752/752/752 753/753/753
f 754/754/754 755/755/755 756/756/756
f 757/757/757 758/758/758 759/759/759
f 760/760/760 761/761/761 762/762/762
f 763/763/763 764/764/764 765/765/765
f 766/766/766 767/767/767 768/768/768
f 769/769/769 770/770/770 771/771/771
f 772/772/772 773/773/773 774/774/774
f 775/775/775 776/776/776 777/777/777
f 778/778/778 779/779/779 780/780/780
f 781/781/781 782/782/782 783/783/783
f 784/784/784 785/785/785 786/786/786
f 787/787/787 788/788/788 789/789/789
f 790/790/790 791/791/791 792/792/792
f 793/793/793 794/794/794 795/795/795
f 796/796/796 797/797/797 798/798/798
f 799/799/799 800/800/800 801/801/801
f 802/802/802 803/803/803 804/804/804
f 805/805/805 806/806/806 807/807/807
f 808/808/808 809/809/809 810/810/810
f 811/811/811 812/812/812 813/813/813
f 814/814/814 815/815/815 816/816/816
f 817/817/817 818/818/818 819/819/819
f 820/820/820 821/821/821 822/822/822
f 823/823/823 824/824/824 825/825/825
f 826/826/826 827/827/827 828/828/828
f 829/829/829 830/830/830 831/831/831
f 832/832/832 833/833/833 834/834/834
f 835/835/835 836/836/836 837/837/837
f 838/838/838 839/839/839 840/840/840
f 841/841/841 842/842/842 843/843/843
f 844/844/844 845/845/845 846/846/846
f 847/847/847 848/848/848 849/849/849
f 850/850/850 851/851/851 852/852/852
f 853/853/853 854/854/854 855/855/855
f 856/856/856 857/857/857 858/858/858
f 859/859/859 860/860/860 861/861/861
f 862/862/862 863/863/863 864/864/864
f 865/865/865 866/866/866 867/867/867
f 868/868/868 869/869/869 870/870/870
f 871/871/871 872/872/872 873/873/873
f 874/874/874 875/875/875 876/876/876
f 877/877/877 878/878/878 879/879/879
f 880/880/880 881/881/881 882/882/882
f 883/883/883 884/884/884 885/885/885
f 886/886/886 887/887/887 888/888/888
f 889/889/889 890/890/890 891/891/891
f 892/892/892 893/893/893 894/894/894
f 895/895/895 896/896/896 897/897/897
f 898/898/898 899/899/899 900/900/900
f 901/901/901 902/902/902 903/903/903
f 904/904/904 905/905/905 906/906/906
f 907/907/907 908/908/908 909/909/909
f 910/910/910 911/911/911 912/912/912
f 913/913/913 914/914/914 915/915/915
f 916/916/916 917/917/917 918/918/918
f 919/919/919 920/920/920 921/921/921
f 922/922/922 923/923/923 924/924/924
f 925/925/925 926/926/926 927/927/927
f 928/928/928 929/929/929 930/930/930
f 931/931/931 932/932/932 933/933/933
f 934/934/934 935/935/935 936/936/936
f 937/937/937 938/938/938 939/939/939
f 940/940/940 941/941/941 942/942/942
f 943/943/943 944/944/944 945/945/945
f 946/946/946 947/947/947 948/948/948
f 949/949/949 950/950/950 951/951/951
f 952/952/952 953/953/953 954/954/954
f 955/955/955 956/956/956 957/957/957
f 958/958/958 959/959/959 960/960/960
f 961/961/961 962/962/962 963/963/963
f 964/964/964 965/965/965 966/966/966
f 967/967/967 968/968/968 969/969/969
f 970/970/970 971/971/971 972/972/972
f 973/973/973 974/974/974 975/975/975
f 976/976/976 977/977/977 978/978/978
f 979/979/979 980/980/980 981/981/981
f 982/982/982 983/983/983 984/984/984
f 985/985/985 986/986/986 987/987/987
f 988/988/988 989/989/989 990/990/990
f 991/991/991 992/992/992 993/993/993
f 994/994/994 995/995/995 996/996/996
f 997/997/997 998/998/998 999/999/999
f 1000/1000/1000 1001/1001/1001 1002/1002/1002
f 1003/1003/1003 1004/1004/1004 1005/1005/1005
f 1006/1006/1006 1007/1007/1007 1008/1008/1008
f 1009/1009/1009 1010/1010/1010 1011/1011/1011
f 1012/1012/1012 1013/1013/1013 1014/1014/1014
f 1015/1015/1015 1016/1016/1016 1017/1017/1017
f 1018/1018/1018 1019/1019/1019 1020/1020/1020
f 1021/1021/1021 1022/1022/1022 1023/1023/1023
f 1024/1024/1024 1025/1025/1025 1026/1026/1026
f 1027/1027/1027 1028/1028/1028 1029/1029/1029
f 1030/1030/1030 1031/1031/1031 1032/1032/1032
f 1033/1033/1033 1034/1034/1034 1035/1035/1035
f 1036/1036/1036 1037/1037/1037 1038/1038/1038
f 1039/1039/1039 1040/1040/1040 1041/1041/1041
f 1042/1042/1042 1043/1043/1043 1044/1044/1044
f 1045/1045/1045 1046/1046/1046 1047/1047/1047
f 1048/1048/1048 1049/1049/1049 1050/1050/1050
f 1051/1051/1051 1052/1052/1052 1053/1053/1053
f 1054/1054/1054 1055/1055/1055 1056/1056/1056
f 1057/1057/1057 1058/1058/1058 1059/1059/1059
f 1060/1060/1060 1061/1061/1061 1062/1062/1062
f 1063/1063/1063 1064/1064/1064 1065/1065/1065
f 1066/1066/1066 1067/1067/1067 1068/1068/1068
f 1069/1069/1069 1070/1070/1070 1071/1071/1071
f 1072/1072/1072 1073/1073/1073 1074/1074/1074
f 1075/1075/1075 1076/1076/1076 1077/1077/1077
f 1078/1078/1078 1079/1079/1079 1080/1080/1080
f 1081/1081/1081 1082/1082/1082 1083/1083/1083
f 1084/1084/1084 1085/1085/1085 1086/1086/1086
f 1087/1087/1087 1088/1088/1088 1089/1089/1089
f 1090/1090/1090 1091/1091/1091 1092/1092/1092
f 1093/1093/1093 1094/1094/1094 1095/1095/1095
f 1096/1096/1096 1097/1097/1097 1098/1098/1098
f 1099/1099/1099 1100/1100/1100 1101/1101/1101
f 1102/1102/1102 1103/1103/1103 1104/1104/1104
f 1105/1105/1105 1106/1106/1106 1107/1107/1107
f 1108/1108/1108 1109/1109/1109 1110/1110/1110
f 1111/1111/1111 1112/1112/1112 1113/1113/1113
f 1114/1114/1114 1115/1115/1115 1116/1116/1116
f 1117/1117/1117 1118/1118/1118 1119/1119/1119
f 1120/1120/1120 1121/1121/1121 1122/1122/1122
f 1123/1123/1123 1124/1124/1124 1125/1125/1125
f 1126/1126/1126 1127/1127/1127 1128/1128/1128
f 1129/1129/1129 1130/1130/1130 1131/1131/1131
f 1132/1132/1132 1133/1133/1133 1134/1134/1134
f 1135/1135/1135 1136/1136/1136 1137/1137/1137
f 1138/1138/1138 1139/1139/1139 1140/1140/1140
f 1141/1141/1141 1142/1142/1142 1143/1143/1143
f 1144/1144/1144 1145/1145/1145 1146/1146/1146
f 1147/1147/1147 1148/1148/1148 1149/1149/1149
f 1150/1150/1150 1151/1151/1151 1152/1152/1152
f 1153/1153/1153 1154/1154/1154 1155/1155/1155
f 1156/1156/1156 1157/1157/1157 1158/1158/1158
f 1159/1159/1159 1160/1160/1160 1161/1161/1161
f 1162/1162/1162 1163/1163/1163 1164/1164/1164
f 1165/1165/1165 1166/1166/1166 1167/1167/1167
f 1168/1168/1168 1169/1169/1169 1170/1170/1170
f 1171/1171/1171 1172/1172/1172 1173/1173/1173
f 1174/1174/1174 1175/1175/1175 1176/1176/1176
f 1177/1177/1177 1178/1178/1178 1179/1179/1179
f 1180/1180/1180 1181/1181/1181 1182/1182/1182
f 1183/1183/1183 1184/1184/1184 1185/1185/1185
f 1186/1186/1186 1187/1187/1187 1188/1188/1188
f 1189/1189/1189 1190/1190/1190 1191/1191/1191
f 1192/1192/1192 1193/1193/1193 1194/1194/1194
f 1195/1195/1195 1196/1196/1196 1197/1197/1197
f 1198/1198/1198 1199/1199/1199 1200/1200/1200
f 1201/1201/1201 1202/1202/1202 1203/1203/1203
f 1204/1204/1204 1205/1205/1205 1206/1206/1206
f 1207/1207/1207 1208/1208/1208 1209/1209/1209
f 1210/1210/1210 1211/1211/1211 1212/1212/1212
f 1213/1213/1213 1214/1214/1214 1215/1215/1215
f 1216/1216/1216 1217/1217/1217 1218/1218/1218
f 1219/1219/1219 1220/1220/1220 1221/1221/1221
f 1222/1222/1222 1223/1223/1223 1224/1224/1224
f 1225/1225/1225 1226/1226/1226 1227/1227/1227
f 1228/1228/1228 1229/1229/1229 1230/1230/1230
f 1231/1231/1231 1232/1232/1232 1233/1233/1233
f 1234/1234/1234 1235/1235/1235 1236/1236/1236
f 1237/1237/1237 1238/1238/1238 1239/1239/1239
f 1240/1240/1240 1241/1241/1241 1242/1242/1242
f 1243/1243/1243 1244/1244/1244 1245/1245/1245
f 1246/1246/1246 1247/1247/1247 1248/1248/1248
f 1249/1249/1249 1250/1250/1250 1251/1251/1251
f 1252/1252/1252 1253/1253/1253 1254/1254/1254
f 1255/1255/1255 1256/1256/1256 1257/1257/1257
f 1258/1258/1258 1259/1259/1259 1260/1260/1260
f 1261/1261/1261 1262/1262/1262 1263/1263/1263
f 1264/1264/1264 1265/1265/1265 1266/1266/1266
f 1267/1267/1267 1268/1268/1268 1269/1269/1269
f 1270/1270/1270 1271/1271/1271 1272/1272/1272
f 1273/1273/1273 1274/1274/1274 1275/1275/1275
f 1276/1276/1276 1277/1277/1277 1278/1278/1278
f 1279/1279/1279 1280/1280/1280 1281/1281/1281
f 1282/1282/1282 1283/1283/1283 1284/1284/1284
f 1285/1285/1285 1286/1286/1286 1287/1287/1287
f 1288/1288/1288 1289/1289/1289 1290/1290/1290
f 1291/1291/1291 1292/1292/1292 1293/1293/1293
f 1294/1294/1294 1295/1295/1295 1296/1296/1296
f 1297/1297/1297 1298/1298/1298 1299/1299/1299
f 1300/1300/1300 1301/1301/1301 1302/1302/1302
f 1303/1303/1303 1304/1304/1304 1305/1305/1305
f 1306/1306/1306 1307/1307/1307 1308/1308/1308
f 1309/1309/1309 1310/1310/1310 1311/1311/1311
f 1312/1312/1312 1313/1313/1313 1314/1314/1314
f 1315/1315/1315 1316/1316/1316 1317/1317/1317
f 1318/1318/1318 1319/1319/1319 1320/1320/1320